QUOTE_DATE,EXPIRE_DATE,OPTION_TYPE,DTE,UNDERLYING_LAST,STRIKE,BID,ASK,VOLUME,IV,MID_PRICE,STRIKE_TO_SPOT,MONEYNESS
2023-06-30,2023-07-03,CALL,3.0,4450.23,3600.0,849.5,852.8,1.0,1.23896,851.15,0.8089469533035372,ITM
2023-06-30,2023-07-03,CALL,3.0,4450.23,3700.0,749.5,752.8,1.0,1.0733,751.15,0.8314177020064132,ITM
2023-06-30,2023-07-03,CALL,3.0,4450.23,3800.0,649.5,652.8,1.0,0.91734,651.15,0.8538884507092893,ITM
2023-06-30,2023-07-03,CALL,3.0,4450.23,3850.0,599.6,603.7,1.0,0.85532,601.6500000000001,0.8651238250607273,ITM
2023-06-30,2023-07-03,CALL,3.0,4450.23,3900.0,549.6,553.7,4.0,0.78287,551.6500000000001,0.8763591994121653,ITM
2023-06-30,2023-07-03,CALL,3.0,4450.23,3925.0,525.4,529.5,4.0,0.7679,527.45,0.8819768865878843,ITM
2023-06-30,2023-07-03,CALL,3.0,4450.23,3930.0,520.9,524.6,1.0,0.76767,522.75,0.8831004240230281,ITM
2023-06-30,2023-07-03,CALL,3.0,4450.23,3940.0,509.6,513.7,6.0,0.72629,511.65000000000003,0.8853474988933158,ITM
2023-06-30,2023-07-03,CALL,3.0,4450.23,3950.0,499.6,503.7,1.0,0.71284,501.65,0.8875945737636033,ITM
2023-06-30,2023-07-03,CALL,3.0,4450.23,3970.0,480.0,483.8,10.0,0.69112,481.9,0.8920887235041786,ITM
2023-06-30,2023-07-03,CALL,3.0,4450.23,3980.0,470.5,474.6,13.0,0.69386,472.55,0.8943357983744661,ITM
2023-06-30,2023-07-03,CALL,3.0,4450.23,3990.0,459.6,463.8,4.0,0.65859,461.70000000000005,0.8965828732447537,ITM
2023-06-30,2023-07-03,CALL,3.0,4450.23,4000.0,449.6,453.8,2.0,0.64536,451.70000000000005,0.8988299481150414,ITM
2023-06-30,2023-07-03,CALL,3.0,4450.23,4005.0,444.6,448.8,2.0,0.63853,446.70000000000005,0.8999534855501852,ITM
2023-06-30,2023-07-03,CALL,3.0,4450.23,4010.0,439.6,443.8,6.0,0.63187,441.70000000000005,0.901077022985329,ITM
2023-06-30,2023-07-03,CALL,3.0,4450.23,4020.0,430.4,433.8,1.0,0.62915,432.1,0.9033240978556165,ITM
2023-06-30,2023-07-03,CALL,3.0,4450.23,4025.0,424.6,428.8,9.0,0.61156,426.70000000000005,0.9044476352907603,ITM
2023-06-30,2023-07-03,CALL,3.0,4450.23,4030.0,420.4,423.8,1.0,0.61582,422.1,0.9055711727259041,ITM
2023-06-30,2023-07-03,CALL,3.0,4450.23,4035.0,414.6,418.8,6.0,0.59833,416.70000000000005,0.906694710161048,ITM
2023-06-30,2023-07-03,CALL,3.0,4450.23,4040.0,409.6,413.8,4.0,0.59197,411.70000000000005,0.9078182475961918,ITM
2023-06-30,2023-07-03,CALL,3.0,4450.23,4050.0,399.7,403.8,1.0,0.57949,401.75,0.9100653224664793,ITM
2023-06-30,2023-07-03,CALL,3.0,4450.23,4065.0,384.7,388.8,26.0,0.56051,386.75,0.9134359347719108,ITM
2023-06-30,2023-07-03,CALL,3.0,4450.23,4070.0,380.1,383.8,2.0,0.55917,381.95000000000005,0.9145594722070546,ITM
2023-06-30,2023-07-03,CALL,3.0,4450.23,4080.0,369.7,373.8,2.0,0.54048,371.75,0.9168065470773421,ITM
2023-06-30,2023-07-03,CALL,3.0,4450.23,4085.0,364.7,368.0,2.0,0.52332,366.35,0.9179300845124859,ITM
2023-06-30,2023-07-03,CALL,3.0,4450.23,4090.0,359.7,363.0,80.0,0.51712,361.35,0.9190536219476297,ITM
2023-06-30,2023-07-03,CALL,3.0,4450.23,4095.0,354.7,358.8,6.0,0.52144,356.75,0.9201771593827736,ITM
2023-06-30,2023-07-03,CALL,3.0,4450.23,4100.0,349.7,353.8,6.0,0.51452,351.75,0.9213006968179174,ITM
2023-06-30,2023-07-03,CALL,3.0,4450.23,4115.0,334.7,338.0,1.0,0.48529,336.35,0.9246713091233487,ITM
2023-06-30,2023-07-03,CALL,3.0,4450.23,4120.0,329.7,333.8,4.0,0.4897,331.75,0.9257948465584925,ITM
2023-06-30,2023-07-03,CALL,3.0,4450.23,4125.0,324.7,328.8,1.0,0.48253,326.75,0.9269183839936364,ITM
2023-06-30,2023-07-03,CALL,3.0,4450.23,4130.0,319.7,323.8,1.0,0.47627,321.75,0.9280419214287802,ITM
2023-06-30,2023-07-03,CALL,3.0,4450.23,4135.0,314.7,318.8,1.0,0.47045,316.75,0.929165458863924,ITM
2023-06-30,2023-07-03,CALL,3.0,4450.23,4140.0,309.7,313.8,1.0,0.46391,311.75,0.9302889962990678,ITM
2023-06-30,2023-07-03,CALL,3.0,4450.23,4150.0,299.7,303.9,2.0,0.45269,301.79999999999995,0.9325360711693553,ITM
2023-06-30,2023-07-03,CALL,3.0,4450.23,4155.0,294.7,298.9,1.0,0.44674,296.79999999999995,0.9336596086044991,ITM
2023-06-30,2023-07-03,CALL,3.0,4450.23,4160.0,289.7,293.9,4.0,0.44042,291.79999999999995,0.934783146039643,ITM
2023-06-30,2023-07-03,CALL,3.0,4450.23,4165.0,284.7,288.9,4.0,0.43384,286.79999999999995,0.9359066834747868,ITM
2023-06-30,2023-07-03,CALL,3.0,4450.23,4170.0,280.2,283.9,10.0,0.43285,282.04999999999995,0.9370302209099306,ITM
2023-06-30,2023-07-03,CALL,3.0,4450.23,4175.0,274.7,278.9,5.0,0.42111,276.79999999999995,0.9381537583450744,ITM
2023-06-30,2023-07-03,CALL,3.0,4450.23,4180.0,269.7,273.9,18.0,0.41523,271.79999999999995,0.9392772957802182,ITM
2023-06-30,2023-07-03,CALL,3.0,4450.23,4185.0,264.7,268.9,5.0,0.40893,266.79999999999995,0.9404008332153619,ITM
2023-06-30,2023-07-03,CALL,3.0,4450.23,4190.0,259.7,263.9,10.0,0.40216,261.79999999999995,0.9415243706505058,ITM
2023-06-30,2023-07-03,CALL,3.0,4450.23,4200.0,249.7,253.9,13.0,0.39003,251.8,0.9437714455207934,ITM
2023-06-30,2023-07-03,CALL,3.0,4450.23,4205.0,244.8,248.9,1.0,0.38486,246.85000000000002,0.9448949829559372,ITM
2023-06-30,2023-07-03,CALL,3.0,4450.23,4210.0,240.2,243.9,25.0,0.38294,242.05,0.946018520391081,ITM
2023-06-30,2023-07-03,CALL,3.0,4450.23,4215.0,234.8,238.9,1.0,0.37254,236.85000000000002,0.9471420578262248,ITM
2023-06-30,2023-07-03,CALL,3.0,4450.23,4220.0,230.3,233.9,1.0,0.37103,232.10000000000002,0.9482655952613686,ITM
2023-06-30,2023-07-03,CALL,3.0,4450.23,4225.0,224.8,228.9,2.0,0.36023,226.85000000000002,0.9493891326965124,ITM
2023-06-30,2023-07-03,CALL,3.0,4450.23,4230.0,219.8,223.9,4.0,0.35403,221.85000000000002,0.9505126701316562,ITM
2023-06-30,2023-07-03,CALL,3.0,4450.23,4235.0,214.8,218.9,1.0,0.34685,216.85000000000002,0.9516362075668,ITM
2023-06-30,2023-07-03,CALL,3.0,4450.23,4240.0,209.8,213.9,1.0,0.34109,211.85000000000002,0.9527597450019438,ITM
2023-06-30,2023-07-03,CALL,3.0,4450.23,4245.0,205.3,208.9,1.0,0.33953,207.10000000000002,0.9538832824370876,ITM
2023-06-30,2023-07-03,CALL,3.0,4450.23,4250.0,200.2,203.9,1.0,0.33264,202.05,0.9550068198722315,ITM
2023-06-30,2023-07-03,CALL,3.0,4450.23,4255.0,194.8,198.9,7.0,0.32173,196.85000000000002,0.9561303573073752,ITM
2023-06-30,2023-07-03,CALL,3.0,4450.23,4260.0,191.0,193.9,10.0,0.32724,192.45,0.957253894742519,ITM
2023-06-30,2023-07-03,CALL,3.0,4450.23,4265.0,186.0,188.9,11.0,0.32079,187.45,0.9583774321776628,ITM
2023-06-30,2023-07-03,CALL,3.0,4450.23,4270.0,181.0,184.0,4.0,0.31445,182.5,0.9595009696128066,ITM
2023-06-30,2023-07-03,CALL,3.0,4450.23,4275.0,174.8,179.0,2.0,0.29808,176.9,0.9606245070479504,ITM
2023-06-30,2023-07-03,CALL,3.0,4450.23,4280.0,169.8,174.0,20.0,0.29133,171.9,0.9617480444830943,ITM
2023-06-30,2023-07-03,CALL,3.0,4450.23,4285.0,164.8,169.0,2.0,0.28501,166.9,0.9628715819182381,ITM
2023-06-30,2023-07-03,CALL,3.0,4450.23,4290.0,159.8,164.0,7.0,0.27811,161.9,0.9639951193533818,ITM
2023-06-30,2023-07-03,CALL,3.0,4450.23,4295.0,154.8,159.0,2.0,0.27202,156.9,0.9651186567885256,ITM
2023-06-30,2023-07-03,CALL,3.0,4450.23,4300.0,149.9,154.0,49.0,0.26613,151.95,0.9662421942236694,ITM
2023-06-30,2023-07-03,CALL,3.0,4450.23,4305.0,145.5,149.0,27.0,0.26482,147.25,0.9673657316588132,ITM
2023-06-30,2023-07-03,CALL,3.0,4450.23,4310.0,139.9,144.0,17.0,0.25386,141.95,0.968489269093957,ITM
2023-06-30,2023-07-03,CALL,3.0,4450.23,4315.0,136.1,139.0,17.0,0.2555,137.55,0.9696128065291009,ITM
2023-06-30,2023-07-03,CALL,3.0,4450.23,4320.0,131.1,134.0,7.0,0.24957,132.55,0.9707363439642447,ITM
2023-06-30,2023-07-03,CALL,3.0,4450.23,4325.0,126.1,129.0,46.0,0.2424,127.55,0.9718598813993884,ITM
2023-06-30,2023-07-03,CALL,3.0,4450.23,4330.0,119.9,124.1,3.0,0.22783,122.0,0.9729834188345322,ITM
2023-06-30,2023-07-03,CALL,3.0,4450.23,4335.0,114.9,119.1,16.0,0.22121,117.0,0.974106956269676,ITM
2023-06-30,2023-07-03,CALL,3.0,4450.23,4340.0,109.9,114.1,11.0,0.21352,112.0,0.9752304937048198,ITM
2023-06-30,2023-07-03,CALL,3.0,4450.23,4345.0,106.3,108.3,31.0,0.21117,107.3,0.9763540311399637,ITM
2023-06-30,2023-07-03,CALL,3.0,4450.23,4350.0,101.3,102.4,489.0,0.19774,101.85,0.9774775685751075,ITM
2023-06-30,2023-07-03,CALL,3.0,4450.23,4355.0,95.0,99.1,31.0,0.19422,97.05,0.9786011060102513,ITM
2023-06-30,2023-07-03,CALL,3.0,4450.23,4360.0,90.0,94.1,216.0,0.18703,92.05,0.979724643445395,ITM
2023-06-30,2023-07-03,CALL,3.0,4450.23,4365.0,85.1,89.2,51.0,0.18032,87.15,0.9808481808805388,ITM
2023-06-30,2023-07-03,CALL,3.0,4450.23,4370.0,80.1,84.2,86.0,0.17323,82.15,0.9819717183156826,ITM
2023-06-30,2023-07-03,CALL,3.0,4450.23,4375.0,75.1,79.2,915.0,0.16583,77.15,0.9830952557508265,ITM
2023-06-30,2023-07-03,CALL,3.0,4450.23,4380.0,71.0,73.3,690.0,0.1583,72.15,0.9842187931859703,ITM
2023-06-30,2023-07-03,CALL,3.0,4450.23,4385.0,65.2,69.1,172.0,0.15045,67.15,0.9853423306211141,ITM
2023-06-30,2023-07-03,CALL,3.0,4450.23,4390.0,60.7,63.8,129.0,0.1447,62.25,0.9864658680562579,ITM
2023-06-30,2023-07-03,CALL,3.0,4450.23,4395.0,55.2,59.2,201.0,0.13541,57.2,0.9875894054914016,ITM
2023-06-30,2023-07-03,CALL,3.0,4450.23,4400.0,51.7,52.5,659.0,0.12627,52.1,0.9887129429265454,ITM
2023-06-30,2023-07-03,CALL,3.0,4450.23,4405.0,46.8,47.7,381.0,0.12031,47.25,0.9898364803616893,ITM
2023-06-30,2023-07-03,CALL,3.0,4450.23,4410.0,41.9,42.9,1313.0,0.11257,42.4,0.9909600177968331,ATM
2023-06-30,2023-07-03,CALL,3.0,4450.23,4415.0,37.1,37.8,338.0,0.10422,37.45,0.9920835552319769,ATM
2023-06-30,2023-07-03,CALL,3.0,4450.23,4420.0,32.4,33.6,1062.0,0.09955,33.0,0.9932070926671207,ATM
2023-06-30,2023-07-03,CALL,3.0,4450.23,4425.0,28.0,28.8,590.0,0.09349,28.4,0.9943306301022645,ATM
2023-06-30,2023-07-03,CALL,3.0,4450.23,4430.0,23.7,24.5,533.0,0.08822,24.1,0.9954541675374082,ATM
2023-06-30,2023-07-03,CALL,3.0,4450.23,4435.0,19.7,20.4,496.0,0.08281,20.049999999999997,0.996577704972552,ATM
2023-06-30,2023-07-03,CALL,3.0,4450.23,4440.0,16.1,16.6,1534.0,0.0792,16.35,0.9977012424076959,ATM
2023-06-30,2023-07-03,CALL,3.0,4450.23,4445.0,12.9,13.4,2053.0,0.0766,13.15,0.9988247798428397,ATM
2023-06-30,2023-07-03,CALL,3.0,4450.23,4450.0,10.1,10.3,4107.0,0.07245,10.2,0.9999483172779835,ATM
2023-06-30,2023-07-03,CALL,3.0,4450.23,4455.0,7.7,7.9,2858.0,0.07126,7.800000000000001,1.0010718547131272,ATM
2023-06-30,2023-07-03,CALL,3.0,4450.23,4460.0,5.7,5.9,2951.0,0.06889,5.800000000000001,1.0021953921482711,ATM
2023-06-30,2023-07-03,CALL,3.0,4450.23,4465.0,4.1,4.4,2755.0,0.06722,4.25,1.0033189295834148,ATM
2023-06-30,2023-07-03,CALL,3.0,4450.23,4470.0,2.95,3.1,1643.0,0.06672,3.0250000000000004,1.0044424670185588,ATM
2023-06-30,2023-07-03,CALL,3.0,4450.23,4475.0,2.0,2.2,2997.0,0.06553,2.1,1.0055660044537025,ATM
2023-06-30,2023-07-03,CALL,3.0,4450.23,4480.0,1.4,1.5,2248.0,0.06526,1.45,1.0066895418888462,ATM
2023-06-30,2023-07-03,CALL,3.0,4450.23,4485.0,0.95,1.05,1211.0,0.0654,1.0,1.0078130793239901,ATM
2023-06-30,2023-07-03,CALL,3.0,4450.23,4490.0,0.65,0.75,1291.0,0.06599,0.7,1.0089366167591338,ATM
2023-06-30,2023-07-03,CALL,3.0,4450.23,4495.0,0.45,0.55,805.0,0.06641,0.5,1.0100601541942777,OTM
2023-06-30,2023-07-03,CALL,3.0,4450.23,4500.0,0.35,0.4,2477.0,0.06764,0.375,1.0111836916294215,OTM
2023-06-30,2023-07-03,CALL,3.0,4450.23,4505.0,0.25,0.35,560.0,0.06987,0.3,1.0123072290645654,OTM
2023-06-30,2023-07-03,CALL,3.0,4450.23,4510.0,0.15,0.25,510.0,0.07,0.2,1.013430766499709,OTM
2023-06-30,2023-07-03,CALL,3.0,4450.23,4515.0,0.15,0.2,320.0,0.07341,0.175,1.0145543039348528,OTM
2023-06-30,2023-07-03,CALL,3.0,4450.23,4520.0,0.1,0.2,298.0,0.07626,0.15000000000000002,1.0156778413699967,OTM
2023-06-30,2023-07-03,CALL,3.0,4450.23,4525.0,0.1,0.15,1754.0,0.07883,0.125,1.0168013788051404,OTM
2023-06-30,2023-07-03,CALL,3.0,4450.23,4530.0,0.05,0.15,88.0,0.07996,0.1,1.0179249162402844,OTM
2023-06-30,2023-07-03,CALL,3.0,4450.23,4535.0,0.05,0.1,48.0,0.08141,0.07500000000000001,1.019048453675428,OTM
2023-06-30,2023-07-03,CALL,3.0,4450.23,4540.0,0.05,0.1,64.0,0.0854,0.07500000000000001,1.020171991110572,OTM
2023-06-30,2023-07-03,CALL,3.0,4450.23,4550.0,0.05,0.1,302.0,0.09269,0.07500000000000001,1.0224190659808594,OTM
2023-06-30,2023-07-05,CALL,5.0,4450.23,3800.0,649.6,653.7,3.0,0.74844,651.6500000000001,0.8538884507092893,ITM
2023-06-30,2023-07-05,CALL,5.0,4450.23,4000.0,449.7,453.8,1.0,0.51861,451.75,0.8988299481150414,ITM
2023-06-30,2023-07-05,CALL,5.0,4450.23,4060.0,389.8,393.9,1.0,0.45574,391.85,0.912312397336767,ITM
2023-06-30,2023-07-05,CALL,5.0,4450.23,4100.0,349.8,353.9,5.0,0.41365,351.85,0.9213006968179174,ITM
2023-06-30,2023-07-05,CALL,5.0,4450.23,4110.0,339.8,343.9,1.0,0.40275,341.85,0.923547771688205,ITM
2023-06-30,2023-07-05,CALL,5.0,4450.23,4115.0,334.8,338.9,1.0,0.39729,336.85,0.9246713091233487,ITM
2023-06-30,2023-07-05,CALL,5.0,4450.23,4130.0,319.8,324.7,1.0,0.38988,322.25,0.9280419214287802,ITM
2023-06-30,2023-07-05,CALL,5.0,4450.23,4150.0,299.9,303.9,1.0,0.36295,301.9,0.9325360711693553,ITM
2023-06-30,2023-07-05,CALL,5.0,4450.23,4160.0,289.9,294.0,1.0,0.35373,291.95,0.934783146039643,ITM
2023-06-30,2023-07-05,CALL,5.0,4450.23,4165.0,284.9,289.0,1.0,0.34777,286.95,0.9359066834747868,ITM
2023-06-30,2023-07-05,CALL,5.0,4450.23,4170.0,279.9,284.0,1.0,0.3433,281.95,0.9370302209099306,ITM
2023-06-30,2023-07-05,CALL,5.0,4450.23,4180.0,269.9,274.0,1.0,0.33294,271.95,0.9392772957802182,ITM
2023-06-30,2023-07-05,CALL,5.0,4450.23,4190.0,259.9,264.0,1.0,0.32233,261.95,0.9415243706505058,ITM
2023-06-30,2023-07-05,CALL,5.0,4450.23,4195.0,254.9,259.0,2.0,0.31722,256.95,0.9426479080856496,ITM
2023-06-30,2023-07-05,CALL,5.0,4450.23,4200.0,249.9,254.0,1.0,0.3129,251.95,0.9437714455207934,ITM
2023-06-30,2023-07-05,CALL,5.0,4450.23,4210.0,239.9,244.0,1.0,0.30273,241.95,0.946018520391081,ITM
2023-06-30,2023-07-05,CALL,5.0,4450.23,4215.0,234.9,239.8,3.0,0.30385,237.35000000000002,0.9471420578262248,ITM
2023-06-30,2023-07-05,CALL,5.0,4450.23,4220.0,229.9,234.0,1.0,0.29251,231.95,0.9482655952613686,ITM
2023-06-30,2023-07-05,CALL,5.0,4450.23,4225.0,225.0,228.2,3.0,0.28146,226.6,0.9493891326965124,ITM
2023-06-30,2023-07-05,CALL,5.0,4450.23,4230.0,220.0,224.1,1.0,0.28384,222.05,0.9505126701316562,ITM
2023-06-30,2023-07-05,CALL,5.0,4450.23,4235.0,215.0,219.1,1.0,0.27879,217.05,0.9516362075668,ITM
2023-06-30,2023-07-05,CALL,5.0,4450.23,4240.0,210.0,214.1,7.0,0.27361,212.05,0.9527597450019438,ITM
2023-06-30,2023-07-05,CALL,5.0,4450.23,4245.0,205.0,209.1,1.0,0.26835,207.05,0.9538832824370876,ITM
2023-06-30,2023-07-05,CALL,5.0,4450.23,4250.0,200.1,203.2,2.0,0.25738,201.64999999999998,0.9550068198722315,ITM
2023-06-30,2023-07-05,CALL,5.0,4450.23,4255.0,195.0,199.1,6.0,0.25856,197.05,0.9561303573073752,ITM
2023-06-30,2023-07-05,CALL,5.0,4450.23,4260.0,190.0,194.1,10.0,0.25358,192.05,0.957253894742519,ITM
2023-06-30,2023-07-05,CALL,5.0,4450.23,4265.0,185.0,189.1,7.0,0.2483,187.05,0.9583774321776628,ITM
2023-06-30,2023-07-05,CALL,5.0,4450.23,4270.0,181.1,183.3,7.0,0.24544,182.2,0.9595009696128066,ITM
2023-06-30,2023-07-05,CALL,5.0,4450.23,4275.0,175.9,179.1,5.0,0.24474,177.5,0.9606245070479504,ITM
2023-06-30,2023-07-05,CALL,5.0,4450.23,4280.0,170.0,174.1,5.0,0.23277,172.05,0.9617480444830943,ITM
2023-06-30,2023-07-05,CALL,5.0,4450.23,4290.0,161.3,164.2,7.0,0.23186,162.75,0.9639951193533818,ITM
2023-06-30,2023-07-05,CALL,5.0,4450.23,4295.0,155.1,159.2,2.0,0.21907,157.14999999999998,0.9651186567885256,ITM
2023-06-30,2023-07-05,CALL,5.0,4450.23,4300.0,150.1,154.2,4.0,0.21294,152.14999999999998,0.9662421942236694,ITM
2023-06-30,2023-07-05,CALL,5.0,4450.23,4305.0,145.1,149.2,2.0,0.20794,147.14999999999998,0.9673657316588132,ITM
2023-06-30,2023-07-05,CALL,5.0,4450.23,4310.0,141.0,144.2,4.0,0.20869,142.6,0.968489269093957,ITM
2023-06-30,2023-07-05,CALL,5.0,4450.23,4315.0,135.1,139.2,2.0,0.19753,137.14999999999998,0.9696128065291009,ITM
2023-06-30,2023-07-05,CALL,5.0,4450.23,4320.0,131.2,134.2,1.0,0.19868,132.7,0.9707363439642447,ITM
2023-06-30,2023-07-05,CALL,5.0,4450.23,4325.0,125.2,129.3,2.0,0.18808,127.25,0.9718598813993884,ITM
2023-06-30,2023-07-05,CALL,5.0,4450.23,4330.0,120.2,124.3,17.0,0.18307,122.25,0.9729834188345322,ITM
2023-06-30,2023-07-05,CALL,5.0,4450.23,4335.0,115.2,119.3,11.0,0.17757,117.25,0.974106956269676,ITM
2023-06-30,2023-07-05,CALL,5.0,4450.23,4340.0,110.2,114.3,6.0,0.17139,112.25,0.9752304937048198,ITM
2023-06-30,2023-07-05,CALL,5.0,4450.23,4345.0,106.3,109.3,21.0,0.1722,107.8,0.9763540311399637,ITM
2023-06-30,2023-07-05,CALL,5.0,4450.23,4350.0,100.3,104.4,6.0,0.16196,102.35,0.9774775685751075,ITM
2023-06-30,2023-07-05,CALL,5.0,4450.23,4355.0,95.7,99.4,2.0,0.1575,97.55000000000001,0.9786011060102513,ITM
2023-06-30,2023-07-05,CALL,5.0,4450.23,4360.0,90.3,94.4,20.0,0.15034,92.35,0.979724643445395,ITM
2023-06-30,2023-07-05,CALL,5.0,4450.23,4365.0,85.4,89.5,37.0,0.14501,87.45,0.9808481808805388,ITM
2023-06-30,2023-07-05,CALL,5.0,4450.23,4370.0,80.4,84.5,119.0,0.13905,82.45,0.9819717183156826,ITM
2023-06-30,2023-07-05,CALL,5.0,4450.23,4375.0,75.5,79.6,133.0,0.1342,77.55,0.9830952557508265,ITM
2023-06-30,2023-07-05,CALL,5.0,4450.23,4380.0,70.7,74.7,349.0,0.12997,72.7,0.9842187931859703,ITM
2023-06-30,2023-07-05,CALL,5.0,4450.23,4385.0,65.8,69.8,13.0,0.12413,67.8,0.9853423306211141,ITM
2023-06-30,2023-07-05,CALL,5.0,4450.23,4390.0,61.0,65.0,455.0,0.11985,63.0,0.9864658680562579,ITM
2023-06-30,2023-07-05,CALL,5.0,4450.23,4395.0,56.3,59.5,102.0,0.11223,57.9,0.9875894054914016,ITM
2023-06-30,2023-07-05,CALL,5.0,4450.23,4400.0,51.7,55.5,483.0,0.11076,53.6,0.9887129429265454,ITM
2023-06-30,2023-07-05,CALL,5.0,4450.23,4405.0,47.1,50.9,80.0,0.10649,49.0,0.9898364803616893,ITM
2023-06-30,2023-07-05,CALL,5.0,4450.23,4410.0,43.0,46.1,252.0,0.10281,44.55,0.9909600177968331,ATM
2023-06-30,2023-07-05,CALL,5.0,4450.23,4415.0,38.3,41.7,520.0,0.09837,40.0,0.9920835552319769,ATM
2023-06-30,2023-07-05,CALL,5.0,4450.23,4420.0,34.2,37.6,118.0,0.09504,35.900000000000006,0.9932070926671207,ATM
2023-06-30,2023-07-05,CALL,5.0,4450.23,4425.0,30.2,33.5,521.0,0.09199,31.85,0.9943306301022645,ATM
2023-06-30,2023-07-05,CALL,5.0,4450.23,4430.0,26.5,29.0,429.0,0.08814,27.75,0.9954541675374082,ATM
2023-06-30,2023-07-05,CALL,5.0,4450.23,4435.0,23.7,24.9,293.0,0.08614,24.299999999999997,0.996577704972552,ATM
2023-06-30,2023-07-05,CALL,5.0,4450.23,4440.0,20.5,21.5,297.0,0.08428,21.0,0.9977012424076959,ATM
2023-06-30,2023-07-05,CALL,5.0,4450.23,4445.0,17.6,18.1,386.0,0.08196,17.85,0.9988247798428397,ATM
2023-06-30,2023-07-05,CALL,5.0,4450.23,4450.0,14.9,15.3,1685.0,0.08027,15.100000000000001,0.9999483172779835,ATM
2023-06-30,2023-07-05,CALL,5.0,4450.23,4455.0,12.4,12.8,581.0,0.07895,12.600000000000001,1.0010718547131272,ATM
2023-06-30,2023-07-05,CALL,5.0,4450.23,4460.0,10.3,10.6,1088.0,0.07805,10.45,1.0021953921482711,ATM
2023-06-30,2023-07-05,CALL,5.0,4450.23,4465.0,8.4,8.7,521.0,0.07615,8.55,1.0033189295834148,ATM
2023-06-30,2023-07-05,CALL,5.0,4450.23,4470.0,6.8,7.1,426.0,0.07534,6.949999999999999,1.0044424670185588,ATM
2023-06-30,2023-07-05,CALL,5.0,4450.23,4475.0,5.4,5.7,484.0,0.07482,5.550000000000001,1.0055660044537025,ATM
2023-06-30,2023-07-05,CALL,5.0,4450.23,4480.0,4.3,4.6,354.0,0.07447,4.449999999999999,1.0066895418888462,ATM
2023-06-30,2023-07-05,CALL,5.0,4450.23,4485.0,3.3,3.6,307.0,0.07413,3.45,1.0078130793239901,ATM
2023-06-30,2023-07-05,CALL,5.0,4450.23,4490.0,2.6,2.75,297.0,0.07372,2.675,1.0089366167591338,ATM
2023-06-30,2023-07-05,CALL,5.0,4450.23,4495.0,2.0,2.15,265.0,0.07307,2.075,1.0100601541942777,OTM
2023-06-30,2023-07-05,CALL,5.0,4450.23,4500.0,1.55,1.7,857.0,0.07339,1.625,1.0111836916294215,OTM
2023-06-30,2023-07-05,CALL,5.0,4450.23,4505.0,1.15,1.3,186.0,0.07351,1.225,1.0123072290645654,OTM
2023-06-30,2023-07-05,CALL,5.0,4450.23,4510.0,0.9,1.0,608.0,0.07358,0.95,1.013430766499709,OTM
2023-06-30,2023-07-05,CALL,5.0,4450.23,4520.0,0.55,0.65,615.0,0.07519,0.6000000000000001,1.0156778413699967,OTM
2023-06-30,2023-07-05,CALL,5.0,4450.23,4525.0,0.45,0.5,281.0,0.07655,0.475,1.0168013788051404,OTM
2023-06-30,2023-07-05,CALL,5.0,4450.23,4530.0,0.35,0.45,195.0,0.07812,0.4,1.0179249162402844,OTM
2023-06-30,2023-07-05,CALL,5.0,4450.23,4540.0,0.25,0.3,86.0,0.08067,0.275,1.020171991110572,OTM
2023-06-30,2023-07-05,CALL,5.0,4450.23,4550.0,0.15,0.25,695.0,0.08415,0.2,1.0224190659808594,OTM
2023-06-30,2023-07-05,CALL,5.0,4450.23,4575.0,0.1,0.2,47.0,0.09726,0.15000000000000002,1.0280367531565786,OTM
2023-06-30,2023-07-05,CALL,5.0,4450.23,4600.0,0.05,0.15,43.0,0.10756,0.1,1.0336544403322976,OTM
2023-06-30,2023-07-05,CALL,5.0,4450.23,4650.0,0.05,0.1,3.0,0.13285,0.07500000000000001,1.0448898146837355,OTM
2023-06-30,2023-07-06,CALL,6.0,4450.23,3875.0,576.4,580.5,10.0,0.62832,578.45,0.8707415122364462,ITM
2023-06-30,2023-07-06,CALL,6.0,4450.23,4000.0,451.5,455.6,1.0,0.498,453.55,0.8988299481150414,ITM
2023-06-30,2023-07-06,CALL,6.0,4450.23,4100.0,351.6,355.7,4.0,0.39874,353.65,0.9213006968179174,ITM
2023-06-30,2023-07-06,CALL,6.0,4450.23,4125.0,326.7,330.7,1.0,0.37419,328.7,0.9269183839936364,ITM
2023-06-30,2023-07-06,CALL,6.0,4450.23,4130.0,322.2,325.8,1.0,0.37371,324.0,0.9280419214287802,ITM
2023-06-30,2023-07-06,CALL,6.0,4450.23,4150.0,301.7,305.8,1.0,0.35015,303.75,0.9325360711693553,ITM
2023-06-30,2023-07-06,CALL,6.0,4450.23,4160.0,291.7,295.8,2.0,0.34133,293.75,0.934783146039643,ITM
2023-06-30,2023-07-06,CALL,6.0,4450.23,4170.0,281.7,285.8,2.0,0.33086,283.75,0.9370302209099306,ITM
2023-06-30,2023-07-06,CALL,6.0,4450.23,4180.0,271.8,275.8,10.0,0.32226,273.8,0.9392772957802182,ITM
2023-06-30,2023-07-06,CALL,6.0,4450.23,4200.0,251.8,255.9,1.0,0.30349,253.85000000000002,0.9437714455207934,ITM
2023-06-30,2023-07-06,CALL,6.0,4450.23,4220.0,231.8,235.9,1.0,0.28362,233.85000000000002,0.9482655952613686,ITM
2023-06-30,2023-07-06,CALL,6.0,4450.23,4225.0,226.9,230.9,2.0,0.27977,228.9,0.9493891326965124,ITM
2023-06-30,2023-07-06,CALL,6.0,4450.23,4230.0,221.9,225.9,3.0,0.27393,223.9,0.9505126701316562,ITM
2023-06-30,2023-07-06,CALL,6.0,4450.23,4250.0,202.2,205.1,1.0,0.25162,203.64999999999998,0.9550068198722315,ITM
2023-06-30,2023-07-06,CALL,6.0,4450.23,4255.0,196.9,200.2,2.0,0.24623,198.55,0.9561303573073752,ITM
2023-06-30,2023-07-06,CALL,6.0,4450.23,4260.0,193.0,195.2,1.0,0.24731,194.1,0.957253894742519,ITM
2023-06-30,2023-07-06,CALL,6.0,4450.23,4265.0,186.9,191.0,1.0,0.24053,188.95,0.9583774321776628,ITM
2023-06-30,2023-07-06,CALL,6.0,4450.23,4270.0,182.0,186.0,6.0,0.23646,184.0,0.9595009696128066,ITM
2023-06-30,2023-07-06,CALL,6.0,4450.23,4275.0,178.3,181.1,1.0,0.23819,179.7,0.9606245070479504,ITM
2023-06-30,2023-07-06,CALL,6.0,4450.23,4280.0,172.0,176.1,35.0,0.22692,174.05,0.9617480444830943,ITM
2023-06-30,2023-07-06,CALL,6.0,4450.23,4285.0,167.0,171.1,1.0,0.22202,169.05,0.9628715819182381,ITM
2023-06-30,2023-07-06,CALL,6.0,4450.23,4290.0,162.0,166.8,1.0,0.22016,164.4,0.9639951193533818,ITM
2023-06-30,2023-07-06,CALL,6.0,4450.23,4295.0,157.0,161.1,6.0,0.21218,159.05,0.9651186567885256,ITM
2023-06-30,2023-07-06,CALL,6.0,4450.23,4300.0,152.1,156.9,1.0,0.21108,154.5,0.9662421942236694,ITM
2023-06-30,2023-07-06,CALL,6.0,4450.23,4305.0,148.4,151.2,3.0,0.20825,149.8,0.9673657316588132,ITM
2023-06-30,2023-07-06,CALL,6.0,4450.23,4310.0,142.1,146.2,2.0,0.19754,144.14999999999998,0.968489269093957,ITM
2023-06-30,2023-07-06,CALL,6.0,4450.23,4315.0,138.0,141.2,4.0,0.19644,139.6,0.9696128065291009,ITM
2023-06-30,2023-07-06,CALL,6.0,4450.23,4320.0,132.1,136.2,25.0,0.18734,134.14999999999998,0.9707363439642447,ITM
2023-06-30,2023-07-06,CALL,6.0,4450.23,4325.0,127.2,131.3,5.0,0.18245,129.25,0.9718598813993884,ITM
2023-06-30,2023-07-06,CALL,6.0,4450.23,4330.0,123.1,126.3,2.0,0.18102,124.69999999999999,0.9729834188345322,ITM
2023-06-30,2023-07-06,CALL,6.0,4450.23,4335.0,117.2,121.3,5.0,0.17238,119.25,0.974106956269676,ITM
2023-06-30,2023-07-06,CALL,6.0,4450.23,4340.0,113.2,116.4,2.0,0.17159,114.80000000000001,0.9752304937048198,ITM
2023-06-30,2023-07-06,CALL,6.0,4450.23,4345.0,108.4,111.4,5.0,0.16693,109.9,0.9763540311399637,ITM
2023-06-30,2023-07-06,CALL,6.0,4450.23,4350.0,102.4,106.5,50.0,0.1578,104.45,0.9774775685751075,ITM
2023-06-30,2023-07-06,CALL,6.0,4450.23,4355.0,97.5,101.5,2.0,0.1525,99.5,0.9786011060102513,ITM
2023-06-30,2023-07-06,CALL,6.0,4450.23,4360.0,93.0,96.6,2.0,0.14939,94.8,0.979724643445395,ITM
2023-06-30,2023-07-06,CALL,6.0,4450.23,4365.0,88.6,92.6,1.0,0.14992,90.6,0.9808481808805388,ITM
2023-06-30,2023-07-06,CALL,6.0,4450.23,4370.0,82.9,86.9,50.0,0.13892,84.9,0.9819717183156826,ITM
2023-06-30,2023-07-06,CALL,6.0,4450.23,4375.0,78.1,82.1,584.0,0.13488,80.1,0.9830952557508265,ITM
2023-06-30,2023-07-06,CALL,6.0,4450.23,4380.0,73.4,77.3,134.0,0.13039,75.35,0.9842187931859703,ITM
2023-06-30,2023-07-06,CALL,6.0,4450.23,4385.0,68.6,72.5,20.0,0.12558,70.55,0.9853423306211141,ITM
2023-06-30,2023-07-06,CALL,6.0,4450.23,4390.0,64.2,67.8,8.0,0.12271,66.0,0.9864658680562579,ITM
2023-06-30,2023-07-06,CALL,6.0,4450.23,4395.0,59.4,63.2,21.0,0.11755,61.3,0.9875894054914016,ITM
2023-06-30,2023-07-06,CALL,6.0,4450.23,4400.0,54.9,58.6,931.0,0.11372,56.75,0.9887129429265454,ITM
2023-06-30,2023-07-06,CALL,6.0,4450.23,4405.0,51.1,53.4,35.0,0.11024,52.25,0.9898364803616893,ITM
2023-06-30,2023-07-06,CALL,6.0,4450.23,4410.0,46.2,49.8,103.0,0.10672,48.0,0.9909600177968331,ATM
2023-06-30,2023-07-06,CALL,6.0,4450.23,4415.0,42.1,45.5,156.0,0.10398,43.8,0.9920835552319769,ATM
2023-06-30,2023-07-06,CALL,6.0,4450.23,4420.0,38.1,41.4,113.0,0.10151,39.75,0.9932070926671207,ATM
2023-06-30,2023-07-06,CALL,6.0,4450.23,4425.0,34.3,37.5,93.0,0.09905,35.9,0.9943306301022645,ATM
2023-06-30,2023-07-06,CALL,6.0,4450.23,4430.0,30.6,33.7,90.0,0.09581,32.150000000000006,0.9954541675374082,ATM
2023-06-30,2023-07-06,CALL,6.0,4450.23,4435.0,27.2,30.1,58.0,0.09426,28.65,0.996577704972552,ATM
2023-06-30,2023-07-06,CALL,6.0,4450.23,4440.0,24.8,25.4,106.0,0.09112,25.1,0.9977012424076959,ATM
2023-06-30,2023-07-06,CALL,6.0,4450.23,4445.0,21.7,22.3,75.0,0.08905,22.0,0.9988247798428397,ATM
2023-06-30,2023-07-06,CALL,6.0,4450.23,4450.0,19.1,19.4,312.0,0.08758,19.25,0.9999483172779835,ATM
2023-06-30,2023-07-06,CALL,6.0,4450.23,4455.0,16.4,17.0,153.0,0.08623,16.7,1.0010718547131272,ATM
2023-06-30,2023-07-06,CALL,6.0,4450.23,4460.0,14.1,14.5,193.0,0.08528,14.3,1.0021953921482711,ATM
2023-06-30,2023-07-06,CALL,6.0,4450.23,4465.0,12.0,12.6,116.0,0.08494,12.3,1.0033189295834148,ATM
2023-06-30,2023-07-06,CALL,6.0,4450.23,4470.0,10.2,10.5,173.0,0.08293,10.35,1.0044424670185588,ATM
2023-06-30,2023-07-06,CALL,6.0,4450.23,4475.0,8.4,8.9,236.0,0.08204,8.65,1.0055660044537025,ATM
2023-06-30,2023-07-06,CALL,6.0,4450.23,4480.0,7.1,7.4,513.0,0.08164,7.25,1.0066895418888462,ATM
2023-06-30,2023-07-06,CALL,6.0,4450.23,4485.0,5.8,6.2,189.0,0.08097,6.0,1.0078130793239901,ATM
2023-06-30,2023-07-06,CALL,6.0,4450.23,4490.0,4.7,5.0,324.0,0.08062,4.85,1.0089366167591338,ATM
2023-06-30,2023-07-06,CALL,6.0,4450.23,4495.0,3.8,4.2,317.0,0.08005,4.0,1.0100601541942777,OTM
2023-06-30,2023-07-06,CALL,6.0,4450.23,4500.0,3.1,3.3,546.0,0.08001,3.2,1.0111836916294215,OTM
2023-06-30,2023-07-06,CALL,6.0,4450.23,4505.0,2.5,2.75,167.0,0.07965,2.625,1.0123072290645654,OTM
2023-06-30,2023-07-06,CALL,6.0,4450.23,4510.0,2.0,2.2,147.0,0.07944,2.1,1.013430766499709,OTM
2023-06-30,2023-07-06,CALL,6.0,4450.23,4515.0,1.6,1.75,66.0,0.07987,1.675,1.0145543039348528,OTM
2023-06-30,2023-07-06,CALL,6.0,4450.23,4520.0,1.25,1.45,111.0,0.07993,1.35,1.0156778413699967,OTM
2023-06-30,2023-07-06,CALL,6.0,4450.23,4525.0,1.0,1.15,49.0,0.08038,1.075,1.0168013788051404,OTM
2023-06-30,2023-07-06,CALL,6.0,4450.23,4530.0,0.8,0.95,48.0,0.08066,0.875,1.0179249162402844,OTM
2023-06-30,2023-07-06,CALL,6.0,4450.23,4540.0,0.55,0.65,79.0,0.0825,0.6000000000000001,1.020171991110572,OTM
2023-06-30,2023-07-06,CALL,6.0,4450.23,4550.0,0.35,0.45,110.0,0.08433,0.4,1.0224190659808594,OTM
2023-06-30,2023-07-06,CALL,6.0,4450.23,4560.0,0.25,0.35,134.0,0.08724,0.3,1.024666140851147,OTM
2023-06-30,2023-07-06,CALL,6.0,4450.23,4570.0,0.2,0.3,24.0,0.09092,0.25,1.0269132157214347,OTM
2023-06-30,2023-07-06,CALL,6.0,4450.23,4575.0,0.15,0.25,85.0,0.0913,0.2,1.0280367531565786,OTM
2023-06-30,2023-07-06,CALL,6.0,4450.23,4600.0,0.1,0.2,2.0,0.10227,0.15000000000000002,1.0336544403322976,OTM
2023-06-30,2023-07-06,CALL,6.0,4450.23,4625.0,0.05,0.15,2.0,0.11209,0.1,1.0392721275080166,OTM
2023-06-30,2023-07-06,CALL,6.0,4450.23,4650.0,0.05,0.15,107.0,0.12505,0.1,1.0448898146837355,OTM
2023-06-30,2023-07-06,CALL,6.0,4450.23,4675.0,0.05,0.1,77.0,0.13508,0.07500000000000001,1.0505075018594545,OTM
2023-06-30,2023-07-06,CALL,6.0,4450.23,4700.0,0.05,0.1,2.0,0.14781,0.07500000000000001,1.0561251890351735,OTM
2023-06-30,2023-07-07,CALL,7.0,4450.23,3600.0,850.8,854.9,1.0,0.87855,852.8499999999999,0.8089469533035372,ITM
2023-06-30,2023-07-07,CALL,7.0,4450.23,3700.0,750.9,755.0,1.0,0.76489,752.95,0.8314177020064132,ITM
2023-06-30,2023-07-07,CALL,7.0,4450.23,3710.0,740.9,745.0,2.0,0.75399,742.95,0.8336647768767008,ITM
2023-06-30,2023-07-07,CALL,7.0,4450.23,3725.0,726.0,730.0,3.0,0.73855,728.0,0.8370353891821323,ITM
2023-06-30,2023-07-07,CALL,7.0,4450.23,3760.0,691.0,695.8,18.0,0.70633,693.4,0.8449001512281389,ITM
2023-06-30,2023-07-07,CALL,7.0,4450.23,3890.0,561.2,565.3,201.0,0.56837,563.25,0.8741121245418777,ITM
2023-06-30,2023-07-07,CALL,7.0,4450.23,3900.0,551.2,555.3,11.0,0.55806,553.25,0.8763591994121653,ITM
2023-06-30,2023-07-07,CALL,7.0,4450.23,3910.0,541.2,544.5,1.0,0.54208,542.85,0.8786062742824529,ITM
2023-06-30,2023-07-07,CALL,7.0,4450.23,3920.0,531.3,535.3,1.0,0.53877,533.3,0.8808533491527405,ITM
2023-06-30,2023-07-07,CALL,7.0,4450.23,3925.0,526.3,531.1,1520.0,0.5397,528.7,0.8819768865878843,ITM
2023-06-30,2023-07-07,CALL,7.0,4450.23,3930.0,521.3,526.1,1.0,0.53466,523.7,0.8831004240230281,ITM
2023-06-30,2023-07-07,CALL,7.0,4450.23,3950.0,501.3,506.1,1.0,0.51479,503.70000000000005,0.8875945737636033,ITM
2023-06-30,2023-07-07,CALL,7.0,4450.23,3970.0,481.8,485.4,1.0,0.49363,483.6,0.8920887235041786,ITM
2023-06-30,2023-07-07,CALL,7.0,4450.23,3980.0,471.4,474.6,50.0,0.47522,473.0,0.8943357983744661,ITM
2023-06-30,2023-07-07,CALL,7.0,4450.23,3990.0,461.8,465.5,1.0,0.47509,463.65,0.8965828732447537,ITM
2023-06-30,2023-07-07,CALL,7.0,4450.23,4000.0,451.4,455.5,1.0,0.46293,453.45,0.8988299481150414,ITM
2023-06-30,2023-07-07,CALL,7.0,4450.23,4020.0,431.4,434.7,50.0,0.4375,433.04999999999995,0.9033240978556165,ITM
2023-06-30,2023-07-07,CALL,7.0,4450.23,4025.0,426.9,430.5,1.0,0.44183,428.7,0.9044476352907603,ITM
2023-06-30,2023-07-07,CALL,7.0,4450.23,4030.0,421.4,425.5,1.0,0.43389,423.45,0.9055711727259041,ITM
2023-06-30,2023-07-07,CALL,7.0,4450.23,4035.0,416.5,420.5,1.0,0.42964,418.5,0.906694710161048,ITM
2023-06-30,2023-07-07,CALL,7.0,4450.23,4040.0,411.5,414.7,1.0,0.41968,413.1,0.9078182475961918,ITM
2023-06-30,2023-07-07,CALL,7.0,4450.23,4050.0,401.5,405.6,1.0,0.4165,403.55,0.9100653224664793,ITM
2023-06-30,2023-07-07,CALL,7.0,4450.23,4055.0,396.5,400.6,4.0,0.41145,398.55,0.9111888599016231,ITM
2023-06-30,2023-07-07,CALL,7.0,4450.23,4060.0,391.5,395.6,2.0,0.40711,393.55,0.912312397336767,ITM
2023-06-30,2023-07-07,CALL,7.0,4450.23,4065.0,386.5,390.6,1.0,0.40298,388.55,0.9134359347719108,ITM
2023-06-30,2023-07-07,CALL,7.0,4450.23,4070.0,381.5,385.6,20.0,0.39781,383.55,0.9145594722070546,ITM
2023-06-30,2023-07-07,CALL,7.0,4450.23,4075.0,376.5,380.6,4.0,0.39336,378.55,0.9156830096421984,ITM
2023-06-30,2023-07-07,CALL,7.0,4450.23,4080.0,371.5,375.6,20.0,0.38806,373.55,0.9168065470773421,ITM
2023-06-30,2023-07-07,CALL,7.0,4450.23,4085.0,366.6,370.6,2.0,0.38436,368.6,0.9179300845124859,ITM
2023-06-30,2023-07-07,CALL,7.0,4450.23,4090.0,362.0,365.6,1.0,0.38282,363.8,0.9190536219476297,ITM
2023-06-30,2023-07-07,CALL,7.0,4450.23,4100.0,352.0,355.7,20.0,0.37427,353.85,0.9213006968179174,ITM
2023-06-30,2023-07-07,CALL,7.0,4450.23,4105.0,346.6,350.7,1.0,0.36659,348.65,0.9224242342530612,ITM
2023-06-30,2023-07-07,CALL,7.0,4450.23,4110.0,342.0,345.7,37.0,0.36465,343.85,0.923547771688205,ITM
2023-06-30,2023-07-07,CALL,7.0,4450.23,4120.0,331.6,335.7,1.0,0.35301,333.65,0.9257948465584925,ITM
2023-06-30,2023-07-07,CALL,7.0,4450.23,4125.0,329.2,332.4,1.0,0.37431,330.79999999999995,0.9269183839936364,ITM
2023-06-30,2023-07-07,CALL,7.0,4450.23,4130.0,321.7,325.7,1.0,0.34396,323.7,0.9280419214287802,ITM
2023-06-30,2023-07-07,CALL,7.0,4450.23,4140.0,311.7,315.8,1.0,0.33572,313.75,0.9302889962990678,ITM
2023-06-30,2023-07-07,CALL,7.0,4450.23,4150.0,301.7,305.8,19.0,0.32647,303.75,0.9325360711693553,ITM
2023-06-30,2023-07-07,CALL,7.0,4450.23,4155.0,296.7,300.8,1.0,0.32178,298.75,0.9336596086044991,ITM
2023-06-30,2023-07-07,CALL,7.0,4450.23,4160.0,291.7,295.0,12.0,0.31191,293.35,0.934783146039643,ITM
2023-06-30,2023-07-07,CALL,7.0,4450.23,4165.0,286.7,290.8,1.0,0.31297,288.75,0.9359066834747868,ITM
2023-06-30,2023-07-07,CALL,7.0,4450.23,4170.0,281.8,285.8,1.0,0.30883,283.8,0.9370302209099306,ITM
2023-06-30,2023-07-07,CALL,7.0,4450.23,4175.0,276.8,280.9,1.0,0.30462,278.85,0.9381537583450744,ITM
2023-06-30,2023-07-07,CALL,7.0,4450.23,4180.0,271.8,276.6,10.0,0.30441,274.20000000000005,0.9392772957802182,ITM
2023-06-30,2023-07-07,CALL,7.0,4450.23,4185.0,266.8,270.9,1.0,0.29567,268.85,0.9404008332153619,ITM
2023-06-30,2023-07-07,CALL,7.0,4450.23,4190.0,261.8,265.9,11.0,0.29119,263.85,0.9415243706505058,ITM
2023-06-30,2023-07-07,CALL,7.0,4450.23,4195.0,256.8,260.9,1.0,0.28659,258.85,0.9426479080856496,ITM
2023-06-30,2023-07-07,CALL,7.0,4450.23,4200.0,252.7,255.9,21.0,0.28681,254.3,0.9437714455207934,ITM
2023-06-30,2023-07-07,CALL,7.0,4450.23,4205.0,247.7,250.9,1.0,0.28312,249.3,0.9448949829559372,ITM
2023-06-30,2023-07-07,CALL,7.0,4450.23,4210.0,241.9,246.0,21.0,0.27465,243.95,0.946018520391081,ITM
2023-06-30,2023-07-07,CALL,7.0,4450.23,4215.0,236.9,241.0,2.0,0.26964,238.95,0.9471420578262248,ITM
2023-06-30,2023-07-07,CALL,7.0,4450.23,4220.0,231.9,236.0,1.0,0.26464,233.95,0.9482655952613686,ITM
2023-06-30,2023-07-07,CALL,7.0,4450.23,4225.0,226.9,231.0,3.0,0.26045,228.95,0.9493891326965124,ITM
2023-06-30,2023-07-07,CALL,7.0,4450.23,4230.0,221.9,226.0,1.0,0.25571,223.95,0.9505126701316562,ITM
2023-06-30,2023-07-07,CALL,7.0,4450.23,4235.0,216.9,221.8,3.0,0.25579,219.35000000000002,0.9516362075668,ITM
2023-06-30,2023-07-07,CALL,7.0,4450.23,4240.0,212.0,216.1,2.0,0.24807,214.05,0.9527597450019438,ITM
2023-06-30,2023-07-07,CALL,7.0,4450.23,4245.0,207.0,211.1,1.0,0.24328,209.05,0.9538832824370876,ITM
2023-06-30,2023-07-07,CALL,7.0,4450.23,4250.0,202.0,206.1,2.0,0.23884,204.05,0.9550068198722315,ITM
2023-06-30,2023-07-07,CALL,7.0,4450.23,4255.0,197.0,201.1,11.0,0.23398,199.05,0.9561303573073752,ITM
2023-06-30,2023-07-07,CALL,7.0,4450.23,4260.0,192.0,196.1,2.0,0.22902,194.05,0.957253894742519,ITM
2023-06-30,2023-07-07,CALL,7.0,4450.23,4265.0,187.1,191.2,2.0,0.2254,189.14999999999998,0.9583774321776628,ITM
2023-06-30,2023-07-07,CALL,7.0,4450.23,4270.0,184.6,187.9,1.0,0.24041,186.25,0.9595009696128066,ITM
2023-06-30,2023-07-07,CALL,7.0,4450.23,4275.0,177.1,181.2,2.0,0.21632,179.14999999999998,0.9606245070479504,ITM
2023-06-30,2023-07-07,CALL,7.0,4450.23,4280.0,172.2,176.2,51.0,0.21188,174.2,0.9617480444830943,ITM
2023-06-30,2023-07-07,CALL,7.0,4450.23,4285.0,167.2,171.3,1.0,0.20783,169.25,0.9628715819182381,ITM
2023-06-30,2023-07-07,CALL,7.0,4450.23,4290.0,163.3,165.5,10.0,0.20459,164.4,0.9639951193533818,ITM
2023-06-30,2023-07-07,CALL,7.0,4450.23,4295.0,157.2,161.3,10.0,0.19839,159.25,0.9651186567885256,ITM
2023-06-30,2023-07-07,CALL,7.0,4450.23,4300.0,152.3,156.4,45.0,0.1948,154.35000000000002,0.9662421942236694,ITM
2023-06-30,2023-07-07,CALL,7.0,4450.23,4305.0,147.3,151.4,2.0,0.19009,149.35000000000002,0.9673657316588132,ITM
2023-06-30,2023-07-07,CALL,7.0,4450.23,4310.0,143.4,145.6,5.0,0.1869,144.5,0.968489269093957,ITM
2023-06-30,2023-07-07,CALL,7.0,4450.23,4315.0,137.4,141.5,1.0,0.18173,139.45,0.9696128065291009,ITM
2023-06-30,2023-07-07,CALL,7.0,4450.23,4320.0,133.7,135.1,25.0,0.17582,134.39999999999998,0.9707363439642447,ITM
2023-06-30,2023-07-07,CALL,7.0,4450.23,4325.0,128.3,131.6,87.0,0.17501,129.95,0.9718598813993884,ITM
2023-06-30,2023-07-07,CALL,7.0,4450.23,4330.0,123.9,125.2,74.0,0.16787,124.55000000000001,0.9729834188345322,ITM
2023-06-30,2023-07-07,CALL,7.0,4450.23,4335.0,117.7,121.8,15.0,0.16431,119.75,0.974106956269676,ITM
2023-06-30,2023-07-07,CALL,7.0,4450.23,4340.0,112.8,116.9,9.0,0.15953,114.85,0.9752304937048198,ITM
2023-06-30,2023-07-07,CALL,7.0,4450.23,4345.0,108.9,112.0,11.0,0.15928,110.45,0.9763540311399637,ITM
2023-06-30,2023-07-07,CALL,7.0,4450.23,4350.0,104.1,107.2,102.0,0.15559,105.65,0.9774775685751075,ITM
2023-06-30,2023-07-07,CALL,7.0,4450.23,4355.0,98.3,102.4,20.0,0.14814,100.35,0.9786011060102513,ITM
2023-06-30,2023-07-07,CALL,7.0,4450.23,4360.0,93.6,97.6,42.0,0.14411,95.6,0.979724643445395,ITM
2023-06-30,2023-07-07,CALL,7.0,4450.23,4365.0,88.8,92.8,128.0,0.14078,90.8,0.9808481808805388,ITM
2023-06-30,2023-07-07,CALL,7.0,4450.23,4370.0,84.1,88.0,95.0,0.13622,86.05,0.9819717183156826,ITM
2023-06-30,2023-07-07,CALL,7.0,4450.23,4375.0,79.4,83.3,116.0,0.13286,81.35,0.9830952557508265,ITM
2023-06-30,2023-07-07,CALL,7.0,4450.23,4380.0,74.8,78.7,44.0,0.12988,76.75,0.9842187931859703,ITM
2023-06-30,2023-07-07,CALL,7.0,4450.23,4385.0,70.7,73.8,40.0,0.12616,72.25,0.9853423306211141,ITM
2023-06-30,2023-07-07,CALL,7.0,4450.23,4390.0,65.8,69.6,672.0,0.12251,67.69999999999999,0.9864658680562579,ITM
2023-06-30,2023-07-07,CALL,7.0,4450.23,4395.0,61.8,64.9,34.0,0.11976,63.35,0.9875894054914016,ITM
2023-06-30,2023-07-07,CALL,7.0,4450.23,4400.0,58.4,59.5,471.0,0.11735,58.95,0.9887129429265454,ITM
2023-06-30,2023-07-07,CALL,7.0,4450.23,4405.0,52.9,56.2,118.0,0.1136,54.55,0.9898364803616893,ITM
2023-06-30,2023-07-07,CALL,7.0,4450.23,4410.0,48.8,52.0,231.0,0.11053,50.4,0.9909600177968331,ATM
2023-06-30,2023-07-07,CALL,7.0,4450.23,4415.0,44.9,48.2,647.0,0.10891,46.55,0.9920835552319769,ATM
2023-06-30,2023-07-07,CALL,7.0,4450.23,4420.0,41.1,44.3,155.0,0.10629,42.7,0.9932070926671207,ATM
2023-06-30,2023-07-07,CALL,7.0,4450.23,4425.0,38.2,39.5,561.0,0.1043,38.85,0.9943306301022645,ATM
2023-06-30,2023-07-07,CALL,7.0,4450.23,4430.0,33.9,36.9,197.0,0.10232,35.4,0.9954541675374082,ATM
2023-06-30,2023-07-07,CALL,7.0,4450.23,4435.0,31.3,32.4,260.0,0.09958,31.85,0.996577704972552,ATM
2023-06-30,2023-07-07,CALL,7.0,4450.23,4440.0,28.2,29.1,508.0,0.09812,28.65,0.9977012424076959,ATM
2023-06-30,2023-07-07,CALL,7.0,4450.23,4445.0,24.6,26.0,304.0,0.0957,25.3,0.9988247798428397,ATM
2023-06-30,2023-07-07,CALL,7.0,4450.23,4450.0,22.6,23.1,3253.0,0.09571,22.85,0.9999483172779835,ATM
2023-06-30,2023-07-07,CALL,7.0,4450.23,4455.0,20.1,20.5,750.0,0.09495,20.3,1.0010718547131272,ATM
2023-06-30,2023-07-07,CALL,7.0,4450.23,4460.0,17.0,18.1,1022.0,0.092,17.55,1.0021953921482711,ATM
2023-06-30,2023-07-07,CALL,7.0,4450.23,4465.0,15.3,15.8,608.0,0.0923,15.55,1.0033189295834148,ATM
2023-06-30,2023-07-07,CALL,7.0,4450.23,4470.0,12.9,13.9,1224.0,0.09045,13.4,1.0044424670185588,ATM
2023-06-30,2023-07-07,CALL,7.0,4450.23,4475.0,11.7,11.9,2065.0,0.09047,11.8,1.0055660044537025,ATM
2023-06-30,2023-07-07,CALL,7.0,4450.23,4480.0,10.0,10.3,957.0,0.09001,10.15,1.0066895418888462,ATM
2023-06-30,2023-07-07,CALL,7.0,4450.23,4485.0,8.2,8.9,324.0,0.08833,8.55,1.0078130793239901,ATM
2023-06-30,2023-07-07,CALL,7.0,4450.23,4490.0,7.4,7.6,1529.0,0.08913,7.5,1.0089366167591338,ATM
2023-06-30,2023-07-07,CALL,7.0,4450.23,4495.0,6.2,6.4,742.0,0.08798,6.300000000000001,1.0100601541942777,OTM
2023-06-30,2023-07-07,CALL,7.0,4450.23,4500.0,5.2,5.5,2429.0,0.08839,5.35,1.0111836916294215,OTM
2023-06-30,2023-07-07,CALL,7.0,4450.23,4505.0,4.1,4.7,475.0,0.08718,4.4,1.0123072290645654,OTM
2023-06-30,2023-07-07,CALL,7.0,4450.23,4510.0,3.6,3.8,305.0,0.08745,3.7,1.013430766499709,OTM
2023-06-30,2023-07-07,CALL,7.0,4450.23,4515.0,3.0,3.2,119.0,0.08728,3.1,1.0145543039348528,OTM
2023-06-30,2023-07-07,CALL,7.0,4450.23,4520.0,2.55,2.65,540.0,0.0868,2.5999999999999996,1.0156778413699967,OTM
2023-06-30,2023-07-07,CALL,7.0,4450.23,4525.0,2.1,2.25,499.0,0.08735,2.175,1.0168013788051404,OTM
2023-06-30,2023-07-07,CALL,7.0,4450.23,4530.0,1.7,1.85,251.0,0.0876,1.775,1.0179249162402844,OTM
2023-06-30,2023-07-07,CALL,7.0,4450.23,4535.0,1.4,1.55,215.0,0.08755,1.475,1.019048453675428,OTM
2023-06-30,2023-07-07,CALL,7.0,4450.23,4540.0,1.15,1.25,372.0,0.08749,1.2,1.020171991110572,OTM
2023-06-30,2023-07-07,CALL,7.0,4450.23,4545.0,0.95,1.1,231.0,0.08834,1.025,1.0212955285457157,OTM
2023-06-30,2023-07-07,CALL,7.0,4450.23,4550.0,0.8,0.9,1134.0,0.08875,0.8500000000000001,1.0224190659808594,OTM
2023-06-30,2023-07-07,CALL,7.0,4450.23,4560.0,0.55,0.65,332.0,0.08984,0.6000000000000001,1.024666140851147,OTM
2023-06-30,2023-07-07,CALL,7.0,4450.23,4570.0,0.4,0.5,135.0,0.0923,0.45,1.0269132157214347,OTM
2023-06-30,2023-07-07,CALL,7.0,4450.23,4575.0,0.35,0.45,122.0,0.09404,0.4,1.0280367531565786,OTM
2023-06-30,2023-07-07,CALL,7.0,4450.23,4580.0,0.3,0.4,313.0,0.09518,0.35,1.0291602905917223,OTM
2023-06-30,2023-07-07,CALL,7.0,4450.23,4590.0,0.25,0.3,918.0,0.0979,0.275,1.03140736546201,OTM
2023-06-30,2023-07-07,CALL,7.0,4450.23,4600.0,0.2,0.25,668.0,0.10045,0.225,1.0336544403322976,OTM
2023-06-30,2023-07-07,CALL,7.0,4450.23,4610.0,0.15,0.25,24.0,0.10514,0.2,1.0359015152025852,OTM
2023-06-30,2023-07-07,CALL,7.0,4450.23,4620.0,0.1,0.2,62.0,0.10671,0.15000000000000002,1.0381485900728726,OTM
2023-06-30,2023-07-07,CALL,7.0,4450.23,4625.0,0.1,0.15,218.0,0.10691,0.125,1.0392721275080166,OTM
2023-06-30,2023-07-07,CALL,7.0,4450.23,4630.0,0.1,0.2,1.0,0.11158,0.15000000000000002,1.0403956649431603,OTM
2023-06-30,2023-07-07,CALL,7.0,4450.23,4640.0,0.1,0.2,11.0,0.11707,0.15000000000000002,1.042642739813448,OTM
2023-06-30,2023-07-07,CALL,7.0,4450.23,4650.0,0.05,0.15,398.0,0.11659,0.1,1.0448898146837355,OTM
2023-06-30,2023-07-07,CALL,7.0,4450.23,4660.0,0.05,0.15,1.0,0.12136,0.1,1.0471368895540232,OTM
2023-06-30,2023-07-07,CALL,7.0,4450.23,4670.0,0.05,0.15,180.0,0.12723,0.1,1.0493839644243108,OTM
2023-06-30,2023-07-07,CALL,7.0,4450.23,4675.0,0.05,0.15,14.0,0.12941,0.1,1.0505075018594545,OTM
2023-06-30,2023-07-07,CALL,7.0,4450.23,4680.0,0.05,0.15,754.0,0.1319,0.1,1.0516310392945984,OTM
2023-06-30,2023-07-07,CALL,7.0,4450.23,4700.0,0.05,0.1,603.0,0.13782,0.07500000000000001,1.0561251890351735,OTM
2023-06-30,2023-07-07,CALL,7.0,4450.23,4725.0,0.05,0.1,22.0,0.1496,0.07500000000000001,1.0617428762108925,OTM
2023-06-30,2023-07-07,CALL,7.0,4450.23,4750.0,0.05,0.1,45.0,0.16115,0.07500000000000001,1.0673605633866117,OTM
2023-06-30,2023-07-07,CALL,7.0,4450.23,4850.0,0.05,0.1,5.0,0.20639,0.07500000000000001,1.0898313120894876,OTM
2023-06-30,2023-07-10,CALL,10.0,4450.23,3950.0,500.9,508.5,5.0,0.44549,504.7,0.8875945737636033,ITM
2023-06-30,2023-07-10,CALL,10.0,4450.23,4000.0,451.0,458.6,1.0,0.40535,454.8,0.8988299481150414,ITM
2023-06-30,2023-07-10,CALL,10.0,4450.23,4025.0,426.2,432.9,1.0,0.38155,429.54999999999995,0.9044476352907603,ITM
2023-06-30,2023-07-10,CALL,10.0,4450.23,4050.0,401.2,408.7,1.0,0.3662,404.95,0.9100653224664793,ITM
2023-06-30,2023-07-10,CALL,10.0,4450.23,4070.0,381.2,388.7,1.0,0.3499,384.95,0.9145594722070546,ITM
2023-06-30,2023-07-10,CALL,10.0,4450.23,4075.0,376.2,383.0,2.0,0.34194,379.6,0.9156830096421984,ITM
2023-06-30,2023-07-10,CALL,10.0,4450.23,4100.0,351.3,358.8,2.0,0.32665,355.05,0.9213006968179174,ITM
2023-06-30,2023-07-10,CALL,10.0,4450.23,4115.0,336.3,343.9,1.0,0.3149,340.1,0.9246713091233487,ITM
2023-06-30,2023-07-10,CALL,10.0,4450.23,4120.0,331.4,337.9,1.0,0.30652,334.65,0.9257948465584925,ITM
2023-06-30,2023-07-10,CALL,10.0,4450.23,4125.0,326.4,335.2,14.0,0.31347,330.79999999999995,0.9269183839936364,ITM
2023-06-30,2023-07-10,CALL,10.0,4450.23,4130.0,321.5,327.9,1.0,0.29931,324.7,0.9280419214287802,ITM
2023-06-30,2023-07-10,CALL,10.0,4450.23,4135.0,316.4,325.2,1.0,0.30608,320.79999999999995,0.929165458863924,ITM
2023-06-30,2023-07-10,CALL,10.0,4450.23,4140.0,311.4,319.0,1.0,0.29604,315.2,0.9302889962990678,ITM
2023-06-30,2023-07-10,CALL,10.0,4450.23,4150.0,301.4,309.0,1.0,0.28811,305.2,0.9325360711693553,ITM
2023-06-30,2023-07-10,CALL,10.0,4450.23,4160.0,291.6,298.9,82.0,0.28098,295.25,0.934783146039643,ITM
2023-06-30,2023-07-10,CALL,10.0,4450.23,4170.0,281.6,288.0,1.0,0.2682,284.8,0.9370302209099306,ITM
2023-06-30,2023-07-10,CALL,10.0,4450.23,4175.0,276.5,285.4,1.0,0.27527,280.95,0.9381537583450744,ITM
2023-06-30,2023-07-10,CALL,10.0,4450.23,4180.0,271.5,279.1,82.0,0.26546,275.3,0.9392772957802182,ITM
2023-06-30,2023-07-10,CALL,10.0,4450.23,4190.0,261.6,270.4,5.0,0.26282,266.0,0.9415243706505058,ITM
2023-06-30,2023-07-10,CALL,10.0,4450.23,4195.0,256.6,263.3,2.0,0.2503,259.95000000000005,0.9426479080856496,ITM
2023-06-30,2023-07-10,CALL,10.0,4450.23,4200.0,251.6,260.5,2.0,0.25556,256.05,0.9437714455207934,ITM
2023-06-30,2023-07-10,CALL,10.0,4450.23,4205.0,246.6,255.5,10.0,0.25142,251.05,0.9448949829559372,ITM
2023-06-30,2023-07-10,CALL,10.0,4450.23,4210.0,241.7,248.3,2.0,0.23806,245.0,0.946018520391081,ITM
2023-06-30,2023-07-10,CALL,10.0,4450.23,4215.0,236.7,244.2,1.0,0.23815,240.45,0.9471420578262248,ITM
2023-06-30,2023-07-10,CALL,10.0,4450.23,4220.0,231.7,240.5,7.0,0.23964,236.1,0.9482655952613686,ITM
2023-06-30,2023-07-10,CALL,10.0,4450.23,4225.0,226.7,235.6,1.0,0.23629,231.14999999999998,0.9493891326965124,ITM
2023-06-30,2023-07-10,CALL,10.0,4450.23,4230.0,221.7,230.6,1.0,0.23165,226.14999999999998,0.9505126701316562,ITM
2023-06-30,2023-07-10,CALL,10.0,4450.23,4235.0,216.8,223.4,1.0,0.21917,220.10000000000002,0.9516362075668,ITM
2023-06-30,2023-07-10,CALL,10.0,4450.23,4240.0,211.8,219.3,1.0,0.21899,215.55,0.9527597450019438,ITM
2023-06-30,2023-07-10,CALL,10.0,4450.23,4245.0,206.9,213.2,1.0,0.21095,210.05,0.9538832824370876,ITM
2023-06-30,2023-07-10,CALL,10.0,4450.23,4250.0,201.9,210.7,1.0,0.21736,206.3,0.9550068198722315,ITM
2023-06-30,2023-07-10,CALL,10.0,4450.23,4255.0,197.4,205.7,1.0,0.21425,201.55,0.9561303573073752,ITM
2023-06-30,2023-07-10,CALL,10.0,4450.23,4260.0,192.4,200.8,7.0,0.21041,196.60000000000002,0.957253894742519,ITM
2023-06-30,2023-07-10,CALL,10.0,4450.23,4265.0,187.4,195.8,4.0,0.20641,191.60000000000002,0.9583774321776628,ITM
2023-06-30,2023-07-10,CALL,10.0,4450.23,4270.0,182.1,188.0,2.0,0.19129,185.05,0.9595009696128066,ITM
2023-06-30,2023-07-10,CALL,10.0,4450.23,4275.0,177.0,185.4,2.0,0.19531,181.2,0.9606245070479504,ITM
2023-06-30,2023-07-10,CALL,10.0,4450.23,4280.0,172.5,180.9,53.0,0.19472,176.7,0.9617480444830943,ITM
2023-06-30,2023-07-10,CALL,10.0,4450.23,4285.0,169.4,174.5,1.0,0.19287,171.95,0.9628715819182381,ITM
2023-06-30,2023-07-10,CALL,10.0,4450.23,4290.0,163.8,168.5,13.0,0.18316,166.15,0.9639951193533818,ITM
2023-06-30,2023-07-10,CALL,10.0,4450.23,4295.0,157.7,166.1,1.0,0.18388,161.89999999999998,0.9651186567885256,ITM
2023-06-30,2023-07-10,CALL,10.0,4450.23,4300.0,152.8,158.9,32.0,0.17209,155.85000000000002,0.9662421942236694,ITM
2023-06-30,2023-07-10,CALL,10.0,4450.23,4305.0,149.0,153.9,1.0,0.17177,151.45,0.9673657316588132,ITM
2023-06-30,2023-07-10,CALL,10.0,4450.23,4310.0,142.9,148.9,1.0,0.16413,145.9,0.968489269093957,ITM
2023-06-30,2023-07-10,CALL,10.0,4450.23,4315.0,138.0,146.4,1.0,0.16878,142.2,0.9696128065291009,ITM
2023-06-30,2023-07-10,CALL,10.0,4450.23,4320.0,133.1,138.6,7.0,0.15529,135.85,0.9707363439642447,ITM
2023-06-30,2023-07-10,CALL,10.0,4450.23,4325.0,127.9,133.7,28.0,0.15051,130.8,0.9718598813993884,ITM
2023-06-30,2023-07-10,CALL,10.0,4450.23,4330.0,123.0,131.8,7.0,0.1558,127.4,0.9729834188345322,ITM
2023-06-30,2023-07-10,CALL,10.0,4450.23,4335.0,120.0,126.9,1.0,0.15795,123.45,0.974106956269676,ITM
2023-06-30,2023-07-10,CALL,10.0,4450.23,4340.0,115.1,122.1,3.0,0.154,118.6,0.9752304937048198,ITM
2023-06-30,2023-07-10,CALL,10.0,4450.23,4345.0,108.6,117.2,9.0,0.14532,112.9,0.9763540311399637,ITM
2023-06-30,2023-07-10,CALL,10.0,4450.23,4350.0,105.7,112.4,28.0,0.147,109.05000000000001,0.9774775685751075,ITM
2023-06-30,2023-07-10,CALL,10.0,4450.23,4355.0,99.2,106.7,1.0,0.13698,102.95,0.9786011060102513,ITM
2023-06-30,2023-07-10,CALL,10.0,4450.23,4360.0,94.5,102.2,7.0,0.13378,98.35,0.979724643445395,ITM
2023-06-30,2023-07-10,CALL,10.0,4450.23,4365.0,89.8,97.7,20.0,0.13159,93.75,0.9808481808805388,ITM
2023-06-30,2023-07-10,CALL,10.0,4450.23,4370.0,85.2,91.3,17.0,0.12375,88.25,0.9819717183156826,ITM
2023-06-30,2023-07-10,CALL,10.0,4450.23,4375.0,81.4,86.7,49.0,0.1226,84.05000000000001,0.9830952557508265,ITM
2023-06-30,2023-07-10,CALL,10.0,4450.23,4380.0,76.9,82.1,7.0,0.11987,79.5,0.9842187931859703,ITM
2023-06-30,2023-07-10,CALL,10.0,4450.23,4385.0,71.8,77.6,30.0,0.11545,74.69999999999999,0.9853423306211141,ITM
2023-06-30,2023-07-10,CALL,10.0,4450.23,4390.0,67.5,75.2,35.0,0.11781,71.35,0.9864658680562579,ITM
2023-06-30,2023-07-10,CALL,10.0,4450.23,4395.0,63.9,68.8,8.0,0.11213,66.35,0.9875894054914016,ITM
2023-06-30,2023-07-10,CALL,10.0,4450.23,4400.0,59.1,66.5,127.0,0.11217,62.8,0.9887129429265454,ITM
2023-06-30,2023-07-10,CALL,10.0,4450.23,4405.0,55.0,62.4,20.0,0.10986,58.7,0.9898364803616893,ITM
2023-06-30,2023-07-10,CALL,10.0,4450.23,4410.0,51.0,56.2,50.0,0.10434,53.6,0.9909600177968331,ATM
2023-06-30,2023-07-10,CALL,10.0,4450.23,4415.0,47.2,54.3,15.0,0.10605,50.75,0.9920835552319769,ATM
2023-06-30,2023-07-10,CALL,10.0,4450.23,4420.0,43.5,50.3,64.0,0.10378,46.9,0.9932070926671207,ATM
2023-06-30,2023-07-10,CALL,10.0,4450.23,4425.0,40.0,44.6,34.0,0.09868,42.3,0.9943306301022645,ATM
2023-06-30,2023-07-10,CALL,10.0,4450.23,4430.0,38.2,38.7,68.0,0.09548,38.45,0.9954541675374082,ATM
2023-06-30,2023-07-10,CALL,10.0,4450.23,4435.0,33.4,39.4,40.0,0.09849,36.4,0.996577704972552,ATM
2023-06-30,2023-07-10,CALL,10.0,4450.23,4440.0,31.7,32.2,202.0,0.09277,31.950000000000003,0.9977012424076959,ATM
2023-06-30,2023-07-10,CALL,10.0,4450.23,4445.0,27.5,30.8,19.0,0.09196,29.15,0.9988247798428397,ATM
2023-06-30,2023-07-10,CALL,10.0,4450.23,4450.0,25.7,26.3,171.0,0.09002,26.0,0.9999483172779835,ATM
2023-06-30,2023-07-10,CALL,10.0,4450.23,4455.0,23.4,23.7,109.0,0.08981,23.549999999999997,1.0010718547131272,ATM
2023-06-30,2023-07-10,CALL,10.0,4450.23,4460.0,19.8,24.1,33.0,0.09137,21.950000000000003,1.0021953921482711,ATM
2023-06-30,2023-07-10,CALL,10.0,4450.23,4465.0,17.6,21.6,237.0,0.09092,19.6,1.0033189295834148,ATM
2023-06-30,2023-07-10,CALL,10.0,4450.23,4470.0,16.3,16.9,149.0,0.08675,16.6,1.0044424670185588,ATM
2023-06-30,2023-07-10,CALL,10.0,4450.23,4475.0,14.4,14.8,128.0,0.08583,14.600000000000001,1.0055660044537025,ATM
2023-06-30,2023-07-10,CALL,10.0,4450.23,4480.0,12.7,13.1,104.0,0.08542,12.899999999999999,1.0066895418888462,ATM
2023-06-30,2023-07-10,CALL,10.0,4450.23,4485.0,11.2,11.6,64.0,0.08599,11.399999999999999,1.0078130793239901,ATM
2023-06-30,2023-07-10,CALL,10.0,4450.23,4490.0,9.7,10.2,176.0,0.08493,9.95,1.0089366167591338,ATM
2023-06-30,2023-07-10,CALL,10.0,4450.23,4495.0,8.4,8.9,68.0,0.0848,8.65,1.0100601541942777,OTM
2023-06-30,2023-07-10,CALL,10.0,4450.23,4500.0,7.2,7.7,182.0,0.08401,7.45,1.0111836916294215,OTM
2023-06-30,2023-07-10,CALL,10.0,4450.23,4505.0,6.2,6.7,6.0,0.08417,6.45,1.0123072290645654,OTM
2023-06-30,2023-07-10,CALL,10.0,4450.23,4510.0,5.5,6.8,19.0,0.08717,6.15,1.013430766499709,OTM
2023-06-30,2023-07-10,CALL,10.0,4450.23,4520.0,3.8,4.2,10.0,0.08333,4.0,1.0156778413699967,OTM
2023-06-30,2023-07-10,CALL,10.0,4450.23,4525.0,3.0,3.7,59.0,0.08299,3.35,1.0168013788051404,OTM
2023-06-30,2023-07-10,CALL,10.0,4450.23,4530.0,2.85,3.2,120.0,0.08364,3.0250000000000004,1.0179249162402844,OTM
2023-06-30,2023-07-10,CALL,10.0,4450.23,4540.0,2.05,2.25,78.0,0.08339,2.15,1.020171991110572,OTM
2023-06-30,2023-07-10,CALL,10.0,4450.23,4550.0,1.45,1.65,116.0,0.0838,1.5499999999999998,1.0224190659808594,OTM
2023-06-30,2023-07-10,CALL,10.0,4450.23,4575.0,0.65,0.8,107.0,0.08624,0.7250000000000001,1.0280367531565786,OTM
2023-06-30,2023-07-10,CALL,10.0,4450.23,4600.0,0.35,0.45,38.0,0.09187,0.4,1.0336544403322976,OTM
2023-06-30,2023-07-10,CALL,10.0,4450.23,4650.0,0.15,0.25,22.0,0.10654,0.2,1.0448898146837355,OTM
2023-06-30,2023-07-10,CALL,10.0,4450.23,4700.0,0.05,0.15,44.0,0.11999,0.1,1.0561251890351735,OTM
2023-06-30,2023-07-11,CALL,11.0,4450.23,4100.0,352.1,358.7,2.0,0.31309,355.4,0.9213006968179174,ITM
2023-06-30,2023-07-11,CALL,11.0,4450.23,4120.0,332.1,340.9,1.0,0.30759,336.5,0.9257948465584925,ITM
2023-06-30,2023-07-11,CALL,11.0,4450.23,4125.0,327.1,336.0,1.0,0.30351,331.55,0.9269183839936364,ITM
2023-06-30,2023-07-11,CALL,11.0,4450.23,4130.0,322.1,331.0,1.0,0.30002,326.55,0.9280419214287802,ITM
2023-06-30,2023-07-11,CALL,11.0,4450.23,4160.0,292.2,301.1,1.0,0.27806,296.65,0.934783146039643,ITM
2023-06-30,2023-07-11,CALL,11.0,4450.23,4200.0,252.4,261.3,4.0,0.24832,256.85,0.9437714455207934,ITM
2023-06-30,2023-07-11,CALL,11.0,4450.23,4220.0,232.5,239.3,112.0,0.2247,235.9,0.9482655952613686,ITM
2023-06-30,2023-07-11,CALL,11.0,4450.23,4240.0,212.7,219.4,1.0,0.21053,216.05,0.9527597450019438,ITM
2023-06-30,2023-07-11,CALL,11.0,4450.23,4250.0,202.7,211.6,2.0,0.21104,207.14999999999998,0.9550068198722315,ITM
2023-06-30,2023-07-11,CALL,11.0,4450.23,4260.0,192.9,199.4,2.0,0.1956,196.15,0.957253894742519,ITM
2023-06-30,2023-07-11,CALL,11.0,4450.23,4265.0,188.4,196.7,6.0,0.20197,192.55,0.9583774321776628,ITM
2023-06-30,2023-07-11,CALL,11.0,4450.23,4270.0,183.0,189.5,1.0,0.18889,186.25,0.9595009696128066,ITM
2023-06-30,2023-07-11,CALL,11.0,4450.23,4275.0,178.5,186.8,2.0,0.19441,182.65,0.9606245070479504,ITM
2023-06-30,2023-07-11,CALL,11.0,4450.23,4280.0,175.3,181.9,1.0,0.19572,178.60000000000002,0.9617480444830943,ITM
2023-06-30,2023-07-11,CALL,11.0,4450.23,4285.0,170.4,175.8,1.0,0.18908,173.10000000000002,0.9628715819182381,ITM
2023-06-30,2023-07-11,CALL,11.0,4450.23,4290.0,163.7,172.1,3.0,0.18319,167.89999999999998,0.9639951193533818,ITM
2023-06-30,2023-07-11,CALL,11.0,4450.23,4295.0,156.5,167.1,1.0,0.17264,161.8,0.9651186567885256,ITM
2023-06-30,2023-07-11,CALL,11.0,4450.23,4300.0,151.6,162.2,4.0,0.16948,156.89999999999998,0.9662421942236694,ITM
2023-06-30,2023-07-11,CALL,11.0,4450.23,4305.0,149.0,154.5,1.0,0.16386,151.75,0.9673657316588132,ITM
2023-06-30,2023-07-11,CALL,11.0,4450.23,4310.0,144.1,149.7,1.0,0.16114,146.89999999999998,0.968489269093957,ITM
2023-06-30,2023-07-11,CALL,11.0,4450.23,4315.0,137.0,147.6,3.0,0.1592,142.3,0.9696128065291009,ITM
2023-06-30,2023-07-11,CALL,11.0,4450.23,4320.0,134.4,142.7,15.0,0.16222,138.55,0.9707363439642447,ITM
2023-06-30,2023-07-11,CALL,11.0,4450.23,4325.0,129.5,137.9,1.0,0.1583,133.7,0.9718598813993884,ITM
2023-06-30,2023-07-11,CALL,11.0,4450.23,4330.0,124.7,130.3,2.0,0.14735,127.5,0.9729834188345322,ITM
2023-06-30,2023-07-11,CALL,11.0,4450.23,4335.0,119.9,128.2,2.0,0.15121,124.05,0.974106956269676,ITM
2023-06-30,2023-07-11,CALL,11.0,4450.23,4340.0,116.7,121.9,14.0,0.14866,119.30000000000001,0.9752304937048198,ITM
2023-06-30,2023-07-11,CALL,11.0,4450.23,4345.0,110.3,118.0,2.0,0.14294,114.15,0.9763540311399637,ITM
2023-06-30,2023-07-11,CALL,11.0,4450.23,4350.0,105.5,113.9,3.0,0.14174,109.7,0.9774775685751075,ITM
2023-06-30,2023-07-11,CALL,11.0,4450.23,4355.0,100.8,107.1,2.0,0.13359,103.94999999999999,0.9786011060102513,ITM
2023-06-30,2023-07-11,CALL,11.0,4450.23,4360.0,96.2,103.9,5.0,0.1344,100.05000000000001,0.979724643445395,ITM
2023-06-30,2023-07-11,CALL,11.0,4450.23,4365.0,91.6,99.3,2.0,0.13155,95.44999999999999,0.9808481808805388,ITM
2023-06-30,2023-07-11,CALL,11.0,4450.23,4370.0,87.8,93.1,6.0,0.12687,90.44999999999999,0.9819717183156826,ITM
2023-06-30,2023-07-11,CALL,11.0,4450.23,4375.0,82.7,88.3,25.0,0.12221,85.5,0.9830952557508265,ITM
2023-06-30,2023-07-11,CALL,11.0,4450.23,4380.0,78.2,84.1,1.0,0.11998,81.15,0.9842187931859703,ITM
2023-06-30,2023-07-11,CALL,11.0,4450.23,4385.0,73.9,79.6,1.0,0.11716,76.75,0.9853423306211141,ITM
2023-06-30,2023-07-11,CALL,11.0,4450.23,4390.0,69.5,77.0,4.0,0.11784,73.25,0.9864658680562579,ITM
2023-06-30,2023-07-11,CALL,11.0,4450.23,4395.0,65.3,72.7,8.0,0.11536,69.0,0.9875894054914016,ITM
2023-06-30,2023-07-11,CALL,11.0,4450.23,4400.0,61.2,68.6,116.0,0.11405,64.9,0.9887129429265454,ITM
2023-06-30,2023-07-11,CALL,11.0,4450.23,4405.0,57.9,62.6,47.0,0.1092,60.25,0.9898364803616893,ITM
2023-06-30,2023-07-11,CALL,11.0,4450.23,4410.0,53.6,58.5,8.0,0.10682,56.05,0.9909600177968331,ATM
2023-06-30,2023-07-11,CALL,11.0,4450.23,4415.0,50.1,54.6,1.0,0.10556,52.35,0.9920835552319769,ATM
2023-06-30,2023-07-11,CALL,11.0,4450.23,4420.0,46.0,50.5,53.0,0.10212,48.25,0.9932070926671207,ATM
2023-06-30,2023-07-11,CALL,11.0,4450.23,4425.0,42.5,46.5,2.0,0.09999,44.5,0.9943306301022645,ATM
2023-06-30,2023-07-11,CALL,11.0,4450.23,4430.0,39.0,45.3,47.0,0.10225,42.15,0.9954541675374082,ATM
2023-06-30,2023-07-11,CALL,11.0,4450.23,4435.0,37.3,37.9,13.0,0.09698,37.599999999999994,0.996577704972552,ATM
2023-06-30,2023-07-11,CALL,11.0,4450.23,4440.0,34.2,34.7,31.0,0.09558,34.45,0.9977012424076959,ATM
2023-06-30,2023-07-11,CALL,11.0,4450.23,4445.0,31.2,31.7,11.0,0.09402,31.45,0.9988247798428397,ATM
2023-06-30,2023-07-11,CALL,11.0,4450.23,4450.0,28.3,28.9,149.0,0.093,28.6,0.9999483172779835,ATM
2023-06-30,2023-07-11,CALL,11.0,4450.23,4455.0,25.6,26.1,37.0,0.09225,25.85,1.0010718547131272,ATM
2023-06-30,2023-07-11,CALL,11.0,4450.23,4460.0,23.1,23.6,78.0,0.09168,23.35,1.0021953921482711,ATM
2023-06-30,2023-07-11,CALL,11.0,4450.23,4465.0,20.7,21.2,31.0,0.09038,20.95,1.0033189295834148,ATM
2023-06-30,2023-07-11,CALL,11.0,4450.23,4470.0,18.6,19.2,25.0,0.08946,18.9,1.0044424670185588,ATM
2023-06-30,2023-07-11,CALL,11.0,4450.23,4475.0,16.6,17.0,101.0,0.08878,16.8,1.0055660044537025,ATM
2023-06-30,2023-07-11,CALL,11.0,4450.23,4480.0,14.7,15.2,38.0,0.0886,14.95,1.0066895418888462,ATM
2023-06-30,2023-07-11,CALL,11.0,4450.23,4485.0,13.1,13.7,28.0,0.08807,13.399999999999999,1.0078130793239901,ATM
2023-06-30,2023-07-11,CALL,11.0,4450.23,4490.0,11.6,11.9,22.0,0.08796,11.75,1.0089366167591338,ATM
2023-06-30,2023-07-11,CALL,11.0,4450.23,4495.0,10.1,10.6,3.0,0.08727,10.35,1.0100601541942777,OTM
2023-06-30,2023-07-11,CALL,11.0,4450.23,4500.0,8.9,10.9,22.0,0.08996,9.9,1.0111836916294215,OTM
2023-06-30,2023-07-11,CALL,11.0,4450.23,4505.0,7.8,8.3,13.0,0.08662,8.05,1.0123072290645654,OTM
2023-06-30,2023-07-11,CALL,11.0,4450.23,4510.0,6.8,7.3,3.0,0.08695,7.05,1.013430766499709,OTM
2023-06-30,2023-07-11,CALL,11.0,4450.23,4515.0,6.0,6.3,93.0,0.08684,6.15,1.0145543039348528,OTM
2023-06-30,2023-07-11,CALL,11.0,4450.23,4520.0,4.8,6.5,6.0,0.08772,5.65,1.0156778413699967,OTM
2023-06-30,2023-07-11,CALL,11.0,4450.23,4525.0,4.5,4.8,14.0,0.08666,4.65,1.0168013788051404,OTM
2023-06-30,2023-07-11,CALL,11.0,4450.23,4530.0,3.6,5.0,17.0,0.08811,4.3,1.0179249162402844,OTM
2023-06-30,2023-07-11,CALL,11.0,4450.23,4540.0,2.95,3.2,10.0,0.08672,3.075,1.020171991110572,OTM
2023-06-30,2023-07-11,CALL,11.0,4450.23,4550.0,2.2,2.4,52.0,0.08697,2.3,1.0224190659808594,OTM
2023-06-30,2023-07-11,CALL,11.0,4450.23,4560.0,1.6,1.8,23.0,0.08819,1.7000000000000002,1.024666140851147,OTM
2023-06-30,2023-07-11,CALL,11.0,4450.23,4570.0,1.2,1.35,20.0,0.08895,1.275,1.0269132157214347,OTM
2023-06-30,2023-07-11,CALL,11.0,4450.23,4575.0,1.05,1.2,42.0,0.08947,1.125,1.0280367531565786,OTM
2023-06-30,2023-07-11,CALL,11.0,4450.23,4600.0,0.55,0.65,74.0,0.09298,0.6000000000000001,1.0336544403322976,OTM
2023-06-30,2023-07-11,CALL,11.0,4450.23,4625.0,0.3,0.4,12.0,0.09712,0.35,1.0392721275080166,OTM
2023-06-30,2023-07-11,CALL,11.0,4450.23,4650.0,0.2,0.3,1.0,0.10422,0.25,1.0448898146837355,OTM
2023-06-30,2023-07-11,CALL,11.0,4450.23,4675.0,0.1,0.25,30.0,0.11092,0.175,1.0505075018594545,OTM
2023-06-30,2023-07-11,CALL,11.0,4450.23,4700.0,0.1,0.2,30.0,0.11884,0.15000000000000002,1.0561251890351735,OTM
2023-06-30,2023-07-11,CALL,11.0,4450.23,4800.0,0.05,0.15,36.0,0.15217,0.1,1.0785959377380496,OTM
2023-06-30,2023-07-12,CALL,12.0,4450.23,4100.0,352.9,359.4,2.0,0.30532,356.15,0.9213006968179174,ITM
2023-06-30,2023-07-12,CALL,12.0,4450.23,4190.0,263.3,270.8,10.0,0.24478,267.05,0.9415243706505058,ITM
2023-06-30,2023-07-12,CALL,12.0,4450.23,4200.0,253.3,262.2,10.0,0.24299,257.75,0.9437714455207934,ITM
2023-06-30,2023-07-12,CALL,12.0,4450.23,4235.0,218.6,227.5,2.0,0.21737,223.05,0.9516362075668,ITM
2023-06-30,2023-07-12,CALL,12.0,4450.23,4240.0,213.6,222.5,3.0,0.21433,218.05,0.9527597450019438,ITM
2023-06-30,2023-07-12,CALL,12.0,4450.23,4250.0,203.8,211.3,1.0,0.20276,207.55,0.9550068198722315,ITM
2023-06-30,2023-07-12,CALL,12.0,4450.23,4260.0,194.4,200.0,1.0,0.19265,197.2,0.957253894742519,ITM
2023-06-30,2023-07-12,CALL,12.0,4450.23,4275.0,177.4,188.0,2.0,0.18449,182.7,0.9606245070479504,ITM
2023-06-30,2023-07-12,CALL,12.0,4450.23,4280.0,175.9,180.9,2.0,0.18463,178.4,0.9617480444830943,ITM
2023-06-30,2023-07-12,CALL,12.0,4450.23,4285.0,169.9,178.3,2.0,0.18461,174.10000000000002,0.9628715819182381,ITM
2023-06-30,2023-07-12,CALL,12.0,4450.23,4290.0,165.0,173.4,17.0,0.18145,169.2,0.9639951193533818,ITM
2023-06-30,2023-07-12,CALL,12.0,4450.23,4295.0,160.1,165.7,2.0,0.16979,162.89999999999998,0.9651186567885256,ITM
2023-06-30,2023-07-12,CALL,12.0,4450.23,4300.0,155.2,160.8,5.0,0.16667,158.0,0.9662421942236694,ITM
2023-06-30,2023-07-12,CALL,12.0,4450.23,4310.0,145.5,151.1,1.0,0.16023,148.3,0.968489269093957,ITM
2023-06-30,2023-07-12,CALL,12.0,4450.23,4315.0,140.7,146.3,3.0,0.15756,143.5,0.9696128065291009,ITM
2023-06-30,2023-07-12,CALL,12.0,4450.23,4320.0,135.9,141.5,1.0,0.15504,138.7,0.9707363439642447,ITM
2023-06-30,2023-07-12,CALL,12.0,4450.23,4325.0,131.1,136.8,2.0,0.15198,133.95,0.9718598813993884,ITM
2023-06-30,2023-07-12,CALL,12.0,4450.23,4330.0,126.3,134.8,6.0,0.15549,130.55,0.9729834188345322,ITM
2023-06-30,2023-07-12,CALL,12.0,4450.23,4335.0,123.2,127.9,7.0,0.15126,125.55000000000001,0.974106956269676,ITM
2023-06-30,2023-07-12,CALL,12.0,4450.23,4340.0,118.5,123.6,5.0,0.14878,121.05,0.9752304937048198,ITM
2023-06-30,2023-07-12,CALL,12.0,4450.23,4345.0,112.2,120.6,16.0,0.14627,116.4,0.9763540311399637,ITM
2023-06-30,2023-07-12,CALL,12.0,4450.23,4350.0,107.9,116.0,5.0,0.14408,111.95,0.9774775685751075,ITM
2023-06-30,2023-07-12,CALL,12.0,4450.23,4355.0,104.4,109.1,3.0,0.13931,106.75,0.9786011060102513,ITM
2023-06-30,2023-07-12,CALL,12.0,4450.23,4360.0,98.5,106.2,2.0,0.13721,102.35,0.979724643445395,ITM
2023-06-30,2023-07-12,CALL,12.0,4450.23,4365.0,94.0,101.5,4.0,0.13391,97.75,0.9808481808805388,ITM
2023-06-30,2023-07-12,CALL,12.0,4450.23,4370.0,90.3,95.5,1.0,0.12993,92.9,0.9819717183156826,ITM
2023-06-30,2023-07-12,CALL,12.0,4450.23,4375.0,85.3,91.0,2.0,0.12666,88.15,0.9830952557508265,ITM
2023-06-30,2023-07-12,CALL,12.0,4450.23,4380.0,81.5,86.7,4.0,0.1248,84.1,0.9842187931859703,ITM
2023-06-30,2023-07-12,CALL,12.0,4450.23,4385.0,76.6,84.0,2.0,0.12458,80.3,0.9853423306211141,ITM
2023-06-30,2023-07-12,CALL,12.0,4450.23,4390.0,72.4,80.0,6.0,0.12296,76.2,0.9864658680562579,ITM
2023-06-30,2023-07-12,CALL,12.0,4450.23,4395.0,68.3,75.7,14.0,0.1211,72.0,0.9875894054914016,ITM
2023-06-30,2023-07-12,CALL,12.0,4450.23,4400.0,64.3,71.6,14.0,0.11886,67.94999999999999,0.9887129429265454,ITM
2023-06-30,2023-07-12,CALL,12.0,4450.23,4405.0,60.7,65.6,7.0,0.11358,63.15,0.9898364803616893,ITM
2023-06-30,2023-07-12,CALL,12.0,4450.23,4410.0,56.6,61.6,8.0,0.11198,59.1,0.9909600177968331,ATM
2023-06-30,2023-07-12,CALL,12.0,4450.23,4415.0,53.0,57.7,2.0,0.1099,55.35,0.9920835552319769,ATM
2023-06-30,2023-07-12,CALL,12.0,4450.23,4420.0,49.3,55.9,5.0,0.11156,52.599999999999994,0.9932070926671207,ATM
2023-06-30,2023-07-12,CALL,12.0,4450.23,4425.0,47.5,48.1,3.0,0.10526,47.8,0.9943306301022645,ATM
2023-06-30,2023-07-12,CALL,12.0,4450.23,4430.0,42.5,46.4,14.0,0.10399,44.45,0.9954541675374082,ATM
2023-06-30,2023-07-12,CALL,12.0,4450.23,4435.0,39.3,43.3,5.0,0.10346,41.3,0.996577704972552,ATM
2023-06-30,2023-07-12,CALL,12.0,4450.23,4440.0,37.6,38.2,25.0,0.10189,37.900000000000006,0.9977012424076959,ATM
2023-06-30,2023-07-12,CALL,12.0,4450.23,4445.0,34.6,35.2,1.0,0.10045,34.900000000000006,0.9988247798428397,ATM
2023-06-30,2023-07-12,CALL,12.0,4450.23,4450.0,31.8,32.5,331.0,0.09904,32.15,0.9999483172779835,ATM
2023-06-30,2023-07-12,CALL,12.0,4450.23,4455.0,29.2,29.6,17.0,0.09835,29.4,1.0010718547131272,ATM
2023-06-30,2023-07-12,CALL,12.0,4450.23,4460.0,25.7,30.0,42.0,0.10058,27.85,1.0021953921482711,ATM
2023-06-30,2023-07-12,CALL,12.0,4450.23,4465.0,24.1,24.8,15.0,0.09689,24.450000000000003,1.0033189295834148,ATM
2023-06-30,2023-07-12,CALL,12.0,4450.23,4470.0,22.0,22.4,37.0,0.09614,22.2,1.0044424670185588,ATM
2023-06-30,2023-07-12,CALL,12.0,4450.23,4475.0,19.8,20.4,532.0,0.09505,20.1,1.0055660044537025,ATM
2023-06-30,2023-07-12,CALL,12.0,4450.23,4480.0,17.9,18.5,30.0,0.09501,18.2,1.0066895418888462,ATM
2023-06-30,2023-07-12,CALL,12.0,4450.23,4485.0,16.0,16.6,18.0,0.09379,16.3,1.0078130793239901,ATM
2023-06-30,2023-07-12,CALL,12.0,4450.23,4490.0,14.5,14.9,36.0,0.09333,14.7,1.0089366167591338,ATM
2023-06-30,2023-07-12,CALL,12.0,4450.23,4495.0,12.9,13.5,4.0,0.09354,13.2,1.0100601541942777,OTM
2023-06-30,2023-07-12,CALL,12.0,4450.23,4500.0,11.5,12.0,25.0,0.09334,11.75,1.0111836916294215,OTM
2023-06-30,2023-07-12,CALL,12.0,4450.23,4505.0,10.3,10.7,4.0,0.09268,10.5,1.0123072290645654,OTM
2023-06-30,2023-07-12,CALL,12.0,4450.23,4510.0,9.1,9.5,12.0,0.09283,9.3,1.013430766499709,OTM
2023-06-30,2023-07-12,CALL,12.0,4450.23,4520.0,7.1,7.6,5.0,0.09222,7.35,1.0156778413699967,OTM
2023-06-30,2023-07-12,CALL,12.0,4450.23,4525.0,6.4,6.7,41.0,0.09251,6.550000000000001,1.0168013788051404,OTM
2023-06-30,2023-07-12,CALL,12.0,4450.23,4530.0,5.5,5.9,18.0,0.09191,5.7,1.0179249162402844,OTM
2023-06-30,2023-07-12,CALL,12.0,4450.23,4540.0,4.3,4.6,5.0,0.09188,4.449999999999999,1.020171991110572,OTM
2023-06-30,2023-07-12,CALL,12.0,4450.23,4550.0,3.3,3.6,214.0,0.09198,3.45,1.0224190659808594,OTM
2023-06-30,2023-07-12,CALL,12.0,4450.23,4575.0,1.7,1.9,1010.0,0.09366,1.7999999999999998,1.0280367531565786,OTM
2023-06-30,2023-07-12,CALL,12.0,4450.23,4600.0,0.9,1.05,91.0,0.09638,0.9750000000000001,1.0336544403322976,OTM
2023-06-30,2023-07-12,CALL,12.0,4450.23,4650.0,0.3,0.4,2.0,0.10427,0.35,1.0448898146837355,OTM
2023-06-30,2023-07-12,CALL,12.0,4450.23,4700.0,0.15,0.25,78.0,0.11752,0.2,1.0561251890351735,OTM
2023-06-30,2023-07-12,CALL,12.0,4450.23,4800.0,0.05,0.15,87.0,0.14599,0.1,1.0785959377380496,OTM
2023-06-30,2023-07-13,CALL,13.0,4450.23,4150.0,304.9,311.5,3.0,0.26651,308.2,0.9325360711693553,ITM
2023-06-30,2023-07-13,CALL,13.0,4450.23,4160.0,294.9,301.6,3.0,0.26019,298.25,0.934783146039643,ITM
2023-06-30,2023-07-13,CALL,13.0,4450.23,4170.0,285.0,291.6,14.0,0.2528,288.3,0.9370302209099306,ITM
2023-06-30,2023-07-13,CALL,13.0,4450.23,4190.0,265.1,271.6,2.0,0.23867,268.35,0.9415243706505058,ITM
2023-06-30,2023-07-13,CALL,13.0,4450.23,4210.0,245.3,252.7,2.0,0.22835,249.0,0.946018520391081,ITM
2023-06-30,2023-07-13,CALL,13.0,4450.23,4225.0,230.4,239.3,3.0,0.22222,234.85000000000002,0.9493891326965124,ITM
2023-06-30,2023-07-13,CALL,13.0,4450.23,4230.0,225.4,234.3,24.0,0.21836,229.85000000000002,0.9505126701316562,ITM
2023-06-30,2023-07-13,CALL,13.0,4450.23,4240.0,215.7,222.3,3.0,0.20569,219.0,0.9527597450019438,ITM
2023-06-30,2023-07-13,CALL,13.0,4450.23,4250.0,205.7,214.6,2.0,0.20521,210.14999999999998,0.9550068198722315,ITM
2023-06-30,2023-07-13,CALL,13.0,4450.23,4270.0,184.4,195.0,20.0,0.18682,189.7,0.9595009696128066,ITM
2023-06-30,2023-07-13,CALL,13.0,4450.23,4275.0,179.5,190.1,20.0,0.1837,184.8,0.9606245070479504,ITM
2023-06-30,2023-07-13,CALL,13.0,4450.23,4280.0,176.5,182.9,3.0,0.17931,179.7,0.9617480444830943,ITM
2023-06-30,2023-07-13,CALL,13.0,4450.23,4300.0,157.2,163.0,1.0,0.16626,160.1,0.9662421942236694,ITM
2023-06-30,2023-07-13,CALL,13.0,4450.23,4310.0,149.4,156.2,20.0,0.17107,152.8,0.968489269093957,ITM
2023-06-30,2023-07-13,CALL,13.0,4450.23,4315.0,143.0,148.6,1.0,0.15811,145.8,0.9696128065291009,ITM
2023-06-30,2023-07-13,CALL,13.0,4450.23,4320.0,139.9,145.2,1.0,0.16156,142.55,0.9707363439642447,ITM
2023-06-30,2023-07-13,CALL,13.0,4450.23,4325.0,133.4,141.9,1.0,0.1586,137.65,0.9718598813993884,ITM
2023-06-30,2023-07-13,CALL,13.0,4450.23,4330.0,128.7,137.2,2.0,0.156,132.95,0.9729834188345322,ITM
2023-06-30,2023-07-13,CALL,13.0,4450.23,4335.0,124.0,132.5,7.0,0.15252,128.25,0.974106956269676,ITM
2023-06-30,2023-07-13,CALL,13.0,4450.23,4340.0,121.0,126.3,1.0,0.1502,123.65,0.9752304937048198,ITM
2023-06-30,2023-07-13,CALL,13.0,4450.23,4345.0,116.3,123.1,7.0,0.14964,119.69999999999999,0.9763540311399637,ITM
2023-06-30,2023-07-13,CALL,13.0,4450.23,4350.0,111.6,118.5,10.0,0.14725,115.05,0.9774775685751075,ITM
2023-06-30,2023-07-13,CALL,13.0,4450.23,4355.0,107.0,111.7,1.0,0.1401,109.35,0.9786011060102513,ITM
2023-06-30,2023-07-13,CALL,13.0,4450.23,4360.0,101.3,106.9,30.0,0.13451,104.1,0.979724643445395,ITM
2023-06-30,2023-07-13,CALL,13.0,4450.23,4365.0,96.7,102.6,30.0,0.13268,99.65,0.9808481808805388,ITM
2023-06-30,2023-07-13,CALL,13.0,4450.23,4370.0,92.3,100.0,32.0,0.13302,96.15,0.9819717183156826,ITM
2023-06-30,2023-07-13,CALL,13.0,4450.23,4375.0,88.1,93.8,3.0,0.12757,90.94999999999999,0.9830952557508265,ITM
2023-06-30,2023-07-13,CALL,13.0,4450.23,4380.0,83.7,91.3,3.0,0.12926,87.5,0.9842187931859703,ITM
2023-06-30,2023-07-13,CALL,13.0,4450.23,4385.0,79.5,87.0,1.0,0.12658,83.25,0.9853423306211141,ITM
2023-06-30,2023-07-13,CALL,13.0,4450.23,4390.0,75.3,82.7,488.0,0.1241,79.0,0.9864658680562579,ITM
2023-06-30,2023-07-13,CALL,13.0,4450.23,4395.0,71.2,78.6,4.0,0.12195,74.9,0.9875894054914016,ITM
2023-06-30,2023-07-13,CALL,13.0,4450.23,4400.0,67.3,74.6,50.0,0.12099,70.94999999999999,0.9887129429265454,ITM
2023-06-30,2023-07-13,CALL,13.0,4450.23,4405.0,63.5,68.0,1.0,0.11435,65.75,0.9898364803616893,ITM
2023-06-30,2023-07-13,CALL,13.0,4450.23,4410.0,59.7,64.6,3.0,0.11411,62.15,0.9909600177968331,ATM
2023-06-30,2023-07-13,CALL,13.0,4450.23,4415.0,56.0,60.8,488.0,0.1122,58.4,0.9920835552319769,ATM
2023-06-30,2023-07-13,CALL,13.0,4450.23,4420.0,52.4,56.5,6.0,0.10912,54.45,0.9932070926671207,ATM
2023-06-30,2023-07-13,CALL,13.0,4450.23,4425.0,50.5,51.0,34.0,0.10805,50.75,0.9943306301022645,ATM
2023-06-30,2023-07-13,CALL,13.0,4450.23,4430.0,47.2,51.6,1.0,0.11267,49.400000000000006,0.9954541675374082,ATM
2023-06-30,2023-07-13,CALL,13.0,4450.23,4435.0,42.4,46.0,4.0,0.10565,44.2,0.996577704972552,ATM
2023-06-30,2023-07-13,CALL,13.0,4450.23,4440.0,39.2,42.7,1.0,0.10446,40.95,0.9977012424076959,ATM
2023-06-30,2023-07-13,CALL,13.0,4450.23,4445.0,36.2,39.7,10.0,0.10299,37.95,0.9988247798428397,ATM
2023-06-30,2023-07-13,CALL,13.0,4450.23,4450.0,34.5,35.1,16.0,0.10095,34.8,0.9999483172779835,ATM
2023-06-30,2023-07-13,CALL,13.0,4450.23,4455.0,31.9,32.3,8.0,0.10001,32.099999999999994,1.0010718547131272,ATM
2023-06-30,2023-07-13,CALL,13.0,4450.23,4460.0,29.1,29.7,3.0,0.09896,29.4,1.0021953921482711,ATM
2023-06-30,2023-07-13,CALL,13.0,4450.23,4465.0,26.8,27.4,2.0,0.09927,27.1,1.0033189295834148,ATM
2023-06-30,2023-07-13,CALL,13.0,4450.23,4470.0,24.5,24.9,17.0,0.09831,24.7,1.0044424670185588,ATM
2023-06-30,2023-07-13,CALL,13.0,4450.23,4475.0,22.3,22.7,34.0,0.09746,22.5,1.0055660044537025,ATM
2023-06-30,2023-07-13,CALL,13.0,4450.23,4480.0,19.4,20.9,14.0,0.09599,20.15,1.0066895418888462,ATM
2023-06-30,2023-07-13,CALL,13.0,4450.23,4485.0,18.3,18.9,33.0,0.09653,18.6,1.0078130793239901,ATM
2023-06-30,2023-07-13,CALL,13.0,4450.23,4490.0,16.5,17.1,42.0,0.09545,16.8,1.0089366167591338,ATM
2023-06-30,2023-07-13,CALL,13.0,4450.23,4495.0,13.8,17.4,7.0,0.09656,15.6,1.0100601541942777,OTM
2023-06-30,2023-07-13,CALL,13.0,4450.23,4500.0,13.6,14.0,30.0,0.09479,13.8,1.0111836916294215,OTM
2023-06-30,2023-07-13,CALL,13.0,4450.23,4510.0,9.9,12.8,14.0,0.09549,11.350000000000001,1.013430766499709,OTM
2023-06-30,2023-07-13,CALL,13.0,4450.23,4520.0,8.7,9.0,24.0,0.09399,8.85,1.0156778413699967,OTM
2023-06-30,2023-07-13,CALL,13.0,4450.23,4525.0,7.7,8.2,6.0,0.09383,7.949999999999999,1.0168013788051404,OTM
2023-06-30,2023-07-13,CALL,13.0,4450.23,4530.0,6.9,7.3,6.0,0.09393,7.1,1.0179249162402844,OTM
2023-06-30,2023-07-13,CALL,13.0,4450.23,4540.0,5.4,5.7,1.0,0.09382,5.550000000000001,1.020171991110572,OTM
2023-06-30,2023-07-13,CALL,13.0,4450.23,4550.0,4.3,4.5,13.0,0.094,4.4,1.0224190659808594,OTM
2023-06-30,2023-07-13,CALL,13.0,4450.23,4575.0,2.35,2.55,7.0,0.09568,2.45,1.0280367531565786,OTM
2023-06-30,2023-07-13,CALL,13.0,4450.23,4600.0,1.25,1.4,5.0,0.09681,1.325,1.0336544403322976,OTM
2023-06-30,2023-07-13,CALL,13.0,4450.23,4625.0,0.7,0.85,6.0,0.09985,0.7749999999999999,1.0392721275080166,OTM
2023-06-30,2023-07-13,CALL,13.0,4450.23,4650.0,0.45,0.55,12.0,0.10486,0.5,1.0448898146837355,OTM
2023-06-30,2023-07-13,CALL,13.0,4450.23,4700.0,0.2,0.3,1.0,0.11567,0.25,1.0561251890351735,OTM
2023-06-30,2023-07-13,CALL,13.0,4450.23,4800.0,0.05,0.15,2.0,0.13992,0.1,1.0785959377380496,OTM
2023-06-30,2023-07-14,CALL,14.0,4450.23,3700.0,753.6,761.1,1.0,0.53643,757.35,0.8314177020064132,ITM
2023-06-30,2023-07-14,CALL,14.0,4450.23,3750.0,703.7,710.4,1.0,0.49946,707.05,0.8426530763578512,ITM
2023-06-30,2023-07-14,CALL,14.0,4450.23,3760.0,693.7,701.2,1.0,0.49763,697.45,0.8449001512281389,ITM
2023-06-30,2023-07-14,CALL,14.0,4450.23,3770.0,683.9,691.4,1.0,0.49382,687.65,0.8471472260984264,ITM
2023-06-30,2023-07-14,CALL,14.0,4450.23,3840.0,614.1,622.9,25.0,0.4574,618.5,0.8628767501904396,ITM
2023-06-30,2023-07-14,CALL,14.0,4450.23,3850.0,604.1,612.9,25.0,0.45094,608.5,0.8651238250607273,ITM
2023-06-30,2023-07-14,CALL,14.0,4450.23,3875.0,579.3,588.0,25.0,0.43551,583.65,0.8707415122364462,ITM
2023-06-30,2023-07-14,CALL,14.0,4450.23,3890.0,564.3,571.0,1.0,0.41528,567.65,0.8741121245418777,ITM
2023-06-30,2023-07-14,CALL,14.0,4450.23,3900.0,554.3,563.1,10.0,0.41932,558.7,0.8763591994121653,ITM
2023-06-30,2023-07-14,CALL,14.0,4450.23,3910.0,544.4,551.0,1.0,0.40246,547.7,0.8786062742824529,ITM
2023-06-30,2023-07-14,CALL,14.0,4450.23,3925.0,529.5,536.0,1.0,0.39323,532.75,0.8819768865878843,ITM
2023-06-30,2023-07-14,CALL,14.0,4450.23,3940.0,514.5,521.2,5.0,0.38473,517.85,0.8853474988933158,ITM
2023-06-30,2023-07-14,CALL,14.0,4450.23,3950.0,504.6,511.1,1.0,0.37774,507.85,0.8875945737636033,ITM
2023-06-30,2023-07-14,CALL,14.0,4450.23,3975.0,479.7,486.4,4.0,0.36351,483.04999999999995,0.8932122609393224,ITM
2023-06-30,2023-07-14,CALL,14.0,4450.23,4000.0,454.8,461.5,1.0,0.34774,458.15,0.8988299481150414,ITM
2023-06-30,2023-07-14,CALL,14.0,4450.23,4010.0,444.8,451.5,5.0,0.34188,448.15,0.901077022985329,ITM
2023-06-30,2023-07-14,CALL,14.0,4450.23,4020.0,434.8,442.4,1.0,0.33931,438.6,0.9033240978556165,ITM
2023-06-30,2023-07-14,CALL,14.0,4450.23,4025.0,429.8,437.4,1.0,0.33597,433.6,0.9044476352907603,ITM
2023-06-30,2023-07-14,CALL,14.0,4450.23,4040.0,414.9,423.7,5.0,0.33208,419.29999999999995,0.9078182475961918,ITM
2023-06-30,2023-07-14,CALL,14.0,4450.23,4050.0,404.9,412.5,1.0,0.31974,408.7,0.9100653224664793,ITM
2023-06-30,2023-07-14,CALL,14.0,4450.23,4060.0,395.0,402.6,1.0,0.3148,398.8,0.912312397336767,ITM
2023-06-30,2023-07-14,CALL,14.0,4450.23,4075.0,380.0,388.9,5.0,0.30926,384.45,0.9156830096421984,ITM
2023-06-30,2023-07-14,CALL,14.0,4450.23,4100.0,355.2,362.8,2.0,0.28944,359.0,0.9213006968179174,ITM
2023-06-30,2023-07-14,CALL,14.0,4450.23,4105.0,350.2,359.1,2.0,0.29105,354.65,0.9224242342530612,ITM
2023-06-30,2023-07-14,CALL,14.0,4450.23,4115.0,340.3,347.9,6.0,0.27961,344.1,0.9246713091233487,ITM
2023-06-30,2023-07-14,CALL,14.0,4450.23,4120.0,335.4,342.8,1.0,0.27592,339.1,0.9257948465584925,ITM
2023-06-30,2023-07-14,CALL,14.0,4450.23,4125.0,330.3,339.2,2.0,0.27741,334.75,0.9269183839936364,ITM
2023-06-30,2023-07-14,CALL,14.0,4450.23,4130.0,325.4,334.2,1.0,0.27509,329.79999999999995,0.9280419214287802,ITM
2023-06-30,2023-07-14,CALL,14.0,4450.23,4135.0,320.5,328.0,9.0,0.26707,324.25,0.929165458863924,ITM
2023-06-30,2023-07-14,CALL,14.0,4450.23,4140.0,315.6,323.0,1.0,0.26424,319.3,0.9302889962990678,ITM
2023-06-30,2023-07-14,CALL,14.0,4450.23,4150.0,305.6,313.0,3.0,0.25724,309.3,0.9325360711693553,ITM
2023-06-30,2023-07-14,CALL,14.0,4450.23,4160.0,295.6,304.4,1.0,0.25528,300.0,0.934783146039643,ITM
2023-06-30,2023-07-14,CALL,14.0,4450.23,4165.0,290.6,297.4,6.0,0.24514,294.0,0.9359066834747868,ITM
2023-06-30,2023-07-14,CALL,14.0,4450.23,4170.0,285.8,292.4,1.0,0.24286,289.1,0.9370302209099306,ITM
2023-06-30,2023-07-14,CALL,14.0,4450.23,4180.0,275.9,282.5,1.0,0.23601,279.2,0.9392772957802182,ITM
2023-06-30,2023-07-14,CALL,14.0,4450.23,4190.0,266.0,272.3,1.0,0.22886,269.15,0.9415243706505058,ITM
2023-06-30,2023-07-14,CALL,14.0,4450.23,4195.0,260.9,269.8,1.0,0.23348,265.35,0.9426479080856496,ITM
2023-06-30,2023-07-14,CALL,14.0,4450.23,4200.0,256.1,262.4,1.0,0.22237,259.25,0.9437714455207934,ITM
2023-06-30,2023-07-14,CALL,14.0,4450.23,4205.0,251.0,259.9,5.0,0.22702,255.45,0.9448949829559372,ITM
2023-06-30,2023-07-14,CALL,14.0,4450.23,4210.0,246.1,254.9,1.0,0.22385,250.5,0.946018520391081,ITM
2023-06-30,2023-07-14,CALL,14.0,4450.23,4215.0,241.2,250.0,2.0,0.22086,245.6,0.9471420578262248,ITM
2023-06-30,2023-07-14,CALL,14.0,4450.23,4220.0,236.3,242.9,6.0,0.21145,239.60000000000002,0.9482655952613686,ITM
2023-06-30,2023-07-14,CALL,14.0,4450.23,4225.0,231.3,240.1,1.0,0.21442,235.7,0.9493891326965124,ITM
2023-06-30,2023-07-14,CALL,14.0,4450.23,4230.0,226.4,235.2,4.0,0.2111,230.8,0.9505126701316562,ITM
2023-06-30,2023-07-14,CALL,14.0,4450.23,4235.0,221.5,228.1,1.0,0.20163,224.8,0.9516362075668,ITM
2023-06-30,2023-07-14,CALL,14.0,4450.23,4240.0,216.6,223.2,1.0,0.19909,219.89999999999998,0.9527597450019438,ITM
2023-06-30,2023-07-14,CALL,14.0,4450.23,4245.0,211.8,218.3,4.0,0.19608,215.05,0.9538832824370876,ITM
2023-06-30,2023-07-14,CALL,14.0,4450.23,4250.0,208.0,215.6,5.0,0.20282,211.8,0.9550068198722315,ITM
2023-06-30,2023-07-14,CALL,14.0,4450.23,4255.0,201.9,210.7,1.0,0.19636,206.3,0.9561303573073752,ITM
2023-06-30,2023-07-14,CALL,14.0,4450.23,4260.0,198.5,203.6,1.0,0.1914,201.05,0.957253894742519,ITM
2023-06-30,2023-07-14,CALL,14.0,4450.23,4265.0,192.5,200.9,1.0,0.19071,196.7,0.9583774321776628,ITM
2023-06-30,2023-07-14,CALL,14.0,4450.23,4270.0,187.7,196.1,4.0,0.18804,191.89999999999998,0.9595009696128066,ITM
2023-06-30,2023-07-14,CALL,14.0,4450.23,4275.0,182.8,188.9,5.0,0.17896,185.85000000000002,0.9606245070479504,ITM
2023-06-30,2023-07-14,CALL,14.0,4450.23,4280.0,177.8,183.5,15.0,0.17399,180.65,0.9617480444830943,ITM
2023-06-30,2023-07-14,CALL,14.0,4450.23,4285.0,173.1,181.5,2.0,0.17954,177.3,0.9628715819182381,ITM
2023-06-30,2023-07-14,CALL,14.0,4450.23,4290.0,168.2,173.8,2.0,0.1683,171.0,0.9639951193533818,ITM
2023-06-30,2023-07-14,CALL,14.0,4450.23,4295.0,163.4,169.0,3.0,0.16629,166.2,0.9651186567885256,ITM
2023-06-30,2023-07-14,CALL,14.0,4450.23,4300.0,160.1,167.1,8.0,0.17384,163.6,0.9662421942236694,ITM
2023-06-30,2023-07-14,CALL,14.0,4450.23,4305.0,153.8,162.3,1.0,0.16757,158.05,0.9673657316588132,ITM
2023-06-30,2023-07-14,CALL,14.0,4450.23,4310.0,150.7,155.3,8.0,0.1631,153.0,0.968489269093957,ITM
2023-06-30,2023-07-14,CALL,14.0,4450.23,4315.0,144.2,152.7,4.0,0.16142,148.45,0.9696128065291009,ITM
2023-06-30,2023-07-14,CALL,14.0,4450.23,4320.0,139.5,148.0,1.0,0.15845,143.75,0.9707363439642447,ITM
2023-06-30,2023-07-14,CALL,14.0,4450.23,4325.0,134.9,143.3,1.0,0.15629,139.10000000000002,0.9718598813993884,ITM
2023-06-30,2023-07-14,CALL,14.0,4450.23,4330.0,130.2,138.6,16.0,0.15322,134.39999999999998,0.9729834188345322,ITM
2023-06-30,2023-07-14,CALL,14.0,4450.23,4335.0,127.0,131.7,5.0,0.14898,129.35,0.974106956269676,ITM
2023-06-30,2023-07-14,CALL,14.0,4450.23,4340.0,122.4,127.0,13.0,0.14664,124.7,0.9752304937048198,ITM
2023-06-30,2023-07-14,CALL,14.0,4450.23,4345.0,117.7,122.4,9.0,0.14361,120.05000000000001,0.9763540311399637,ITM
2023-06-30,2023-07-14,CALL,14.0,4450.23,4350.0,113.1,117.8,141.0,0.14117,115.44999999999999,0.9774775685751075,ITM
2023-06-30,2023-07-14,CALL,14.0,4450.23,4355.0,108.6,113.8,2.0,0.13991,111.19999999999999,0.9786011060102513,ITM
2023-06-30,2023-07-14,CALL,14.0,4450.23,4360.0,104.0,108.8,12.0,0.13667,106.4,0.979724643445395,ITM
2023-06-30,2023-07-14,CALL,14.0,4450.23,4365.0,98.6,104.3,4.0,0.13176,101.44999999999999,0.9808481808805388,ITM
2023-06-30,2023-07-14,CALL,14.0,4450.23,4370.0,94.2,101.6,12.0,0.13276,97.9,0.9819717183156826,ITM
2023-06-30,2023-07-14,CALL,14.0,4450.23,4375.0,90.0,95.5,22.0,0.12807,92.75,0.9830952557508265,ITM
2023-06-30,2023-07-14,CALL,14.0,4450.23,4380.0,84.8,93.2,33.0,0.12804,89.0,0.9842187931859703,ITM
2023-06-30,2023-07-14,CALL,14.0,4450.23,4385.0,81.5,86.9,7.0,0.12317,84.2,0.9853423306211141,ITM
2023-06-30,2023-07-14,CALL,14.0,4450.23,4390.0,77.4,84.6,38.0,0.12503,81.0,0.9864658680562579,ITM
2023-06-30,2023-07-14,CALL,14.0,4450.23,4395.0,73.3,80.6,10.0,0.12281,76.94999999999999,0.9875894054914016,ITM
2023-06-30,2023-07-14,CALL,14.0,4450.23,4400.0,69.5,74.4,89.0,0.11789,71.95,0.9887129429265454,ITM
2023-06-30,2023-07-14,CALL,14.0,4450.23,4405.0,65.6,70.5,16.0,0.1159,68.05,0.9898364803616893,ITM
2023-06-30,2023-07-14,CALL,14.0,4450.23,4410.0,60.4,68.5,101.0,0.11525,64.45,0.9909600177968331,ATM
2023-06-30,2023-07-14,CALL,14.0,4450.23,4415.0,58.2,62.8,168.0,0.11312,60.5,0.9920835552319769,ATM
2023-06-30,2023-07-14,CALL,14.0,4450.23,4420.0,56.0,56.8,131.0,0.11051,56.4,0.9932070926671207,ATM
2023-06-30,2023-07-14,CALL,14.0,4450.23,4425.0,52.2,53.6,742.0,0.1084,52.900000000000006,0.9943306301022645,ATM
2023-06-30,2023-07-14,CALL,14.0,4450.23,4430.0,49.2,49.7,301.0,0.1074,49.45,0.9954541675374082,ATM
2023-06-30,2023-07-14,CALL,14.0,4450.23,4435.0,45.8,46.4,28.0,0.10556,46.099999999999994,0.996577704972552,ATM
2023-06-30,2023-07-14,CALL,14.0,4450.23,4440.0,42.6,43.2,155.0,0.10477,42.900000000000006,0.9977012424076959,ATM
2023-06-30,2023-07-14,CALL,14.0,4450.23,4445.0,39.6,40.2,140.0,0.10356,39.900000000000006,0.9988247798428397,ATM
2023-06-30,2023-07-14,CALL,14.0,4450.23,4450.0,36.6,37.3,868.0,0.10257,36.95,0.9999483172779835,ATM
2023-06-30,2023-07-14,CALL,14.0,4450.23,4455.0,33.4,37.7,85.0,0.10564,35.55,1.0010718547131272,ATM
2023-06-30,2023-07-14,CALL,14.0,4450.23,4460.0,30.9,31.8,111.0,0.10005,31.35,1.0021953921482711,ATM
2023-06-30,2023-07-14,CALL,14.0,4450.23,4465.0,28.8,29.4,82.0,0.10002,29.1,1.0033189295834148,ATM
2023-06-30,2023-07-14,CALL,14.0,4450.23,4470.0,26.4,27.0,152.0,0.09962,26.7,1.0044424670185588,ATM
2023-06-30,2023-07-14,CALL,14.0,4450.23,4475.0,24.3,24.7,139.0,0.09919,24.5,1.0055660044537025,ATM
2023-06-30,2023-07-14,CALL,14.0,4450.23,4480.0,22.2,22.6,147.0,0.0985,22.4,1.0066895418888462,ATM
2023-06-30,2023-07-14,CALL,14.0,4450.23,4485.0,20.2,20.8,88.0,0.0978,20.5,1.0078130793239901,ATM
2023-06-30,2023-07-14,CALL,14.0,4450.23,4490.0,18.4,21.0,388.0,0.10064,19.7,1.0089366167591338,ATM
2023-06-30,2023-07-14,CALL,14.0,4450.23,4495.0,16.7,17.3,190.0,0.0968,17.0,1.0100601541942777,OTM
2023-06-30,2023-07-14,CALL,14.0,4450.23,4500.0,15.2,15.7,307.0,0.09647,15.45,1.0111836916294215,OTM
2023-06-30,2023-07-14,CALL,14.0,4450.23,4505.0,13.7,14.1,39.0,0.09636,13.899999999999999,1.0123072290645654,OTM
2023-06-30,2023-07-14,CALL,14.0,4450.23,4510.0,12.4,12.9,518.0,0.09586,12.65,1.013430766499709,OTM
2023-06-30,2023-07-14,CALL,14.0,4450.23,4515.0,11.2,11.6,212.0,0.09605,11.399999999999999,1.0145543039348528,OTM
2023-06-30,2023-07-14,CALL,14.0,4450.23,4520.0,10.0,10.5,187.0,0.09508,10.25,1.0156778413699967,OTM
2023-06-30,2023-07-14,CALL,14.0,4450.23,4525.0,8.7,10.7,2786.0,0.09732,9.7,1.0168013788051404,OTM
2023-06-30,2023-07-14,CALL,14.0,4450.23,4530.0,8.1,8.7,29.0,0.09581,8.399999999999999,1.0179249162402844,OTM
2023-06-30,2023-07-14,CALL,14.0,4450.23,4535.0,7.0,7.7,89.0,0.09443,7.35,1.019048453675428,OTM
2023-06-30,2023-07-14,CALL,14.0,4450.23,4540.0,6.2,7.8,39.0,0.09667,7.0,1.020171991110572,OTM
2023-06-30,2023-07-14,CALL,14.0,4450.23,4550.0,5.2,5.4,122.0,0.09529,5.300000000000001,1.0224190659808594,OTM
2023-06-30,2023-07-14,CALL,14.0,4450.23,4560.0,4.1,4.5,60.0,0.09573,4.3,1.024666140851147,OTM
2023-06-30,2023-07-14,CALL,14.0,4450.23,4570.0,3.3,3.6,47.0,0.09603,3.45,1.0269132157214347,OTM
2023-06-30,2023-07-14,CALL,14.0,4450.23,4575.0,2.95,3.1,137.0,0.0967,3.0250000000000004,1.0280367531565786,OTM
2023-06-30,2023-07-14,CALL,14.0,4450.23,4580.0,2.6,2.8,28.0,0.09692,2.7,1.0291602905917223,OTM
2023-06-30,2023-07-14,CALL,14.0,4450.23,4590.0,2.1,2.2,29.0,0.09674,2.1500000000000004,1.03140736546201,OTM
2023-06-30,2023-07-14,CALL,14.0,4450.23,4600.0,1.65,1.8,216.0,0.09772,1.725,1.0336544403322976,OTM
2023-06-30,2023-07-14,CALL,14.0,4450.23,4610.0,1.3,1.45,54.0,0.09883,1.375,1.0359015152025852,OTM
2023-06-30,2023-07-14,CALL,14.0,4450.23,4620.0,1.05,1.2,20.0,0.10047,1.125,1.0381485900728726,OTM
2023-06-30,2023-07-14,CALL,14.0,4450.23,4625.0,0.95,1.05,23.0,0.10049,1.0,1.0392721275080166,OTM
2023-06-30,2023-07-14,CALL,14.0,4450.23,4630.0,0.85,0.95,1.0,0.10122,0.8999999999999999,1.0403956649431603,OTM
2023-06-30,2023-07-14,CALL,14.0,4450.23,4640.0,0.7,0.8,77.0,0.10252,0.75,1.042642739813448,OTM
2023-06-30,2023-07-14,CALL,14.0,4450.23,4650.0,0.55,0.7,25.0,0.10438,0.625,1.0448898146837355,OTM
2023-06-30,2023-07-14,CALL,14.0,4450.23,4660.0,0.5,0.6,1.0,0.10635,0.55,1.0471368895540232,OTM
2023-06-30,2023-07-14,CALL,14.0,4450.23,4670.0,0.4,0.5,1.0,0.10751,0.45,1.0493839644243108,OTM
2023-06-30,2023-07-14,CALL,14.0,4450.23,4675.0,0.35,0.5,203.0,0.10921,0.425,1.0505075018594545,OTM
2023-06-30,2023-07-14,CALL,14.0,4450.23,4680.0,0.35,0.45,4.0,0.10994,0.4,1.0516310392945984,OTM
2023-06-30,2023-07-14,CALL,14.0,4450.23,4690.0,0.3,0.4,1.0,0.1126,0.35,1.0538781141648859,OTM
2023-06-30,2023-07-14,CALL,14.0,4450.23,4700.0,0.25,0.35,5.0,0.11401,0.3,1.0561251890351735,OTM
2023-06-30,2023-07-14,CALL,14.0,4450.23,4725.0,0.2,0.3,15.0,0.12114,0.25,1.0617428762108925,OTM
2023-06-30,2023-07-14,CALL,14.0,4450.23,4750.0,0.15,0.25,1.0,0.12687,0.2,1.0673605633866117,OTM
2023-06-30,2023-07-14,CALL,14.0,4450.23,4800.0,0.1,0.2,6.0,0.14027,0.15000000000000002,1.0785959377380496,OTM
2023-06-30,2023-07-14,CALL,14.0,4450.23,4900.0,0.05,0.1,1.0,0.1636,0.07500000000000001,1.1010666864409255,OTM
2023-06-30,2023-07-17,CALL,17.0,4450.23,3800.0,654.5,663.4,5.0,0.44383,658.95,0.8538884507092893,ITM
2023-06-30,2023-07-17,CALL,17.0,4450.23,3850.0,604.8,613.7,5.0,0.41555,609.25,0.8651238250607273,ITM
2023-06-30,2023-07-17,CALL,17.0,4450.23,4000.0,455.5,464.3,11.0,0.32844,459.9,0.8988299481150414,ITM
2023-06-30,2023-07-17,CALL,17.0,4450.23,4025.0,430.7,439.5,1.0,0.31503,435.1,0.9044476352907603,ITM
2023-06-30,2023-07-17,CALL,17.0,4450.23,4050.0,405.7,414.6,1.0,0.29934,410.15,0.9100653224664793,ITM
2023-06-30,2023-07-17,CALL,17.0,4450.23,4075.0,380.9,387.6,2.0,0.27743,384.25,0.9156830096421984,ITM
2023-06-30,2023-07-17,CALL,17.0,4450.23,4100.0,356.0,364.9,1.0,0.27047,360.45,0.9213006968179174,ITM
2023-06-30,2023-07-17,CALL,17.0,4450.23,4120.0,336.3,342.8,1.0,0.25156,339.55,0.9257948465584925,ITM
2023-06-30,2023-07-17,CALL,17.0,4450.23,4125.0,331.2,340.1,1.0,0.25604,335.65,0.9269183839936364,ITM
2023-06-30,2023-07-17,CALL,17.0,4450.23,4130.0,326.3,333.1,1.0,0.24659,329.70000000000005,0.9280419214287802,ITM
2023-06-30,2023-07-17,CALL,17.0,4450.23,4140.0,316.4,323.2,1.0,0.24081,319.79999999999995,0.9302889962990678,ITM
2023-06-30,2023-07-17,CALL,17.0,4450.23,4150.0,306.5,313.1,2.0,0.2347,309.8,0.9325360711693553,ITM
2023-06-30,2023-07-17,CALL,17.0,4450.23,4160.0,296.6,303.4,5.0,0.23025,300.0,0.934783146039643,ITM
2023-06-30,2023-07-17,CALL,17.0,4450.23,4180.0,276.7,283.6,1.0,0.21797,280.15,0.9392772957802182,ITM
2023-06-30,2023-07-17,CALL,17.0,4450.23,4190.0,266.9,273.7,1.0,0.21303,270.29999999999995,0.9415243706505058,ITM
2023-06-30,2023-07-17,CALL,17.0,4450.23,4200.0,257.0,263.8,1.0,0.20666,260.4,0.9437714455207934,ITM
2023-06-30,2023-07-17,CALL,17.0,4450.23,4225.0,232.5,239.0,1.0,0.19328,235.75,0.9493891326965124,ITM
2023-06-30,2023-07-17,CALL,17.0,4450.23,4240.0,217.8,226.6,1.0,0.19039,222.2,0.9527597450019438,ITM
2023-06-30,2023-07-17,CALL,17.0,4450.23,4250.0,208.0,216.9,2.0,0.18567,212.45,0.9550068198722315,ITM
2023-06-30,2023-07-17,CALL,17.0,4450.23,4260.0,198.3,207.2,3.0,0.17981,202.75,0.957253894742519,ITM
2023-06-30,2023-07-17,CALL,17.0,4450.23,4265.0,193.9,202.3,1.0,0.17806,198.10000000000002,0.9583774321776628,ITM
2023-06-30,2023-07-17,CALL,17.0,4450.23,4270.0,189.1,194.8,2.0,0.16913,191.95,0.9595009696128066,ITM
2023-06-30,2023-07-17,CALL,17.0,4450.23,4275.0,184.2,189.9,10.0,0.16706,187.05,0.9606245070479504,ITM
2023-06-30,2023-07-17,CALL,17.0,4450.23,4280.0,179.3,185.1,2.0,0.16352,182.2,0.9617480444830943,ITM
2023-06-30,2023-07-17,CALL,17.0,4450.23,4285.0,174.5,180.3,1.0,0.16097,177.4,0.9628715819182381,ITM
2023-06-30,2023-07-17,CALL,17.0,4450.23,4300.0,161.8,166.6,2.0,0.159,164.2,0.9662421942236694,ITM
2023-06-30,2023-07-17,CALL,17.0,4450.23,4305.0,155.7,161.2,4.0,0.15217,158.45,0.9673657316588132,ITM
2023-06-30,2023-07-17,CALL,17.0,4450.23,4310.0,150.7,159.2,1.0,0.15521,154.95,0.968489269093957,ITM
2023-06-30,2023-07-17,CALL,17.0,4450.23,4315.0,146.0,154.5,1.0,0.15208,150.25,0.9696128065291009,ITM
2023-06-30,2023-07-17,CALL,17.0,4450.23,4320.0,141.6,149.8,2.0,0.15021,145.7,0.9707363439642447,ITM
2023-06-30,2023-07-17,CALL,17.0,4450.23,4325.0,136.6,145.1,1.0,0.14764,140.85,0.9718598813993884,ITM
2023-06-30,2023-07-17,CALL,17.0,4450.23,4330.0,133.5,140.4,1.0,0.14762,136.95,0.9729834188345322,ITM
2023-06-30,2023-07-17,CALL,17.0,4450.23,4335.0,128.9,134.4,1.0,0.14291,131.65,0.974106956269676,ITM
2023-06-30,2023-07-17,CALL,17.0,4450.23,4340.0,124.3,129.8,1.0,0.14073,127.05000000000001,0.9752304937048198,ITM
2023-06-30,2023-07-17,CALL,17.0,4450.23,4345.0,119.7,125.0,1.0,0.13771,122.35,0.9763540311399637,ITM
2023-06-30,2023-07-17,CALL,17.0,4450.23,4350.0,115.1,122.1,19.0,0.13805,118.6,0.9774775685751075,ITM
2023-06-30,2023-07-17,CALL,17.0,4450.23,4355.0,110.6,117.6,3.0,0.13543,114.1,0.9786011060102513,ITM
2023-06-30,2023-07-17,CALL,17.0,4450.23,4360.0,106.1,111.0,1.0,0.12945,108.55,0.979724643445395,ITM
2023-06-30,2023-07-17,CALL,17.0,4450.23,4365.0,100.7,106.6,1.0,0.12641,103.65,0.9808481808805388,ITM
2023-06-30,2023-07-17,CALL,17.0,4450.23,4370.0,96.5,102.2,2.0,0.12477,99.35,0.9819717183156826,ITM
2023-06-30,2023-07-17,CALL,17.0,4450.23,4375.0,92.1,99.7,23.0,0.12512,95.9,0.9830952557508265,ITM
2023-06-30,2023-07-17,CALL,17.0,4450.23,4380.0,88.0,93.6,2.0,0.12041,90.8,0.9842187931859703,ITM
2023-06-30,2023-07-17,CALL,17.0,4450.23,4385.0,83.8,91.3,3.0,0.12138,87.55,0.9853423306211141,ITM
2023-06-30,2023-07-17,CALL,17.0,4450.23,4390.0,80.3,85.1,24.0,0.11765,82.69999999999999,0.9864658680562579,ITM
2023-06-30,2023-07-17,CALL,17.0,4450.23,4395.0,75.9,81.0,5.0,0.11538,78.45,0.9875894054914016,ITM
2023-06-30,2023-07-17,CALL,17.0,4450.23,4400.0,71.8,79.0,7.0,0.11635,75.4,0.9887129429265454,ITM
2023-06-30,2023-07-17,CALL,17.0,4450.23,4405.0,69.7,71.2,12.0,0.11112,70.45,0.9898364803616893,ITM
2023-06-30,2023-07-17,CALL,17.0,4450.23,4410.0,64.3,69.2,6.0,0.1099,66.75,0.9909600177968331,ATM
2023-06-30,2023-07-17,CALL,17.0,4450.23,4415.0,60.7,65.4,17.0,0.1092,63.050000000000004,0.9920835552319769,ATM
2023-06-30,2023-07-17,CALL,17.0,4450.23,4420.0,58.8,59.3,43.0,0.10625,59.05,0.9932070926671207,ATM
2023-06-30,2023-07-17,CALL,17.0,4450.23,4425.0,55.3,55.8,685.0,0.10546,55.55,0.9943306301022645,ATM
2023-06-30,2023-07-17,CALL,17.0,4450.23,4430.0,51.8,52.4,10.0,0.10418,52.099999999999994,0.9954541675374082,ATM
2023-06-30,2023-07-17,CALL,17.0,4450.23,4435.0,48.6,49.1,4.0,0.10307,48.85,0.996577704972552,ATM
2023-06-30,2023-07-17,CALL,17.0,4450.23,4440.0,45.6,46.2,5.0,0.10223,45.900000000000006,0.9977012424076959,ATM
2023-06-30,2023-07-17,CALL,17.0,4450.23,4445.0,40.9,44.4,78.0,0.10035,42.65,0.9988247798428397,ATM
2023-06-30,2023-07-17,CALL,17.0,4450.23,4450.0,38.1,40.1,87.0,0.098,39.1,0.9999483172779835,ATM
2023-06-30,2023-07-17,CALL,17.0,4450.23,4455.0,36.6,37.1,18.0,0.09847,36.85,1.0010718547131272,ATM
2023-06-30,2023-07-17,CALL,17.0,4450.23,4460.0,34.0,34.6,25.0,0.09773,34.3,1.0021953921482711,ATM
2023-06-30,2023-07-17,CALL,17.0,4450.23,4465.0,31.3,31.9,19.0,0.0974,31.6,1.0033189295834148,ATM
2023-06-30,2023-07-17,CALL,17.0,4450.23,4470.0,29.0,29.6,14.0,0.09645,29.3,1.0044424670185588,ATM
2023-06-30,2023-07-17,CALL,17.0,4450.23,4475.0,26.6,27.2,27.0,0.09535,26.9,1.0055660044537025,ATM
2023-06-30,2023-07-17,CALL,17.0,4450.23,4480.0,24.6,25.2,7.0,0.09506,24.9,1.0066895418888462,ATM
2023-06-30,2023-07-17,CALL,17.0,4450.23,4485.0,22.6,23.2,12.0,0.09544,22.9,1.0078130793239901,ATM
2023-06-30,2023-07-17,CALL,17.0,4450.23,4490.0,20.7,21.3,94.0,0.09423,21.0,1.0089366167591338,ATM
2023-06-30,2023-07-17,CALL,17.0,4450.23,4495.0,18.9,19.5,24.0,0.09421,19.2,1.0100601541942777,OTM
2023-06-30,2023-07-17,CALL,17.0,4450.23,4500.0,17.3,17.9,77.0,0.09352,17.6,1.0111836916294215,OTM
2023-06-30,2023-07-17,CALL,17.0,4450.23,4510.0,13.2,16.4,28.0,0.09422,14.799999999999999,1.013430766499709,OTM
2023-06-30,2023-07-17,CALL,17.0,4450.23,4520.0,11.8,12.3,10.0,0.09265,12.05,1.0156778413699967,OTM
2023-06-30,2023-07-17,CALL,17.0,4450.23,4525.0,10.6,11.0,9.0,0.09228,10.8,1.0168013788051404,OTM
2023-06-30,2023-07-17,CALL,17.0,4450.23,4530.0,9.6,10.0,107.0,0.09167,9.8,1.0179249162402844,OTM
2023-06-30,2023-07-17,CALL,17.0,4450.23,4540.0,7.5,9.3,3.0,0.09396,8.4,1.020171991110572,OTM
2023-06-30,2023-07-17,CALL,17.0,4450.23,4550.0,6.4,7.7,16.0,0.09413,7.050000000000001,1.0224190659808594,OTM
2023-06-30,2023-07-17,CALL,17.0,4450.23,4575.0,3.7,4.1,43.0,0.09312,3.9,1.0280367531565786,OTM
2023-06-30,2023-07-17,CALL,17.0,4450.23,4600.0,2.2,2.4,40.0,0.09479,2.3,1.0336544403322976,OTM
2023-06-30,2023-07-17,CALL,17.0,4450.23,4650.0,0.8,0.9,4.0,0.09908,0.8500000000000001,1.0448898146837355,OTM
2023-06-30,2023-07-17,CALL,17.0,4450.23,4700.0,0.35,0.45,1.0,0.10687,0.4,1.0561251890351735,OTM
2023-06-30,2023-07-17,CALL,17.0,4450.23,4800.0,0.1,0.2,10.0,0.1277,0.15000000000000002,1.0785959377380496,OTM
2023-06-30,2023-07-17,CALL,17.0,4450.23,4900.0,0.05,0.15,5.0,0.1532,0.1,1.1010666864409255,OTM
2023-06-30,2023-07-18,CALL,18.0,4450.23,4120.0,337.1,343.7,1.0,0.24566,340.4,0.9257948465584925,ITM
2023-06-30,2023-07-18,CALL,18.0,4450.23,4125.0,332.1,338.8,1.0,0.24309,335.45000000000005,0.9269183839936364,ITM
2023-06-30,2023-07-18,CALL,18.0,4450.23,4150.0,307.4,314.0,1.0,0.22967,310.7,0.9325360711693553,ITM
2023-06-30,2023-07-18,CALL,18.0,4450.23,4175.0,282.6,291.5,1.0,0.22307,287.05,0.9381537583450744,ITM
2023-06-30,2023-07-18,CALL,18.0,4450.23,4190.0,267.9,275.2,1.0,0.21065,271.54999999999995,0.9415243706505058,ITM
2023-06-30,2023-07-18,CALL,18.0,4450.23,4200.0,258.1,264.8,20.0,0.20311,261.45000000000005,0.9437714455207934,ITM
2023-06-30,2023-07-18,CALL,18.0,4450.23,4210.0,248.2,255.0,1.0,0.19815,251.6,0.946018520391081,ITM
2023-06-30,2023-07-18,CALL,18.0,4450.23,4225.0,233.6,240.3,14.0,0.19085,236.95,0.9493891326965124,ITM
2023-06-30,2023-07-18,CALL,18.0,4450.23,4250.0,209.3,215.8,20.0,0.17789,212.55,0.9550068198722315,ITM
2023-06-30,2023-07-18,CALL,18.0,4450.23,4255.0,204.5,211.0,1.0,0.1758,207.75,0.9561303573073752,ITM
2023-06-30,2023-07-18,CALL,18.0,4450.23,4260.0,200.1,206.2,1.0,0.17401,203.14999999999998,0.957253894742519,ITM
2023-06-30,2023-07-18,CALL,18.0,4450.23,4265.0,195.0,203.5,2.0,0.17556,199.25,0.9583774321776628,ITM
2023-06-30,2023-07-18,CALL,18.0,4450.23,4270.0,190.2,196.5,1.0,0.16831,193.35,0.9595009696128066,ITM
2023-06-30,2023-07-18,CALL,18.0,4450.23,4275.0,187.0,191.7,14.0,0.16934,189.35,0.9606245070479504,ITM
2023-06-30,2023-07-18,CALL,18.0,4450.23,4280.0,180.6,186.4,1.0,0.16197,183.5,0.9617480444830943,ITM
2023-06-30,2023-07-18,CALL,18.0,4450.23,4285.0,177.2,184.3,12.0,0.16859,180.75,0.9628715819182381,ITM
2023-06-30,2023-07-18,CALL,18.0,4450.23,4290.0,172.7,179.5,10.0,0.16682,176.1,0.9639951193533818,ITM
2023-06-30,2023-07-18,CALL,18.0,4450.23,4300.0,161.5,170.0,17.0,0.15793,165.75,0.9662421942236694,ITM
2023-06-30,2023-07-18,CALL,18.0,4450.23,4305.0,156.8,165.3,4.0,0.1562,161.05,0.9673657316588132,ITM
2023-06-30,2023-07-18,CALL,18.0,4450.23,4310.0,152.1,160.6,2.0,0.15406,156.35,0.968489269093957,ITM
2023-06-30,2023-07-18,CALL,18.0,4450.23,4315.0,147.4,155.9,2.0,0.1509,151.65,0.9696128065291009,ITM
2023-06-30,2023-07-18,CALL,18.0,4450.23,4320.0,142.8,151.2,1.0,0.14917,147.0,0.9707363439642447,ITM
2023-06-30,2023-07-18,CALL,18.0,4450.23,4325.0,139.6,145.2,48.0,0.14634,142.39999999999998,0.9718598813993884,ITM
2023-06-30,2023-07-18,CALL,18.0,4450.23,4330.0,135.0,142.0,2.0,0.14675,138.5,0.9729834188345322,ITM
2023-06-30,2023-07-18,CALL,18.0,4450.23,4340.0,125.8,131.4,1.0,0.14033,128.6,0.9752304937048198,ITM
2023-06-30,2023-07-18,CALL,18.0,4450.23,4345.0,121.2,128.3,13.0,0.13995,124.75,0.9763540311399637,ITM
2023-06-30,2023-07-18,CALL,18.0,4450.23,4350.0,116.7,123.8,2.0,0.13837,120.25,0.9774775685751075,ITM
2023-06-30,2023-07-18,CALL,18.0,4450.23,4355.0,112.2,117.2,1.0,0.1325,114.7,0.9786011060102513,ITM
2023-06-30,2023-07-18,CALL,18.0,4450.23,4360.0,107.7,113.4,2.0,0.13135,110.55000000000001,0.979724643445395,ITM
2023-06-30,2023-07-18,CALL,18.0,4450.23,4365.0,103.3,109.0,3.0,0.12926,106.15,0.9808481808805388,ITM
2023-06-30,2023-07-18,CALL,18.0,4450.23,4370.0,98.2,105.8,1.0,0.12753,102.0,0.9819717183156826,ITM
2023-06-30,2023-07-18,CALL,18.0,4450.23,4375.0,94.0,101.4,10.0,0.12502,97.7,0.9830952557508265,ITM
2023-06-30,2023-07-18,CALL,18.0,4450.23,4380.0,89.9,95.4,3.0,0.12149,92.65,0.9842187931859703,ITM
2023-06-30,2023-07-18,CALL,18.0,4450.23,4385.0,85.7,93.0,52.0,0.12166,89.35,0.9853423306211141,ITM
2023-06-30,2023-07-18,CALL,18.0,4450.23,4390.0,81.8,87.0,1.0,0.11775,84.4,0.9864658680562579,ITM
2023-06-30,2023-07-18,CALL,18.0,4450.23,4395.0,78.0,83.0,1.0,0.11679,80.5,0.9875894054914016,ITM
2023-06-30,2023-07-18,CALL,18.0,4450.23,4400.0,73.0,80.9,13.0,0.11591,76.95,0.9887129429265454,ITM
2023-06-30,2023-07-18,CALL,18.0,4450.23,4405.0,70.1,75.1,3.0,0.11292,72.6,0.9898364803616893,ITM
2023-06-30,2023-07-18,CALL,18.0,4450.23,4410.0,66.4,71.2,2.0,0.1113,68.80000000000001,0.9909600177968331,ATM
2023-06-30,2023-07-18,CALL,18.0,4450.23,4415.0,62.7,67.5,2.0,0.11014,65.1,0.9920835552319769,ATM
2023-06-30,2023-07-18,CALL,18.0,4450.23,4420.0,58.0,65.6,13.0,0.1097,61.8,0.9932070926671207,ATM
2023-06-30,2023-07-18,CALL,18.0,4450.23,4425.0,55.7,62.0,5.0,0.10945,58.85,0.9943306301022645,ATM
2023-06-30,2023-07-18,CALL,18.0,4450.23,4430.0,53.8,54.6,8.0,0.10523,54.2,0.9954541675374082,ATM
2023-06-30,2023-07-18,CALL,18.0,4450.23,4435.0,50.6,51.2,23.0,0.10436,50.900000000000006,0.996577704972552,ATM
2023-06-30,2023-07-18,CALL,18.0,4450.23,4440.0,47.5,48.0,24.0,0.10322,47.75,0.9977012424076959,ATM
2023-06-30,2023-07-18,CALL,18.0,4450.23,4445.0,44.4,45.0,7.0,0.1018,44.7,0.9988247798428397,ATM
2023-06-30,2023-07-18,CALL,18.0,4450.23,4450.0,41.6,42.2,14.0,0.10136,41.900000000000006,0.9999483172779835,ATM
2023-06-30,2023-07-18,CALL,18.0,4450.23,4455.0,38.6,39.2,4.0,0.10013,38.900000000000006,1.0010718547131272,ATM
2023-06-30,2023-07-18,CALL,18.0,4450.23,4460.0,35.9,36.5,21.0,0.09915,36.2,1.0021953921482711,ATM
2023-06-30,2023-07-18,CALL,18.0,4450.23,4465.0,33.3,34.0,3.0,0.09828,33.65,1.0033189295834148,ATM
2023-06-30,2023-07-18,CALL,18.0,4450.23,4470.0,30.9,31.5,10.0,0.09762,31.2,1.0044424670185588,ATM
2023-06-30,2023-07-18,CALL,18.0,4450.23,4475.0,28.6,29.0,10.0,0.0975,28.8,1.0055660044537025,ATM
2023-06-30,2023-07-18,CALL,18.0,4450.23,4480.0,26.4,26.8,5.0,0.09641,26.6,1.0066895418888462,ATM
2023-06-30,2023-07-18,CALL,18.0,4450.23,4485.0,24.3,24.9,10.0,0.09654,24.6,1.0078130793239901,ATM
2023-06-30,2023-07-18,CALL,18.0,4450.23,4490.0,22.4,23.0,15.0,0.09606,22.7,1.0089366167591338,ATM
2023-06-30,2023-07-18,CALL,18.0,4450.23,4495.0,20.6,21.0,34.0,0.09496,20.8,1.0100601541942777,OTM
2023-06-30,2023-07-18,CALL,18.0,4450.23,4500.0,18.9,19.3,53.0,0.09466,19.1,1.0111836916294215,OTM
2023-06-30,2023-07-18,CALL,18.0,4450.23,4510.0,15.7,18.0,2.0,0.09626,16.85,1.013430766499709,OTM
2023-06-30,2023-07-18,CALL,18.0,4450.23,4520.0,12.7,15.1,4.0,0.09597,13.899999999999999,1.0156778413699967,OTM
2023-06-30,2023-07-18,CALL,18.0,4450.23,4525.0,12.0,12.3,10.0,0.09348,12.15,1.0168013788051404,OTM
2023-06-30,2023-07-18,CALL,18.0,4450.23,4530.0,10.5,11.4,4.0,0.09298,10.95,1.0179249162402844,OTM
2023-06-30,2023-07-18,CALL,18.0,4450.23,4540.0,9.0,9.3,1.0,0.09321,9.15,1.020171991110572,OTM
2023-06-30,2023-07-18,CALL,18.0,4450.23,4550.0,7.4,8.3,3.0,0.09513,7.8500000000000005,1.0224190659808594,OTM
2023-06-30,2023-07-18,CALL,18.0,4450.23,4575.0,4.4,4.8,34.0,0.09387,4.6,1.0280367531565786,OTM
2023-06-30,2023-07-18,CALL,18.0,4450.23,4600.0,2.65,2.9,100.0,0.09508,2.775,1.0336544403322976,OTM
2023-06-30,2023-07-18,CALL,18.0,4450.23,4625.0,1.6,1.75,28.0,0.09731,1.675,1.0392721275080166,OTM
2023-06-30,2023-07-18,CALL,18.0,4450.23,4650.0,0.95,1.1,8.0,0.09931,1.025,1.0448898146837355,OTM
2023-06-30,2023-07-18,CALL,18.0,4450.23,4700.0,0.4,0.55,96.0,0.10672,0.47500000000000003,1.0561251890351735,OTM
2023-06-30,2023-07-18,CALL,18.0,4450.23,4800.0,0.1,0.2,12.0,0.12435,0.15000000000000002,1.0785959377380496,OTM
2023-06-30,2023-07-19,CALL,19.0,4450.23,4120.0,337.9,346.7,1.0,0.24914,342.29999999999995,0.9257948465584925,ITM
2023-06-30,2023-07-19,CALL,19.0,4450.23,4175.0,283.6,290.1,3.0,0.21306,286.85,0.9381537583450744,ITM
2023-06-30,2023-07-19,CALL,19.0,4450.23,4200.0,259.0,266.3,1.0,0.20231,262.65,0.9437714455207934,ITM
2023-06-30,2023-07-19,CALL,19.0,4450.23,4225.0,234.6,241.3,20.0,0.18842,237.95,0.9493891326965124,ITM
2023-06-30,2023-07-19,CALL,19.0,4450.23,4250.0,210.3,216.9,1.0,0.17587,213.60000000000002,0.9550068198722315,ITM
2023-06-30,2023-07-19,CALL,19.0,4450.23,4275.0,186.6,192.4,16.0,0.16344,189.5,0.9606245070479504,ITM
2023-06-30,2023-07-19,CALL,19.0,4450.23,4295.0,167.6,173.4,2.0,0.15441,170.5,0.9651186567885256,ITM
2023-06-30,2023-07-19,CALL,19.0,4450.23,4300.0,162.9,168.7,55.0,0.15307,165.8,0.9662421942236694,ITM
2023-06-30,2023-07-19,CALL,19.0,4450.23,4305.0,158.4,166.7,4.0,0.15575,162.55,0.9673657316588132,ITM
2023-06-30,2023-07-19,CALL,19.0,4450.23,4310.0,153.5,162.0,9.0,0.15373,157.75,0.968489269093957,ITM
2023-06-30,2023-07-19,CALL,19.0,4450.23,4325.0,141.1,148.0,40.0,0.14875,144.55,0.9718598813993884,ITM
2023-06-30,2023-07-19,CALL,19.0,4450.23,4330.0,136.5,142.0,6.0,0.14463,139.25,0.9729834188345322,ITM
2023-06-30,2023-07-19,CALL,19.0,4450.23,4335.0,131.9,137.4,2.0,0.14216,134.65,0.974106956269676,ITM
2023-06-30,2023-07-19,CALL,19.0,4450.23,4340.0,127.3,132.8,16.0,0.1399,130.05,0.9752304937048198,ITM
2023-06-30,2023-07-19,CALL,19.0,4450.23,4345.0,122.8,128.3,17.0,0.13799,125.55000000000001,0.9763540311399637,ITM
2023-06-30,2023-07-19,CALL,19.0,4450.23,4350.0,118.3,123.2,19.0,0.13465,120.75,0.9774775685751075,ITM
2023-06-30,2023-07-19,CALL,19.0,4450.23,4355.0,113.9,118.8,1.0,0.13271,116.35,0.9786011060102513,ITM
2023-06-30,2023-07-19,CALL,19.0,4450.23,4360.0,109.4,116.5,1.0,0.13381,112.95,0.979724643445395,ITM
2023-06-30,2023-07-19,CALL,19.0,4450.23,4365.0,105.0,112.1,3.0,0.13126,108.55,0.9808481808805388,ITM
2023-06-30,2023-07-19,CALL,19.0,4450.23,4370.0,99.9,107.8,1.0,0.12855,103.85,0.9819717183156826,ITM
2023-06-30,2023-07-19,CALL,19.0,4450.23,4375.0,95.7,103.2,36.0,0.12583,99.45,0.9830952557508265,ITM
2023-06-30,2023-07-19,CALL,19.0,4450.23,4380.0,91.6,99.2,1.0,0.12501,95.4,0.9842187931859703,ITM
2023-06-30,2023-07-19,CALL,19.0,4450.23,4385.0,88.2,93.0,1.0,0.12094,90.6,0.9853423306211141,ITM
2023-06-30,2023-07-19,CALL,19.0,4450.23,4390.0,83.7,88.8,12.0,0.11909,86.25,0.9864658680562579,ITM
2023-06-30,2023-07-19,CALL,19.0,4450.23,4395.0,79.8,84.8,2.0,0.1171,82.3,0.9875894054914016,ITM
2023-06-30,2023-07-19,CALL,19.0,4450.23,4400.0,75.8,80.8,1.0,0.11542,78.3,0.9887129429265454,ITM
2023-06-30,2023-07-19,CALL,19.0,4450.23,4405.0,72.0,76.9,10.0,0.11382,74.45,0.9898364803616893,ITM
2023-06-30,2023-07-19,CALL,19.0,4450.23,4410.0,68.2,73.1,12.0,0.11295,70.65,0.9909600177968331,ATM
2023-06-30,2023-07-19,CALL,19.0,4450.23,4415.0,66.3,66.9,114.0,0.11015,66.6,0.9920835552319769,ATM
2023-06-30,2023-07-19,CALL,19.0,4450.23,4420.0,63.1,63.6,18.0,0.10964,63.35,0.9932070926671207,ATM
2023-06-30,2023-07-19,CALL,19.0,4450.23,4425.0,57.6,63.9,6.0,0.11055,60.75,0.9943306301022645,ATM
2023-06-30,2023-07-19,CALL,19.0,4450.23,4430.0,54.3,60.4,12.0,0.1096,57.349999999999994,0.9954541675374082,ATM
2023-06-30,2023-07-19,CALL,19.0,4450.23,4435.0,51.1,57.0,12.0,0.10866,54.05,0.996577704972552,ATM
2023-06-30,2023-07-19,CALL,19.0,4450.23,4440.0,49.7,50.2,1.0,0.10512,49.95,0.9977012424076959,ATM
2023-06-30,2023-07-19,CALL,19.0,4450.23,4445.0,44.9,50.4,103.0,0.10556,47.65,0.9988247798428397,ATM
2023-06-30,2023-07-19,CALL,19.0,4450.23,4450.0,42.0,45.4,40.0,0.10229,43.7,0.9999483172779835,ATM
2023-06-30,2023-07-19,CALL,19.0,4450.23,4455.0,40.5,41.2,2.0,0.10145,40.85,1.0010718547131272,ATM
2023-06-30,2023-07-19,CALL,19.0,4450.23,4460.0,37.8,38.5,5.0,0.1005,38.15,1.0021953921482711,ATM
2023-06-30,2023-07-19,CALL,19.0,4450.23,4465.0,34.3,38.7,1.0,0.10216,36.5,1.0033189295834148,ATM
2023-06-30,2023-07-19,CALL,19.0,4450.23,4470.0,32.6,33.3,21.0,0.09932,32.95,1.0044424670185588,ATM
2023-06-30,2023-07-19,CALL,19.0,4450.23,4475.0,30.4,31.1,78.0,0.09906,30.75,1.0055660044537025,ATM
2023-06-30,2023-07-19,CALL,19.0,4450.23,4480.0,28.2,28.8,2.0,0.09773,28.5,1.0066895418888462,ATM
2023-06-30,2023-07-19,CALL,19.0,4450.23,4490.0,24.1,24.5,10.0,0.09742,24.3,1.0089366167591338,ATM
2023-06-30,2023-07-19,CALL,19.0,4450.23,4500.0,20.4,21.2,49.0,0.09666,20.799999999999997,1.0111836916294215,OTM
2023-06-30,2023-07-19,CALL,19.0,4450.23,4510.0,17.3,17.9,12.0,0.09549,17.6,1.013430766499709,OTM
2023-06-30,2023-07-19,CALL,19.0,4450.23,4520.0,14.0,16.6,10.0,0.09704,15.3,1.0156778413699967,OTM
2023-06-30,2023-07-19,CALL,19.0,4450.23,4525.0,13.3,13.8,5.0,0.09513,13.55,1.0168013788051404,OTM
2023-06-30,2023-07-19,CALL,19.0,4450.23,4550.0,8.4,8.7,19.0,0.09442,8.55,1.0224190659808594,OTM
2023-06-30,2023-07-19,CALL,19.0,4450.23,4600.0,3.2,3.4,61.0,0.09595,3.3,1.0336544403322976,OTM
2023-06-30,2023-07-19,CALL,19.0,4450.23,4700.0,0.5,0.6,2.0,0.10537,0.55,1.0561251890351735,OTM
2023-06-30,2023-07-19,CALL,19.0,4450.23,4800.0,0.1,0.25,4.0,0.12243,0.175,1.0785959377380496,OTM
2023-06-30,2023-07-20,CALL,20.0,4450.23,3600.0,856.6,865.5,2.0,0.52217,861.05,0.8089469533035372,ITM
2023-06-30,2023-07-20,CALL,20.0,4450.23,3700.0,757.0,764.7,10.0,0.46141,760.85,0.8314177020064132,ITM
2023-06-30,2023-07-20,CALL,20.0,4450.23,3900.0,558.1,567.0,1.0,0.36171,562.55,0.8763591994121653,ITM
2023-06-30,2023-07-20,CALL,20.0,4450.23,4075.0,384.2,393.2,1.0,0.26899,388.7,0.9156830096421984,ITM
2023-06-30,2023-07-20,CALL,20.0,4450.23,4100.0,359.5,368.4,5.0,0.25606,363.95,0.9213006968179174,ITM
2023-06-30,2023-07-20,CALL,20.0,4450.23,4125.0,334.7,343.7,1.0,0.24236,339.2,0.9269183839936364,ITM
2023-06-30,2023-07-20,CALL,20.0,4450.23,4140.0,319.9,328.9,9.0,0.2344,324.4,0.9302889962990678,ITM
2023-06-30,2023-07-20,CALL,20.0,4450.23,4150.0,310.1,319.0,10.0,0.22977,314.55,0.9325360711693553,ITM
2023-06-30,2023-07-20,CALL,20.0,4450.23,4175.0,285.5,292.4,73.0,0.21143,288.95,0.9381537583450744,ITM
2023-06-30,2023-07-20,CALL,20.0,4450.23,4180.0,280.6,289.5,11.0,0.21436,285.05,0.9392772957802182,ITM
2023-06-30,2023-07-20,CALL,20.0,4450.23,4200.0,261.1,267.8,2.0,0.1996,264.45000000000005,0.9437714455207934,ITM
2023-06-30,2023-07-20,CALL,20.0,4450.23,4225.0,236.8,244.0,10.0,0.18905,240.4,0.9493891326965124,ITM
2023-06-30,2023-07-20,CALL,20.0,4450.23,4230.0,232.0,238.6,7.0,0.18498,235.3,0.9505126701316562,ITM
2023-06-30,2023-07-20,CALL,20.0,4450.23,4240.0,222.3,228.9,20.0,0.18024,225.60000000000002,0.9527597450019438,ITM
2023-06-30,2023-07-20,CALL,20.0,4450.23,4250.0,210.8,221.4,20.0,0.17672,216.10000000000002,0.9550068198722315,ITM
2023-06-30,2023-07-20,CALL,20.0,4450.23,4265.0,200.1,204.8,1.0,0.17247,202.45,0.9583774321776628,ITM
2023-06-30,2023-07-20,CALL,20.0,4450.23,4275.0,190.6,196.0,1.0,0.17006,193.3,0.9606245070479504,ITM
2023-06-30,2023-07-20,CALL,20.0,4450.23,4280.0,185.8,192.7,2.0,0.17052,189.25,0.9617480444830943,ITM
2023-06-30,2023-07-20,CALL,20.0,4450.23,4290.0,176.3,183.2,1.0,0.1656,179.75,0.9639951193533818,ITM
2023-06-30,2023-07-20,CALL,20.0,4450.23,4300.0,166.9,171.6,2.0,0.15725,169.25,0.9662421942236694,ITM
2023-06-30,2023-07-20,CALL,20.0,4450.23,4310.0,157.5,164.4,1.0,0.15648,160.95,0.968489269093957,ITM
2023-06-30,2023-07-20,CALL,20.0,4450.23,4325.0,143.6,148.5,38.0,0.14638,146.05,0.9718598813993884,ITM
2023-06-30,2023-07-20,CALL,20.0,4450.23,4330.0,139.0,144.6,1.0,0.145,141.8,0.9729834188345322,ITM
2023-06-30,2023-07-20,CALL,20.0,4450.23,4335.0,134.4,140.0,1.0,0.14266,137.2,0.974106956269676,ITM
2023-06-30,2023-07-20,CALL,20.0,4450.23,4340.0,129.9,134.8,1.0,0.13988,132.35000000000002,0.9752304937048198,ITM
2023-06-30,2023-07-20,CALL,20.0,4450.23,4345.0,125.4,131.0,21.0,0.13849,128.2,0.9763540311399637,ITM
2023-06-30,2023-07-20,CALL,20.0,4450.23,4350.0,120.9,128.0,21.0,0.13907,124.45,0.9774775685751075,ITM
2023-06-30,2023-07-20,CALL,20.0,4450.23,4360.0,112.1,119.2,3.0,0.13512,115.65,0.979724643445395,ITM
2023-06-30,2023-07-20,CALL,20.0,4450.23,4365.0,107.7,114.8,25.0,0.13317,111.25,0.9808481808805388,ITM
2023-06-30,2023-07-20,CALL,20.0,4450.23,4370.0,103.4,110.5,1.0,0.13123,106.95,0.9819717183156826,ITM
2023-06-30,2023-07-20,CALL,20.0,4450.23,4375.0,98.7,104.2,1.0,0.12507,101.45,0.9830952557508265,ITM
2023-06-30,2023-07-20,CALL,20.0,4450.23,4380.0,94.4,101.7,2.0,0.12606,98.05000000000001,0.9842187931859703,ITM
2023-06-30,2023-07-20,CALL,20.0,4450.23,4385.0,90.9,95.8,1.0,0.12214,93.35,0.9853423306211141,ITM
2023-06-30,2023-07-20,CALL,20.0,4450.23,4390.0,86.5,93.7,4.0,0.12272,90.1,0.9864658680562579,ITM
2023-06-30,2023-07-20,CALL,20.0,4450.23,4395.0,82.4,87.7,9.0,0.11872,85.05000000000001,0.9875894054914016,ITM
2023-06-30,2023-07-20,CALL,20.0,4450.23,4400.0,78.5,85.7,3.0,0.1193,82.1,0.9887129429265454,ITM
2023-06-30,2023-07-20,CALL,20.0,4450.23,4405.0,74.9,79.8,3.0,0.11554,77.35,0.9898364803616893,ITM
2023-06-30,2023-07-20,CALL,20.0,4450.23,4410.0,71.0,76.0,5.0,0.11389,73.5,0.9909600177968331,ATM
2023-06-30,2023-07-20,CALL,20.0,4450.23,4415.0,69.4,74.1,9.0,0.11759,71.75,0.9920835552319769,ATM
2023-06-30,2023-07-20,CALL,20.0,4450.23,4420.0,65.6,66.4,17.0,0.11092,66.0,0.9932070926671207,ATM
2023-06-30,2023-07-20,CALL,20.0,4450.23,4425.0,60.4,66.8,10.0,0.11295,63.599999999999994,0.9943306301022645,ATM
2023-06-30,2023-07-20,CALL,20.0,4450.23,4430.0,58.7,59.2,9.0,0.10828,58.95,0.9954541675374082,ATM
2023-06-30,2023-07-20,CALL,20.0,4450.23,4435.0,55.2,56.0,4.0,0.10722,55.6,0.996577704972552,ATM
2023-06-30,2023-07-20,CALL,20.0,4450.23,4440.0,50.7,56.4,19.0,0.10882,53.55,0.9977012424076959,ATM
2023-06-30,2023-07-20,CALL,20.0,4450.23,4445.0,49.0,49.6,5.0,0.10521,49.3,0.9988247798428397,ATM
2023-06-30,2023-07-20,CALL,20.0,4450.23,4450.0,45.1,48.2,38.0,0.10547,46.650000000000006,0.9999483172779835,ATM
2023-06-30,2023-07-20,CALL,20.0,4450.23,4455.0,43.1,43.7,1.0,0.10277,43.400000000000006,1.0010718547131272,ATM
2023-06-30,2023-07-20,CALL,20.0,4450.23,4460.0,40.4,41.0,22.0,0.10267,40.7,1.0021953921482711,ATM
2023-06-30,2023-07-20,CALL,20.0,4450.23,4465.0,37.7,38.3,1.0,0.10214,38.0,1.0033189295834148,ATM
2023-06-30,2023-07-20,CALL,20.0,4450.23,4470.0,35.2,35.8,46.0,0.10078,35.5,1.0044424670185588,ATM
2023-06-30,2023-07-20,CALL,20.0,4450.23,4475.0,32.8,33.4,35.0,0.10082,33.099999999999994,1.0055660044537025,ATM
2023-06-30,2023-07-20,CALL,20.0,4450.23,4480.0,30.5,31.2,12.0,0.10003,30.85,1.0066895418888462,ATM
2023-06-30,2023-07-20,CALL,20.0,4450.23,4490.0,24.8,29.1,2.0,0.09999,26.950000000000003,1.0089366167591338,ATM
2023-06-30,2023-07-20,CALL,20.0,4450.23,4500.0,22.6,23.0,23.0,0.09815,22.8,1.0111836916294215,OTM
2023-06-30,2023-07-20,CALL,20.0,4450.23,4510.0,19.2,19.8,24.0,0.09761,19.5,1.013430766499709,OTM
2023-06-30,2023-07-20,CALL,20.0,4450.23,4520.0,16.2,16.8,80.0,0.09703,16.5,1.0156778413699967,OTM
2023-06-30,2023-07-20,CALL,20.0,4450.23,4525.0,14.9,15.7,10.0,0.09736,15.3,1.0168013788051404,OTM
2023-06-30,2023-07-20,CALL,20.0,4450.23,4550.0,9.7,10.0,1.0,0.09593,9.85,1.0224190659808594,OTM
2023-06-30,2023-07-20,CALL,20.0,4450.23,4575.0,6.1,6.4,12.0,0.09583,6.25,1.0280367531565786,OTM
2023-06-30,2023-07-20,CALL,20.0,4450.23,4600.0,3.9,4.1,73.0,0.09789,4.0,1.0336544403322976,OTM
2023-06-30,2023-07-20,CALL,20.0,4450.23,4650.0,1.5,1.65,7.0,0.10069,1.575,1.0448898146837355,OTM
2023-06-30,2023-07-20,CALL,20.0,4450.23,4700.0,0.6,0.75,5.0,0.1056,0.675,1.0561251890351735,OTM
2023-06-30,2023-07-21,CALL,21.0,4450.23,3575.0,879.6,896.1,1.0,0.54316,887.85,0.8033292661278182,ITM
2023-06-30,2023-07-21,CALL,21.0,4450.23,3580.0,875.0,887.5,2.0,0.52388,881.25,0.804452803562962,ITM
2023-06-30,2023-07-21,CALL,21.0,4450.23,3590.0,865.1,877.5,2.0,0.51856,871.3,0.8066998784332496,ITM
2023-06-30,2023-07-21,CALL,21.0,4450.23,3600.0,854.7,866.7,2.0,0.50511,860.7,0.8089469533035372,ITM
2023-06-30,2023-07-21,CALL,21.0,4450.23,3610.0,845.2,857.3,2.0,0.50574,851.25,0.8111940281738248,ITM
2023-06-30,2023-07-21,CALL,21.0,4450.23,3620.0,835.2,847.3,1.0,0.49969,841.25,0.8134411030441124,ITM
2023-06-30,2023-07-21,CALL,21.0,4450.23,3625.0,830.2,842.3,25.0,0.49755,836.25,0.8145646404792563,ITM
2023-06-30,2023-07-21,CALL,21.0,4450.23,3630.0,825.2,837.3,1.0,0.49479,831.25,0.8156881779144,ITM
2023-06-30,2023-07-21,CALL,21.0,4450.23,3640.0,815.3,827.3,2.0,0.48925,821.3,0.8179352527846876,ITM
2023-06-30,2023-07-21,CALL,21.0,4450.23,3650.0,805.0,817.0,1.0,0.47951,811.0,0.8201823276549752,ITM
2023-06-30,2023-07-21,CALL,21.0,4450.23,3660.0,795.4,807.3,1.0,0.47813,801.3499999999999,0.8224294025252629,ITM
2023-06-30,2023-07-21,CALL,21.0,4450.23,3670.0,785.4,797.3,3.0,0.47167,791.3499999999999,0.8246764773955504,ITM
2023-06-30,2023-07-21,CALL,21.0,4450.23,3675.0,780.5,792.3,33.0,0.46945,786.4,0.8258000148306942,ITM
2023-06-30,2023-07-21,CALL,21.0,4450.23,3680.0,775.2,791.6,29.0,0.48682,783.4000000000001,0.826923552265838,ITM
2023-06-30,2023-07-21,CALL,21.0,4450.23,3690.0,765.5,777.4,10.0,0.46171,771.45,0.8291706271361257,ITM
2023-06-30,2023-07-21,CALL,21.0,4450.23,3700.0,755.2,767.4,2.0,0.45481,761.3,0.8314177020064132,ITM
2023-06-30,2023-07-21,CALL,21.0,4450.23,3710.0,745.6,758.5,1.0,0.45601,752.05,0.8336647768767008,ITM
2023-06-30,2023-07-21,CALL,21.0,4450.23,3715.0,740.7,756.3,1.0,0.4672,748.5,0.8347883143118446,ITM
2023-06-30,2023-07-21,CALL,21.0,4450.23,3720.0,735.7,747.4,2.0,0.44519,741.55,0.8359118517469885,ITM
2023-06-30,2023-07-21,CALL,21.0,4450.23,3725.0,730.7,742.4,10.0,0.44252,736.55,0.8370353891821323,ITM
2023-06-30,2023-07-21,CALL,21.0,4450.23,3730.0,725.7,737.4,10.0,0.43941,731.55,0.8381589266172761,ITM
2023-06-30,2023-07-21,CALL,21.0,4450.23,3735.0,720.4,736.9,9.0,0.45678,728.65,0.8392824640524198,ITM
2023-06-30,2023-07-21,CALL,21.0,4450.23,3740.0,715.8,727.5,1.0,0.43478,721.65,0.8404060014875636,ITM
2023-06-30,2023-07-21,CALL,21.0,4450.23,3745.0,710.5,726.9,10.0,0.45105,718.7,0.8415295389227074,ITM
2023-06-30,2023-07-21,CALL,21.0,4450.23,3750.0,705.5,717.5,22.0,0.42758,711.5,0.8426530763578512,ITM
2023-06-30,2023-07-21,CALL,21.0,4450.23,3760.0,695.9,707.5,1.0,0.42392,701.7,0.8449001512281389,ITM
2023-06-30,2023-07-21,CALL,21.0,4450.23,3765.0,690.6,707.1,14.0,0.44022,698.85,0.8460236886632827,ITM
2023-06-30,2023-07-21,CALL,21.0,4450.23,3770.0,685.6,702.1,1.0,0.43751,693.85,0.8471472260984264,ITM
2023-06-30,2023-07-21,CALL,21.0,4450.23,3775.0,680.6,697.1,2.0,0.43493,688.85,0.8482707635335702,ITM
2023-06-30,2023-07-21,CALL,21.0,4450.23,3780.0,675.7,692.1,1.0,0.43239,683.9000000000001,0.849394300968714,ITM
2023-06-30,2023-07-21,CALL,21.0,4450.23,3785.0,671.0,682.5,1.0,0.41045,676.75,0.8505178384038579,ITM
2023-06-30,2023-07-21,CALL,21.0,4450.23,3790.0,666.1,677.5,1.0,0.40774,671.8,0.8516413758390017,ITM
2023-06-30,2023-07-21,CALL,21.0,4450.23,3795.0,660.7,677.2,1.0,0.42421,668.95,0.8527649132741455,ITM
2023-06-30,2023-07-21,CALL,21.0,4450.23,3800.0,655.7,667.4,75.0,0.39967,661.55,0.8538884507092893,ITM
2023-06-30,2023-07-21,CALL,21.0,4450.23,3810.0,645.7,662.3,1.0,0.41565,654.0,0.8561355255795768,ITM
2023-06-30,2023-07-21,CALL,21.0,4450.23,3820.0,636.2,647.6,1.0,0.39148,641.9000000000001,0.8583826004498645,ITM
2023-06-30,2023-07-21,CALL,21.0,4450.23,3825.0,631.3,642.6,4.0,0.38909,636.95,0.8595061378850083,ITM
2023-06-30,2023-07-21,CALL,21.0,4450.23,3830.0,626.3,637.6,4.0,0.38681,631.95,0.8606296753201521,ITM
2023-06-30,2023-07-21,CALL,21.0,4450.23,3835.0,621.0,637.4,2.0,0.40313,629.2,0.8617532127552959,ITM
2023-06-30,2023-07-21,CALL,21.0,4450.23,3840.0,616.3,628.7,1.0,0.38583,622.5,0.8628767501904396,ITM
2023-06-30,2023-07-21,CALL,21.0,4450.23,3845.0,611.4,622.6,1.0,0.3785,617.0,0.8640002876255835,ITM
2023-06-30,2023-07-21,CALL,21.0,4450.23,3850.0,606.1,618.0,31.0,0.37589,612.05,0.8651238250607273,ITM
2023-06-30,2023-07-21,CALL,21.0,4450.23,3855.0,601.4,613.8,3.0,0.3781,607.5999999999999,0.8662473624958711,ITM
2023-06-30,2023-07-21,CALL,21.0,4450.23,3860.0,596.5,607.7,1.0,0.37101,602.1,0.8673708999310149,ITM
2023-06-30,2023-07-21,CALL,21.0,4450.23,3865.0,591.5,602.7,66.0,0.36833,597.1,0.8684944373661587,ITM
2023-06-30,2023-07-21,CALL,21.0,4450.23,3870.0,586.5,598.8,4.0,0.37031,592.65,0.8696179748013025,ITM
2023-06-30,2023-07-21,CALL,21.0,4450.23,3875.0,581.6,592.7,14.0,0.36348,587.1500000000001,0.8707415122364462,ITM
2023-06-30,2023-07-21,CALL,21.0,4450.23,3880.0,576.2,592.7,1.0,0.37867,584.45,0.8718650496715901,ITM
2023-06-30,2023-07-21,CALL,21.0,4450.23,3885.0,571.6,582.7,2.0,0.35703,577.1500000000001,0.8729885871067339,ITM
2023-06-30,2023-07-21,CALL,21.0,4450.23,3890.0,566.2,582.8,1.0,0.37348,574.5,0.8741121245418777,ITM
2023-06-30,2023-07-21,CALL,21.0,4450.23,3900.0,557.1,568.1,7.0,0.35227,562.6,0.8763591994121653,ITM
2023-06-30,2023-07-21,CALL,21.0,4450.23,3905.0,551.7,562.8,1.0,0.34727,557.25,0.8774827368473092,ITM
2023-06-30,2023-07-21,CALL,21.0,4450.23,3910.0,546.8,558.9,1.0,0.34901,552.8499999999999,0.8786062742824529,ITM
2023-06-30,2023-07-21,CALL,21.0,4450.23,3915.0,541.8,552.8,1.0,0.3413,547.3,0.8797298117175967,ITM
2023-06-30,2023-07-21,CALL,21.0,4450.23,3920.0,536.8,547.8,1.0,0.33939,542.3,0.8808533491527405,ITM
2023-06-30,2023-07-21,CALL,21.0,4450.23,3925.0,531.9,542.8,10.0,0.33648,537.3499999999999,0.8819768865878843,ITM
2023-06-30,2023-07-21,CALL,21.0,4450.23,3930.0,526.9,537.9,3.0,0.33389,532.4,0.8831004240230281,ITM
2023-06-30,2023-07-21,CALL,21.0,4450.23,3935.0,521.9,532.9,10.0,0.33089,527.4,0.884223961458172,ITM
2023-06-30,2023-07-21,CALL,21.0,4450.23,3940.0,517.0,527.9,3.0,0.32867,522.45,0.8853474988933158,ITM
2023-06-30,2023-07-21,CALL,21.0,4450.23,3945.0,512.0,522.9,1.0,0.32604,517.45,0.8864710363284595,ITM
2023-06-30,2023-07-21,CALL,21.0,4450.23,3950.0,507.5,518.1,2.0,0.3265,512.8,0.8875945737636033,ITM
2023-06-30,2023-07-21,CALL,21.0,4450.23,3955.0,502.1,512.9,3.0,0.32101,507.5,0.8887181111987471,ITM
2023-06-30,2023-07-21,CALL,21.0,4450.23,3960.0,497.1,507.9,10.0,0.31797,502.5,0.8898416486338909,ITM
2023-06-30,2023-07-21,CALL,21.0,4450.23,3965.0,492.1,502.9,13.0,0.31523,497.5,0.8909651860690347,ITM
2023-06-30,2023-07-21,CALL,21.0,4450.23,3970.0,487.2,498.0,1.0,0.3128,492.6,0.8920887235041786,ITM
2023-06-30,2023-07-21,CALL,21.0,4450.23,3975.0,482.5,493.2,16.0,0.31251,487.85,0.8932122609393224,ITM
2023-06-30,2023-07-21,CALL,21.0,4450.23,3980.0,477.2,488.0,2.0,0.3079,482.6,0.8943357983744661,ITM
2023-06-30,2023-07-21,CALL,21.0,4450.23,3985.0,472.3,483.9,1.0,0.30836,478.1,0.8954593358096099,ITM
2023-06-30,2023-07-21,CALL,21.0,4450.23,3990.0,467.0,483.4,10.0,0.32057,475.2,0.8965828732447537,ITM
2023-06-30,2023-07-21,CALL,21.0,4450.23,3995.0,462.4,473.0,4.0,0.29966,467.7,0.8977064106798975,ITM
2023-06-30,2023-07-21,CALL,21.0,4450.23,4000.0,458.0,468.5,232.0,0.30092,463.25,0.8988299481150414,ITM
2023-06-30,2023-07-21,CALL,21.0,4450.23,4005.0,452.4,463.1,6.0,0.29492,457.75,0.8999534855501852,ITM
2023-06-30,2023-07-21,CALL,21.0,4450.23,4010.0,447.1,463.6,1.0,0.30946,455.35,0.901077022985329,ITM
2023-06-30,2023-07-21,CALL,21.0,4450.23,4015.0,442.1,458.6,1.0,0.30688,450.35,0.9022005604204727,ITM
2023-06-30,2023-07-21,CALL,21.0,4450.23,4020.0,437.5,448.1,3.0,0.28691,442.8,0.9033240978556165,ITM
2023-06-30,2023-07-21,CALL,21.0,4450.23,4025.0,432.2,448.7,2.0,0.30169,440.45,0.9044476352907603,ITM
2023-06-30,2023-07-21,CALL,21.0,4450.23,4030.0,427.6,438.2,1.0,0.28188,432.9,0.9055711727259041,ITM
2023-06-30,2023-07-21,CALL,21.0,4450.23,4035.0,422.7,433.2,1.0,0.27915,427.95,0.906694710161048,ITM
2023-06-30,2023-07-21,CALL,21.0,4450.23,4040.0,417.3,429.6,51.0,0.27977,423.45000000000005,0.9078182475961918,ITM
2023-06-30,2023-07-21,CALL,21.0,4450.23,4045.0,412.4,428.8,2.0,0.29114,420.6,0.9089417850313356,ITM
2023-06-30,2023-07-21,CALL,21.0,4450.23,4050.0,408.1,418.8,2.0,0.27427,413.45000000000005,0.9100653224664793,ITM
2023-06-30,2023-07-21,CALL,21.0,4450.23,4055.0,402.8,413.3,1.0,0.26845,408.05,0.9111888599016231,ITM
2023-06-30,2023-07-21,CALL,21.0,4450.23,4060.0,397.9,408.3,1.0,0.26594,403.1,0.912312397336767,ITM
2023-06-30,2023-07-21,CALL,21.0,4450.23,4065.0,392.6,409.0,1.0,0.28061,400.8,0.9134359347719108,ITM
2023-06-30,2023-07-21,CALL,21.0,4450.23,4070.0,388.6,399.1,1.0,0.26565,393.85,0.9145594722070546,ITM
2023-06-30,2023-07-21,CALL,21.0,4450.23,4075.0,383.6,394.1,1.0,0.26215,388.85,0.9156830096421984,ITM
2023-06-30,2023-07-21,CALL,21.0,4450.23,4080.0,378.1,388.4,2.0,0.25602,383.25,0.9168065470773421,ITM
2023-06-30,2023-07-21,CALL,21.0,4450.23,4085.0,372.7,389.2,30.0,0.26909,380.95,0.9179300845124859,ITM
2023-06-30,2023-07-21,CALL,21.0,4450.23,4090.0,368.2,378.5,1.0,0.25112,373.35,0.9190536219476297,ITM
2023-06-30,2023-07-21,CALL,21.0,4450.23,4095.0,362.9,379.3,5.0,0.26383,371.1,0.9201771593827736,ITM
2023-06-30,2023-07-21,CALL,21.0,4450.23,4100.0,359.6,369.4,1.0,0.25235,364.5,0.9213006968179174,ITM
2023-06-30,2023-07-21,CALL,21.0,4450.23,4105.0,353.3,369.4,1.0,0.25959,361.35,0.9224242342530612,ITM
2023-06-30,2023-07-21,CALL,21.0,4450.23,4110.0,348.4,358.7,1.0,0.24027,353.54999999999995,0.923547771688205,ITM
2023-06-30,2023-07-21,CALL,21.0,4450.23,4115.0,343.1,359.5,1.0,0.2532,351.3,0.9246713091233487,ITM
2023-06-30,2023-07-21,CALL,21.0,4450.23,4120.0,338.5,348.8,50.0,0.23599,343.65,0.9257948465584925,ITM
2023-06-30,2023-07-21,CALL,21.0,4450.23,4125.0,334.3,344.7,1.0,0.23741,339.5,0.9269183839936364,ITM
2023-06-30,2023-07-21,CALL,21.0,4450.23,4130.0,328.7,338.9,1.0,0.23063,333.79999999999995,0.9280419214287802,ITM
2023-06-30,2023-07-21,CALL,21.0,4450.23,4135.0,323.7,333.9,1.0,0.2274,328.79999999999995,0.929165458863924,ITM
2023-06-30,2023-07-21,CALL,21.0,4450.23,4140.0,318.4,334.8,2.0,0.24089,326.6,0.9302889962990678,ITM
2023-06-30,2023-07-21,CALL,21.0,4450.23,4145.0,313.5,329.9,24.0,0.23791,321.7,0.9314125337342116,ITM
2023-06-30,2023-07-21,CALL,21.0,4450.23,4150.0,308.6,320.4,17.0,0.22287,314.5,0.9325360711693553,ITM
2023-06-30,2023-07-21,CALL,21.0,4450.23,4155.0,303.7,313.9,1.0,0.21604,308.79999999999995,0.9336596086044991,ITM
2023-06-30,2023-07-21,CALL,21.0,4450.23,4160.0,298.7,310.5,50.0,0.21786,304.6,0.934783146039643,ITM
2023-06-30,2023-07-21,CALL,21.0,4450.23,4165.0,294.2,305.1,101.0,0.21536,299.65,0.9359066834747868,ITM
2023-06-30,2023-07-21,CALL,21.0,4450.23,4170.0,288.9,299.1,1.0,0.20834,294.0,0.9370302209099306,ITM
2023-06-30,2023-07-21,CALL,21.0,4450.23,4175.0,284.0,295.8,1.0,0.21076,289.9,0.9381537583450744,ITM
2023-06-30,2023-07-21,CALL,21.0,4450.23,4180.0,279.5,289.5,1.0,0.2059,284.5,0.9392772957802182,ITM
2023-06-30,2023-07-21,CALL,21.0,4450.23,4185.0,274.2,284.3,1.0,0.20185,279.25,0.9404008332153619,ITM
2023-06-30,2023-07-21,CALL,21.0,4450.23,4190.0,269.8,279.7,2.0,0.20135,274.75,0.9415243706505058,ITM
2023-06-30,2023-07-21,CALL,21.0,4450.23,4195.0,264.5,274.5,1.0,0.19665,269.5,0.9426479080856496,ITM
2023-06-30,2023-07-21,CALL,21.0,4450.23,4200.0,260.8,271.1,3.0,0.2015,265.95000000000005,0.9437714455207934,ITM
2023-06-30,2023-07-21,CALL,21.0,4450.23,4205.0,254.7,271.0,1.0,0.20699,262.85,0.9448949829559372,ITM
2023-06-30,2023-07-21,CALL,21.0,4450.23,4210.0,249.8,259.8,2.0,0.18966,254.8,0.946018520391081,ITM
2023-06-30,2023-07-21,CALL,21.0,4450.23,4215.0,245.0,261.2,1.0,0.20165,253.1,0.9471420578262248,ITM
2023-06-30,2023-07-21,CALL,21.0,4450.23,4220.0,240.1,250.0,1.0,0.18504,245.05,0.9482655952613686,ITM
2023-06-30,2023-07-21,CALL,21.0,4450.23,4225.0,236.6,246.8,2.0,0.18955,241.7,0.9493891326965124,ITM
2023-06-30,2023-07-21,CALL,21.0,4450.23,4230.0,230.5,240.3,1.0,0.18045,235.4,0.9505126701316562,ITM
2023-06-30,2023-07-21,CALL,21.0,4450.23,4235.0,225.6,235.5,18.0,0.17859,230.55,0.9516362075668,ITM
2023-06-30,2023-07-21,CALL,21.0,4450.23,4240.0,220.8,230.6,36.0,0.17563,225.7,0.9527597450019438,ITM
2023-06-30,2023-07-21,CALL,21.0,4450.23,4245.0,216.0,225.8,1.0,0.17358,220.9,0.9538832824370876,ITM
2023-06-30,2023-07-21,CALL,21.0,4450.23,4250.0,211.2,222.2,1.0,0.17448,216.7,0.9550068198722315,ITM
2023-06-30,2023-07-21,CALL,21.0,4450.23,4255.0,206.4,216.1,12.0,0.16916,211.25,0.9561303573073752,ITM
2023-06-30,2023-07-21,CALL,21.0,4450.23,4260.0,202.7,213.3,1.0,0.17392,208.0,0.957253894742519,ITM
2023-06-30,2023-07-21,CALL,21.0,4450.23,4265.0,197.9,208.6,40.0,0.17158,203.25,0.9583774321776628,ITM
2023-06-30,2023-07-21,CALL,21.0,4450.23,4270.0,192.8,203.3,1.0,0.16718,198.05,0.9595009696128066,ITM
2023-06-30,2023-07-21,CALL,21.0,4450.23,4275.0,188.9,198.8,2.0,0.16708,193.85000000000002,0.9606245070479504,ITM
2023-06-30,2023-07-21,CALL,21.0,4450.23,4280.0,183.3,193.8,1.0,0.16315,188.55,0.9617480444830943,ITM
2023-06-30,2023-07-21,CALL,21.0,4450.23,4285.0,178.6,188.4,2.0,0.15957,183.5,0.9628715819182381,ITM
2023-06-30,2023-07-21,CALL,21.0,4450.23,4290.0,173.9,182.9,1.0,0.15648,178.4,0.9639951193533818,ITM
2023-06-30,2023-07-21,CALL,21.0,4450.23,4295.0,169.2,182.7,6.0,0.16178,175.95,0.9651186567885256,ITM
2023-06-30,2023-07-21,CALL,21.0,4450.23,4300.0,164.5,175.6,74.0,0.15519,170.05,0.9662421942236694,ITM
2023-06-30,2023-07-21,CALL,21.0,4450.23,4305.0,159.9,169.9,6.0,0.15207,164.9,0.9673657316588132,ITM
2023-06-30,2023-07-21,CALL,21.0,4450.23,4310.0,155.5,165.3,2.0,0.15002,160.4,0.968489269093957,ITM
2023-06-30,2023-07-21,CALL,21.0,4450.23,4315.0,151.3,160.9,51.0,0.14906,156.10000000000002,0.9696128065291009,ITM
2023-06-30,2023-07-21,CALL,21.0,4450.23,4320.0,148.8,157.0,9.0,0.15178,152.9,0.9707363439642447,ITM
2023-06-30,2023-07-21,CALL,21.0,4450.23,4325.0,144.2,150.8,14.0,0.14694,147.5,0.9718598813993884,ITM
2023-06-30,2023-07-21,CALL,21.0,4450.23,4330.0,139.6,146.3,40.0,0.14468,142.95,0.9729834188345322,ITM
2023-06-30,2023-07-21,CALL,21.0,4450.23,4335.0,130.8,145.1,1.0,0.14182,137.95,0.974106956269676,ITM
2023-06-30,2023-07-21,CALL,21.0,4450.23,4340.0,130.6,137.7,149.0,0.14208,134.14999999999998,0.9752304937048198,ITM
2023-06-30,2023-07-21,CALL,21.0,4450.23,4345.0,126.1,133.1,554.0,0.13974,129.6,0.9763540311399637,ITM
2023-06-30,2023-07-21,CALL,21.0,4450.23,4350.0,118.9,129.0,318.0,0.13367,123.95,0.9774775685751075,ITM
2023-06-30,2023-07-21,CALL,21.0,4450.23,4355.0,115.0,128.6,1.0,0.13858,121.8,0.9786011060102513,ITM
2023-06-30,2023-07-21,CALL,21.0,4450.23,4360.0,110.5,121.1,306.0,0.13214,115.8,0.979724643445395,ITM
2023-06-30,2023-07-21,CALL,21.0,4450.23,4365.0,106.6,113.6,12.0,0.1262,110.1,0.9808481808805388,ITM
2023-06-30,2023-07-21,CALL,21.0,4450.23,4370.0,102.5,109.4,8.0,0.12425,105.95,0.9819717183156826,ITM
2023-06-30,2023-07-21,CALL,21.0,4450.23,4375.0,99.2,105.4,136.0,0.12416,102.30000000000001,0.9830952557508265,ITM
2023-06-30,2023-07-21,CALL,21.0,4450.23,4380.0,94.4,102.8,54.0,0.12415,98.6,0.9842187931859703,ITM
2023-06-30,2023-07-21,CALL,21.0,4450.23,4385.0,93.2,94.3,1.0,0.12082,93.75,0.9853423306211141,ITM
2023-06-30,2023-07-21,CALL,21.0,4450.23,4390.0,89.3,90.3,5.0,0.11884,89.8,0.9864658680562579,ITM
2023-06-30,2023-07-21,CALL,21.0,4450.23,4395.0,85.2,86.3,22.0,0.1176,85.75,0.9875894054914016,ITM
2023-06-30,2023-07-21,CALL,21.0,4450.23,4400.0,81.4,82.4,572.0,0.11644,81.9,0.9887129429265454,ITM
2023-06-30,2023-07-21,CALL,21.0,4450.23,4405.0,77.5,78.5,32.0,0.11432,78.0,0.9898364803616893,ITM
2023-06-30,2023-07-21,CALL,21.0,4450.23,4410.0,73.8,74.7,110.0,0.11284,74.25,0.9909600177968331,ATM
2023-06-30,2023-07-21,CALL,21.0,4450.23,4415.0,70.0,71.0,12.0,0.11178,70.5,0.9920835552319769,ATM
2023-06-30,2023-07-21,CALL,21.0,4450.23,4420.0,66.5,67.4,322.0,0.11022,66.95,0.9932070926671207,ATM
2023-06-30,2023-07-21,CALL,21.0,4450.23,4425.0,63.0,63.9,15.0,0.10932,63.45,0.9943306301022645,ATM
2023-06-30,2023-07-21,CALL,21.0,4450.23,4430.0,59.6,60.4,6.0,0.10787,60.0,0.9954541675374082,ATM
2023-06-30,2023-07-21,CALL,21.0,4450.23,4435.0,56.2,57.1,18.0,0.10706,56.650000000000006,0.996577704972552,ATM
2023-06-30,2023-07-21,CALL,21.0,4450.23,4440.0,50.8,56.7,177.0,0.10668,53.75,0.9977012424076959,ATM
2023-06-30,2023-07-21,CALL,21.0,4450.23,4445.0,49.9,50.7,34.0,0.10522,50.3,0.9988247798428397,ATM
2023-06-30,2023-07-21,CALL,21.0,4450.23,4450.0,46.4,50.4,4251.0,0.10681,48.4,0.9999483172779835,ATM
2023-06-30,2023-07-21,CALL,21.0,4450.23,4455.0,44.0,44.8,26.0,0.10336,44.4,1.0010718547131272,ATM
2023-06-30,2023-07-21,CALL,21.0,4450.23,4460.0,41.2,41.9,135.0,0.10156,41.55,1.0021953921482711,ATM
2023-06-30,2023-07-21,CALL,21.0,4450.23,4465.0,38.6,39.3,7.0,0.1018,38.95,1.0033189295834148,ATM
2023-06-30,2023-07-21,CALL,21.0,4450.23,4470.0,36.0,36.7,50.0,0.10022,36.35,1.0044424670185588,ATM
2023-06-30,2023-07-21,CALL,21.0,4450.23,4475.0,33.6,34.3,1445.0,0.10012,33.95,1.0055660044537025,ATM
2023-06-30,2023-07-21,CALL,21.0,4450.23,4480.0,31.3,31.9,30.0,0.09938,31.6,1.0066895418888462,ATM
2023-06-30,2023-07-21,CALL,21.0,4450.23,4485.0,29.1,29.8,266.0,0.09916,29.450000000000003,1.0078130793239901,ATM
2023-06-30,2023-07-21,CALL,21.0,4450.23,4490.0,25.1,29.9,284.0,0.09895,27.5,1.0089366167591338,ATM
2023-06-30,2023-07-21,CALL,21.0,4450.23,4495.0,25.1,25.7,12.0,0.09756,25.4,1.0100601541942777,OTM
2023-06-30,2023-07-21,CALL,21.0,4450.23,4500.0,22.0,25.8,3019.0,0.09847,23.9,1.0111836916294215,OTM
2023-06-30,2023-07-21,CALL,21.0,4450.23,4505.0,21.5,22.1,23.0,0.09712,21.8,1.0123072290645654,OTM
2023-06-30,2023-07-21,CALL,21.0,4450.23,4510.0,19.9,20.5,46.0,0.09665,20.2,1.013430766499709,OTM
2023-06-30,2023-07-21,CALL,21.0,4450.23,4515.0,17.2,19.0,198.0,0.09547,18.1,1.0145543039348528,OTM
2023-06-30,2023-07-21,CALL,21.0,4450.23,4520.0,16.9,17.4,52.0,0.0962,17.15,1.0156778413699967,OTM
2023-06-30,2023-07-21,CALL,21.0,4450.23,4525.0,14.7,17.4,1194.0,0.09707,16.049999999999997,1.0168013788051404,OTM
2023-06-30,2023-07-21,CALL,21.0,4450.23,4530.0,14.3,14.7,3.0,0.09524,14.5,1.0179249162402844,OTM
2023-06-30,2023-07-21,CALL,21.0,4450.23,4535.0,12.4,14.4,15.0,0.09522,13.4,1.019048453675428,OTM
2023-06-30,2023-07-21,CALL,21.0,4450.23,4540.0,12.1,12.5,15.0,0.09547,12.3,1.020171991110572,OTM
2023-06-30,2023-07-21,CALL,21.0,4450.23,4545.0,10.5,12.6,23.0,0.09622,11.55,1.0212955285457157,OTM
2023-06-30,2023-07-21,CALL,21.0,4450.23,4550.0,10.2,10.6,1084.0,0.09518,10.399999999999999,1.0224190659808594,OTM
2023-06-30,2023-07-21,CALL,21.0,4450.23,4555.0,8.8,10.0,15.0,0.09527,9.4,1.0235426034160033,OTM
2023-06-30,2023-07-21,CALL,21.0,4450.23,4560.0,8.0,9.3,13.0,0.09551,8.65,1.024666140851147,OTM
2023-06-30,2023-07-21,CALL,21.0,4450.23,4565.0,7.3,8.8,8.0,0.09623,8.05,1.025789678286291,OTM
2023-06-30,2023-07-21,CALL,21.0,4450.23,4570.0,7.1,7.5,41.0,0.09521,7.3,1.0269132157214347,OTM
2023-06-30,2023-07-21,CALL,21.0,4450.23,4575.0,6.5,6.8,144.0,0.09562,6.65,1.0280367531565786,OTM
2023-06-30,2023-07-21,CALL,21.0,4450.23,4580.0,5.9,6.3,8.0,0.09594,6.1,1.0291602905917223,OTM
2023-06-30,2023-07-21,CALL,21.0,4450.23,4585.0,5.1,6.1,10.0,0.09645,5.6,1.030283828026866,OTM
2023-06-30,2023-07-21,CALL,21.0,4450.23,4590.0,4.6,5.4,10.0,0.09615,5.0,1.03140736546201,OTM
2023-06-30,2023-07-21,CALL,21.0,4450.23,4595.0,4.2,5.2,124.0,0.09684,4.7,1.0325309028971537,OTM
2023-06-30,2023-07-21,CALL,21.0,4450.23,4600.0,4.1,4.4,2810.0,0.09661,4.25,1.0336544403322976,OTM
2023-06-30,2023-07-21,CALL,21.0,4450.23,4605.0,3.7,4.0,1.0,0.09625,3.85,1.0347779777674413,OTM
2023-06-30,2023-07-21,CALL,21.0,4450.23,4610.0,3.3,3.7,32.0,0.09656,3.5,1.0359015152025852,OTM
2023-06-30,2023-07-21,CALL,21.0,4450.23,4615.0,3.1,3.5,1.0,0.09812,3.3,1.037025052637729,OTM
2023-06-30,2023-07-21,CALL,21.0,4450.23,4620.0,2.6,3.2,21.0,0.09695,2.9000000000000004,1.0381485900728726,OTM
2023-06-30,2023-07-21,CALL,21.0,4450.23,4625.0,2.6,2.8,2.0,0.09753,2.7,1.0392721275080166,OTM
2023-06-30,2023-07-21,CALL,21.0,4450.23,4630.0,2.35,2.55,30.0,0.09844,2.45,1.0403956649431603,OTM
2023-06-30,2023-07-21,CALL,21.0,4450.23,4635.0,2.1,2.35,2.0,0.09783,2.225,1.0415192023783042,OTM
2023-06-30,2023-07-21,CALL,21.0,4450.23,4640.0,1.9,2.15,32.0,0.099,2.025,1.042642739813448,OTM
2023-06-30,2023-07-21,CALL,21.0,4450.23,4645.0,1.8,1.95,50.0,0.09872,1.875,1.0437662772485918,OTM
2023-06-30,2023-07-21,CALL,21.0,4450.23,4650.0,1.65,1.8,22.0,0.09932,1.725,1.0448898146837355,OTM
2023-06-30,2023-07-21,CALL,21.0,4450.23,4655.0,1.45,1.65,211.0,0.09995,1.5499999999999998,1.0460133521188792,OTM
2023-06-30,2023-07-21,CALL,21.0,4450.23,4660.0,1.35,1.45,5.0,0.09994,1.4,1.0471368895540232,OTM
2023-06-30,2023-07-21,CALL,21.0,4450.23,4665.0,1.15,1.4,79.0,0.10046,1.275,1.0482604269891669,OTM
2023-06-30,2023-07-21,CALL,21.0,4450.23,4670.0,1.1,1.3,15.0,0.10106,1.2000000000000002,1.0493839644243108,OTM
2023-06-30,2023-07-21,CALL,21.0,4450.23,4675.0,1.0,1.15,1.0,0.10116,1.075,1.0505075018594545,OTM
2023-06-30,2023-07-21,CALL,21.0,4450.23,4680.0,0.95,1.1,1.0,0.10228,1.025,1.0516310392945984,OTM
2023-06-30,2023-07-21,CALL,21.0,4450.23,4685.0,0.85,1.0,8.0,0.10276,0.925,1.0527545767297422,OTM
2023-06-30,2023-07-21,CALL,21.0,4450.23,4690.0,0.75,0.9,2.0,0.10289,0.825,1.0538781141648859,OTM
2023-06-30,2023-07-21,CALL,21.0,4450.23,4700.0,0.65,0.75,2563.0,0.10319,0.7,1.0561251890351735,OTM
2023-06-30,2023-07-21,CALL,21.0,4450.23,4710.0,0.55,0.7,6.0,0.10531,0.625,1.0583722639054611,OTM
2023-06-30,2023-07-21,CALL,21.0,4450.23,4720.0,0.45,0.55,2.0,0.10559,0.5,1.0606193387757488,OTM
2023-06-30,2023-07-21,CALL,21.0,4450.23,4725.0,0.4,0.55,70.0,0.10637,0.47500000000000003,1.0617428762108925,OTM
2023-06-30,2023-07-21,CALL,21.0,4450.23,4730.0,0.4,0.5,2.0,0.10738,0.45,1.0628664136460364,OTM
2023-06-30,2023-07-21,CALL,21.0,4450.23,4740.0,0.35,0.45,2.0,0.10921,0.4,1.065113488516324,OTM
2023-06-30,2023-07-21,CALL,21.0,4450.23,4750.0,0.3,0.4,8.0,0.11066,0.35,1.0673605633866117,OTM
2023-06-30,2023-07-21,CALL,21.0,4450.23,4760.0,0.25,0.35,22.0,0.11153,0.3,1.069607638256899,OTM
2023-06-30,2023-07-21,CALL,21.0,4450.23,4770.0,0.25,0.35,153.0,0.11451,0.3,1.0718547131271867,OTM
2023-06-30,2023-07-21,CALL,21.0,4450.23,4775.0,0.2,0.35,1.0,0.11435,0.275,1.0729782505623306,OTM
2023-06-30,2023-07-21,CALL,21.0,4450.23,4780.0,0.2,0.3,1.0,0.11469,0.25,1.0741017879974744,OTM
2023-06-30,2023-07-21,CALL,21.0,4450.23,4790.0,0.2,0.3,6.0,0.11771,0.25,1.076348862867762,OTM
2023-06-30,2023-07-21,CALL,21.0,4450.23,4800.0,0.15,0.25,6.0,0.11821,0.2,1.0785959377380496,OTM
2023-06-30,2023-07-21,CALL,21.0,4450.23,4810.0,0.15,0.25,4.0,0.1209,0.2,1.0808430126083373,OTM
2023-06-30,2023-07-21,CALL,21.0,4450.23,4820.0,0.1,0.25,6.0,0.12223,0.175,1.083090087478625,OTM
2023-06-30,2023-07-21,CALL,21.0,4450.23,4825.0,0.1,0.25,2.0,0.124,0.175,1.0842136249137686,OTM
2023-06-30,2023-07-21,CALL,21.0,4450.23,4830.0,0.1,0.2,1.0,0.12326,0.15000000000000002,1.0853371623489123,OTM
2023-06-30,2023-07-21,CALL,21.0,4450.23,4840.0,0.1,0.2,11.0,0.126,0.15000000000000002,1.0875842372192,OTM
2023-06-30,2023-07-21,CALL,21.0,4450.23,4850.0,0.1,0.2,20.0,0.12848,0.15000000000000002,1.0898313120894876,OTM
2023-06-30,2023-07-21,CALL,21.0,4450.23,4860.0,0.05,0.2,3.0,0.12896,0.125,1.0920783869597752,OTM
2023-06-30,2023-07-21,CALL,21.0,4450.23,4875.0,0.05,0.15,1.0,0.12983,0.1,1.0954489992652066,OTM
2023-06-30,2023-07-21,CALL,21.0,4450.23,4900.0,0.05,0.15,191.0,0.13674,0.1,1.1010666864409255,OTM
2023-06-30,2023-07-24,CALL,24.0,4450.23,4140.0,321.8,330.6,1.0,0.21904,326.20000000000005,0.9302889962990678,ITM
2023-06-30,2023-07-24,CALL,24.0,4450.23,4150.0,312.0,320.8,5.0,0.21428,316.4,0.9325360711693553,ITM
2023-06-30,2023-07-24,CALL,24.0,4450.23,4165.0,297.3,304.6,9.0,0.20337,300.95000000000005,0.9359066834747868,ITM
2023-06-30,2023-07-24,CALL,24.0,4450.23,4195.0,268.0,276.9,1.0,0.19412,272.45,0.9426479080856496,ITM
2023-06-30,2023-07-24,CALL,24.0,4450.23,4275.0,193.2,200.1,1.0,0.16418,196.64999999999998,0.9606245070479504,ITM
2023-06-30,2023-07-24,CALL,24.0,4450.23,4280.0,188.5,195.4,2.0,0.16186,191.95,0.9617480444830943,ITM
2023-06-30,2023-07-24,CALL,24.0,4450.23,4290.0,179.1,186.0,10.0,0.15755,182.55,0.9639951193533818,ITM
2023-06-30,2023-07-24,CALL,24.0,4450.23,4300.0,169.8,176.7,6.0,0.15325,173.25,0.9662421942236694,ITM
2023-06-30,2023-07-24,CALL,24.0,4450.23,4315.0,155.9,162.9,1.0,0.14769,159.4,0.9696128065291009,ITM
2023-06-30,2023-07-24,CALL,24.0,4450.23,4320.0,151.3,156.3,5.0,0.14204,153.8,0.9707363439642447,ITM
2023-06-30,2023-07-24,CALL,24.0,4450.23,4325.0,146.8,151.6,10.0,0.14069,149.2,0.9718598813993884,ITM
2023-06-30,2023-07-24,CALL,24.0,4450.23,4330.0,142.2,149.3,1.0,0.14131,145.75,0.9729834188345322,ITM
2023-06-30,2023-07-24,CALL,24.0,4450.23,4335.0,137.7,142.6,5.0,0.13625,140.14999999999998,0.974106956269676,ITM
2023-06-30,2023-07-24,CALL,24.0,4450.23,4340.0,134.3,135.9,7.0,0.13317,135.10000000000002,0.9752304937048198,ITM
2023-06-30,2023-07-24,CALL,24.0,4450.23,4350.0,124.4,131.5,2.0,0.13408,127.95,0.9774775685751075,ITM
2023-06-30,2023-07-24,CALL,24.0,4450.23,4355.0,120.0,127.1,6.0,0.13207,123.55,0.9786011060102513,ITM
2023-06-30,2023-07-24,CALL,24.0,4450.23,4360.0,115.6,122.7,1.0,0.13014,119.15,0.979724643445395,ITM
2023-06-30,2023-07-24,CALL,24.0,4450.23,4370.0,107.0,112.1,1.0,0.12422,109.55,0.9819717183156826,ITM
2023-06-30,2023-07-24,CALL,24.0,4450.23,4375.0,102.4,107.5,3.0,0.12181,104.95,0.9830952557508265,ITM
2023-06-30,2023-07-24,CALL,24.0,4450.23,4380.0,98.2,105.8,1.0,0.12247,102.0,0.9842187931859703,ITM
2023-06-30,2023-07-24,CALL,24.0,4450.23,4385.0,94.2,99.4,2.0,0.1189,96.80000000000001,0.9853423306211141,ITM
2023-06-30,2023-07-24,CALL,24.0,4450.23,4390.0,90.3,97.6,1.0,0.11976,93.94999999999999,0.9864658680562579,ITM
2023-06-30,2023-07-24,CALL,24.0,4450.23,4400.0,82.5,89.6,3.0,0.11731,86.05,0.9887129429265454,ITM
2023-06-30,2023-07-24,CALL,24.0,4450.23,4410.0,77.0,81.9,6.0,0.11682,79.45,0.9909600177968331,ATM
2023-06-30,2023-07-24,CALL,24.0,4450.23,4415.0,71.5,78.1,2.0,0.11336,74.8,0.9920835552319769,ATM
2023-06-30,2023-07-24,CALL,24.0,4450.23,4420.0,67.9,74.4,11.0,0.11169,71.15,0.9932070926671207,ATM
2023-06-30,2023-07-24,CALL,24.0,4450.23,4425.0,64.5,70.8,25.0,0.11039,67.65,0.9943306301022645,ATM
2023-06-30,2023-07-24,CALL,24.0,4450.23,4430.0,62.6,63.4,1.0,0.10671,63.0,0.9954541675374082,ATM
2023-06-30,2023-07-24,CALL,24.0,4450.23,4440.0,56.2,56.8,6.0,0.10417,56.5,0.9977012424076959,ATM
2023-06-30,2023-07-24,CALL,24.0,4450.23,4445.0,53.1,53.6,53.0,0.10337,53.35,0.9988247798428397,ATM
2023-06-30,2023-07-24,CALL,24.0,4450.23,4450.0,48.7,52.2,23.0,0.1031,50.45,0.9999483172779835,ATM
2023-06-30,2023-07-24,CALL,24.0,4450.23,4455.0,47.0,47.7,12.0,0.1017,47.35,1.0010718547131272,ATM
2023-06-30,2023-07-24,CALL,24.0,4450.23,4460.0,44.2,45.0,11.0,0.10051,44.6,1.0021953921482711,ATM
2023-06-30,2023-07-24,CALL,24.0,4450.23,4465.0,41.6,42.1,4.0,0.1002,41.85,1.0033189295834148,ATM
2023-06-30,2023-07-24,CALL,24.0,4450.23,4470.0,39.0,39.5,6.0,0.09912,39.25,1.0044424670185588,ATM
2023-06-30,2023-07-24,CALL,24.0,4450.23,4475.0,36.5,37.1,9.0,0.099,36.8,1.0055660044537025,ATM
2023-06-30,2023-07-24,CALL,24.0,4450.23,4480.0,34.1,34.7,1.0,0.09829,34.400000000000006,1.0066895418888462,ATM
2023-06-30,2023-07-24,CALL,24.0,4450.23,4490.0,29.8,30.3,4.0,0.09718,30.05,1.0089366167591338,ATM
2023-06-30,2023-07-24,CALL,24.0,4450.23,4500.0,25.8,26.3,29.0,0.09601,26.05,1.0111836916294215,OTM
2023-06-30,2023-07-24,CALL,24.0,4450.23,4510.0,22.2,22.8,9.0,0.09561,22.5,1.013430766499709,OTM
2023-06-30,2023-07-24,CALL,24.0,4450.23,4520.0,19.1,19.7,4.0,0.0948,19.4,1.0156778413699967,OTM
2023-06-30,2023-07-24,CALL,24.0,4450.23,4525.0,17.7,18.1,6.0,0.09471,17.9,1.0168013788051404,OTM
2023-06-30,2023-07-24,CALL,24.0,4450.23,4550.0,11.4,13.4,33.0,0.09536,12.4,1.0224190659808594,OTM
2023-06-30,2023-07-24,CALL,24.0,4450.23,4600.0,5.0,5.4,31.0,0.09488,5.2,1.0336544403322976,OTM
2023-06-30,2023-07-24,CALL,24.0,4450.23,4700.0,0.85,1.0,1.0,0.10023,0.925,1.0561251890351735,OTM
2023-06-30,2023-07-25,CALL,25.0,4450.23,4000.0,460.7,469.7,1.0,0.2795,465.2,0.8988299481150414,ITM
2023-06-30,2023-07-25,CALL,25.0,4450.23,4150.0,312.8,321.8,1.0,0.2113,317.3,0.9325360711693553,ITM
2023-06-30,2023-07-25,CALL,25.0,4450.23,4200.0,264.4,271.5,73.0,0.18674,267.95,0.9437714455207934,ITM
2023-06-30,2023-07-25,CALL,25.0,4450.23,4210.0,254.6,263.5,1.0,0.18557,259.05,0.946018520391081,ITM
2023-06-30,2023-07-25,CALL,25.0,4450.23,4225.0,240.2,249.0,1.0,0.17931,244.6,0.9493891326965124,ITM
2023-06-30,2023-07-25,CALL,25.0,4450.23,4230.0,235.5,244.2,14.0,0.1776,239.85,0.9505126701316562,ITM
2023-06-30,2023-07-25,CALL,25.0,4450.23,4240.0,225.9,234.7,10.0,0.17352,230.3,0.9527597450019438,ITM
2023-06-30,2023-07-25,CALL,25.0,4450.23,4245.0,221.2,229.9,7.0,0.17195,225.55,0.9538832824370876,ITM
2023-06-30,2023-07-25,CALL,25.0,4450.23,4250.0,216.4,225.1,1.0,0.17033,220.75,0.9550068198722315,ITM
2023-06-30,2023-07-25,CALL,25.0,4450.23,4260.0,207.0,215.6,1.0,0.16648,211.3,0.957253894742519,ITM
2023-06-30,2023-07-25,CALL,25.0,4450.23,4270.0,199.4,206.2,1.0,0.16558,202.8,0.9595009696128066,ITM
2023-06-30,2023-07-25,CALL,25.0,4450.23,4275.0,194.6,201.5,4.0,0.16357,198.05,0.9606245070479504,ITM
2023-06-30,2023-07-25,CALL,25.0,4450.23,4290.0,180.6,185.3,2.0,0.15339,182.95,0.9639951193533818,ITM
2023-06-30,2023-07-25,CALL,25.0,4450.23,4300.0,171.3,176.1,1.0,0.15011,173.7,0.9662421942236694,ITM
2023-06-30,2023-07-25,CALL,25.0,4450.23,4305.0,166.6,171.4,1.0,0.14803,169.0,0.9673657316588132,ITM
2023-06-30,2023-07-25,CALL,25.0,4450.23,4310.0,162.0,166.8,1.0,0.14553,164.4,0.968489269093957,ITM
2023-06-30,2023-07-25,CALL,25.0,4450.23,4315.0,157.5,162.3,15.0,0.14399,159.9,0.9696128065291009,ITM
2023-06-30,2023-07-25,CALL,25.0,4450.23,4320.0,152.9,157.7,25.0,0.14252,155.3,0.9707363439642447,ITM
2023-06-30,2023-07-25,CALL,25.0,4450.23,4325.0,148.4,153.2,20.0,0.1404,150.8,0.9718598813993884,ITM
2023-06-30,2023-07-25,CALL,25.0,4450.23,4330.0,143.8,148.7,4.0,0.13917,146.25,0.9729834188345322,ITM
2023-06-30,2023-07-25,CALL,25.0,4450.23,4340.0,134.9,139.8,3.0,0.13499,137.35000000000002,0.9752304937048198,ITM
2023-06-30,2023-07-25,CALL,25.0,4450.23,4345.0,130.4,135.4,14.0,0.13316,132.9,0.9763540311399637,ITM
2023-06-30,2023-07-25,CALL,25.0,4450.23,4350.0,126.0,133.1,1.0,0.13448,129.55,0.9774775685751075,ITM
2023-06-30,2023-07-25,CALL,25.0,4450.23,4355.0,121.7,128.8,2.0,0.13287,125.25,0.9786011060102513,ITM
2023-06-30,2023-07-25,CALL,25.0,4450.23,4360.0,117.3,124.5,17.0,0.13106,120.9,0.979724643445395,ITM
2023-06-30,2023-07-25,CALL,25.0,4450.23,4365.0,113.0,120.2,1.0,0.12957,116.6,0.9808481808805388,ITM
2023-06-30,2023-07-25,CALL,25.0,4450.23,4370.0,108.8,115.9,12.0,0.12733,112.35,0.9819717183156826,ITM
2023-06-30,2023-07-25,CALL,25.0,4450.23,4375.0,104.6,111.7,1.0,0.12596,108.15,0.9830952557508265,ITM
2023-06-30,2023-07-25,CALL,25.0,4450.23,4380.0,100.0,107.6,14.0,0.12352,103.8,0.9842187931859703,ITM
2023-06-30,2023-07-25,CALL,25.0,4450.23,4385.0,96.0,101.2,3.0,0.11963,98.6,0.9853423306211141,ITM
2023-06-30,2023-07-25,CALL,25.0,4450.23,4390.0,92.1,99.4,3.0,0.12112,95.75,0.9864658680562579,ITM
2023-06-30,2023-07-25,CALL,25.0,4450.23,4395.0,88.9,93.8,1.0,0.11774,91.35,0.9875894054914016,ITM
2023-06-30,2023-07-25,CALL,25.0,4450.23,4400.0,84.9,89.3,10.0,0.1163,87.1,0.9887129429265454,ITM
2023-06-30,2023-07-25,CALL,25.0,4450.23,4405.0,80.6,87.6,4.0,0.11611,84.1,0.9898364803616893,ITM
2023-06-30,2023-07-25,CALL,25.0,4450.23,4410.0,79.0,79.8,10.0,0.1128,79.4,0.9909600177968331,ATM
2023-06-30,2023-07-25,CALL,25.0,4450.23,4415.0,73.4,77.7,12.0,0.11087,75.55000000000001,0.9920835552319769,ATM
2023-06-30,2023-07-25,CALL,25.0,4450.23,4420.0,69.8,74.1,9.0,0.11046,71.94999999999999,0.9932070926671207,ATM
2023-06-30,2023-07-25,CALL,25.0,4450.23,4425.0,66.4,70.5,37.0,0.10864,68.45,0.9943306301022645,ATM
2023-06-30,2023-07-25,CALL,25.0,4450.23,4430.0,63.1,67.0,118.0,0.10801,65.05,0.9954541675374082,ATM
2023-06-30,2023-07-25,CALL,25.0,4450.23,4435.0,61.2,62.0,1.0,0.10623,61.6,0.996577704972552,ATM
2023-06-30,2023-07-25,CALL,25.0,4450.23,4440.0,58.1,60.4,8.0,0.10722,59.25,0.9977012424076959,ATM
2023-06-30,2023-07-25,CALL,25.0,4450.23,4445.0,53.4,59.1,8.0,0.10674,56.25,0.9988247798428397,ATM
2023-06-30,2023-07-25,CALL,25.0,4450.23,4450.0,50.5,54.1,8.0,0.1044,52.3,0.9999483172779835,ATM
2023-06-30,2023-07-25,CALL,25.0,4450.23,4455.0,48.8,49.6,1.0,0.10267,49.2,1.0010718547131272,ATM
2023-06-30,2023-07-25,CALL,25.0,4450.23,4460.0,46.0,46.8,21.0,0.10181,46.4,1.0021953921482711,ATM
2023-06-30,2023-07-25,CALL,25.0,4450.23,4470.0,40.7,41.4,16.0,0.1009,41.05,1.0044424670185588,ATM
2023-06-30,2023-07-25,CALL,25.0,4450.23,4475.0,38.2,38.9,22.0,0.10029,38.55,1.0055660044537025,ATM
2023-06-30,2023-07-25,CALL,25.0,4450.23,4480.0,35.7,36.4,13.0,0.09913,36.05,1.0066895418888462,ATM
2023-06-30,2023-07-25,CALL,25.0,4450.23,4490.0,31.4,32.0,10.0,0.0986,31.7,1.0089366167591338,ATM
2023-06-30,2023-07-25,CALL,25.0,4450.23,4500.0,27.2,27.9,29.0,0.09732,27.549999999999997,1.0111836916294215,OTM
2023-06-30,2023-07-25,CALL,25.0,4450.23,4525.0,18.9,19.5,26.0,0.09586,19.2,1.0168013788051404,OTM
2023-06-30,2023-07-25,CALL,25.0,4450.23,4550.0,12.4,14.5,31.0,0.0964,13.45,1.0224190659808594,OTM
2023-06-30,2023-07-25,CALL,25.0,4450.23,4575.0,8.2,9.8,1.0,0.09619,9.0,1.0280367531565786,OTM
2023-06-30,2023-07-25,CALL,25.0,4450.23,4600.0,5.6,5.9,45.0,0.09507,5.75,1.0336544403322976,OTM
2023-06-30,2023-07-25,CALL,25.0,4450.23,4700.0,1.0,1.15,198.0,0.10074,1.075,1.0561251890351735,OTM
2023-06-30,2023-07-25,CALL,25.0,4450.23,4800.0,0.2,0.35,200.0,0.11227,0.275,1.0785959377380496,OTM
2023-06-30,2023-07-25,CALL,25.0,4450.23,4900.0,0.05,0.2,1.0,0.1286,0.125,1.1010666864409255,OTM
2023-06-30,2023-07-26,CALL,26.0,4450.23,4240.0,227.8,236.4,1.0,0.17628,232.10000000000002,0.9527597450019438,ITM
2023-06-30,2023-07-26,CALL,26.0,4450.23,4260.0,209.0,217.6,2.0,0.16868,213.3,0.957253894742519,ITM
2023-06-30,2023-07-26,CALL,26.0,4450.23,4265.0,204.3,212.9,16.0,0.1667,208.60000000000002,0.9583774321776628,ITM
2023-06-30,2023-07-26,CALL,26.0,4450.23,4275.0,196.7,203.6,1.0,0.16612,200.14999999999998,0.9606245070479504,ITM
2023-06-30,2023-07-26,CALL,26.0,4450.23,4280.0,192.0,198.9,1.0,0.16411,195.45,0.9617480444830943,ITM
2023-06-30,2023-07-26,CALL,26.0,4450.23,4290.0,182.7,189.7,1.0,0.15953,186.2,0.9639951193533818,ITM
2023-06-30,2023-07-26,CALL,26.0,4450.23,4310.0,164.4,169.3,1.0,0.14949,166.85000000000002,0.968489269093957,ITM
2023-06-30,2023-07-26,CALL,26.0,4450.23,4320.0,155.4,161.0,1.0,0.14746,158.2,0.9707363439642447,ITM
2023-06-30,2023-07-26,CALL,26.0,4450.23,4330.0,146.5,153.5,5.0,0.14521,150.0,0.9729834188345322,ITM
2023-06-30,2023-07-26,CALL,26.0,4450.23,4340.0,137.6,142.7,20.0,0.1392,140.14999999999998,0.9752304937048198,ITM
2023-06-30,2023-07-26,CALL,26.0,4450.23,4345.0,133.3,138.3,24.0,0.13781,135.8,0.9763540311399637,ITM
2023-06-30,2023-07-26,CALL,26.0,4450.23,4350.0,128.9,134.6,27.0,0.13648,131.75,0.9774775685751075,ITM
2023-06-30,2023-07-26,CALL,26.0,4450.23,4355.0,124.6,129.7,15.0,0.1347,127.14999999999999,0.9786011060102513,ITM
2023-06-30,2023-07-26,CALL,26.0,4450.23,4360.0,120.4,126.0,7.0,0.13342,123.2,0.979724643445395,ITM
2023-06-30,2023-07-26,CALL,26.0,4450.23,4370.0,112.0,119.1,18.0,0.13184,115.55,0.9819717183156826,ITM
2023-06-30,2023-07-26,CALL,26.0,4450.23,4375.0,107.8,115.0,2.0,0.13084,111.4,0.9830952557508265,ITM
2023-06-30,2023-07-26,CALL,26.0,4450.23,4380.0,103.7,110.8,13.0,0.12831,107.25,0.9842187931859703,ITM
2023-06-30,2023-07-26,CALL,26.0,4450.23,4385.0,100.1,106.9,3.0,0.12832,103.5,0.9853423306211141,ITM
2023-06-30,2023-07-26,CALL,26.0,4450.23,4390.0,96.4,100.7,7.0,0.12434,98.55000000000001,0.9864658680562579,ITM
2023-06-30,2023-07-26,CALL,26.0,4450.23,4395.0,91.9,99.0,1.0,0.12432,95.45,0.9875894054914016,ITM
2023-06-30,2023-07-26,CALL,26.0,4450.23,4400.0,88.2,92.9,41.0,0.12093,90.55000000000001,0.9887129429265454,ITM
2023-06-30,2023-07-26,CALL,26.0,4450.23,4405.0,84.4,91.1,11.0,0.12228,87.75,0.9898364803616893,ITM
2023-06-30,2023-07-26,CALL,26.0,4450.23,4410.0,82.6,83.2,1.0,0.11741,82.9,0.9909600177968331,ATM
2023-06-30,2023-07-26,CALL,26.0,4450.23,4420.0,75.6,76.2,5.0,0.11581,75.9,0.9932070926671207,ATM
2023-06-30,2023-07-26,CALL,26.0,4450.23,4425.0,70.3,76.6,18.0,0.11734,73.44999999999999,0.9943306301022645,ATM
2023-06-30,2023-07-26,CALL,26.0,4450.23,4430.0,67.0,71.0,1.0,0.11417,69.0,0.9954541675374082,ATM
2023-06-30,2023-07-26,CALL,26.0,4450.23,4435.0,63.7,69.7,33.0,0.11489,66.7,0.996577704972552,ATM
2023-06-30,2023-07-26,CALL,26.0,4450.23,4440.0,62.0,62.8,2.0,0.11133,62.4,0.9977012424076959,ATM
2023-06-30,2023-07-26,CALL,26.0,4450.23,4445.0,57.5,63.1,7.0,0.11298,60.3,0.9988247798428397,ATM
2023-06-30,2023-07-26,CALL,26.0,4450.23,4450.0,55.6,59.9,301.0,0.1131,57.75,0.9999483172779835,ATM
2023-06-30,2023-07-26,CALL,26.0,4450.23,4455.0,52.5,55.1,7.0,0.10972,53.8,1.0010718547131272,ATM
2023-06-30,2023-07-26,CALL,26.0,4450.23,4460.0,49.5,53.9,3.0,0.1103,51.7,1.0021953921482711,ATM
2023-06-30,2023-07-26,CALL,26.0,4450.23,4465.0,47.4,48.2,2.0,0.10789,47.8,1.0033189295834148,ATM
2023-06-30,2023-07-26,CALL,26.0,4450.23,4475.0,42.0,42.8,777.0,0.10583,42.4,1.0055660044537025,ATM
2023-06-30,2023-07-26,CALL,26.0,4450.23,4480.0,38.7,43.0,5.0,0.10688,40.85,1.0066895418888462,ATM
2023-06-30,2023-07-26,CALL,26.0,4450.23,4490.0,34.9,35.6,6.0,0.10358,35.25,1.0089366167591338,ATM
2023-06-30,2023-07-26,CALL,26.0,4450.23,4500.0,30.8,31.5,109.0,0.10253,31.15,1.0111836916294215,OTM
2023-06-30,2023-07-26,CALL,26.0,4450.23,4510.0,27.0,27.5,61.0,0.10207,27.25,1.013430766499709,OTM
2023-06-30,2023-07-26,CALL,26.0,4450.23,4550.0,15.2,15.7,541.0,0.0993,15.45,1.0224190659808594,OTM
2023-06-30,2023-07-26,CALL,26.0,4450.23,4600.0,6.9,7.5,32.0,0.09908,7.2,1.0336544403322976,OTM
2023-06-30,2023-07-26,CALL,26.0,4450.23,4700.0,1.35,1.5,5.0,0.10301,1.425,1.0561251890351735,OTM
2023-06-30,2023-07-27,CALL,27.0,4450.23,4270.0,202.1,210.7,2.0,0.16595,206.39999999999998,0.9595009696128066,ITM
2023-06-30,2023-07-27,CALL,27.0,4450.23,4330.0,147.2,156.3,1.0,0.14426,151.75,0.9729834188345322,ITM
2023-06-30,2023-07-27,CALL,27.0,4450.23,4340.0,140.5,145.7,2.0,0.14151,143.1,0.9752304937048198,ITM
2023-06-30,2023-07-27,CALL,27.0,4450.23,4370.0,114.9,120.5,1.0,0.13291,117.7,0.9819717183156826,ITM
2023-06-30,2023-07-27,CALL,27.0,4450.23,4375.0,113.0,116.4,7.0,0.13407,114.7,0.9830952557508265,ITM
2023-06-30,2023-07-27,CALL,27.0,4450.23,4380.0,106.7,113.9,14.0,0.13146,110.30000000000001,0.9842187931859703,ITM
2023-06-30,2023-07-27,CALL,27.0,4450.23,4390.0,98.7,105.5,2.0,0.12752,102.1,0.9864658680562579,ITM
2023-06-30,2023-07-27,CALL,27.0,4450.23,4400.0,91.1,97.8,4.0,0.12572,94.44999999999999,0.9887129429265454,ITM
2023-06-30,2023-07-27,CALL,27.0,4450.23,4410.0,82.7,90.5,13.0,0.12207,86.6,0.9909600177968331,ATM
2023-06-30,2023-07-27,CALL,27.0,4450.23,4420.0,78.3,79.0,1.0,0.11794,78.65,0.9932070926671207,ATM
2023-06-30,2023-07-27,CALL,27.0,4450.23,4425.0,72.0,79.6,2.0,0.11783,75.8,0.9943306301022645,ATM
2023-06-30,2023-07-27,CALL,27.0,4450.23,4440.0,62.2,69.3,2.0,0.11478,65.75,0.9977012424076959,ATM
2023-06-30,2023-07-27,CALL,27.0,4450.23,4450.0,58.7,59.3,5.0,0.11203,59.0,0.9999483172779835,ATM
2023-06-30,2023-07-27,CALL,27.0,4450.23,4455.0,55.8,56.4,17.0,0.11071,56.099999999999994,1.0010718547131272,ATM
2023-06-30,2023-07-27,CALL,27.0,4450.23,4460.0,52.9,53.6,804.0,0.11001,53.25,1.0021953921482711,ATM
2023-06-30,2023-07-27,CALL,27.0,4450.23,4475.0,44.8,48.3,105.0,0.11108,46.55,1.0055660044537025,ATM
2023-06-30,2023-07-27,CALL,27.0,4450.23,4480.0,42.3,43.0,9.0,0.10787,42.65,1.0066895418888462,ATM
2023-06-30,2023-07-27,CALL,27.0,4450.23,4490.0,36.1,40.7,1.0,0.10696,38.400000000000006,1.0089366167591338,ATM
2023-06-30,2023-07-27,CALL,27.0,4450.23,4500.0,33.0,33.7,3.0,0.10411,33.35,1.0111836916294215,OTM
2023-06-30,2023-07-27,CALL,27.0,4450.23,4525.0,23.9,24.4,5.0,0.10235,24.15,1.0168013788051404,OTM
2023-06-30,2023-07-27,CALL,27.0,4450.23,4550.0,16.7,17.3,2.0,0.10102,17.0,1.0224190659808594,OTM
2023-06-30,2023-07-27,CALL,27.0,4450.23,4600.0,7.9,9.1,7.0,0.10188,8.5,1.0336544403322976,OTM
2023-06-30,2023-07-27,CALL,27.0,4450.23,4700.0,1.6,1.8,1.0,0.1041,1.7000000000000002,1.0561251890351735,OTM
2023-06-30,2023-07-27,CALL,27.0,4450.23,4800.0,0.35,0.5,4.0,0.11278,0.425,1.0785959377380496,OTM
2023-06-30,2023-07-27,CALL,27.0,4450.23,5000.0,0.05,0.2,4.0,0.14661,0.125,1.1235374351438017,OTM
2023-06-30,2023-07-28,CALL,28.0,4450.23,3925.0,538.0,546.9,1.0,0.30198,542.45,0.8819768865878843,ITM
2023-06-30,2023-07-28,CALL,28.0,4450.23,3950.0,513.2,522.1,8.0,0.29067,517.6500000000001,0.8875945737636033,ITM
2023-06-30,2023-07-28,CALL,28.0,4450.23,3970.0,493.4,502.4,15.0,0.28178,497.9,0.8920887235041786,ITM
2023-06-30,2023-07-28,CALL,28.0,4450.23,3975.0,488.6,497.4,39.0,0.2807,493.0,0.8932122609393224,ITM
2023-06-30,2023-07-28,CALL,28.0,4450.23,4000.0,463.8,472.7,4315.0,0.26937,468.25,0.8988299481150414,ITM
2023-06-30,2023-07-28,CALL,28.0,4450.23,4025.0,439.2,448.1,1.0,0.25885,443.65,0.9044476352907603,ITM
2023-06-30,2023-07-28,CALL,28.0,4450.23,4040.0,424.5,431.9,68.0,0.2489,428.2,0.9078182475961918,ITM
2023-06-30,2023-07-28,CALL,28.0,4450.23,4050.0,414.6,423.5,1.0,0.24887,419.05,0.9100653224664793,ITM
2023-06-30,2023-07-28,CALL,28.0,4450.23,4060.0,404.9,412.2,76.0,0.24045,408.54999999999995,0.912312397336767,ITM
2023-06-30,2023-07-28,CALL,28.0,4450.23,4080.0,385.3,392.6,1.0,0.23242,388.95000000000005,0.9168065470773421,ITM
2023-06-30,2023-07-28,CALL,28.0,4450.23,4085.0,380.4,387.7,2.0,0.23084,384.04999999999995,0.9179300845124859,ITM
2023-06-30,2023-07-28,CALL,28.0,4450.23,4090.0,375.5,382.8,9.0,0.22915,379.15,0.9190536219476297,ITM
2023-06-30,2023-07-28,CALL,28.0,4450.23,4100.0,365.8,373.0,5.0,0.22524,369.4,0.9213006968179174,ITM
2023-06-30,2023-07-28,CALL,28.0,4450.23,4110.0,356.0,363.2,8.0,0.22087,359.6,0.923547771688205,ITM
2023-06-30,2023-07-28,CALL,28.0,4450.23,4130.0,336.6,343.7,2.0,0.21369,340.15,0.9280419214287802,ITM
2023-06-30,2023-07-28,CALL,28.0,4450.23,4135.0,331.6,340.5,25.0,0.21491,336.05,0.929165458863924,ITM
2023-06-30,2023-07-28,CALL,28.0,4450.23,4140.0,326.8,335.6,10.0,0.21291,331.20000000000005,0.9302889962990678,ITM
2023-06-30,2023-07-28,CALL,28.0,4450.23,4145.0,321.9,330.7,1.0,0.21077,326.29999999999995,0.9314125337342116,ITM
2023-06-30,2023-07-28,CALL,28.0,4450.23,4150.0,317.2,324.2,2.0,0.20523,320.7,0.9325360711693553,ITM
2023-06-30,2023-07-28,CALL,28.0,4450.23,4170.0,297.8,306.6,1.0,0.20144,302.20000000000005,0.9370302209099306,ITM
2023-06-30,2023-07-28,CALL,28.0,4450.23,4175.0,293.0,301.8,1.0,0.19925,297.4,0.9381537583450744,ITM
2023-06-30,2023-07-28,CALL,28.0,4450.23,4180.0,289.1,295.4,1.0,0.19658,292.25,0.9392772957802182,ITM
2023-06-30,2023-07-28,CALL,28.0,4450.23,4190.0,278.7,287.4,11.0,0.19371,283.04999999999995,0.9415243706505058,ITM
2023-06-30,2023-07-28,CALL,28.0,4450.23,4195.0,274.7,281.0,1.0,0.19088,277.85,0.9426479080856496,ITM
2023-06-30,2023-07-28,CALL,28.0,4450.23,4200.0,270.0,276.2,2.0,0.18887,273.1,0.9437714455207934,ITM
2023-06-30,2023-07-28,CALL,28.0,4450.23,4205.0,264.4,273.0,2.0,0.18825,268.7,0.9448949829559372,ITM
2023-06-30,2023-07-28,CALL,28.0,4450.23,4210.0,259.6,268.3,10.0,0.18634,263.95000000000005,0.946018520391081,ITM
2023-06-30,2023-07-28,CALL,28.0,4450.23,4215.0,254.9,263.5,1.0,0.18477,259.2,0.9471420578262248,ITM
2023-06-30,2023-07-28,CALL,28.0,4450.23,4220.0,250.2,258.7,25.0,0.18351,254.45,0.9482655952613686,ITM
2023-06-30,2023-07-28,CALL,28.0,4450.23,4225.0,245.5,251.5,55.0,0.17703,248.5,0.9493891326965124,ITM
2023-06-30,2023-07-28,CALL,28.0,4450.23,4230.0,240.7,249.3,15.0,0.1794,245.0,0.9505126701316562,ITM
2023-06-30,2023-07-28,CALL,28.0,4450.23,4235.0,236.0,244.6,2.0,0.1773,240.3,0.9516362075668,ITM
2023-06-30,2023-07-28,CALL,28.0,4450.23,4240.0,232.2,238.3,1.0,0.17507,235.25,0.9527597450019438,ITM
2023-06-30,2023-07-28,CALL,28.0,4450.23,4250.0,222.8,228.9,1.0,0.17159,225.85000000000002,0.9550068198722315,ITM
2023-06-30,2023-07-28,CALL,28.0,4450.23,4255.0,218.2,224.2,24.0,0.1693,221.2,0.9561303573073752,ITM
2023-06-30,2023-07-28,CALL,28.0,4450.23,4260.0,213.6,219.5,5.0,0.16739,216.55,0.957253894742519,ITM
2023-06-30,2023-07-28,CALL,28.0,4450.23,4265.0,209.0,214.9,6.0,0.16605,211.95,0.9583774321776628,ITM
2023-06-30,2023-07-28,CALL,28.0,4450.23,4270.0,204.4,211.9,2.0,0.16698,208.15,0.9595009696128066,ITM
2023-06-30,2023-07-28,CALL,28.0,4450.23,4275.0,200.1,205.0,3.0,0.16221,202.55,0.9606245070479504,ITM
2023-06-30,2023-07-28,CALL,28.0,4450.23,4280.0,195.8,202.7,1.0,0.16414,199.25,0.9617480444830943,ITM
2023-06-30,2023-07-28,CALL,28.0,4450.23,4285.0,191.2,196.7,2.0,0.1608,193.95,0.9628715819182381,ITM
2023-06-30,2023-07-28,CALL,28.0,4450.23,4290.0,186.7,193.5,4.0,0.16077,190.1,0.9639951193533818,ITM
2023-06-30,2023-07-28,CALL,28.0,4450.23,4295.0,182.1,186.7,7.0,0.15631,184.39999999999998,0.9651186567885256,ITM
2023-06-30,2023-07-28,CALL,28.0,4450.23,4300.0,177.6,184.4,35.0,0.15723,181.0,0.9662421942236694,ITM
2023-06-30,2023-07-28,CALL,28.0,4450.23,4305.0,173.0,178.5,2.0,0.15331,175.75,0.9673657316588132,ITM
2023-06-30,2023-07-28,CALL,28.0,4450.23,4310.0,168.5,175.4,23.0,0.15401,171.95,0.968489269093957,ITM
2023-06-30,2023-07-28,CALL,28.0,4450.23,4315.0,164.0,171.0,2.0,0.15247,167.5,0.9696128065291009,ITM
2023-06-30,2023-07-28,CALL,28.0,4450.23,4320.0,159.6,166.5,19.0,0.15038,163.05,0.9707363439642447,ITM
2023-06-30,2023-07-28,CALL,28.0,4450.23,4325.0,155.2,162.1,2.0,0.14901,158.64999999999998,0.9718598813993884,ITM
2023-06-30,2023-07-28,CALL,28.0,4450.23,4330.0,150.7,155.6,1.0,0.14414,153.14999999999998,0.9729834188345322,ITM
2023-06-30,2023-07-28,CALL,28.0,4450.23,4335.0,146.4,151.3,29.0,0.14274,148.85000000000002,0.974106956269676,ITM
2023-06-30,2023-07-28,CALL,28.0,4450.23,4340.0,142.0,146.9,21.0,0.14113,144.45,0.9752304937048198,ITM
2023-06-30,2023-07-28,CALL,28.0,4450.23,4345.0,137.7,144.6,35.0,0.1424,141.14999999999998,0.9763540311399637,ITM
2023-06-30,2023-07-28,CALL,28.0,4450.23,4350.0,133.4,140.4,22.0,0.1414,136.9,0.9774775685751075,ITM
2023-06-30,2023-07-28,CALL,28.0,4450.23,4355.0,129.1,134.1,6.0,0.13691,131.6,0.9786011060102513,ITM
2023-06-30,2023-07-28,CALL,28.0,4450.23,4360.0,124.9,129.9,20.0,0.13495,127.4,0.979724643445395,ITM
2023-06-30,2023-07-28,CALL,28.0,4450.23,4365.0,120.7,127.7,16.0,0.13598,124.2,0.9808481808805388,ITM
2023-06-30,2023-07-28,CALL,28.0,4450.23,4370.0,116.6,121.9,33.0,0.13263,119.25,0.9819717183156826,ITM
2023-06-30,2023-07-28,CALL,28.0,4450.23,4375.0,112.5,117.3,26.0,0.13033,114.9,0.9830952557508265,ITM
2023-06-30,2023-07-28,CALL,28.0,4450.23,4380.0,108.4,115.4,64.0,0.132,111.9,0.9842187931859703,ITM
2023-06-30,2023-07-28,CALL,28.0,4450.23,4385.0,104.4,111.4,30.0,0.12974,107.9,0.9853423306211141,ITM
2023-06-30,2023-07-28,CALL,28.0,4450.23,4390.0,100.4,107.4,29.0,0.12873,103.9,0.9864658680562579,ITM
2023-06-30,2023-07-28,CALL,28.0,4450.23,4395.0,95.3,103.5,52.0,0.12555,99.4,0.9875894054914016,ITM
2023-06-30,2023-07-28,CALL,28.0,4450.23,4400.0,93.9,97.4,53.0,0.12502,95.65,0.9887129429265454,ITM
2023-06-30,2023-07-28,CALL,28.0,4450.23,4405.0,89.2,93.6,54.0,0.12213,91.4,0.9898364803616893,ITM
2023-06-30,2023-07-28,CALL,28.0,4450.23,4410.0,85.6,89.9,65.0,0.12148,87.75,0.9909600177968331,ATM
2023-06-30,2023-07-28,CALL,28.0,4450.23,4415.0,83.7,84.3,62.0,0.12011,84.0,0.9920835552319769,ATM
2023-06-30,2023-07-28,CALL,28.0,4450.23,4420.0,80.2,80.8,26.0,0.1191,80.5,0.9932070926671207,ATM
2023-06-30,2023-07-28,CALL,28.0,4450.23,4425.0,77.0,77.6,104.0,0.11816,77.3,0.9943306301022645,ATM
2023-06-30,2023-07-28,CALL,28.0,4450.23,4430.0,73.6,74.2,19.0,0.11733,73.9,0.9954541675374082,ATM
2023-06-30,2023-07-28,CALL,28.0,4450.23,4435.0,70.0,70.6,37.0,0.11618,70.3,0.996577704972552,ATM
2023-06-30,2023-07-28,CALL,28.0,4450.23,4440.0,65.3,71.0,30.0,0.11684,68.15,0.9977012424076959,ATM
2023-06-30,2023-07-28,CALL,28.0,4450.23,4445.0,63.6,64.2,75.0,0.11359,63.900000000000006,0.9988247798428397,ATM
2023-06-30,2023-07-28,CALL,28.0,4450.23,4450.0,59.2,64.6,1153.0,0.11548,61.9,0.9999483172779835,ATM
2023-06-30,2023-07-28,CALL,28.0,4450.23,4455.0,57.3,59.6,13.0,0.1134,58.45,1.0010718547131272,ATM
2023-06-30,2023-07-28,CALL,28.0,4450.23,4460.0,54.7,55.4,52.0,0.11149,55.05,1.0021953921482711,ATM
2023-06-30,2023-07-28,CALL,28.0,4450.23,4465.0,51.9,52.3,3.0,0.11031,52.099999999999994,1.0033189295834148,ATM
2023-06-30,2023-07-28,CALL,28.0,4450.23,4470.0,48.4,52.7,130.0,0.11182,50.55,1.0044424670185588,ATM
2023-06-30,2023-07-28,CALL,28.0,4450.23,4475.0,46.5,47.2,253.0,0.10862,46.85,1.0055660044537025,ATM
2023-06-30,2023-07-28,CALL,28.0,4450.23,4480.0,44.1,44.4,1003.0,0.10854,44.25,1.0066895418888462,ATM
2023-06-30,2023-07-28,CALL,28.0,4450.23,4485.0,41.5,42.2,55.0,0.10754,41.85,1.0078130793239901,ATM
2023-06-30,2023-07-28,CALL,28.0,4450.23,4490.0,39.2,39.6,18.0,0.10653,39.400000000000006,1.0089366167591338,ATM
2023-06-30,2023-07-28,CALL,28.0,4450.23,4495.0,36.9,37.6,45.0,0.10637,37.25,1.0100601541942777,OTM
2023-06-30,2023-07-28,CALL,28.0,4450.23,4500.0,34.8,35.4,318.0,0.10558,35.099999999999994,1.0111836916294215,OTM
2023-06-30,2023-07-28,CALL,28.0,4450.23,4505.0,32.7,33.1,42.0,0.10538,32.900000000000006,1.0123072290645654,OTM
2023-06-30,2023-07-28,CALL,28.0,4450.23,4510.0,30.7,31.1,704.0,0.1045,30.9,1.013430766499709,OTM
2023-06-30,2023-07-28,CALL,28.0,4450.23,4515.0,28.8,29.4,5.0,0.10463,29.1,1.0145543039348528,OTM
2023-06-30,2023-07-28,CALL,28.0,4450.23,4520.0,27.0,27.6,65.0,0.10348,27.3,1.0156778413699967,OTM
2023-06-30,2023-07-28,CALL,28.0,4450.23,4525.0,25.3,25.9,89.0,0.10333,25.6,1.0168013788051404,OTM
2023-06-30,2023-07-28,CALL,28.0,4450.23,4530.0,23.1,26.0,173.0,0.10484,24.55,1.0179249162402844,OTM
2023-06-30,2023-07-28,CALL,28.0,4450.23,4535.0,22.1,22.5,23.0,0.10222,22.3,1.019048453675428,OTM
2023-06-30,2023-07-28,CALL,28.0,4450.23,4540.0,20.7,22.8,96.0,0.10479,21.75,1.020171991110572,OTM
2023-06-30,2023-07-28,CALL,28.0,4450.23,4550.0,17.9,19.9,454.0,0.10398,18.9,1.0224190659808594,OTM
2023-06-30,2023-07-28,CALL,28.0,4450.23,4560.0,15.5,15.9,66.0,0.10155,15.7,1.024666140851147,OTM
2023-06-30,2023-07-28,CALL,28.0,4450.23,4570.0,13.5,14.3,115.0,0.10176,13.9,1.0269132157214347,OTM
2023-06-30,2023-07-28,CALL,28.0,4450.23,4575.0,12.5,12.9,86.0,0.10098,12.7,1.0280367531565786,OTM
2023-06-30,2023-07-28,CALL,28.0,4450.23,4580.0,11.6,12.0,94.0,0.10118,11.8,1.0291602905917223,OTM
2023-06-30,2023-07-28,CALL,28.0,4450.23,4590.0,10.0,10.6,51.0,0.10153,10.3,1.03140736546201,OTM
2023-06-30,2023-07-28,CALL,28.0,4450.23,4600.0,8.6,9.0,325.0,0.10048,8.8,1.0336544403322976,OTM
2023-06-30,2023-07-28,CALL,28.0,4450.23,4610.0,7.5,7.8,82.0,0.10153,7.65,1.0359015152025852,OTM
2023-06-30,2023-07-28,CALL,28.0,4450.23,4620.0,6.4,6.7,122.0,0.10122,6.550000000000001,1.0381485900728726,OTM
2023-06-30,2023-07-28,CALL,28.0,4450.23,4625.0,5.9,6.1,89.0,0.10068,6.0,1.0392721275080166,OTM
2023-06-30,2023-07-28,CALL,28.0,4450.23,4630.0,5.5,5.7,59.0,0.10108,5.6,1.0403956649431603,OTM
2023-06-30,2023-07-28,CALL,28.0,4450.23,4640.0,4.7,4.9,34.0,0.10189,4.800000000000001,1.042642739813448,OTM
2023-06-30,2023-07-28,CALL,28.0,4450.23,4650.0,4.0,4.3,25.0,0.10163,4.15,1.0448898146837355,OTM
2023-06-30,2023-07-28,CALL,28.0,4450.23,4660.0,3.4,3.6,5.0,0.10231,3.5,1.0471368895540232,OTM
2023-06-30,2023-07-28,CALL,28.0,4450.23,4670.0,2.95,3.2,2.0,0.10323,3.075,1.0493839644243108,OTM
2023-06-30,2023-07-28,CALL,28.0,4450.23,4675.0,2.75,2.85,16.0,0.1031,2.8,1.0505075018594545,OTM
2023-06-30,2023-07-28,CALL,28.0,4450.23,4680.0,2.55,2.7,3.0,0.10354,2.625,1.0516310392945984,OTM
2023-06-30,2023-07-28,CALL,28.0,4450.23,4690.0,2.15,2.35,22.0,0.10353,2.25,1.0538781141648859,OTM
2023-06-30,2023-07-28,CALL,28.0,4450.23,4700.0,1.9,2.0,27.0,0.10452,1.95,1.0561251890351735,OTM
2023-06-30,2023-07-28,CALL,28.0,4450.23,4725.0,1.25,1.4,15.0,0.10637,1.325,1.0617428762108925,OTM
2023-06-30,2023-07-28,CALL,28.0,4450.23,4750.0,0.85,1.0,24.0,0.10814,0.925,1.0673605633866117,OTM
2023-06-30,2023-07-28,CALL,28.0,4450.23,4800.0,0.45,0.55,9.0,0.11321,0.5,1.0785959377380496,OTM
2023-06-30,2023-07-28,CALL,28.0,4450.23,4900.0,0.15,0.25,9.0,0.12646,0.2,1.1010666864409255,OTM
2023-06-30,2023-07-28,CALL,28.0,4450.23,5000.0,0.05,0.15,4315.0,0.14103,0.1,1.1235374351438017,OTM
2023-06-30,2023-07-31,CALL,31.0,4450.23,3575.0,885.7,894.6,2.0,0.43784,890.1500000000001,0.8033292661278182,ITM
2023-06-30,2023-07-31,CALL,31.0,4450.23,3580.0,880.8,888.4,1.0,0.43019,884.5999999999999,0.804452803562962,ITM
2023-06-30,2023-07-31,CALL,31.0,4450.23,3600.0,860.8,869.8,1.0,0.42674,865.3,0.8089469533035372,ITM
2023-06-30,2023-07-31,CALL,31.0,4450.23,3610.0,850.9,859.9,5.0,0.42256,855.4,0.8111940281738248,ITM
2023-06-30,2023-07-31,CALL,31.0,4450.23,3620.0,841.0,850.0,2.0,0.41819,845.5,0.8134411030441124,ITM
2023-06-30,2023-07-31,CALL,31.0,4450.23,3625.0,836.0,845.0,1.0,0.4153,840.5,0.8145646404792563,ITM
2023-06-30,2023-07-31,CALL,31.0,4450.23,3630.0,831.0,840.0,2.0,0.41316,835.5,0.8156881779144,ITM
2023-06-30,2023-07-31,CALL,31.0,4450.23,3640.0,820.7,828.1,2.0,0.39821,824.4000000000001,0.8179352527846876,ITM
2023-06-30,2023-07-31,CALL,31.0,4450.23,3650.0,811.2,820.2,2.0,0.4048,815.7,0.8201823276549752,ITM
2023-06-30,2023-07-31,CALL,31.0,4450.23,3660.0,801.3,810.2,2.0,0.40083,805.75,0.8224294025252629,ITM
2023-06-30,2023-07-31,CALL,31.0,4450.23,3670.0,791.3,800.3,1.0,0.39648,795.8,0.8246764773955504,ITM
2023-06-30,2023-07-31,CALL,31.0,4450.23,3675.0,786.4,795.3,1.0,0.39451,790.8499999999999,0.8258000148306942,ITM
2023-06-30,2023-07-31,CALL,31.0,4450.23,3680.0,781.4,790.4,1.0,0.39172,785.9,0.826923552265838,ITM
2023-06-30,2023-07-31,CALL,31.0,4450.23,3690.0,771.5,779.1,10.0,0.38208,775.3,0.8291706271361257,ITM
2023-06-30,2023-07-31,CALL,31.0,4450.23,3695.0,766.5,774.2,3.0,0.37953,770.35,0.8302941645712695,ITM
2023-06-30,2023-07-31,CALL,31.0,4450.23,3700.0,761.6,770.5,1.0,0.38387,766.05,0.8314177020064132,ITM
2023-06-30,2023-07-31,CALL,31.0,4450.23,3710.0,751.6,760.6,12.0,0.37936,756.1,0.8336647768767008,ITM
2023-06-30,2023-07-31,CALL,31.0,4450.23,3720.0,740.3,750.7,2.0,0.36883,745.5,0.8359118517469885,ITM
2023-06-30,2023-07-31,CALL,31.0,4450.23,3725.0,736.7,745.7,1.0,0.37205,741.2,0.8370353891821323,ITM
2023-06-30,2023-07-31,CALL,31.0,4450.23,3730.0,731.8,740.8,1.0,0.37074,736.3,0.8381589266172761,ITM
2023-06-30,2023-07-31,CALL,31.0,4450.23,3740.0,721.9,730.8,1.0,0.36607,726.3499999999999,0.8404060014875636,ITM
2023-06-30,2023-07-31,CALL,31.0,4450.23,3745.0,716.9,723.7,1.0,0.35551,720.3,0.8415295389227074,ITM
2023-06-30,2023-07-31,CALL,31.0,4450.23,3750.0,711.9,718.8,2.0,0.35388,715.3499999999999,0.8426530763578512,ITM
2023-06-30,2023-07-31,CALL,31.0,4450.23,3760.0,702.0,708.8,4.0,0.34934,705.4,0.8449001512281389,ITM
2023-06-30,2023-07-31,CALL,31.0,4450.23,3770.0,692.1,698.9,18.0,0.3452,695.5,0.8471472260984264,ITM
2023-06-30,2023-07-31,CALL,31.0,4450.23,3775.0,687.1,696.1,12.0,0.35113,691.6,0.8482707635335702,ITM
2023-06-30,2023-07-31,CALL,31.0,4450.23,3780.0,682.2,690.1,2.0,0.34588,686.1500000000001,0.849394300968714,ITM
2023-06-30,2023-07-31,CALL,31.0,4450.23,3785.0,677.2,684.0,34.0,0.33872,680.6,0.8505178384038579,ITM
2023-06-30,2023-07-31,CALL,31.0,4450.23,3790.0,672.3,681.3,1.0,0.3455,676.8,0.8516413758390017,ITM
2023-06-30,2023-07-31,CALL,31.0,4450.23,3800.0,662.4,671.3,4.0,0.34135,666.8499999999999,0.8538884507092893,ITM
2023-06-30,2023-07-31,CALL,31.0,4450.23,3810.0,652.4,661.4,5.0,0.33631,656.9,0.8561355255795768,ITM
2023-06-30,2023-07-31,CALL,31.0,4450.23,3820.0,642.6,649.3,2.0,0.3243,645.95,0.8583826004498645,ITM
2023-06-30,2023-07-31,CALL,31.0,4450.23,3825.0,637.6,644.3,1.0,0.32193,640.95,0.8595061378850083,ITM
2023-06-30,2023-07-31,CALL,31.0,4450.23,3830.0,632.7,641.6,1.0,0.32911,637.1500000000001,0.8606296753201521,ITM
2023-06-30,2023-07-31,CALL,31.0,4450.23,3840.0,622.8,629.4,9.0,0.31591,626.0999999999999,0.8628767501904396,ITM
2023-06-30,2023-07-31,CALL,31.0,4450.23,3850.0,612.8,621.8,10.0,0.31989,617.3,0.8651238250607273,ITM
2023-06-30,2023-07-31,CALL,31.0,4450.23,3855.0,607.9,614.6,1.0,0.31002,611.25,0.8662473624958711,ITM
2023-06-30,2023-07-31,CALL,31.0,4450.23,3860.0,603.0,611.9,3.0,0.31591,607.45,0.8673708999310149,ITM
2023-06-30,2023-07-31,CALL,31.0,4450.23,3870.0,593.0,602.0,1.0,0.31206,597.5,0.8696179748013025,ITM
2023-06-30,2023-07-31,CALL,31.0,4450.23,3875.0,588.1,595.7,1.0,0.30574,591.9000000000001,0.8707415122364462,ITM
2023-06-30,2023-07-31,CALL,31.0,4450.23,3880.0,583.1,592.1,1.0,0.30732,587.6,0.8718650496715901,ITM
2023-06-30,2023-07-31,CALL,31.0,4450.23,3885.0,578.1,587.1,2.0,0.30566,582.6,0.8729885871067339,ITM
2023-06-30,2023-07-31,CALL,31.0,4450.23,3890.0,573.3,580.8,4.0,0.29896,577.05,0.8741121245418777,ITM
2023-06-30,2023-07-31,CALL,31.0,4450.23,3895.0,568.4,577.2,1.0,0.3018,572.8,0.8752356619770215,ITM
2023-06-30,2023-07-31,CALL,31.0,4450.23,3900.0,563.3,572.3,1.0,0.29958,567.8,0.8763591994121653,ITM
2023-06-30,2023-07-31,CALL,31.0,4450.23,3905.0,558.5,565.0,1.0,0.28977,561.75,0.8774827368473092,ITM
2023-06-30,2023-07-31,CALL,31.0,4450.23,3910.0,553.5,561.0,4.0,0.29107,557.25,0.8786062742824529,ITM
2023-06-30,2023-07-31,CALL,31.0,4450.23,3920.0,543.6,551.1,1.0,0.28689,547.35,0.8808533491527405,ITM
2023-06-30,2023-07-31,CALL,31.0,4450.23,3925.0,538.7,546.1,1.0,0.28445,542.4000000000001,0.8819768865878843,ITM
2023-06-30,2023-07-31,CALL,31.0,4450.23,3930.0,533.7,541.2,1.0,0.28312,537.45,0.8831004240230281,ITM
2023-06-30,2023-07-31,CALL,31.0,4450.23,3935.0,528.8,535.3,1.0,0.27826,532.05,0.884223961458172,ITM
2023-06-30,2023-07-31,CALL,31.0,4450.23,3940.0,523.8,532.7,1.0,0.28324,528.25,0.8853474988933158,ITM
2023-06-30,2023-07-31,CALL,31.0,4450.23,3950.0,513.9,522.8,2.0,0.27924,518.3499999999999,0.8875945737636033,ITM
2023-06-30,2023-07-31,CALL,31.0,4450.23,3960.0,504.0,513.0,1.0,0.27491,508.5,0.8898416486338909,ITM
2023-06-30,2023-07-31,CALL,31.0,4450.23,3965.0,499.2,508.0,2.0,0.27309,503.6,0.8909651860690347,ITM
2023-06-30,2023-07-31,CALL,31.0,4450.23,3970.0,494.2,501.6,20.0,0.26604,497.9,0.8920887235041786,ITM
2023-06-30,2023-07-31,CALL,31.0,4450.23,3975.0,489.3,496.6,1.0,0.26473,492.95000000000005,0.8932122609393224,ITM
2023-06-30,2023-07-31,CALL,31.0,4450.23,3980.0,484.4,491.7,20.0,0.26211,488.04999999999995,0.8943357983744661,ITM
2023-06-30,2023-07-31,CALL,31.0,4450.23,3985.0,479.4,486.8,1.0,0.261,483.1,0.8954593358096099,ITM
2023-06-30,2023-07-31,CALL,31.0,4450.23,3990.0,474.5,481.8,26.0,0.25829,478.15,0.8965828732447537,ITM
2023-06-30,2023-07-31,CALL,31.0,4450.23,3995.0,469.6,476.9,1.0,0.25679,473.25,0.8977064106798975,ITM
2023-06-30,2023-07-31,CALL,31.0,4450.23,4000.0,464.6,473.5,1.0,0.2587,469.05,0.8988299481150414,ITM
2023-06-30,2023-07-31,CALL,31.0,4450.23,4005.0,459.6,468.6,1.0,0.25681,464.1,0.8999534855501852,ITM
2023-06-30,2023-07-31,CALL,31.0,4450.23,4010.0,454.8,462.1,6.0,0.25035,458.45000000000005,0.901077022985329,ITM
2023-06-30,2023-07-31,CALL,31.0,4450.23,4015.0,449.9,457.2,8.0,0.2486,453.54999999999995,0.9022005604204727,ITM
2023-06-30,2023-07-31,CALL,31.0,4450.23,4020.0,445.0,452.3,3.0,0.247,448.65,0.9033240978556165,ITM
2023-06-30,2023-07-31,CALL,31.0,4450.23,4025.0,440.1,447.3,2.0,0.24516,443.70000000000005,0.9044476352907603,ITM
2023-06-30,2023-07-31,CALL,31.0,4450.23,4030.0,435.0,444.0,3.0,0.24712,439.5,0.9055711727259041,ITM
2023-06-30,2023-07-31,CALL,31.0,4450.23,4035.0,430.1,439.1,18.0,0.24514,434.6,0.906694710161048,ITM
2023-06-30,2023-07-31,CALL,31.0,4450.23,4040.0,425.2,434.2,2.0,0.24273,429.7,0.9078182475961918,ITM
2023-06-30,2023-07-31,CALL,31.0,4450.23,4045.0,420.3,429.3,5.0,0.24104,424.8,0.9089417850313356,ITM
2023-06-30,2023-07-31,CALL,31.0,4450.23,4050.0,415.4,424.4,1.0,0.23893,419.9,0.9100653224664793,ITM
2023-06-30,2023-07-31,CALL,31.0,4450.23,4060.0,405.6,414.6,4.0,0.2352,410.1,0.912312397336767,ITM
2023-06-30,2023-07-31,CALL,31.0,4450.23,4065.0,400.9,409.7,6.0,0.23335,405.29999999999995,0.9134359347719108,ITM
2023-06-30,2023-07-31,CALL,31.0,4450.23,4070.0,395.9,404.8,1.0,0.23188,400.35,0.9145594722070546,ITM
2023-06-30,2023-07-31,CALL,31.0,4450.23,4075.0,391.0,399.9,2.0,0.22908,395.45,0.9156830096421984,ITM
2023-06-30,2023-07-31,CALL,31.0,4450.23,4080.0,386.2,393.6,3.0,0.22419,389.9,0.9168065470773421,ITM
2023-06-30,2023-07-31,CALL,31.0,4450.23,4085.0,381.2,390.1,6.0,0.22589,385.65,0.9179300845124859,ITM
2023-06-30,2023-07-31,CALL,31.0,4450.23,4090.0,376.5,383.8,2.0,0.22033,380.15,0.9190536219476297,ITM
2023-06-30,2023-07-31,CALL,31.0,4450.23,4095.0,371.5,380.4,30.0,0.22178,375.95,0.9201771593827736,ITM
2023-06-30,2023-07-31,CALL,31.0,4450.23,4100.0,366.6,375.5,10.0,0.21988,371.05,0.9213006968179174,ITM
2023-06-30,2023-07-31,CALL,31.0,4450.23,4105.0,361.8,370.6,25.0,0.21864,366.20000000000005,0.9224242342530612,ITM
2023-06-30,2023-07-31,CALL,31.0,4450.23,4110.0,356.9,365.8,5.0,0.2167,361.35,0.923547771688205,ITM
2023-06-30,2023-07-31,CALL,31.0,4450.23,4115.0,352.8,359.4,12.0,0.21303,356.1,0.9246713091233487,ITM
2023-06-30,2023-07-31,CALL,31.0,4450.23,4120.0,347.2,356.0,1.0,0.21235,351.6,0.9257948465584925,ITM
2023-06-30,2023-07-31,CALL,31.0,4450.23,4125.0,342.4,351.2,3.0,0.21083,346.79999999999995,0.9269183839936364,ITM
2023-06-30,2023-07-31,CALL,31.0,4450.23,4130.0,338.3,344.8,2.0,0.20754,341.55,0.9280419214287802,ITM
2023-06-30,2023-07-31,CALL,31.0,4450.23,4135.0,332.7,341.5,30.0,0.20731,337.1,0.929165458863924,ITM
2023-06-30,2023-07-31,CALL,31.0,4450.23,4140.0,327.9,336.7,124.0,0.20542,332.29999999999995,0.9302889962990678,ITM
2023-06-30,2023-07-31,CALL,31.0,4450.23,4145.0,323.0,331.8,1.0,0.20302,327.4,0.9314125337342116,ITM
2023-06-30,2023-07-31,CALL,31.0,4450.23,4150.0,319.1,325.4,10.0,0.20064,322.25,0.9325360711693553,ITM
2023-06-30,2023-07-31,CALL,31.0,4450.23,4155.0,313.4,322.2,1.0,0.19963,317.79999999999995,0.9336596086044991,ITM
2023-06-30,2023-07-31,CALL,31.0,4450.23,4160.0,308.6,317.4,1.0,0.198,313.0,0.934783146039643,ITM
2023-06-30,2023-07-31,CALL,31.0,4450.23,4165.0,303.8,312.5,2.0,0.19603,308.15,0.9359066834747868,ITM
2023-06-30,2023-07-31,CALL,31.0,4450.23,4170.0,299.0,307.7,1.0,0.19421,303.35,0.9370302209099306,ITM
2023-06-30,2023-07-31,CALL,31.0,4450.23,4175.0,295.1,301.3,12.0,0.19114,298.20000000000005,0.9381537583450744,ITM
2023-06-30,2023-07-31,CALL,31.0,4450.23,4180.0,289.4,298.1,1.0,0.19135,293.75,0.9392772957802182,ITM
2023-06-30,2023-07-31,CALL,31.0,4450.23,4185.0,284.7,293.3,1.0,0.18959,289.0,0.9404008332153619,ITM
2023-06-30,2023-07-31,CALL,31.0,4450.23,4190.0,280.8,288.6,1.0,0.18945,284.70000000000005,0.9415243706505058,ITM
2023-06-30,2023-07-31,CALL,31.0,4450.23,4195.0,275.1,283.8,2.0,0.18558,279.45000000000005,0.9426479080856496,ITM
2023-06-30,2023-07-31,CALL,31.0,4450.23,4200.0,271.3,279.0,2.0,0.18557,275.15,0.9437714455207934,ITM
2023-06-30,2023-07-31,CALL,31.0,4450.23,4205.0,265.6,274.3,3.0,0.18201,269.95000000000005,0.9448949829559372,ITM
2023-06-30,2023-07-31,CALL,31.0,4450.23,4210.0,261.8,269.5,6.0,0.18246,265.65,0.946018520391081,ITM
2023-06-30,2023-07-31,CALL,31.0,4450.23,4215.0,256.2,264.8,1.0,0.17944,260.5,0.9471420578262248,ITM
2023-06-30,2023-07-31,CALL,31.0,4450.23,4220.0,252.4,258.4,9.0,0.17573,255.39999999999998,0.9482655952613686,ITM
2023-06-30,2023-07-31,CALL,31.0,4450.23,4225.0,247.7,255.3,2.0,0.17711,251.5,0.9493891326965124,ITM
2023-06-30,2023-07-31,CALL,31.0,4450.23,4230.0,243.0,250.6,2.0,0.1759,246.8,0.9505126701316562,ITM
2023-06-30,2023-07-31,CALL,31.0,4450.23,4235.0,238.3,245.9,1.0,0.17363,242.10000000000002,0.9516362075668,ITM
2023-06-30,2023-07-31,CALL,31.0,4450.23,4240.0,232.8,241.2,7.0,0.17034,237.0,0.9527597450019438,ITM
2023-06-30,2023-07-31,CALL,31.0,4450.23,4245.0,228.1,236.5,2.0,0.16889,232.3,0.9538832824370876,ITM
2023-06-30,2023-07-31,CALL,31.0,4450.23,4250.0,224.4,230.2,4.0,0.16653,227.3,0.9550068198722315,ITM
2023-06-30,2023-07-31,CALL,31.0,4450.23,4255.0,218.9,225.5,3.0,0.16354,222.2,0.9561303573073752,ITM
2023-06-30,2023-07-31,CALL,31.0,4450.23,4260.0,215.1,220.9,18.0,0.16319,218.0,0.957253894742519,ITM
2023-06-30,2023-07-31,CALL,31.0,4450.23,4265.0,210.5,218.0,2.0,0.16362,214.25,0.9583774321776628,ITM
2023-06-30,2023-07-31,CALL,31.0,4450.23,4270.0,205.0,213.3,1.0,0.16129,209.15,0.9595009696128066,ITM
2023-06-30,2023-07-31,CALL,31.0,4450.23,4275.0,200.6,207.0,7.0,0.15661,203.8,0.9606245070479504,ITM
2023-06-30,2023-07-31,CALL,31.0,4450.23,4280.0,197.2,202.7,4.0,0.15731,199.95,0.9617480444830943,ITM
2023-06-30,2023-07-31,CALL,31.0,4450.23,4285.0,192.6,199.6,4.0,0.1577,196.1,0.9628715819182381,ITM
2023-06-30,2023-07-31,CALL,31.0,4450.23,4290.0,188.1,195.1,3.0,0.15641,191.6,0.9639951193533818,ITM
2023-06-30,2023-07-31,CALL,31.0,4450.23,4295.0,183.5,190.5,3.0,0.15417,187.0,0.9651186567885256,ITM
2023-06-30,2023-07-31,CALL,31.0,4450.23,4300.0,179.0,183.8,103.0,0.15031,181.4,0.9662421942236694,ITM
2023-06-30,2023-07-31,CALL,31.0,4450.23,4305.0,174.5,179.3,2.0,0.1489,176.9,0.9673657316588132,ITM
2023-06-30,2023-07-31,CALL,31.0,4450.23,4310.0,170.0,177.1,5.0,0.14994,173.55,0.968489269093957,ITM
2023-06-30,2023-07-31,CALL,31.0,4450.23,4315.0,165.6,170.4,4.0,0.14561,168.0,0.9696128065291009,ITM
2023-06-30,2023-07-31,CALL,31.0,4450.23,4320.0,161.1,166.0,1.0,0.14428,163.55,0.9707363439642447,ITM
2023-06-30,2023-07-31,CALL,31.0,4450.23,4325.0,156.7,163.7,1427.0,0.14452,160.2,0.9718598813993884,ITM
2023-06-30,2023-07-31,CALL,31.0,4450.23,4330.0,152.3,159.4,32.0,0.14307,155.85000000000002,0.9729834188345322,ITM
2023-06-30,2023-07-31,CALL,31.0,4450.23,4335.0,147.9,155.0,5.0,0.14175,151.45,0.974106956269676,ITM
2023-06-30,2023-07-31,CALL,31.0,4450.23,4340.0,143.6,148.5,108.0,0.1378,146.05,0.9752304937048198,ITM
2023-06-30,2023-07-31,CALL,31.0,4450.23,4345.0,139.3,144.2,1.0,0.13596,141.75,0.9763540311399637,ITM
2023-06-30,2023-07-31,CALL,31.0,4450.23,4350.0,135.0,139.8,1443.0,0.1347,137.4,0.9774775685751075,ITM
2023-06-30,2023-07-31,CALL,31.0,4450.23,4355.0,130.8,136.1,1.0,0.13331,133.45,0.9786011060102513,ITM
2023-06-30,2023-07-31,CALL,31.0,4450.23,4360.0,126.6,133.7,138.0,0.1343,130.14999999999998,0.979724643445395,ITM
2023-06-30,2023-07-31,CALL,31.0,4450.23,4365.0,122.9,127.3,2.0,0.13095,125.1,0.9808481808805388,ITM
2023-06-30,2023-07-31,CALL,31.0,4450.23,4370.0,118.3,123.2,3.0,0.12898,120.75,0.9819717183156826,ITM
2023-06-30,2023-07-31,CALL,31.0,4450.23,4375.0,114.2,121.3,4.0,0.12943,117.75,0.9830952557508265,ITM
2023-06-30,2023-07-31,CALL,31.0,4450.23,4380.0,110.1,115.1,34.0,0.12626,112.6,0.9842187931859703,ITM
2023-06-30,2023-07-31,CALL,31.0,4450.23,4385.0,106.1,113.3,1.0,0.1266,109.69999999999999,0.9853423306211141,ITM
2023-06-30,2023-07-31,CALL,31.0,4450.23,4390.0,102.3,109.4,7.0,0.12588,105.85,0.9864658680562579,ITM
2023-06-30,2023-07-31,CALL,31.0,4450.23,4395.0,98.7,105.4,4.0,0.12475,102.05000000000001,0.9875894054914016,ITM
2023-06-30,2023-07-31,CALL,31.0,4450.23,4400.0,96.7,97.2,488.0,0.12031,96.95,0.9887129429265454,ITM
2023-06-30,2023-07-31,CALL,31.0,4450.23,4405.0,92.8,93.6,7.0,0.11911,93.19999999999999,0.9898364803616893,ITM
2023-06-30,2023-07-31,CALL,31.0,4450.23,4410.0,89.2,89.8,118.0,0.11845,89.5,0.9909600177968331,ATM
2023-06-30,2023-07-31,CALL,31.0,4450.23,4415.0,85.7,86.2,11.0,0.11693,85.95,0.9920835552319769,ATM
2023-06-30,2023-07-31,CALL,31.0,4450.23,4420.0,82.2,86.8,41.0,0.12016,84.5,0.9932070926671207,ATM
2023-06-30,2023-07-31,CALL,31.0,4450.23,4425.0,78.7,79.2,24.0,0.11514,78.95,0.9943306301022645,ATM
2023-06-30,2023-07-31,CALL,31.0,4450.23,4430.0,73.6,79.7,416.0,0.11599,76.65,0.9954541675374082,ATM
2023-06-30,2023-07-31,CALL,31.0,4450.23,4435.0,70.4,76.3,7.0,0.11519,73.35,0.996577704972552,ATM
2023-06-30,2023-07-31,CALL,31.0,4450.23,4440.0,68.6,69.3,26.0,0.11226,68.94999999999999,0.9977012424076959,ATM
2023-06-30,2023-07-31,CALL,31.0,4450.23,4445.0,65.4,69.7,8.0,0.11462,67.55000000000001,0.9988247798428397,ATM
2023-06-30,2023-07-31,CALL,31.0,4450.23,4450.0,61.0,66.5,159.0,0.11198,63.75,0.9999483172779835,ATM
2023-06-30,2023-07-31,CALL,31.0,4450.23,4455.0,59.3,59.9,26.0,0.10937,59.599999999999994,1.0010718547131272,ATM
2023-06-30,2023-07-31,CALL,31.0,4450.23,4460.0,56.6,57.1,22.0,0.10929,56.85,1.0021953921482711,ATM
2023-06-30,2023-07-31,CALL,31.0,4450.23,4465.0,53.1,57.4,5.0,0.11026,55.25,1.0033189295834148,ATM
2023-06-30,2023-07-31,CALL,31.0,4450.23,4470.0,50.9,51.5,16.0,0.10755,51.2,1.0044424670185588,ATM
2023-06-30,2023-07-31,CALL,31.0,4450.23,4475.0,47.4,51.8,231.0,0.10882,49.599999999999994,1.0055660044537025,ATM
2023-06-30,2023-07-31,CALL,31.0,4450.23,4480.0,45.8,46.4,86.0,0.10577,46.099999999999994,1.0066895418888462,ATM
2023-06-30,2023-07-31,CALL,31.0,4450.23,4485.0,43.2,43.9,36.0,0.105,43.55,1.0078130793239901,ATM
2023-06-30,2023-07-31,CALL,31.0,4450.23,4490.0,40.8,41.5,31.0,0.10429,41.15,1.0089366167591338,ATM
2023-06-30,2023-07-31,CALL,31.0,4450.23,4495.0,37.7,41.7,23.0,0.10562,39.7,1.0100601541942777,OTM
2023-06-30,2023-07-31,CALL,31.0,4450.23,4500.0,36.4,36.9,506.0,0.10301,36.65,1.0111836916294215,OTM
2023-06-30,2023-07-31,CALL,31.0,4450.23,4505.0,34.2,34.8,93.0,0.10242,34.5,1.0123072290645654,OTM
2023-06-30,2023-07-31,CALL,31.0,4450.23,4510.0,32.3,32.8,4.0,0.10249,32.55,1.013430766499709,OTM
2023-06-30,2023-07-31,CALL,31.0,4450.23,4515.0,30.3,31.0,69.0,0.10232,30.65,1.0145543039348528,OTM
2023-06-30,2023-07-31,CALL,31.0,4450.23,4520.0,27.9,31.1,17.0,0.10309,29.5,1.0156778413699967,OTM
2023-06-30,2023-07-31,CALL,31.0,4450.23,4525.0,26.8,27.2,459.0,0.10161,27.0,1.0168013788051404,OTM
2023-06-30,2023-07-31,CALL,31.0,4450.23,4530.0,25.1,25.4,34.0,0.10066,25.25,1.0179249162402844,OTM
2023-06-30,2023-07-31,CALL,31.0,4450.23,4535.0,23.4,23.8,77.0,0.10026,23.6,1.019048453675428,OTM
2023-06-30,2023-07-31,CALL,31.0,4450.23,4540.0,21.9,22.3,2.0,0.09984,22.1,1.020171991110572,OTM
2023-06-30,2023-07-31,CALL,31.0,4450.23,4545.0,20.5,20.9,25.0,0.09933,20.7,1.0212955285457157,OTM
2023-06-30,2023-07-31,CALL,31.0,4450.23,4550.0,19.1,19.7,170.0,0.09963,19.4,1.0224190659808594,OTM
2023-06-30,2023-07-31,CALL,31.0,4450.23,4555.0,18.0,18.4,70.0,0.0995,18.2,1.0235426034160033,OTM
2023-06-30,2023-07-31,CALL,31.0,4450.23,4560.0,16.7,17.1,26.0,0.09852,16.9,1.024666140851147,OTM
2023-06-30,2023-07-31,CALL,31.0,4450.23,4565.0,15.6,16.0,73.0,0.09937,15.8,1.025789678286291,OTM
2023-06-30,2023-07-31,CALL,31.0,4450.23,4570.0,14.1,15.3,43.0,0.09863,14.7,1.0269132157214347,OTM
2023-06-30,2023-07-31,CALL,31.0,4450.23,4575.0,13.5,14.1,296.0,0.09851,13.8,1.0280367531565786,OTM
2023-06-30,2023-07-31,CALL,31.0,4450.23,4580.0,12.6,13.1,1.0,0.09841,12.85,1.0291602905917223,OTM
2023-06-30,2023-07-31,CALL,31.0,4450.23,4585.0,11.7,12.2,50.0,0.09866,11.95,1.030283828026866,OTM
2023-06-30,2023-07-31,CALL,31.0,4450.23,4590.0,10.9,11.4,16.0,0.09834,11.15,1.03140736546201,OTM
2023-06-30,2023-07-31,CALL,31.0,4450.23,4595.0,10.1,10.7,1.0,0.09863,10.399999999999999,1.0325309028971537,OTM
2023-06-30,2023-07-31,CALL,31.0,4450.23,4600.0,9.3,9.8,558.0,0.09818,9.55,1.0336544403322976,OTM
2023-06-30,2023-07-31,CALL,31.0,4450.23,4605.0,8.7,9.0,1.0,0.09847,8.85,1.0347779777674413,OTM
2023-06-30,2023-07-31,CALL,31.0,4450.23,4610.0,8.1,8.4,6.0,0.0984,8.25,1.0359015152025852,OTM
2023-06-30,2023-07-31,CALL,31.0,4450.23,4615.0,7.6,7.8,1.0,0.0988,7.699999999999999,1.037025052637729,OTM
2023-06-30,2023-07-31,CALL,31.0,4450.23,4620.0,7.0,7.4,441.0,0.09834,7.2,1.0381485900728726,OTM
2023-06-30,2023-07-31,CALL,31.0,4450.23,4625.0,6.5,6.9,1.0,0.09848,6.7,1.0392721275080166,OTM
2023-06-30,2023-07-31,CALL,31.0,4450.23,4630.0,6.1,6.3,100.0,0.09893,6.199999999999999,1.0403956649431603,OTM
2023-06-30,2023-07-31,CALL,31.0,4450.23,4635.0,5.6,5.9,37.0,0.0994,5.75,1.0415192023783042,OTM
2023-06-30,2023-07-31,CALL,31.0,4450.23,4640.0,5.2,5.4,20.0,0.09836,5.300000000000001,1.042642739813448,OTM
2023-06-30,2023-07-31,CALL,31.0,4450.23,4645.0,4.8,5.1,3.0,0.0991,4.949999999999999,1.0437662772485918,OTM
2023-06-30,2023-07-31,CALL,31.0,4450.23,4650.0,4.5,4.8,4.0,0.09981,4.65,1.0448898146837355,OTM
2023-06-30,2023-07-31,CALL,31.0,4450.23,4660.0,3.9,4.1,53.0,0.09952,4.0,1.0471368895540232,OTM
2023-06-30,2023-07-31,CALL,31.0,4450.23,4670.0,3.3,3.6,104.0,0.09987,3.45,1.0493839644243108,OTM
2023-06-30,2023-07-31,CALL,31.0,4450.23,4675.0,3.1,3.3,27.0,0.10005,3.2,1.0505075018594545,OTM
2023-06-30,2023-07-31,CALL,31.0,4450.23,4680.0,2.9,3.1,8.0,0.10096,3.0,1.0516310392945984,OTM
2023-06-30,2023-07-31,CALL,31.0,4450.23,4690.0,2.5,2.65,1.0,0.10122,2.575,1.0538781141648859,OTM
2023-06-30,2023-07-31,CALL,31.0,4450.23,4700.0,2.1,2.25,12.0,0.10096,2.175,1.0561251890351735,OTM
2023-06-30,2023-07-31,CALL,31.0,4450.23,4710.0,1.85,1.95,10.0,0.10191,1.9,1.0583722639054611,OTM
2023-06-30,2023-07-31,CALL,31.0,4450.23,4720.0,1.6,1.7,1.0,0.1027,1.65,1.0606193387757488,OTM
2023-06-30,2023-07-31,CALL,31.0,4450.23,4725.0,1.45,1.55,5.0,0.1024,1.5,1.0617428762108925,OTM
2023-06-30,2023-07-31,CALL,31.0,4450.23,4730.0,1.35,1.45,1.0,0.10341,1.4,1.0628664136460364,OTM
2023-06-30,2023-07-31,CALL,31.0,4450.23,4740.0,1.15,1.3,26.0,0.10364,1.225,1.065113488516324,OTM
2023-06-30,2023-07-31,CALL,31.0,4450.23,4750.0,1.0,1.1,120.0,0.10382,1.05,1.0673605633866117,OTM
2023-06-30,2023-07-31,CALL,31.0,4450.23,4770.0,0.75,0.85,37.0,0.10624,0.8,1.0718547131271867,OTM
2023-06-30,2023-07-31,CALL,31.0,4450.23,4775.0,0.7,0.8,50.0,0.10673,0.75,1.0729782505623306,OTM
2023-06-30,2023-07-31,CALL,31.0,4450.23,4780.0,0.65,0.75,1.0,0.10715,0.7,1.0741017879974744,OTM
2023-06-30,2023-07-31,CALL,31.0,4450.23,4800.0,0.5,0.6,177.0,0.10877,0.55,1.0785959377380496,OTM
2023-06-30,2023-07-31,CALL,31.0,4450.23,4825.0,0.4,0.5,14.0,0.11212,0.45,1.0842136249137686,OTM
2023-06-30,2023-07-31,CALL,31.0,4450.23,4850.0,0.3,0.4,45.0,0.11527,0.35,1.0898313120894876,OTM
2023-06-30,2023-07-31,CALL,31.0,4450.23,4875.0,0.2,0.3,10.0,0.11657,0.25,1.0954489992652066,OTM
2023-06-30,2023-07-31,CALL,31.0,4450.23,4900.0,0.15,0.25,12.0,0.11991,0.2,1.1010666864409255,OTM
2023-06-30,2023-07-31,CALL,31.0,4450.23,4950.0,0.1,0.2,1.0,0.12821,0.15000000000000002,1.1123020607923637,OTM
2023-06-30,2023-07-31,CALL,31.0,4450.23,5000.0,0.05,0.15,72.0,0.1332,0.1,1.1235374351438017,OTM
2023-06-30,2023-07-31,CALL,31.0,4450.23,5050.0,0.05,0.15,10.0,0.14429,0.1,1.1347728094952396,OTM
2023-06-30,2023-07-31,CALL,31.0,4450.23,5100.0,0.05,0.15,1.0,0.15439,0.1,1.1460081838466778,OTM
2023-06-30,2023-07-31,CALL,31.0,4450.23,5150.0,0.05,0.1,5.0,0.16081,0.07500000000000001,1.1572435581981158,OTM
2023-06-30,2023-08-01,CALL,32.0,4450.23,4125.0,343.7,350.5,16.0,0.20835,347.1,0.9269183839936364,ITM
2023-06-30,2023-08-01,CALL,32.0,4450.23,4150.0,320.8,325.1,25.0,0.19892,322.95000000000005,0.9325360711693553,ITM
2023-06-30,2023-08-01,CALL,32.0,4450.23,4175.0,295.4,302.2,1.0,0.18996,298.79999999999995,0.9381537583450744,ITM
2023-06-30,2023-08-01,CALL,32.0,4450.23,4200.0,271.4,280.3,3.0,0.18412,275.85,0.9437714455207934,ITM
2023-06-30,2023-08-01,CALL,32.0,4450.23,4240.0,233.8,242.6,55.0,0.17134,238.2,0.9527597450019438,ITM
2023-06-30,2023-08-01,CALL,32.0,4450.23,4250.0,224.9,231.5,2.0,0.16539,228.2,0.9550068198722315,ITM
2023-06-30,2023-08-01,CALL,32.0,4450.23,4330.0,153.6,161.0,3.0,0.14429,157.3,0.9729834188345322,ITM
2023-06-30,2023-08-01,CALL,32.0,4450.23,4340.0,145.0,152.3,2.0,0.14104,148.65,0.9752304937048198,ITM
2023-06-30,2023-08-01,CALL,32.0,4450.23,4350.0,136.4,142.3,3.0,0.13597,139.35000000000002,0.9774775685751075,ITM
2023-06-30,2023-08-01,CALL,32.0,4450.23,4360.0,128.0,135.4,24.0,0.13546,131.7,0.979724643445395,ITM
2023-06-30,2023-08-01,CALL,32.0,4450.23,4370.0,119.7,127.1,1.0,0.13246,123.4,0.9819717183156826,ITM
2023-06-30,2023-08-01,CALL,32.0,4450.23,4380.0,111.6,119.0,4.0,0.12988,115.3,0.9842187931859703,ITM
2023-06-30,2023-08-01,CALL,32.0,4450.23,4385.0,107.6,115.0,5.0,0.12821,111.3,0.9853423306211141,ITM
2023-06-30,2023-08-01,CALL,32.0,4450.23,4390.0,103.9,111.1,3.0,0.12685,107.5,0.9864658680562579,ITM
2023-06-30,2023-08-01,CALL,32.0,4450.23,4395.0,100.1,107.2,2.0,0.12594,103.65,0.9875894054914016,ITM
2023-06-30,2023-08-01,CALL,32.0,4450.23,4400.0,98.3,99.0,6.0,0.12194,98.65,0.9887129429265454,ITM
2023-06-30,2023-08-01,CALL,32.0,4450.23,4405.0,92.7,99.6,14.0,0.12273,96.15,0.9898364803616893,ITM
2023-06-30,2023-08-01,CALL,32.0,4450.23,4410.0,90.9,91.7,6.0,0.11933,91.30000000000001,0.9909600177968331,ATM
2023-06-30,2023-08-01,CALL,32.0,4450.23,4420.0,83.8,84.4,38.0,0.11749,84.1,0.9932070926671207,ATM
2023-06-30,2023-08-01,CALL,32.0,4450.23,4425.0,80.3,81.1,10.0,0.11613,80.69999999999999,0.9943306301022645,ATM
2023-06-30,2023-08-01,CALL,32.0,4450.23,4430.0,76.9,77.6,6.0,0.1152,77.25,0.9954541675374082,ATM
2023-06-30,2023-08-01,CALL,32.0,4450.23,4435.0,70.7,78.0,2.0,0.11578,74.35,0.996577704972552,ATM
2023-06-30,2023-08-01,CALL,32.0,4450.23,4440.0,70.2,71.0,2.0,0.11358,70.6,0.9977012424076959,ATM
2023-06-30,2023-08-01,CALL,32.0,4450.23,4450.0,64.0,64.8,12.0,0.11202,64.4,0.9999483172779835,ATM
2023-06-30,2023-08-01,CALL,32.0,4450.23,4460.0,58.1,58.7,2.0,0.11018,58.400000000000006,1.0021953921482711,ATM
2023-06-30,2023-08-01,CALL,32.0,4450.23,4475.0,49.8,50.4,3.0,0.10732,50.099999999999994,1.0055660044537025,ATM
2023-06-30,2023-08-01,CALL,32.0,4450.23,4480.0,47.2,48.0,4.0,0.10712,47.6,1.0066895418888462,ATM
2023-06-30,2023-08-01,CALL,32.0,4450.23,4500.0,37.8,38.5,7.0,0.10423,38.15,1.0111836916294215,OTM
2023-06-30,2023-08-01,CALL,32.0,4450.23,4525.0,28.0,28.6,51.0,0.10197,28.3,1.0168013788051404,OTM
2023-06-30,2023-08-01,CALL,32.0,4450.23,4550.0,20.1,20.8,68.0,0.10028,20.450000000000003,1.0224190659808594,OTM
2023-06-30,2023-08-01,CALL,32.0,4450.23,4600.0,10.0,10.5,11.0,0.0988,10.25,1.0336544403322976,OTM
2023-06-30,2023-08-01,CALL,32.0,4450.23,4700.0,2.35,2.5,2.0,0.1019,2.425,1.0561251890351735,OTM
2023-06-30,2023-08-01,CALL,32.0,4450.23,4800.0,0.55,0.7,540.0,0.10825,0.625,1.0785959377380496,OTM
2023-06-30,2023-08-01,CALL,32.0,4450.23,5000.0,0.05,0.2,1.0,0.13462,0.125,1.1235374351438017,OTM
2023-06-30,2023-08-02,CALL,33.0,4450.23,4200.0,272.5,281.8,1.0,0.18502,277.15,0.9437714455207934,ITM
2023-06-30,2023-08-02,CALL,33.0,4450.23,4230.0,244.4,253.6,2.0,0.17523,249.0,0.9505126701316562,ITM
2023-06-30,2023-08-02,CALL,33.0,4450.23,4250.0,225.8,235.0,2.0,0.1688,230.4,0.9550068198722315,ITM
2023-06-30,2023-08-02,CALL,33.0,4450.23,4425.0,82.0,82.7,5.0,0.11779,82.35,0.9943306301022645,ATM
2023-06-30,2023-08-02,CALL,33.0,4450.23,4430.0,78.6,79.4,5.0,0.11602,79.0,0.9954541675374082,ATM
2023-06-30,2023-08-02,CALL,33.0,4450.23,4800.0,0.6,0.75,1.0,0.10806,0.675,1.0785959377380496,OTM
2023-06-30,2023-08-02,CALL,33.0,4450.23,4900.0,0.2,0.35,1.0,0.1201,0.275,1.1010666864409255,OTM
2023-06-30,2023-08-04,CALL,35.0,4450.23,3600.0,864.2,873.1,2.0,0.4054,868.6500000000001,0.8089469533035372,ITM
2023-06-30,2023-08-04,CALL,35.0,4450.23,3700.0,765.1,774.0,16.0,0.36589,769.55,0.8314177020064132,ITM
2023-06-30,2023-08-04,CALL,35.0,4450.23,3900.0,567.3,576.3,2.0,0.288,571.8,0.8763591994121653,ITM
2023-06-30,2023-08-04,CALL,35.0,4450.23,3950.0,518.1,527.0,1.0,0.26925,522.55,0.8875945737636033,ITM
2023-06-30,2023-08-04,CALL,35.0,4450.23,3975.0,493.6,502.5,4.0,0.26096,498.05,0.8932122609393224,ITM
2023-06-30,2023-08-04,CALL,35.0,4450.23,4000.0,469.1,478.0,1000.0,0.25091,473.55,0.8988299481150414,ITM
2023-06-30,2023-08-04,CALL,35.0,4450.23,4010.0,459.3,468.2,1.0,0.24792,463.75,0.901077022985329,ITM
2023-06-30,2023-08-04,CALL,35.0,4450.23,4020.0,449.6,458.4,1.0,0.24472,454.0,0.9033240978556165,ITM
2023-06-30,2023-08-04,CALL,35.0,4450.23,4030.0,439.7,448.6,10.0,0.24022,444.15,0.9055711727259041,ITM
2023-06-30,2023-08-04,CALL,35.0,4450.23,4040.0,430.0,438.9,151.0,0.23723,434.45,0.9078182475961918,ITM
2023-06-30,2023-08-04,CALL,35.0,4450.23,4050.0,420.2,429.1,2.0,0.23358,424.65,0.9100653224664793,ITM
2023-06-30,2023-08-04,CALL,35.0,4450.23,4060.0,410.5,419.4,1.0,0.23059,414.95,0.912312397336767,ITM
2023-06-30,2023-08-04,CALL,35.0,4450.23,4070.0,400.8,409.7,3.0,0.22672,405.25,0.9145594722070546,ITM
2023-06-30,2023-08-04,CALL,35.0,4450.23,4075.0,396.0,403.2,1.0,0.22123,399.6,0.9156830096421984,ITM
2023-06-30,2023-08-04,CALL,35.0,4450.23,4080.0,391.2,399.9,9.0,0.22314,395.54999999999995,0.9168065470773421,ITM
2023-06-30,2023-08-04,CALL,35.0,4450.23,4090.0,381.5,388.6,2.0,0.21603,385.05,0.9190536219476297,ITM
2023-06-30,2023-08-04,CALL,35.0,4450.23,4100.0,371.8,379.0,47.0,0.21346,375.4,0.9213006968179174,ITM
2023-06-30,2023-08-04,CALL,35.0,4450.23,4110.0,362.1,370.9,27.0,0.21306,366.5,0.923547771688205,ITM
2023-06-30,2023-08-04,CALL,35.0,4450.23,4120.0,352.5,361.3,1.0,0.20988,356.9,0.9257948465584925,ITM
2023-06-30,2023-08-04,CALL,35.0,4450.23,4125.0,347.8,356.5,10.0,0.20873,352.15,0.9269183839936364,ITM
2023-06-30,2023-08-04,CALL,35.0,4450.23,4135.0,338.1,346.8,1.0,0.20509,342.45000000000005,0.929165458863924,ITM
2023-06-30,2023-08-04,CALL,35.0,4450.23,4140.0,333.4,340.5,3.0,0.20011,336.95,0.9302889962990678,ITM
2023-06-30,2023-08-04,CALL,35.0,4450.23,4150.0,323.8,330.8,1.0,0.19645,327.3,0.9325360711693553,ITM
2023-06-30,2023-08-04,CALL,35.0,4450.23,4160.0,314.3,321.2,1.0,0.1938,317.75,0.934783146039643,ITM
2023-06-30,2023-08-04,CALL,35.0,4450.23,4175.0,300.1,306.9,12.0,0.18936,303.5,0.9381537583450744,ITM
2023-06-30,2023-08-04,CALL,35.0,4450.23,4180.0,295.3,302.1,1.0,0.18698,298.70000000000005,0.9392772957802182,ITM
2023-06-30,2023-08-04,CALL,35.0,4450.23,4190.0,285.8,291.8,1.0,0.1828,288.8,0.9415243706505058,ITM
2023-06-30,2023-08-04,CALL,35.0,4450.23,4200.0,276.4,282.4,1.0,0.179,279.4,0.9437714455207934,ITM
2023-06-30,2023-08-04,CALL,35.0,4450.23,4210.0,267.0,275.6,1.0,0.18034,271.3,0.946018520391081,ITM
2023-06-30,2023-08-04,CALL,35.0,4450.23,4220.0,258.4,264.6,1.0,0.17596,261.5,0.9482655952613686,ITM
2023-06-30,2023-08-04,CALL,35.0,4450.23,4230.0,248.4,256.9,3.0,0.17444,252.64999999999998,0.9505126701316562,ITM
2023-06-30,2023-08-04,CALL,35.0,4450.23,4240.0,239.2,247.6,6.0,0.17184,243.39999999999998,0.9527597450019438,ITM
2023-06-30,2023-08-04,CALL,35.0,4450.23,4250.0,230.0,238.4,3.0,0.16807,234.2,0.9550068198722315,ITM
2023-06-30,2023-08-04,CALL,35.0,4450.23,4255.0,225.5,233.8,2.0,0.16754,229.65,0.9561303573073752,ITM
2023-06-30,2023-08-04,CALL,35.0,4450.23,4260.0,220.9,229.2,2.0,0.16502,225.05,0.957253894742519,ITM
2023-06-30,2023-08-04,CALL,35.0,4450.23,4265.0,217.1,222.8,1.0,0.16266,219.95,0.9583774321776628,ITM
2023-06-30,2023-08-04,CALL,35.0,4450.23,4270.0,211.8,220.1,2.0,0.16234,215.95,0.9595009696128066,ITM
2023-06-30,2023-08-04,CALL,35.0,4450.23,4275.0,207.3,215.5,5.0,0.16138,211.4,0.9606245070479504,ITM
2023-06-30,2023-08-04,CALL,35.0,4450.23,4280.0,202.8,211.0,3.0,0.15931,206.9,0.9617480444830943,ITM
2023-06-30,2023-08-04,CALL,35.0,4450.23,4290.0,194.9,200.5,2.0,0.156,197.7,0.9639951193533818,ITM
2023-06-30,2023-08-04,CALL,35.0,4450.23,4295.0,190.4,197.5,2.0,0.15674,193.95,0.9651186567885256,ITM
2023-06-30,2023-08-04,CALL,35.0,4450.23,4300.0,185.9,190.9,46.0,0.15252,188.4,0.9662421942236694,ITM
2023-06-30,2023-08-04,CALL,35.0,4450.23,4305.0,181.5,188.6,2.0,0.15382,185.05,0.9673657316588132,ITM
2023-06-30,2023-08-04,CALL,35.0,4450.23,4310.0,177.0,182.1,9.0,0.14959,179.55,0.968489269093957,ITM
2023-06-30,2023-08-04,CALL,35.0,4450.23,4320.0,168.2,175.4,2.0,0.14917,171.8,0.9707363439642447,ITM
2023-06-30,2023-08-04,CALL,35.0,4450.23,4325.0,163.9,171.1,1.0,0.14752,167.5,0.9718598813993884,ITM
2023-06-30,2023-08-04,CALL,35.0,4450.23,4330.0,159.6,164.5,3.0,0.14314,162.05,0.9729834188345322,ITM
2023-06-30,2023-08-04,CALL,35.0,4450.23,4335.0,155.2,162.5,5.0,0.14477,158.85,0.974106956269676,ITM
2023-06-30,2023-08-04,CALL,35.0,4450.23,4340.0,151.0,158.2,36.0,0.14365,154.6,0.9752304937048198,ITM
2023-06-30,2023-08-04,CALL,35.0,4450.23,4345.0,146.7,153.9,3.0,0.14127,150.3,0.9763540311399637,ITM
2023-06-30,2023-08-04,CALL,35.0,4450.23,4350.0,142.5,148.0,6.0,0.13856,145.25,0.9774775685751075,ITM
2023-06-30,2023-08-04,CALL,35.0,4450.23,4355.0,138.3,143.8,20.0,0.13701,141.05,0.9786011060102513,ITM
2023-06-30,2023-08-04,CALL,35.0,4450.23,4360.0,134.1,139.1,28.0,0.13452,136.6,0.979724643445395,ITM
2023-06-30,2023-08-04,CALL,35.0,4450.23,4365.0,130.0,135.0,6.0,0.13418,132.5,0.9808481808805388,ITM
2023-06-30,2023-08-04,CALL,35.0,4450.23,4370.0,125.9,131.0,22.0,0.1326,128.45,0.9819717183156826,ITM
2023-06-30,2023-08-04,CALL,35.0,4450.23,4375.0,122.5,127.0,10.0,0.13173,124.75,0.9830952557508265,ITM
2023-06-30,2023-08-04,CALL,35.0,4450.23,4380.0,117.9,125.1,1.0,0.13196,121.5,0.9842187931859703,ITM
2023-06-30,2023-08-04,CALL,35.0,4450.23,4385.0,114.8,119.5,2.0,0.12987,117.15,0.9853423306211141,ITM
2023-06-30,2023-08-04,CALL,35.0,4450.23,4390.0,110.3,115.2,8.0,0.12819,112.75,0.9864658680562579,ITM
2023-06-30,2023-08-04,CALL,35.0,4450.23,4395.0,106.4,113.4,4.0,0.12875,109.9,0.9875894054914016,ITM
2023-06-30,2023-08-04,CALL,35.0,4450.23,4400.0,102.7,109.5,110.0,0.12714,106.1,0.9887129429265454,ITM
2023-06-30,2023-08-04,CALL,35.0,4450.23,4405.0,100.9,101.4,43.0,0.12409,101.15,0.9898364803616893,ITM
2023-06-30,2023-08-04,CALL,35.0,4450.23,4410.0,97.4,102.0,3.0,0.12668,99.7,0.9909600177968331,ATM
2023-06-30,2023-08-04,CALL,35.0,4450.23,4415.0,91.8,98.3,5.0,0.12393,95.05,0.9920835552319769,ATM
2023-06-30,2023-08-04,CALL,35.0,4450.23,4420.0,88.3,92.5,9.0,0.12055,90.4,0.9932070926671207,ATM
2023-06-30,2023-08-04,CALL,35.0,4450.23,4425.0,84.9,89.0,325.0,0.11978,86.95,0.9943306301022645,ATM
2023-06-30,2023-08-04,CALL,35.0,4450.23,4430.0,81.5,85.5,53.0,0.11867,83.5,0.9954541675374082,ATM
2023-06-30,2023-08-04,CALL,35.0,4450.23,4435.0,78.2,84.2,20.0,0.1191,81.2,0.996577704972552,ATM
2023-06-30,2023-08-04,CALL,35.0,4450.23,4440.0,76.5,77.0,44.0,0.11603,76.75,0.9977012424076959,ATM
2023-06-30,2023-08-04,CALL,35.0,4450.23,4445.0,73.1,75.6,12.0,0.11721,74.35,0.9988247798428397,ATM
2023-06-30,2023-08-04,CALL,35.0,4450.23,4450.0,70.0,70.8,1126.0,0.1146,70.4,0.9999483172779835,ATM
2023-06-30,2023-08-04,CALL,35.0,4450.23,4455.0,66.7,71.1,20.0,0.11681,68.9,1.0010718547131272,ATM
2023-06-30,2023-08-04,CALL,35.0,4450.23,4460.0,63.6,66.8,27.0,0.11414,65.2,1.0021953921482711,ATM
2023-06-30,2023-08-04,CALL,35.0,4450.23,4470.0,58.3,58.8,56.0,0.11123,58.55,1.0044424670185588,ATM
2023-06-30,2023-08-04,CALL,35.0,4450.23,4475.0,55.5,56.3,21.0,0.11037,55.9,1.0055660044537025,ATM
2023-06-30,2023-08-04,CALL,35.0,4450.23,4480.0,52.9,53.4,26.0,0.1101,53.15,1.0066895418888462,ATM
2023-06-30,2023-08-04,CALL,35.0,4450.23,4485.0,50.3,51.0,2.0,0.10931,50.65,1.0078130793239901,ATM
2023-06-30,2023-08-04,CALL,35.0,4450.23,4490.0,46.7,51.1,18.0,0.1098,48.900000000000006,1.0089366167591338,ATM
2023-06-30,2023-08-04,CALL,35.0,4450.23,4500.0,42.8,43.6,716.0,0.1068,43.2,1.0111836916294215,OTM
2023-06-30,2023-08-04,CALL,35.0,4450.23,4505.0,40.8,41.4,6.0,0.10643,41.099999999999994,1.0123072290645654,OTM
2023-06-30,2023-08-04,CALL,35.0,4450.23,4510.0,38.4,39.0,3.0,0.10565,38.7,1.013430766499709,OTM
2023-06-30,2023-08-04,CALL,35.0,4450.23,4520.0,34.5,35.1,13.0,0.10505,34.8,1.0156778413699967,OTM
2023-06-30,2023-08-04,CALL,35.0,4450.23,4525.0,32.4,33.0,58.0,0.10427,32.7,1.0168013788051404,OTM
2023-06-30,2023-08-04,CALL,35.0,4450.23,4530.0,30.7,31.4,49.0,0.10429,31.049999999999997,1.0179249162402844,OTM
2023-06-30,2023-08-04,CALL,35.0,4450.23,4540.0,27.3,27.7,69.0,0.10356,27.5,1.020171991110572,OTM
2023-06-30,2023-08-04,CALL,35.0,4450.23,4550.0,24.0,24.6,1521.0,0.10223,24.3,1.0224190659808594,OTM
2023-06-30,2023-08-04,CALL,35.0,4450.23,4560.0,21.2,21.9,6.0,0.10241,21.549999999999997,1.024666140851147,OTM
2023-06-30,2023-08-04,CALL,35.0,4450.23,4570.0,18.7,19.3,5.0,0.1016,19.0,1.0269132157214347,OTM
2023-06-30,2023-08-04,CALL,35.0,4450.23,4575.0,17.6,18.1,4.0,0.10195,17.85,1.0280367531565786,OTM
2023-06-30,2023-08-04,CALL,35.0,4450.23,4580.0,16.0,17.3,22.0,0.10067,16.65,1.0291602905917223,OTM
2023-06-30,2023-08-04,CALL,35.0,4450.23,4590.0,14.1,15.2,1056.0,0.10063,14.649999999999999,1.03140736546201,OTM
2023-06-30,2023-08-04,CALL,35.0,4450.23,4600.0,12.6,13.1,54.0,0.10033,12.85,1.0336544403322976,OTM
2023-06-30,2023-08-04,CALL,35.0,4450.23,4610.0,11.1,11.4,50.0,0.10106,11.25,1.0359015152025852,OTM
2023-06-30,2023-08-04,CALL,35.0,4450.23,4620.0,9.6,10.2,2.0,0.10106,9.899999999999999,1.0381485900728726,OTM
2023-06-30,2023-08-04,CALL,35.0,4450.23,4625.0,9.0,9.4,1.0,0.10011,9.2,1.0392721275080166,OTM
2023-06-30,2023-08-04,CALL,35.0,4450.23,4630.0,8.4,8.8,21.0,0.10101,8.600000000000001,1.0403956649431603,OTM
2023-06-30,2023-08-04,CALL,35.0,4450.23,4640.0,7.3,7.8,34.0,0.10055,7.55,1.042642739813448,OTM
2023-06-30,2023-08-04,CALL,35.0,4450.23,4650.0,6.4,6.7,41.0,0.10083,6.550000000000001,1.0448898146837355,OTM
2023-06-30,2023-08-04,CALL,35.0,4450.23,4675.0,4.5,4.8,2.0,0.1012,4.65,1.0505075018594545,OTM
2023-06-30,2023-08-04,CALL,35.0,4450.23,4700.0,3.1,3.4,45.0,0.10215,3.25,1.0561251890351735,OTM
2023-06-30,2023-08-04,CALL,35.0,4450.23,4750.0,1.55,1.7,15.0,0.10475,1.625,1.0673605633866117,OTM
2023-06-30,2023-08-04,CALL,35.0,4450.23,4800.0,0.8,0.9,6.0,0.10744,0.8500000000000001,1.0785959377380496,OTM
2023-06-30,2023-08-04,CALL,35.0,4450.23,4900.0,0.25,0.35,1045.0,0.11687,0.3,1.1010666864409255,OTM
2023-06-30,2023-08-04,CALL,35.0,4450.23,5000.0,0.1,0.2,13.0,0.13036,0.15000000000000002,1.1235374351438017,OTM
2023-06-30,2023-08-11,CALL,42.0,4450.23,3600.0,866.6,875.5,1.0,0.37655,871.05,0.8089469533035372,ITM
2023-06-30,2023-08-11,CALL,42.0,4450.23,3700.0,766.1,776.7,5.0,0.33564,771.4000000000001,0.8314177020064132,ITM
2023-06-30,2023-08-11,CALL,42.0,4450.23,3950.0,521.9,530.7,15.0,0.25513,526.3,0.8875945737636033,ITM
2023-06-30,2023-08-11,CALL,42.0,4450.23,4000.0,473.1,482.0,2.0,0.23915,477.55,0.8988299481150414,ITM
2023-06-30,2023-08-11,CALL,42.0,4450.23,4025.0,449.0,457.7,7.0,0.23171,453.35,0.9044476352907603,ITM
2023-06-30,2023-08-11,CALL,42.0,4450.23,4040.0,434.5,443.2,1.0,0.22756,438.85,0.9078182475961918,ITM
2023-06-30,2023-08-11,CALL,42.0,4450.23,4050.0,424.8,432.0,54.0,0.22086,428.4,0.9100653224664793,ITM
2023-06-30,2023-08-11,CALL,42.0,4450.23,4060.0,415.1,423.9,68.0,0.22094,419.5,0.912312397336767,ITM
2023-06-30,2023-08-11,CALL,42.0,4450.23,4070.0,405.6,412.7,1.0,0.21557,409.15,0.9145594722070546,ITM
2023-06-30,2023-08-11,CALL,42.0,4450.23,4075.0,400.8,407.9,3.0,0.21381,404.35,0.9156830096421984,ITM
2023-06-30,2023-08-11,CALL,42.0,4450.23,4100.0,376.7,385.4,1.0,0.20904,381.04999999999995,0.9213006968179174,ITM
2023-06-30,2023-08-11,CALL,42.0,4450.23,4120.0,357.6,366.3,76.0,0.20303,361.95000000000005,0.9257948465584925,ITM
2023-06-30,2023-08-11,CALL,42.0,4450.23,4125.0,353.0,359.9,1.0,0.19906,356.45,0.9269183839936364,ITM
2023-06-30,2023-08-11,CALL,42.0,4450.23,4150.0,329.2,337.8,9.0,0.19418,333.5,0.9325360711693553,ITM
2023-06-30,2023-08-11,CALL,42.0,4450.23,4160.0,318.1,328.4,1.0,0.18851,323.25,0.934783146039643,ITM
2023-06-30,2023-08-11,CALL,42.0,4450.23,4170.0,310.4,319.0,60.0,0.18877,314.7,0.9370302209099306,ITM
2023-06-30,2023-08-11,CALL,42.0,4450.23,4190.0,291.7,300.2,1.0,0.18303,295.95,0.9415243706505058,ITM
2023-06-30,2023-08-11,CALL,42.0,4450.23,4200.0,282.5,290.9,1.0,0.1799,286.7,0.9437714455207934,ITM
2023-06-30,2023-08-11,CALL,42.0,4450.23,4210.0,273.2,281.6,1.0,0.17734,277.4,0.946018520391081,ITM
2023-06-30,2023-08-11,CALL,42.0,4450.23,4225.0,260.3,266.2,1.0,0.17254,263.25,0.9493891326965124,ITM
2023-06-30,2023-08-11,CALL,42.0,4450.23,4240.0,245.8,254.0,1.0,0.16852,249.9,0.9527597450019438,ITM
2023-06-30,2023-08-11,CALL,42.0,4450.23,4250.0,236.7,244.9,6.0,0.16665,240.8,0.9550068198722315,ITM
2023-06-30,2023-08-11,CALL,42.0,4450.23,4260.0,228.5,234.3,1.0,0.16276,231.4,0.957253894742519,ITM
2023-06-30,2023-08-11,CALL,42.0,4450.23,4270.0,219.6,225.3,1.0,0.15962,222.45,0.9595009696128066,ITM
2023-06-30,2023-08-11,CALL,42.0,4450.23,4275.0,214.3,222.4,1.0,0.15995,218.35000000000002,0.9606245070479504,ITM
2023-06-30,2023-08-11,CALL,42.0,4450.23,4280.0,210.7,216.3,2.0,0.1567,213.5,0.9617480444830943,ITM
2023-06-30,2023-08-11,CALL,42.0,4450.23,4290.0,201.0,209.1,16.0,0.15512,205.05,0.9639951193533818,ITM
2023-06-30,2023-08-11,CALL,42.0,4450.23,4300.0,193.0,198.3,8.0,0.15148,195.65,0.9662421942236694,ITM
2023-06-30,2023-08-11,CALL,42.0,4450.23,4310.0,184.3,191.6,9.0,0.15132,187.95,0.968489269093957,ITM
2023-06-30,2023-08-11,CALL,42.0,4450.23,4320.0,175.6,182.9,3.0,0.14781,179.25,0.9707363439642447,ITM
2023-06-30,2023-08-11,CALL,42.0,4450.23,4325.0,171.3,178.6,1.0,0.14711,174.95,0.9718598813993884,ITM
2023-06-30,2023-08-11,CALL,42.0,4450.23,4330.0,167.1,174.4,2.0,0.14559,170.75,0.9729834188345322,ITM
2023-06-30,2023-08-11,CALL,42.0,4450.23,4340.0,158.6,165.9,2.0,0.14264,162.25,0.9752304937048198,ITM
2023-06-30,2023-08-11,CALL,42.0,4450.23,4350.0,150.3,157.6,93.0,0.14063,153.95,0.9774775685751075,ITM
2023-06-30,2023-08-11,CALL,42.0,4450.23,4360.0,142.0,149.4,62.0,0.13814,145.7,0.979724643445395,ITM
2023-06-30,2023-08-11,CALL,42.0,4450.23,4370.0,134.0,141.3,23.0,0.13494,137.65,0.9819717183156826,ITM
2023-06-30,2023-08-11,CALL,42.0,4450.23,4375.0,130.1,137.3,65.0,0.13388,133.7,0.9830952557508265,ITM
2023-06-30,2023-08-11,CALL,42.0,4450.23,4380.0,126.2,133.3,5.0,0.13343,129.75,0.9842187931859703,ITM
2023-06-30,2023-08-11,CALL,42.0,4450.23,4390.0,120.6,121.2,2.0,0.12832,120.9,0.9864658680562579,ITM
2023-06-30,2023-08-11,CALL,42.0,4450.23,4400.0,113.0,113.8,40.0,0.12637,113.4,0.9887129429265454,ITM
2023-06-30,2023-08-11,CALL,42.0,4450.23,4410.0,105.6,106.4,2.0,0.12456,106.0,0.9909600177968331,ATM
2023-06-30,2023-08-11,CALL,42.0,4450.23,4420.0,98.6,99.2,65.0,0.12252,98.9,0.9932070926671207,ATM
2023-06-30,2023-08-11,CALL,42.0,4450.23,4425.0,92.1,99.6,1.0,0.12193,95.85,0.9943306301022645,ATM
2023-06-30,2023-08-11,CALL,42.0,4450.23,4430.0,88.7,96.1,6.0,0.12122,92.4,0.9954541675374082,ATM
2023-06-30,2023-08-11,CALL,42.0,4450.23,4440.0,82.1,89.3,12.0,0.11879,85.69999999999999,0.9977012424076959,ATM
2023-06-30,2023-08-11,CALL,42.0,4450.23,4450.0,77.0,82.7,19.0,0.11797,79.85,0.9999483172779835,ATM
2023-06-30,2023-08-11,CALL,42.0,4450.23,4460.0,72.4,73.0,8.0,0.11496,72.7,1.0021953921482711,ATM
2023-06-30,2023-08-11,CALL,42.0,4450.23,4470.0,65.8,70.3,23.0,0.11535,68.05,1.0044424670185588,ATM
2023-06-30,2023-08-11,CALL,42.0,4450.23,4475.0,63.7,64.3,12.0,0.11305,64.0,1.0055660044537025,ATM
2023-06-30,2023-08-11,CALL,42.0,4450.23,4480.0,60.9,61.7,21.0,0.11163,61.3,1.0066895418888462,ATM
2023-06-30,2023-08-11,CALL,42.0,4450.23,4490.0,55.6,56.4,4.0,0.1108,56.0,1.0089366167591338,ATM
2023-06-30,2023-08-11,CALL,42.0,4450.23,4500.0,50.6,51.2,35.0,0.1097,50.900000000000006,1.0111836916294215,OTM
2023-06-30,2023-08-11,CALL,42.0,4450.23,4510.0,46.1,46.8,1.0,0.10854,46.45,1.013430766499709,OTM
2023-06-30,2023-08-11,CALL,42.0,4450.23,4520.0,41.6,42.2,2.0,0.10725,41.900000000000006,1.0156778413699967,OTM
2023-06-30,2023-08-11,CALL,42.0,4450.23,4525.0,39.5,40.1,2.0,0.10694,39.8,1.0168013788051404,OTM
2023-06-30,2023-08-11,CALL,42.0,4450.23,4530.0,37.4,38.0,4.0,0.10559,37.7,1.0179249162402844,OTM
2023-06-30,2023-08-11,CALL,42.0,4450.23,4540.0,33.7,34.3,9.0,0.10498,34.0,1.020171991110572,OTM
2023-06-30,2023-08-11,CALL,42.0,4450.23,4550.0,29.5,32.6,13.0,0.10562,31.05,1.0224190659808594,OTM
2023-06-30,2023-08-11,CALL,42.0,4450.23,4560.0,27.0,27.6,5.0,0.10394,27.3,1.024666140851147,OTM
2023-06-30,2023-08-11,CALL,42.0,4450.23,4570.0,24.1,24.7,2.0,0.10262,24.4,1.0269132157214347,OTM
2023-06-30,2023-08-11,CALL,42.0,4450.23,4575.0,22.7,23.4,307.0,0.10243,23.049999999999997,1.0280367531565786,OTM
2023-06-30,2023-08-11,CALL,42.0,4450.23,4600.0,16.8,17.2,51.0,0.10095,17.0,1.0336544403322976,OTM
2023-06-30,2023-08-11,CALL,42.0,4450.23,4650.0,9.0,9.5,7.0,0.10105,9.25,1.0448898146837355,OTM
2023-06-30,2023-08-11,CALL,42.0,4450.23,4700.0,4.8,5.0,11.0,0.10095,4.9,1.0561251890351735,OTM
2023-06-30,2023-08-11,CALL,42.0,4450.23,4800.0,1.25,1.4,2.0,0.10404,1.325,1.0785959377380496,OTM
2023-06-30,2023-08-11,CALL,42.0,4450.23,4900.0,0.4,0.5,1.0,0.11148,0.45,1.1010666864409255,OTM
2023-06-30,2023-08-11,CALL,42.0,4450.23,5000.0,0.15,0.3,1.0,0.12324,0.22499999999999998,1.1235374351438017,OTM
2023-06-30,2023-08-18,CALL,49.0,4450.23,3570.0,896.1,912.5,18.0,0.37293,904.3,0.8022057286926744,ITM
2023-06-30,2023-08-18,CALL,49.0,4450.23,3575.0,891.1,907.5,6.0,0.37015,899.3,0.8033292661278182,ITM
2023-06-30,2023-08-18,CALL,49.0,4450.23,3580.0,886.2,902.6,4.0,0.3694,894.4000000000001,0.804452803562962,ITM
2023-06-30,2023-08-18,CALL,49.0,4450.23,3590.0,876.2,892.7,2.0,0.36536,884.45,0.8066998784332496,ITM
2023-06-30,2023-08-18,CALL,49.0,4450.23,3600.0,866.5,882.8,1.0,0.36198,874.65,0.8089469533035372,ITM
2023-06-30,2023-08-18,CALL,49.0,4450.23,3610.0,856.6,870.8,2.0,0.35207,863.7,0.8111940281738248,ITM
2023-06-30,2023-08-18,CALL,49.0,4450.23,3620.0,846.7,860.9,1.0,0.34877,853.8,0.8134411030441124,ITM
2023-06-30,2023-08-18,CALL,49.0,4450.23,3625.0,841.7,856.0,1.0,0.34623,848.85,0.8145646404792563,ITM
2023-06-30,2023-08-18,CALL,49.0,4450.23,3630.0,836.9,853.2,1.0,0.35165,845.05,0.8156881779144,ITM
2023-06-30,2023-08-18,CALL,49.0,4450.23,3640.0,827.0,843.4,1.0,0.34908,835.2,0.8179352527846876,ITM
2023-06-30,2023-08-18,CALL,49.0,4450.23,3650.0,817.5,833.5,1.0,0.34621,825.5,0.8201823276549752,ITM
2023-06-30,2023-08-18,CALL,49.0,4450.23,3660.0,807.6,823.6,2.0,0.34315,815.6,0.8224294025252629,ITM
2023-06-30,2023-08-18,CALL,49.0,4450.23,3670.0,797.4,813.8,1.0,0.33817,805.5999999999999,0.8246764773955504,ITM
2023-06-30,2023-08-18,CALL,49.0,4450.23,3675.0,792.5,808.8,2.0,0.33637,800.65,0.8258000148306942,ITM
2023-06-30,2023-08-18,CALL,49.0,4450.23,3680.0,787.9,803.9,1.0,0.3361,795.9,0.826923552265838,ITM
2023-06-30,2023-08-18,CALL,49.0,4450.23,3690.0,778.1,794.1,1.0,0.33305,786.1,0.8291706271361257,ITM
2023-06-30,2023-08-18,CALL,49.0,4450.23,3700.0,768.2,784.2,1.0,0.32972,776.2,0.8314177020064132,ITM
2023-06-30,2023-08-18,CALL,49.0,4450.23,3710.0,758.0,774.3,2.0,0.32514,766.15,0.8336647768767008,ITM
2023-06-30,2023-08-18,CALL,49.0,4450.23,3720.0,748.1,764.5,1.0,0.32158,756.3,0.8359118517469885,ITM
2023-06-30,2023-08-18,CALL,49.0,4450.23,3725.0,743.6,759.6,1.0,0.32159,751.6,0.8370353891821323,ITM
2023-06-30,2023-08-18,CALL,49.0,4450.23,3730.0,738.2,752.5,1.0,0.31196,745.35,0.8381589266172761,ITM
2023-06-30,2023-08-18,CALL,49.0,4450.23,3750.0,718.6,732.8,9.0,0.30569,725.7,0.8426530763578512,ITM
2023-06-30,2023-08-18,CALL,49.0,4450.23,3760.0,708.7,725.1,1.0,0.3085,716.9000000000001,0.8449001512281389,ITM
2023-06-30,2023-08-18,CALL,49.0,4450.23,3770.0,699.3,715.3,6.0,0.30671,707.3,0.8471472260984264,ITM
2023-06-30,2023-08-18,CALL,49.0,4450.23,3775.0,694.4,710.4,1.0,0.30472,702.4,0.8482707635335702,ITM
2023-06-30,2023-08-18,CALL,49.0,4450.23,3780.0,689.1,705.5,68.0,0.30243,697.3,0.849394300968714,ITM
2023-06-30,2023-08-18,CALL,49.0,4450.23,3790.0,679.2,693.5,12.0,0.29303,686.35,0.8516413758390017,ITM
2023-06-30,2023-08-18,CALL,49.0,4450.23,3800.0,669.9,685.8,13.0,0.29677,677.8499999999999,0.8538884507092893,ITM
2023-06-30,2023-08-18,CALL,49.0,4450.23,3810.0,659.7,673.9,1.0,0.28725,666.8,0.8561355255795768,ITM
2023-06-30,2023-08-18,CALL,49.0,4450.23,3820.0,649.7,666.2,4.0,0.28856,657.95,0.8583826004498645,ITM
2023-06-30,2023-08-18,CALL,49.0,4450.23,3825.0,644.9,661.3,2.0,0.28785,653.0999999999999,0.8595061378850083,ITM
2023-06-30,2023-08-18,CALL,49.0,4450.23,3830.0,640.0,656.4,5.0,0.28589,648.2,0.8606296753201521,ITM
2023-06-30,2023-08-18,CALL,49.0,4450.23,3840.0,630.2,646.6,1.0,0.28294,638.4000000000001,0.8628767501904396,ITM
2023-06-30,2023-08-18,CALL,49.0,4450.23,3850.0,620.9,636.8,1.0,0.28092,628.8499999999999,0.8651238250607273,ITM
2023-06-30,2023-08-18,CALL,49.0,4450.23,3870.0,600.9,617.2,2.0,0.27299,609.05,0.8696179748013025,ITM
2023-06-30,2023-08-18,CALL,49.0,4450.23,3875.0,596.0,612.3,1.0,0.27203,604.15,0.8707415122364462,ITM
2023-06-30,2023-08-18,CALL,49.0,4450.23,3880.0,591.1,607.4,5.0,0.27013,599.25,0.8718650496715901,ITM
2023-06-30,2023-08-18,CALL,49.0,4450.23,3900.0,571.6,585.1,5.0,0.25793,578.35,0.8763591994121653,ITM
2023-06-30,2023-08-18,CALL,49.0,4450.23,3910.0,561.7,573.9,1.0,0.25131,567.8,0.8786062742824529,ITM
2023-06-30,2023-08-18,CALL,49.0,4450.23,3920.0,552.1,564.6,10.0,0.24963,558.35,0.8808533491527405,ITM
2023-06-30,2023-08-18,CALL,49.0,4450.23,3925.0,547.7,559.5,15.0,0.249,553.6,0.8819768865878843,ITM
2023-06-30,2023-08-18,CALL,49.0,4450.23,3930.0,542.8,554.6,1.0,0.24751,548.7,0.8831004240230281,ITM
2023-06-30,2023-08-18,CALL,49.0,4450.23,3940.0,532.6,544.8,3.0,0.24299,538.7,0.8853474988933158,ITM
2023-06-30,2023-08-18,CALL,49.0,4450.23,3950.0,522.9,536.4,200.0,0.24287,529.65,0.8875945737636033,ITM
2023-06-30,2023-08-18,CALL,49.0,4450.23,3960.0,513.2,525.2,2.0,0.23688,519.2,0.8898416486338909,ITM
2023-06-30,2023-08-18,CALL,49.0,4450.23,3965.0,508.4,520.3,3.0,0.23526,514.3499999999999,0.8909651860690347,ITM
2023-06-30,2023-08-18,CALL,49.0,4450.23,3970.0,503.5,515.3,6.0,0.23406,509.4,0.8920887235041786,ITM
2023-06-30,2023-08-18,CALL,49.0,4450.23,3975.0,498.7,513.0,2.0,0.23783,505.85,0.8932122609393224,ITM
2023-06-30,2023-08-18,CALL,49.0,4450.23,3980.0,494.3,505.6,1.0,0.2319,499.95000000000005,0.8943357983744661,ITM
2023-06-30,2023-08-18,CALL,49.0,4450.23,3985.0,489.0,500.8,3.0,0.22942,494.9,0.8954593358096099,ITM
2023-06-30,2023-08-18,CALL,49.0,4450.23,3990.0,484.2,495.9,1.0,0.2281,490.04999999999995,0.8965828732447537,ITM
2023-06-30,2023-08-18,CALL,49.0,4450.23,3995.0,479.4,491.0,1.0,0.22651,485.2,0.8977064106798975,ITM
2023-06-30,2023-08-18,CALL,49.0,4450.23,4000.0,474.5,488.4,4.0,0.23002,481.45,0.8988299481150414,ITM
2023-06-30,2023-08-18,CALL,49.0,4450.23,4005.0,469.7,485.8,1.0,0.23283,477.75,0.8999534855501852,ITM
2023-06-30,2023-08-18,CALL,49.0,4450.23,4010.0,464.9,481.0,1.0,0.23134,472.95,0.901077022985329,ITM
2023-06-30,2023-08-18,CALL,49.0,4450.23,4015.0,460.6,471.4,2.0,0.22165,466.0,0.9022005604204727,ITM
2023-06-30,2023-08-18,CALL,49.0,4450.23,4020.0,455.3,466.6,2.0,0.21938,460.95000000000005,0.9033240978556165,ITM
2023-06-30,2023-08-18,CALL,49.0,4450.23,4025.0,450.4,466.5,1.0,0.22641,458.45,0.9044476352907603,ITM
2023-06-30,2023-08-18,CALL,49.0,4450.23,4030.0,445.6,456.7,17.0,0.21572,451.15,0.9055711727259041,ITM
2023-06-30,2023-08-18,CALL,49.0,4450.23,4035.0,441.3,451.9,5.0,0.21578,446.6,0.906694710161048,ITM
2023-06-30,2023-08-18,CALL,49.0,4450.23,4040.0,436.0,447.0,4.0,0.21364,441.5,0.9078182475961918,ITM
2023-06-30,2023-08-18,CALL,49.0,4450.23,4045.0,431.3,442.1,15.0,0.21182,436.70000000000005,0.9089417850313356,ITM
2023-06-30,2023-08-18,CALL,49.0,4450.23,4050.0,426.5,439.8,13.0,0.21477,433.15,0.9100653224664793,ITM
2023-06-30,2023-08-18,CALL,49.0,4450.23,4060.0,416.9,427.6,1.0,0.20812,422.25,0.912312397336767,ITM
2023-06-30,2023-08-18,CALL,49.0,4450.23,4070.0,407.3,418.0,1.0,0.20451,412.65,0.9145594722070546,ITM
2023-06-30,2023-08-18,CALL,49.0,4450.23,4075.0,402.6,413.1,3.0,0.20337,407.85,0.9156830096421984,ITM
2023-06-30,2023-08-18,CALL,49.0,4450.23,4080.0,397.8,413.7,1.0,0.21076,405.75,0.9168065470773421,ITM
2023-06-30,2023-08-18,CALL,49.0,4450.23,4090.0,388.3,398.7,6.0,0.19903,393.5,0.9190536219476297,ITM
2023-06-30,2023-08-18,CALL,49.0,4450.23,4095.0,383.6,393.9,6.0,0.19849,388.75,0.9201771593827736,ITM
2023-06-30,2023-08-18,CALL,49.0,4450.23,4100.0,378.8,389.2,1.0,0.19627,384.0,0.9213006968179174,ITM
2023-06-30,2023-08-18,CALL,49.0,4450.23,4105.0,374.1,384.4,1.0,0.19526,379.25,0.9224242342530612,ITM
2023-06-30,2023-08-18,CALL,49.0,4450.23,4110.0,369.4,385.1,1.0,0.20283,377.25,0.923547771688205,ITM
2023-06-30,2023-08-18,CALL,49.0,4450.23,4115.0,364.6,374.8,3.0,0.19247,369.70000000000005,0.9246713091233487,ITM
2023-06-30,2023-08-18,CALL,49.0,4450.23,4120.0,359.9,370.1,1.0,0.19186,365.0,0.9257948465584925,ITM
2023-06-30,2023-08-18,CALL,49.0,4450.23,4125.0,355.2,365.3,2.0,0.18967,360.25,0.9269183839936364,ITM
2023-06-30,2023-08-18,CALL,49.0,4450.23,4130.0,350.5,360.6,1.0,0.18888,355.55,0.9280419214287802,ITM
2023-06-30,2023-08-18,CALL,49.0,4450.23,4135.0,346.4,356.0,2.0,0.18839,351.2,0.929165458863924,ITM
2023-06-30,2023-08-18,CALL,49.0,4450.23,4140.0,341.1,356.8,5.0,0.19444,348.95000000000005,0.9302889962990678,ITM
2023-06-30,2023-08-18,CALL,49.0,4450.23,4145.0,337.0,346.6,2.0,0.186,341.8,0.9314125337342116,ITM
2023-06-30,2023-08-18,CALL,49.0,4450.23,4150.0,331.6,341.6,3.0,0.18334,336.6,0.9325360711693553,ITM
2023-06-30,2023-08-18,CALL,49.0,4450.23,4155.0,327.1,336.9,3.0,0.18204,332.0,0.9336596086044991,ITM
2023-06-30,2023-08-18,CALL,49.0,4450.23,4160.0,323.0,332.4,1.0,0.18206,327.7,0.934783146039643,ITM
2023-06-30,2023-08-18,CALL,49.0,4450.23,4165.0,317.8,327.5,18.0,0.17958,322.65,0.9359066834747868,ITM
2023-06-30,2023-08-18,CALL,49.0,4450.23,4170.0,313.1,322.8,1.0,0.17862,317.95000000000005,0.9370302209099306,ITM
2023-06-30,2023-08-18,CALL,49.0,4450.23,4175.0,308.5,319.1,167.0,0.17822,313.8,0.9381537583450744,ITM
2023-06-30,2023-08-18,CALL,49.0,4450.23,4180.0,303.9,313.4,3.0,0.17533,308.65,0.9392772957802182,ITM
2023-06-30,2023-08-18,CALL,49.0,4450.23,4185.0,299.9,309.0,2.0,0.17562,304.45,0.9404008332153619,ITM
2023-06-30,2023-08-18,CALL,49.0,4450.23,4190.0,294.6,304.1,1.0,0.17345,299.35,0.9415243706505058,ITM
2023-06-30,2023-08-18,CALL,49.0,4450.23,4195.0,290.7,299.7,5.0,0.17358,295.2,0.9426479080856496,ITM
2023-06-30,2023-08-18,CALL,49.0,4450.23,4200.0,286.1,296.8,45.0,0.1744,291.45000000000005,0.9437714455207934,ITM
2023-06-30,2023-08-18,CALL,49.0,4450.23,4205.0,280.9,295.0,1.0,0.17525,287.95,0.9448949829559372,ITM
2023-06-30,2023-08-18,CALL,49.0,4450.23,4210.0,276.3,285.6,5.0,0.16843,280.95000000000005,0.946018520391081,ITM
2023-06-30,2023-08-18,CALL,49.0,4450.23,4215.0,271.7,281.0,2.0,0.16712,276.35,0.9471420578262248,ITM
2023-06-30,2023-08-18,CALL,49.0,4450.23,4220.0,267.2,276.4,4.0,0.16564,271.79999999999995,0.9482655952613686,ITM
2023-06-30,2023-08-18,CALL,49.0,4450.23,4225.0,262.8,271.8,6.0,0.16494,267.3,0.9493891326965124,ITM
2023-06-30,2023-08-18,CALL,49.0,4450.23,4230.0,258.1,267.2,1.0,0.16351,262.65,0.9505126701316562,ITM
2023-06-30,2023-08-18,CALL,49.0,4450.23,4235.0,253.6,262.7,1.0,0.16164,258.15,0.9516362075668,ITM
2023-06-30,2023-08-18,CALL,49.0,4450.23,4240.0,249.1,258.1,5.0,0.16118,253.60000000000002,0.9527597450019438,ITM
2023-06-30,2023-08-18,CALL,49.0,4450.23,4245.0,244.6,253.6,3.0,0.15983,249.1,0.9538832824370876,ITM
2023-06-30,2023-08-18,CALL,49.0,4450.23,4250.0,240.1,249.1,88.0,0.15875,244.6,0.9550068198722315,ITM
2023-06-30,2023-08-18,CALL,49.0,4450.23,4255.0,235.7,244.6,2.0,0.15763,240.14999999999998,0.9561303573073752,ITM
2023-06-30,2023-08-18,CALL,49.0,4450.23,4260.0,231.2,240.1,5.0,0.15612,235.64999999999998,0.957253894742519,ITM
2023-06-30,2023-08-18,CALL,49.0,4450.23,4265.0,226.8,240.8,1.0,0.16017,233.8,0.9583774321776628,ITM
2023-06-30,2023-08-18,CALL,49.0,4450.23,4270.0,222.4,231.0,33.0,0.15306,226.7,0.9595009696128066,ITM
2023-06-30,2023-08-18,CALL,49.0,4450.23,4275.0,218.0,226.8,3.0,0.15231,222.4,0.9606245070479504,ITM
2023-06-30,2023-08-18,CALL,49.0,4450.23,4280.0,213.6,222.2,1.0,0.15075,217.89999999999998,0.9617480444830943,ITM
2023-06-30,2023-08-18,CALL,49.0,4450.23,4285.0,210.3,218.0,1.0,0.15112,214.15,0.9628715819182381,ITM
2023-06-30,2023-08-18,CALL,49.0,4450.23,4290.0,205.6,213.1,1.0,0.14908,209.35,0.9639951193533818,ITM
2023-06-30,2023-08-18,CALL,49.0,4450.23,4295.0,201.3,209.3,25.0,0.14864,205.3,0.9651186567885256,ITM
2023-06-30,2023-08-18,CALL,49.0,4450.23,4300.0,197.3,204.9,15.0,0.14795,201.10000000000002,0.9662421942236694,ITM
2023-06-30,2023-08-18,CALL,49.0,4450.23,4305.0,194.6,199.4,1.0,0.14655,197.0,0.9673657316588132,ITM
2023-06-30,2023-08-18,CALL,49.0,4450.23,4310.0,185.8,200.8,32.0,0.14707,193.3,0.968489269093957,ITM
2023-06-30,2023-08-18,CALL,49.0,4450.23,4315.0,184.6,192.0,19.0,0.14416,188.3,0.9696128065291009,ITM
2023-06-30,2023-08-18,CALL,49.0,4450.23,4320.0,180.4,187.8,1.0,0.14296,184.10000000000002,0.9707363439642447,ITM
2023-06-30,2023-08-18,CALL,49.0,4450.23,4325.0,179.2,180.5,2.0,0.1423,179.85,0.9718598813993884,ITM
2023-06-30,2023-08-18,CALL,49.0,4450.23,4330.0,174.9,176.4,30.0,0.14061,175.65,0.9729834188345322,ITM
2023-06-30,2023-08-18,CALL,49.0,4450.23,4335.0,170.9,172.1,15.0,0.13936,171.5,0.974106956269676,ITM
2023-06-30,2023-08-18,CALL,49.0,4450.23,4340.0,166.8,168.1,1.0,0.13908,167.45,0.9752304937048198,ITM
2023-06-30,2023-08-18,CALL,49.0,4450.23,4345.0,162.7,164.0,17.0,0.13772,163.35,0.9763540311399637,ITM
2023-06-30,2023-08-18,CALL,49.0,4450.23,4350.0,158.6,159.8,164.0,0.13656,159.2,0.9774775685751075,ITM
2023-06-30,2023-08-18,CALL,49.0,4450.23,4355.0,154.4,156.0,25.0,0.13561,155.2,0.9786011060102513,ITM
2023-06-30,2023-08-18,CALL,49.0,4450.23,4360.0,150.5,152.0,1.0,0.13488,151.25,0.979724643445395,ITM
2023-06-30,2023-08-18,CALL,49.0,4450.23,4365.0,146.5,148.0,10.0,0.13378,147.25,0.9808481808805388,ITM
2023-06-30,2023-08-18,CALL,49.0,4450.23,4370.0,142.6,143.9,2.0,0.13186,143.25,0.9819717183156826,ITM
2023-06-30,2023-08-18,CALL,49.0,4450.23,4375.0,138.7,140.0,227.0,0.13111,139.35,0.9830952557508265,ITM
2023-06-30,2023-08-18,CALL,49.0,4450.23,4380.0,134.7,136.1,16.0,0.13035,135.39999999999998,0.9842187931859703,ITM
2023-06-30,2023-08-18,CALL,49.0,4450.23,4385.0,131.0,132.3,2.0,0.12915,131.65,0.9853423306211141,ITM
2023-06-30,2023-08-18,CALL,49.0,4450.23,4390.0,127.2,128.4,2.0,0.128,127.80000000000001,0.9864658680562579,ITM
2023-06-30,2023-08-18,CALL,49.0,4450.23,4395.0,123.4,124.7,51.0,0.12673,124.05000000000001,0.9875894054914016,ITM
2023-06-30,2023-08-18,CALL,49.0,4450.23,4400.0,119.7,120.9,230.0,0.12613,120.30000000000001,0.9887129429265454,ITM
2023-06-30,2023-08-18,CALL,49.0,4450.23,4405.0,116.0,117.2,51.0,0.12511,116.6,0.9898364803616893,ITM
2023-06-30,2023-08-18,CALL,49.0,4450.23,4410.0,112.4,113.6,79.0,0.12375,113.0,0.9909600177968331,ATM
2023-06-30,2023-08-18,CALL,49.0,4450.23,4415.0,108.8,110.0,200.0,0.12274,109.4,0.9920835552319769,ATM
2023-06-30,2023-08-18,CALL,49.0,4450.23,4420.0,105.3,106.5,42.0,0.12264,105.9,0.9932070926671207,ATM
2023-06-30,2023-08-18,CALL,49.0,4450.23,4425.0,101.8,103.0,2.0,0.1217,102.4,0.9943306301022645,ATM
2023-06-30,2023-08-18,CALL,49.0,4450.23,4430.0,98.3,99.6,2.0,0.1202,98.94999999999999,0.9954541675374082,ATM
2023-06-30,2023-08-18,CALL,49.0,4450.23,4435.0,95.0,96.3,1.0,0.11952,95.65,0.996577704972552,ATM
2023-06-30,2023-08-18,CALL,49.0,4450.23,4440.0,91.7,92.8,4.0,0.11873,92.25,0.9977012424076959,ATM
2023-06-30,2023-08-18,CALL,49.0,4450.23,4445.0,88.4,89.5,1.0,0.11711,88.95,0.9988247798428397,ATM
2023-06-30,2023-08-18,CALL,49.0,4450.23,4450.0,85.2,86.4,1148.0,0.11658,85.80000000000001,0.9999483172779835,ATM
2023-06-30,2023-08-18,CALL,49.0,4450.23,4455.0,82.1,83.2,9.0,0.11564,82.65,1.0010718547131272,ATM
2023-06-30,2023-08-18,CALL,49.0,4450.23,4460.0,79.0,80.1,3.0,0.11525,79.55,1.0021953921482711,ATM
2023-06-30,2023-08-18,CALL,49.0,4450.23,4465.0,76.0,77.0,4.0,0.11462,76.5,1.0033189295834148,ATM
2023-06-30,2023-08-18,CALL,49.0,4450.23,4470.0,73.1,74.0,10.0,0.11384,73.55,1.0044424670185588,ATM
2023-06-30,2023-08-18,CALL,49.0,4450.23,4475.0,70.2,71.1,1276.0,0.11277,70.65,1.0055660044537025,ATM
2023-06-30,2023-08-18,CALL,49.0,4450.23,4480.0,67.3,68.3,4.0,0.11192,67.8,1.0066895418888462,ATM
2023-06-30,2023-08-18,CALL,49.0,4450.23,4485.0,64.6,65.5,202.0,0.1117,65.05,1.0078130793239901,ATM
2023-06-30,2023-08-18,CALL,49.0,4450.23,4490.0,61.9,62.8,1.0,0.11075,62.349999999999994,1.0089366167591338,ATM
2023-06-30,2023-08-18,CALL,49.0,4450.23,4495.0,59.3,60.2,29.0,0.10967,59.75,1.0100601541942777,OTM
2023-06-30,2023-08-18,CALL,49.0,4450.23,4500.0,56.7,57.6,282.0,0.10885,57.150000000000006,1.0111836916294215,OTM
2023-06-30,2023-08-18,CALL,49.0,4450.23,4505.0,52.2,57.6,16.0,0.10949,54.900000000000006,1.0123072290645654,OTM
2023-06-30,2023-08-18,CALL,49.0,4450.23,4510.0,50.1,55.1,11.0,0.10896,52.6,1.013430766499709,OTM
2023-06-30,2023-08-18,CALL,49.0,4450.23,4515.0,49.6,50.4,12.0,0.10734,50.0,1.0145543039348528,OTM
2023-06-30,2023-08-18,CALL,49.0,4450.23,4520.0,45.4,50.3,12.0,0.10662,47.849999999999994,1.0156778413699967,OTM
2023-06-30,2023-08-18,CALL,49.0,4450.23,4525.0,45.3,45.9,1007.0,0.1064,45.599999999999994,1.0168013788051404,OTM
2023-06-30,2023-08-18,CALL,49.0,4450.23,4530.0,43.1,43.7,128.0,0.106,43.400000000000006,1.0179249162402844,OTM
2023-06-30,2023-08-18,CALL,49.0,4450.23,4535.0,41.0,41.8,2.0,0.10509,41.4,1.019048453675428,OTM
2023-06-30,2023-08-18,CALL,49.0,4450.23,4540.0,39.1,39.8,20.0,0.10539,39.45,1.020171991110572,OTM
2023-06-30,2023-08-18,CALL,49.0,4450.23,4545.0,37.1,37.9,442.0,0.10479,37.5,1.0212955285457157,OTM
2023-06-30,2023-08-18,CALL,49.0,4450.23,4550.0,35.3,36.0,788.0,0.10436,35.65,1.0224190659808594,OTM
2023-06-30,2023-08-18,CALL,49.0,4450.23,4555.0,32.3,36.2,1.0,0.104,34.25,1.0235426034160033,OTM
2023-06-30,2023-08-18,CALL,49.0,4450.23,4560.0,31.9,32.6,33.0,0.10295,32.25,1.024666140851147,OTM
2023-06-30,2023-08-18,CALL,49.0,4450.23,4565.0,29.1,31.0,4.0,0.10227,30.05,1.025789678286291,OTM
2023-06-30,2023-08-18,CALL,49.0,4450.23,4570.0,28.6,29.4,432.0,0.10276,29.0,1.0269132157214347,OTM
2023-06-30,2023-08-18,CALL,49.0,4450.23,4575.0,26.2,27.9,397.0,0.10095,27.049999999999997,1.0280367531565786,OTM
2023-06-30,2023-08-18,CALL,49.0,4450.23,4580.0,24.8,26.5,1.0,0.10108,25.65,1.0291602905917223,OTM
2023-06-30,2023-08-18,CALL,49.0,4450.23,4585.0,24.4,25.0,56.0,0.10144,24.7,1.030283828026866,OTM
2023-06-30,2023-08-18,CALL,49.0,4450.23,4590.0,22.2,24.7,114.0,0.10145,23.45,1.03140736546201,OTM
2023-06-30,2023-08-18,CALL,49.0,4450.23,4595.0,21.8,22.4,38.0,0.10054,22.1,1.0325309028971537,OTM
2023-06-30,2023-08-18,CALL,49.0,4450.23,4600.0,20.7,21.3,1312.0,0.10078,21.0,1.0336544403322976,OTM
2023-06-30,2023-08-18,CALL,49.0,4450.23,4605.0,19.6,20.1,2.0,0.10033,19.85,1.0347779777674413,OTM
2023-06-30,2023-08-18,CALL,49.0,4450.23,4610.0,18.5,19.1,80.0,0.10077,18.8,1.0359015152025852,OTM
2023-06-30,2023-08-18,CALL,49.0,4450.23,4615.0,17.5,18.0,95.0,0.10074,17.75,1.037025052637729,OTM
2023-06-30,2023-08-18,CALL,49.0,4450.23,4620.0,16.5,17.1,465.0,0.10042,16.8,1.0381485900728726,OTM
2023-06-30,2023-08-18,CALL,49.0,4450.23,4625.0,15.6,16.2,65.0,0.10038,15.899999999999999,1.0392721275080166,OTM
2023-06-30,2023-08-18,CALL,49.0,4450.23,4630.0,14.8,15.3,19.0,0.09991,15.05,1.0403956649431603,OTM
2023-06-30,2023-08-18,CALL,49.0,4450.23,4635.0,13.9,14.4,1.0,0.0995,14.15,1.0415192023783042,OTM
2023-06-30,2023-08-18,CALL,49.0,4450.23,4640.0,12.5,13.7,1.0,0.0996,13.1,1.042642739813448,OTM
2023-06-30,2023-08-18,CALL,49.0,4450.23,4645.0,12.4,12.9,1.0,0.10007,12.65,1.0437662772485918,OTM
2023-06-30,2023-08-18,CALL,49.0,4450.23,4650.0,11.2,12.6,952.0,0.09938,11.899999999999999,1.0448898146837355,OTM
2023-06-30,2023-08-18,CALL,49.0,4450.23,4655.0,11.0,11.5,20.0,0.09945,11.25,1.0460133521188792,OTM
2023-06-30,2023-08-18,CALL,49.0,4450.23,4660.0,10.4,10.9,40.0,0.09956,10.65,1.0471368895540232,OTM
2023-06-30,2023-08-18,CALL,49.0,4450.23,4665.0,9.8,10.3,1.0,0.10029,10.05,1.0482604269891669,OTM
2023-06-30,2023-08-18,CALL,49.0,4450.23,4670.0,8.7,9.8,50.0,0.0989,9.25,1.0493839644243108,OTM
2023-06-30,2023-08-18,CALL,49.0,4450.23,4675.0,8.7,9.1,101.0,0.09994,8.899999999999999,1.0505075018594545,OTM
2023-06-30,2023-08-18,CALL,49.0,4450.23,4680.0,8.2,8.6,46.0,0.10022,8.399999999999999,1.0516310392945984,OTM
2023-06-30,2023-08-18,CALL,49.0,4450.23,4690.0,7.3,7.6,157.0,0.09989,7.449999999999999,1.0538781141648859,OTM
2023-06-30,2023-08-18,CALL,49.0,4450.23,4700.0,6.4,6.8,220.0,0.09972,6.6,1.0561251890351735,OTM
2023-06-30,2023-08-18,CALL,49.0,4450.23,4710.0,5.8,6.1,5.0,0.10098,5.949999999999999,1.0583722639054611,OTM
2023-06-30,2023-08-18,CALL,49.0,4450.23,4720.0,5.1,5.4,98.0,0.10026,5.25,1.0606193387757488,OTM
2023-06-30,2023-08-18,CALL,49.0,4450.23,4725.0,4.8,5.1,200.0,0.10088,4.949999999999999,1.0617428762108925,OTM
2023-06-30,2023-08-18,CALL,49.0,4450.23,4730.0,4.4,4.8,5.0,0.10044,4.6,1.0628664136460364,OTM
2023-06-30,2023-08-18,CALL,49.0,4450.23,4740.0,4.0,4.2,1.0,0.10106,4.1,1.065113488516324,OTM
2023-06-30,2023-08-18,CALL,49.0,4450.23,4750.0,3.6,3.8,462.0,0.10134,3.7,1.0673605633866117,OTM
2023-06-30,2023-08-18,CALL,49.0,4450.23,4760.0,3.1,3.4,81.0,0.10199,3.25,1.069607638256899,OTM
2023-06-30,2023-08-18,CALL,49.0,4450.23,4770.0,2.8,2.95,1.0,0.10151,2.875,1.0718547131271867,OTM
2023-06-30,2023-08-18,CALL,49.0,4450.23,4775.0,2.5,2.75,2.0,0.10147,2.625,1.0729782505623306,OTM
2023-06-30,2023-08-18,CALL,49.0,4450.23,4780.0,2.45,2.65,5.0,0.10162,2.55,1.0741017879974744,OTM
2023-06-30,2023-08-18,CALL,49.0,4450.23,4800.0,1.9,2.05,93.0,0.1025,1.9749999999999999,1.0785959377380496,OTM
2023-06-30,2023-08-18,CALL,49.0,4450.23,4825.0,1.4,1.5,151.0,0.10319,1.45,1.0842136249137686,OTM
2023-06-30,2023-08-18,CALL,49.0,4450.23,4830.0,1.3,1.45,59.0,0.1042,1.375,1.0853371623489123,OTM
2023-06-30,2023-08-18,CALL,49.0,4450.23,4840.0,1.15,1.3,70.0,0.10372,1.225,1.0875842372192,OTM
2023-06-30,2023-08-18,CALL,49.0,4450.23,4850.0,1.05,1.15,73.0,0.10483,1.1,1.0898313120894876,OTM
2023-06-30,2023-08-18,CALL,49.0,4450.23,4875.0,0.8,0.9,18.0,0.10644,0.8500000000000001,1.0954489992652066,OTM
2023-06-30,2023-08-18,CALL,49.0,4450.23,4900.0,0.6,0.7,4.0,0.10832,0.6499999999999999,1.1010666864409255,OTM
2023-06-30,2023-08-18,CALL,49.0,4450.23,4925.0,0.5,0.6,2.0,0.11085,0.55,1.1066843736166447,OTM
2023-06-30,2023-08-18,CALL,49.0,4450.23,4950.0,0.35,0.45,20.0,0.1112,0.4,1.1123020607923637,OTM
2023-06-30,2023-08-18,CALL,49.0,4450.23,4975.0,0.3,0.4,20.0,0.11454,0.35,1.1179197479680827,OTM
2023-06-30,2023-08-18,CALL,49.0,4450.23,5000.0,0.25,0.35,24.0,0.11674,0.3,1.1235374351438017,OTM
2023-06-30,2023-08-18,CALL,49.0,4450.23,5025.0,0.2,0.3,2.0,0.11913,0.25,1.1291551223195206,OTM
2023-06-30,2023-08-18,CALL,49.0,4450.23,5050.0,0.15,0.25,3.0,0.12127,0.2,1.1347728094952396,OTM
2023-06-30,2023-08-18,CALL,49.0,4450.23,5100.0,0.1,0.2,3.0,0.1264,0.15000000000000002,1.1460081838466778,OTM
2023-06-30,2023-08-18,CALL,49.0,4450.23,5150.0,0.05,0.2,6.0,0.13249,0.125,1.1572435581981158,OTM
2023-06-30,2023-08-18,CALL,49.0,4450.23,5200.0,0.05,0.15,500.0,0.13831,0.1,1.1684789325495537,OTM
2023-06-30,2023-08-18,CALL,49.0,4450.23,5300.0,0.05,0.15,10.0,0.15344,0.1,1.1909496812524298,OTM
2023-06-30,2023-08-31,CALL,62.0,4450.23,3570.0,904.1,914.5,1.0,0.33038,909.3,0.8022057286926744,ITM
2023-06-30,2023-08-31,CALL,62.0,4450.23,3575.0,899.2,909.6,1.0,0.32916,904.4000000000001,0.8033292661278182,ITM
2023-06-30,2023-08-31,CALL,62.0,4450.23,3580.0,894.2,904.7,1.0,0.3283,899.45,0.804452803562962,ITM
2023-06-30,2023-08-31,CALL,62.0,4450.23,3590.0,885.8,894.7,1.0,0.32884,890.25,0.8066998784332496,ITM
2023-06-30,2023-08-31,CALL,62.0,4450.23,3600.0,876.0,884.9,1.0,0.32604,880.45,0.8089469533035372,ITM
2023-06-30,2023-08-31,CALL,62.0,4450.23,3610.0,866.2,875.1,2.0,0.32353,870.6500000000001,0.8111940281738248,ITM
2023-06-30,2023-08-31,CALL,62.0,4450.23,3620.0,855.5,864.4,1.0,0.31563,859.95,0.8134411030441124,ITM
2023-06-30,2023-08-31,CALL,62.0,4450.23,3625.0,851.5,860.5,1.0,0.31886,856.0,0.8145646404792563,ITM
2023-06-30,2023-08-31,CALL,62.0,4450.23,3650.0,826.9,836.0,2.0,0.31201,831.45,0.8201823276549752,ITM
2023-06-30,2023-08-31,CALL,62.0,4450.23,3660.0,817.1,826.1,1.0,0.30882,821.6,0.8224294025252629,ITM
2023-06-30,2023-08-31,CALL,62.0,4450.23,3670.0,807.3,816.4,2.0,0.30678,811.8499999999999,0.8246764773955504,ITM
2023-06-30,2023-08-31,CALL,62.0,4450.23,3675.0,802.4,810.3,1.0,0.3024,806.3499999999999,0.8258000148306942,ITM
2023-06-30,2023-08-31,CALL,62.0,4450.23,3690.0,787.8,796.8,1.0,0.30118,792.3,0.8291706271361257,ITM
2023-06-30,2023-08-31,CALL,62.0,4450.23,3700.0,778.1,786.9,3.0,0.29869,782.5,0.8314177020064132,ITM
2023-06-30,2023-08-31,CALL,62.0,4450.23,3710.0,768.2,777.2,1.0,0.29567,772.7,0.8336647768767008,ITM
2023-06-30,2023-08-31,CALL,62.0,4450.23,3720.0,758.4,767.4,2.0,0.29288,762.9,0.8359118517469885,ITM
2023-06-30,2023-08-31,CALL,62.0,4450.23,3725.0,753.5,762.5,2.0,0.29066,758.0,0.8370353891821323,ITM
2023-06-30,2023-08-31,CALL,62.0,4450.23,3730.0,748.6,757.6,1.0,0.28968,753.1,0.8381589266172761,ITM
2023-06-30,2023-08-31,CALL,62.0,4450.23,3740.0,738.9,747.0,1.0,0.2852,742.95,0.8404060014875636,ITM
2023-06-30,2023-08-31,CALL,62.0,4450.23,3750.0,729.1,738.1,1.0,0.28461,733.6,0.8426530763578512,ITM
2023-06-30,2023-08-31,CALL,62.0,4450.23,3760.0,719.4,728.4,9.0,0.28229,723.9,0.8449001512281389,ITM
2023-06-30,2023-08-31,CALL,62.0,4450.23,3770.0,709.6,718.6,1.0,0.27958,714.1,0.8471472260984264,ITM
2023-06-30,2023-08-31,CALL,62.0,4450.23,3775.0,704.7,713.7,4.0,0.27801,709.2,0.8482707635335702,ITM
2023-06-30,2023-08-31,CALL,62.0,4450.23,3780.0,699.9,708.0,1.0,0.27422,703.95,0.849394300968714,ITM
2023-06-30,2023-08-31,CALL,62.0,4450.23,3785.0,695.0,704.0,34.0,0.27512,699.5,0.8505178384038579,ITM
2023-06-30,2023-08-31,CALL,62.0,4450.23,3790.0,690.1,699.1,1.0,0.27325,694.6,0.8516413758390017,ITM
2023-06-30,2023-08-31,CALL,62.0,4450.23,3800.0,680.4,689.4,7.0,0.27138,684.9,0.8538884507092893,ITM
2023-06-30,2023-08-31,CALL,62.0,4450.23,3810.0,670.7,679.7,1.0,0.26881,675.2,0.8561355255795768,ITM
2023-06-30,2023-08-31,CALL,62.0,4450.23,3815.0,665.8,674.8,1.0,0.26711,670.3,0.8572590630147207,ITM
2023-06-30,2023-08-31,CALL,62.0,4450.23,3820.0,661.0,669.9,2.0,0.26595,665.45,0.8583826004498645,ITM
2023-06-30,2023-08-31,CALL,62.0,4450.23,3825.0,656.1,665.1,1.0,0.26449,660.6,0.8595061378850083,ITM
2023-06-30,2023-08-31,CALL,62.0,4450.23,3830.0,651.3,659.2,10.0,0.26093,655.25,0.8606296753201521,ITM
2023-06-30,2023-08-31,CALL,62.0,4450.23,3840.0,641.5,650.5,2.0,0.26017,646.0,0.8628767501904396,ITM
2023-06-30,2023-08-31,CALL,62.0,4450.23,3850.0,631.8,640.8,10.0,0.25771,636.3,0.8651238250607273,ITM
2023-06-30,2023-08-31,CALL,62.0,4450.23,3860.0,622.3,630.0,1.0,0.25376,626.15,0.8673708999310149,ITM
2023-06-30,2023-08-31,CALL,62.0,4450.23,3870.0,613.2,621.4,1.0,0.25451,617.3,0.8696179748013025,ITM
2023-06-30,2023-08-31,CALL,62.0,4450.23,3875.0,607.8,615.4,2.0,0.24973,611.5999999999999,0.8707415122364462,ITM
2023-06-30,2023-08-31,CALL,62.0,4450.23,3880.0,602.8,611.8,1.0,0.25069,607.3,0.8718650496715901,ITM
2023-06-30,2023-08-31,CALL,62.0,4450.23,3890.0,593.3,600.9,1.0,0.2457,597.0999999999999,0.8741121245418777,ITM
2023-06-30,2023-08-31,CALL,62.0,4450.23,3900.0,583.5,592.5,1.0,0.24597,588.0,0.8763591994121653,ITM
2023-06-30,2023-08-31,CALL,62.0,4450.23,3910.0,573.9,582.8,1.0,0.24298,578.3499999999999,0.8786062742824529,ITM
2023-06-30,2023-08-31,CALL,62.0,4450.23,3920.0,564.4,571.9,1.0,0.23884,568.15,0.8808533491527405,ITM
2023-06-30,2023-08-31,CALL,62.0,4450.23,3925.0,559.5,568.4,2600.0,0.23898,563.95,0.8819768865878843,ITM
2023-06-30,2023-08-31,CALL,62.0,4450.23,3930.0,554.8,562.3,1.0,0.23615,558.55,0.8831004240230281,ITM
2023-06-30,2023-08-31,CALL,62.0,4450.23,3935.0,549.9,558.8,1.0,0.23709,554.3499999999999,0.884223961458172,ITM
2023-06-30,2023-08-31,CALL,62.0,4450.23,3940.0,545.1,552.0,1.0,0.23225,548.55,0.8853474988933158,ITM
2023-06-30,2023-08-31,CALL,62.0,4450.23,3945.0,540.4,549.2,7.0,0.23509,544.8,0.8864710363284595,ITM
2023-06-30,2023-08-31,CALL,62.0,4450.23,3950.0,535.6,544.4,44.0,0.23386,540.0,0.8875945737636033,ITM
2023-06-30,2023-08-31,CALL,62.0,4450.23,3960.0,525.9,534.8,1.0,0.23092,530.3499999999999,0.8898416486338909,ITM
2023-06-30,2023-08-31,CALL,62.0,4450.23,3970.0,516.3,525.2,4.0,0.22785,520.75,0.8920887235041786,ITM
2023-06-30,2023-08-31,CALL,62.0,4450.23,3975.0,511.7,519.0,3.0,0.22517,515.35,0.8932122609393224,ITM
2023-06-30,2023-08-31,CALL,62.0,4450.23,3980.0,506.9,515.6,1.0,0.22592,511.25,0.8943357983744661,ITM
2023-06-30,2023-08-31,CALL,62.0,4450.23,3990.0,497.4,506.1,1.0,0.22394,501.75,0.8965828732447537,ITM
2023-06-30,2023-08-31,CALL,62.0,4450.23,4000.0,487.7,496.6,10.0,0.22135,492.15,0.8988299481150414,ITM
2023-06-30,2023-08-31,CALL,62.0,4450.23,4010.0,478.2,487.1,20.0,0.21849,482.65,0.901077022985329,ITM
2023-06-30,2023-08-31,CALL,62.0,4450.23,4015.0,473.5,482.3,1.0,0.21719,477.9,0.9022005604204727,ITM
2023-06-30,2023-08-31,CALL,62.0,4450.23,4020.0,468.8,477.6,1.0,0.21597,473.20000000000005,0.9033240978556165,ITM
2023-06-30,2023-08-31,CALL,62.0,4450.23,4025.0,464.0,472.8,10.0,0.21506,468.4,0.9044476352907603,ITM
2023-06-30,2023-08-31,CALL,62.0,4450.23,4030.0,459.3,468.1,1.0,0.21422,463.70000000000005,0.9055711727259041,ITM
2023-06-30,2023-08-31,CALL,62.0,4450.23,4035.0,454.6,463.4,6.0,0.21328,459.0,0.906694710161048,ITM
2023-06-30,2023-08-31,CALL,62.0,4450.23,4040.0,449.8,458.6,9.0,0.21184,454.20000000000005,0.9078182475961918,ITM
2023-06-30,2023-08-31,CALL,62.0,4450.23,4045.0,445.1,453.9,1.0,0.21083,449.5,0.9089417850313356,ITM
2023-06-30,2023-08-31,CALL,62.0,4450.23,4050.0,440.4,449.2,2.0,0.20902,444.79999999999995,0.9100653224664793,ITM
2023-06-30,2023-08-31,CALL,62.0,4450.23,4055.0,435.7,444.5,1.0,0.20809,440.1,0.9111888599016231,ITM
2023-06-30,2023-08-31,CALL,62.0,4450.23,4060.0,429.3,439.8,1.0,0.20499,434.55,0.912312397336767,ITM
2023-06-30,2023-08-31,CALL,62.0,4450.23,4070.0,419.9,430.3,1.0,0.20218,425.1,0.9145594722070546,ITM
2023-06-30,2023-08-31,CALL,62.0,4450.23,4075.0,415.2,425.7,1.0,0.20151,420.45,0.9156830096421984,ITM
2023-06-30,2023-08-31,CALL,62.0,4450.23,4080.0,410.5,421.0,1.0,0.20015,415.75,0.9168065470773421,ITM
2023-06-30,2023-08-31,CALL,62.0,4450.23,4090.0,402.9,411.6,54.0,0.20026,407.25,0.9190536219476297,ITM
2023-06-30,2023-08-31,CALL,62.0,4450.23,4100.0,391.9,402.3,4020.0,0.1954,397.1,0.9213006968179174,ITM
2023-06-30,2023-08-31,CALL,62.0,4450.23,4105.0,388.9,397.6,44.0,0.19611,393.25,0.9224242342530612,ITM
2023-06-30,2023-08-31,CALL,62.0,4450.23,4110.0,384.3,392.9,1.0,0.19579,388.6,0.923547771688205,ITM
2023-06-30,2023-08-31,CALL,62.0,4450.23,4115.0,380.6,386.7,10.0,0.19363,383.65,0.9246713091233487,ITM
2023-06-30,2023-08-31,CALL,62.0,4450.23,4120.0,375.0,383.7,3.0,0.19352,379.35,0.9257948465584925,ITM
2023-06-30,2023-08-31,CALL,62.0,4450.23,4125.0,370.4,379.0,2.0,0.19174,374.7,0.9269183839936364,ITM
2023-06-30,2023-08-31,CALL,62.0,4450.23,4130.0,365.8,374.4,4.0,0.19135,370.1,0.9280419214287802,ITM
2023-06-30,2023-08-31,CALL,62.0,4450.23,4135.0,361.2,369.8,5.0,0.1899,365.5,0.929165458863924,ITM
2023-06-30,2023-08-31,CALL,62.0,4450.23,4140.0,356.6,365.2,2.0,0.18909,360.9,0.9302889962990678,ITM
2023-06-30,2023-08-31,CALL,62.0,4450.23,4145.0,352.0,360.5,2.0,0.18771,356.25,0.9314125337342116,ITM
2023-06-30,2023-08-31,CALL,62.0,4450.23,4150.0,347.4,355.9,2.0,0.18656,351.65,0.9325360711693553,ITM
2023-06-30,2023-08-31,CALL,62.0,4450.23,4155.0,343.8,351.3,18.0,0.1863,347.55,0.9336596086044991,ITM
2023-06-30,2023-08-31,CALL,62.0,4450.23,4160.0,338.2,346.8,1.0,0.18448,342.5,0.934783146039643,ITM
2023-06-30,2023-08-31,CALL,62.0,4450.23,4165.0,333.7,342.2,4.0,0.1834,337.95,0.9359066834747868,ITM
2023-06-30,2023-08-31,CALL,62.0,4450.23,4170.0,330.1,337.6,1.0,0.18263,333.85,0.9370302209099306,ITM
2023-06-30,2023-08-31,CALL,62.0,4450.23,4175.0,324.5,333.1,1.0,0.18032,328.8,0.9381537583450744,ITM
2023-06-30,2023-08-31,CALL,62.0,4450.23,4180.0,321.0,326.8,1.0,0.17897,323.9,0.9392772957802182,ITM
2023-06-30,2023-08-31,CALL,62.0,4450.23,4185.0,316.5,322.2,6.0,0.17788,319.35,0.9404008332153619,ITM
2023-06-30,2023-08-31,CALL,62.0,4450.23,4190.0,311.0,319.4,2.0,0.17744,315.2,0.9415243706505058,ITM
2023-06-30,2023-08-31,CALL,62.0,4450.23,4195.0,306.4,314.9,11.0,0.17606,310.65,0.9426479080856496,ITM
2023-06-30,2023-08-31,CALL,62.0,4450.23,4200.0,301.9,310.4,11.0,0.17524,306.15,0.9437714455207934,ITM
2023-06-30,2023-08-31,CALL,62.0,4450.23,4205.0,297.4,305.9,2.0,0.17439,301.65,0.9448949829559372,ITM
2023-06-30,2023-08-31,CALL,62.0,4450.23,4210.0,293.0,301.4,1.0,0.17271,297.2,0.946018520391081,ITM
2023-06-30,2023-08-31,CALL,62.0,4450.23,4215.0,289.5,295.1,1.0,0.17097,292.3,0.9471420578262248,ITM
2023-06-30,2023-08-31,CALL,62.0,4450.23,4220.0,284.0,292.4,2.0,0.17058,288.2,0.9482655952613686,ITM
2023-06-30,2023-08-31,CALL,62.0,4450.23,4225.0,280.6,286.1,1.0,0.16833,283.35,0.9493891326965124,ITM
2023-06-30,2023-08-31,CALL,62.0,4450.23,4230.0,275.1,283.5,12.0,0.16809,279.3,0.9505126701316562,ITM
2023-06-30,2023-08-31,CALL,62.0,4450.23,4235.0,270.7,279.0,1.0,0.16764,274.85,0.9516362075668,ITM
2023-06-30,2023-08-31,CALL,62.0,4450.23,4240.0,266.3,274.6,4.0,0.16634,270.45000000000005,0.9527597450019438,ITM
2023-06-30,2023-08-31,CALL,62.0,4450.23,4245.0,261.9,270.2,1.0,0.16508,266.04999999999995,0.9538832824370876,ITM
2023-06-30,2023-08-31,CALL,62.0,4450.23,4250.0,258.6,264.0,2.0,0.16368,261.3,0.9550068198722315,ITM
2023-06-30,2023-08-31,CALL,62.0,4450.23,4255.0,251.5,261.4,1.0,0.1617,256.45,0.9561303573073752,ITM
2023-06-30,2023-08-31,CALL,62.0,4450.23,4260.0,248.8,257.0,1.0,0.16189,252.9,0.957253894742519,ITM
2023-06-30,2023-08-31,CALL,62.0,4450.23,4265.0,245.5,252.6,2.0,0.16169,249.05,0.9583774321776628,ITM
2023-06-30,2023-08-31,CALL,62.0,4450.23,4270.0,241.2,246.5,3.0,0.15918,243.85,0.9595009696128066,ITM
2023-06-30,2023-08-31,CALL,62.0,4450.23,4275.0,235.8,243.9,37.0,0.15857,239.85000000000002,0.9606245070479504,ITM
2023-06-30,2023-08-31,CALL,62.0,4450.23,4280.0,232.6,237.8,5.0,0.15674,235.2,0.9617480444830943,ITM
2023-06-30,2023-08-31,CALL,62.0,4450.23,4285.0,227.2,235.3,1.0,0.15678,231.25,0.9628715819182381,ITM
2023-06-30,2023-08-31,CALL,62.0,4450.23,4290.0,222.9,228.6,2.0,0.1528,225.75,0.9639951193533818,ITM
2023-06-30,2023-08-31,CALL,62.0,4450.23,4295.0,218.7,226.7,3.0,0.15377,222.7,0.9651186567885256,ITM
2023-06-30,2023-08-31,CALL,62.0,4450.23,4300.0,214.4,222.4,21.0,0.15268,218.4,0.9662421942236694,ITM
2023-06-30,2023-08-31,CALL,62.0,4450.23,4305.0,210.2,218.2,4.0,0.15203,214.2,0.9673657316588132,ITM
2023-06-30,2023-08-31,CALL,62.0,4450.23,4310.0,206.0,214.0,6.0,0.15053,210.0,0.968489269093957,ITM
2023-06-30,2023-08-31,CALL,62.0,4450.23,4315.0,200.3,209.7,127.0,0.14855,205.0,0.9696128065291009,ITM
2023-06-30,2023-08-31,CALL,62.0,4450.23,4320.0,198.3,205.6,1.0,0.149,201.95,0.9707363439642447,ITM
2023-06-30,2023-08-31,CALL,62.0,4450.23,4325.0,194.1,201.4,1.0,0.14783,197.75,0.9718598813993884,ITM
2023-06-30,2023-08-31,CALL,62.0,4450.23,4330.0,190.0,197.3,5.0,0.14709,193.65,0.9729834188345322,ITM
2023-06-30,2023-08-31,CALL,62.0,4450.23,4335.0,185.9,193.1,2.0,0.14624,189.5,0.974106956269676,ITM
2023-06-30,2023-08-31,CALL,62.0,4450.23,4340.0,182.5,187.3,3.0,0.14379,184.9,0.9752304937048198,ITM
2023-06-30,2023-08-31,CALL,62.0,4450.23,4345.0,177.7,185.0,17.0,0.14383,181.35,0.9763540311399637,ITM
2023-06-30,2023-08-31,CALL,62.0,4450.23,4350.0,174.4,180.9,5.0,0.14366,177.65,0.9774775685751075,ITM
2023-06-30,2023-08-31,CALL,62.0,4450.23,4355.0,169.6,176.9,10.0,0.14161,173.25,0.9786011060102513,ITM
2023-06-30,2023-08-31,CALL,62.0,4450.23,4360.0,166.5,171.2,1.0,0.13951,168.85,0.979724643445395,ITM
2023-06-30,2023-08-31,CALL,62.0,4450.23,4365.0,162.6,167.3,72.0,0.13833,164.95,0.9808481808805388,ITM
2023-06-30,2023-08-31,CALL,62.0,4450.23,4370.0,157.6,165.0,69.0,0.13864,161.3,0.9819717183156826,ITM
2023-06-30,2023-08-31,CALL,62.0,4450.23,4375.0,153.8,161.1,24.0,0.13777,157.45,0.9830952557508265,ITM
2023-06-30,2023-08-31,CALL,62.0,4450.23,4380.0,152.3,157.2,5.0,0.13777,154.75,0.9842187931859703,ITM
2023-06-30,2023-08-31,CALL,62.0,4450.23,4385.0,148.5,153.3,2.0,0.13693,150.9,0.9853423306211141,ITM
2023-06-30,2023-08-31,CALL,62.0,4450.23,4390.0,144.5,145.2,64.0,0.13256,144.85,0.9864658680562579,ITM
2023-06-30,2023-08-31,CALL,62.0,4450.23,4395.0,138.3,145.7,3.0,0.13295,142.0,0.9875894054914016,ITM
2023-06-30,2023-08-31,CALL,62.0,4450.23,4400.0,137.0,137.7,20.0,0.13106,137.35,0.9887129429265454,ITM
2023-06-30,2023-08-31,CALL,62.0,4450.23,4405.0,130.8,138.3,5.0,0.13052,134.55,0.9898364803616893,ITM
2023-06-30,2023-08-31,CALL,62.0,4450.23,4410.0,129.7,130.4,5.0,0.12913,130.05,0.9909600177968331,ATM
2023-06-30,2023-08-31,CALL,62.0,4450.23,4415.0,126.3,130.9,1.0,0.13063,128.6,0.9920835552319769,ATM
2023-06-30,2023-08-31,CALL,62.0,4450.23,4420.0,122.5,123.2,1.0,0.12683,122.85,0.9932070926671207,ATM
2023-06-30,2023-08-31,CALL,62.0,4450.23,4425.0,119.0,119.7,14.0,0.12622,119.35,0.9943306301022645,ATM
2023-06-30,2023-08-31,CALL,62.0,4450.23,4430.0,115.5,116.2,2.0,0.12469,115.85,0.9954541675374082,ATM
2023-06-30,2023-08-31,CALL,62.0,4450.23,4435.0,112.3,116.7,1.0,0.12714,114.5,0.996577704972552,ATM
2023-06-30,2023-08-31,CALL,62.0,4450.23,4440.0,108.7,109.4,2.0,0.12341,109.05000000000001,0.9977012424076959,ATM
2023-06-30,2023-08-31,CALL,62.0,4450.23,4445.0,102.4,109.8,19.0,0.12312,106.1,0.9988247798428397,ATM
2023-06-30,2023-08-31,CALL,62.0,4450.23,4450.0,102.0,102.7,64.0,0.12198,102.35,0.9999483172779835,ATM
2023-06-30,2023-08-31,CALL,62.0,4450.23,4455.0,95.9,103.2,2.0,0.12123,99.55000000000001,1.0010718547131272,ATM
2023-06-30,2023-08-31,CALL,62.0,4450.23,4460.0,94.0,99.9,2.0,0.12133,96.95,1.0021953921482711,ATM
2023-06-30,2023-08-31,CALL,62.0,4450.23,4465.0,89.7,96.7,1.0,0.11989,93.2,1.0033189295834148,ATM
2023-06-30,2023-08-31,CALL,62.0,4450.23,4470.0,86.6,93.5,5.0,0.11859,90.05,1.0044424670185588,ATM
2023-06-30,2023-08-31,CALL,62.0,4450.23,4475.0,86.5,87.2,14.0,0.11734,86.85,1.0055660044537025,ATM
2023-06-30,2023-08-31,CALL,62.0,4450.23,4480.0,83.4,84.2,71.0,0.11729,83.80000000000001,1.0066895418888462,ATM
2023-06-30,2023-08-31,CALL,62.0,4450.23,4485.0,80.5,81.1,41.0,0.11568,80.8,1.0078130793239901,ATM
2023-06-30,2023-08-31,CALL,62.0,4450.23,4490.0,77.6,78.4,187.0,0.11559,78.0,1.0089366167591338,ATM
2023-06-30,2023-08-31,CALL,62.0,4450.23,4495.0,74.9,75.7,2.0,0.11486,75.30000000000001,1.0100601541942777,OTM
2023-06-30,2023-08-31,CALL,62.0,4450.23,4500.0,71.1,75.8,597.0,0.1157,73.44999999999999,1.0111836916294215,OTM
2023-06-30,2023-08-31,CALL,62.0,4450.23,4505.0,69.4,70.2,17.0,0.11303,69.80000000000001,1.0123072290645654,OTM
2023-06-30,2023-08-31,CALL,62.0,4450.23,4510.0,65.6,70.4,98.0,0.11374,68.0,1.013430766499709,OTM
2023-06-30,2023-08-31,CALL,62.0,4450.23,4515.0,64.3,64.9,8.0,0.11188,64.6,1.0145543039348528,OTM
2023-06-30,2023-08-31,CALL,62.0,4450.23,4520.0,61.8,62.4,30.0,0.11129,62.099999999999994,1.0156778413699967,OTM
2023-06-30,2023-08-31,CALL,62.0,4450.23,4525.0,59.6,60.2,15.0,0.11105,59.900000000000006,1.0168013788051404,OTM
2023-06-30,2023-08-31,CALL,62.0,4450.23,4530.0,57.0,57.6,5.0,0.10971,57.3,1.0179249162402844,OTM
2023-06-30,2023-08-31,CALL,62.0,4450.23,4535.0,54.7,55.5,10.0,0.1099,55.1,1.019048453675428,OTM
2023-06-30,2023-08-31,CALL,62.0,4450.23,4540.0,52.5,53.1,44.0,0.1089,52.8,1.020171991110572,OTM
2023-06-30,2023-08-31,CALL,62.0,4450.23,4545.0,50.3,50.9,37.0,0.10855,50.599999999999994,1.0212955285457157,OTM
2023-06-30,2023-08-31,CALL,62.0,4450.23,4550.0,47.3,51.2,62.0,0.10967,49.25,1.0224190659808594,OTM
2023-06-30,2023-08-31,CALL,62.0,4450.23,4555.0,46.4,46.9,24.0,0.1075,46.65,1.0235426034160033,OTM
2023-06-30,2023-08-31,CALL,62.0,4450.23,4560.0,43.3,47.0,2.0,0.10821,45.15,1.024666140851147,OTM
2023-06-30,2023-08-31,CALL,62.0,4450.23,4565.0,42.3,43.1,1.0,0.10734,42.7,1.025789678286291,OTM
2023-06-30,2023-08-31,CALL,62.0,4450.23,4570.0,40.6,43.1,20.0,0.10826,41.85,1.0269132157214347,OTM
2023-06-30,2023-08-31,CALL,62.0,4450.23,4575.0,38.9,39.3,2.0,0.1059,39.099999999999994,1.0280367531565786,OTM
2023-06-30,2023-08-31,CALL,62.0,4450.23,4580.0,36.1,39.4,2.0,0.10675,37.75,1.0291602905917223,OTM
2023-06-30,2023-08-31,CALL,62.0,4450.23,4590.0,32.9,34.6,14.0,0.1042,33.75,1.03140736546201,OTM
2023-06-30,2023-08-31,CALL,62.0,4450.23,4595.0,32.2,32.6,1.0,0.10486,32.400000000000006,1.0325309028971537,OTM
2023-06-30,2023-08-31,CALL,62.0,4450.23,4600.0,30.6,31.3,46.0,0.10395,30.950000000000003,1.0336544403322976,OTM
2023-06-30,2023-08-31,CALL,62.0,4450.23,4605.0,29.2,29.7,2.0,0.10416,29.45,1.0347779777674413,OTM
2023-06-30,2023-08-31,CALL,62.0,4450.23,4610.0,27.9,28.3,25.0,0.10327,28.1,1.0359015152025852,OTM
2023-06-30,2023-08-31,CALL,62.0,4450.23,4615.0,26.6,27.0,1.0,0.10303,26.8,1.037025052637729,OTM
2023-06-30,2023-08-31,CALL,62.0,4450.23,4620.0,25.3,25.7,1.0,0.1026,25.5,1.0381485900728726,OTM
2023-06-30,2023-08-31,CALL,62.0,4450.23,4625.0,24.1,24.5,11.0,0.10274,24.3,1.0392721275080166,OTM
2023-06-30,2023-08-31,CALL,62.0,4450.23,4630.0,22.3,23.4,1.0,0.102,22.85,1.0403956649431603,OTM
2023-06-30,2023-08-31,CALL,62.0,4450.23,4640.0,20.8,21.1,3.0,0.10246,20.950000000000003,1.042642739813448,OTM
2023-06-30,2023-08-31,CALL,62.0,4450.23,4645.0,19.8,20.4,1.0,0.102,20.1,1.0437662772485918,OTM
2023-06-30,2023-08-31,CALL,62.0,4450.23,4650.0,18.8,19.1,7.0,0.10173,18.950000000000003,1.0448898146837355,OTM
2023-06-30,2023-08-31,CALL,62.0,4450.23,4655.0,17.9,18.6,1.0,0.10206,18.25,1.0460133521188792,OTM
2023-06-30,2023-08-31,CALL,62.0,4450.23,4660.0,17.0,17.6,3.0,0.1017,17.3,1.0471368895540232,OTM
2023-06-30,2023-08-31,CALL,62.0,4450.23,4665.0,16.2,16.6,1.0,0.10189,16.4,1.0482604269891669,OTM
2023-06-30,2023-08-31,CALL,62.0,4450.23,4670.0,14.8,16.0,1.0,0.10088,15.4,1.0493839644243108,OTM
2023-06-30,2023-08-31,CALL,62.0,4450.23,4675.0,14.6,15.0,7.0,0.1015,14.8,1.0505075018594545,OTM
2023-06-30,2023-08-31,CALL,62.0,4450.23,4680.0,13.9,14.3,3.0,0.10133,14.100000000000001,1.0516310392945984,OTM
2023-06-30,2023-08-31,CALL,62.0,4450.23,4685.0,13.2,13.6,29.0,0.10093,13.399999999999999,1.0527545767297422,OTM
2023-06-30,2023-08-31,CALL,62.0,4450.23,4690.0,12.5,12.9,1.0,0.10094,12.7,1.0538781141648859,OTM
2023-06-30,2023-08-31,CALL,62.0,4450.23,4695.0,11.9,12.3,38.0,0.10127,12.100000000000001,1.0550016516000298,OTM
2023-06-30,2023-08-31,CALL,62.0,4450.23,4700.0,11.3,11.6,18.0,0.10123,11.45,1.0561251890351735,OTM
2023-06-30,2023-08-31,CALL,62.0,4450.23,4710.0,10.2,10.6,6.0,0.10149,10.399999999999999,1.0583722639054611,OTM
2023-06-30,2023-08-31,CALL,62.0,4450.23,4720.0,9.2,9.5,21.0,0.10162,9.35,1.0606193387757488,OTM
2023-06-30,2023-08-31,CALL,62.0,4450.23,4725.0,8.7,9.0,3.0,0.10093,8.85,1.0617428762108925,OTM
2023-06-30,2023-08-31,CALL,62.0,4450.23,4730.0,8.2,8.6,5.0,0.10108,8.399999999999999,1.0628664136460364,OTM
2023-06-30,2023-08-31,CALL,62.0,4450.23,4740.0,7.4,7.7,1.0,0.10073,7.550000000000001,1.065113488516324,OTM
2023-06-30,2023-08-31,CALL,62.0,4450.23,4750.0,6.7,6.9,41.0,0.10169,6.800000000000001,1.0673605633866117,OTM
2023-06-30,2023-08-31,CALL,62.0,4450.23,4760.0,6.0,6.2,2.0,0.10185,6.1,1.069607638256899,OTM
2023-06-30,2023-08-31,CALL,62.0,4450.23,4770.0,5.4,5.6,2.0,0.10166,5.5,1.0718547131271867,OTM
2023-06-30,2023-08-31,CALL,62.0,4450.23,4775.0,5.1,5.3,3.0,0.10186,5.199999999999999,1.0729782505623306,OTM
2023-06-30,2023-08-31,CALL,62.0,4450.23,4780.0,4.8,5.0,3.0,0.10192,4.9,1.0741017879974744,OTM
2023-06-30,2023-08-31,CALL,62.0,4450.23,4790.0,4.3,4.5,1.0,0.10148,4.4,1.076348862867762,OTM
2023-06-30,2023-08-31,CALL,62.0,4450.23,4800.0,3.9,4.1,249.0,0.10251,4.0,1.0785959377380496,OTM
2023-06-30,2023-08-31,CALL,62.0,4450.23,4810.0,3.5,3.7,2.0,0.10289,3.6,1.0808430126083373,OTM
2023-06-30,2023-08-31,CALL,62.0,4450.23,4820.0,3.1,3.3,37.0,0.10217,3.2,1.083090087478625,OTM
2023-06-30,2023-08-31,CALL,62.0,4450.23,4825.0,2.95,3.1,10.0,0.10274,3.0250000000000004,1.0842136249137686,OTM
2023-06-30,2023-08-31,CALL,62.0,4450.23,4850.0,2.2,2.4,1.0,0.10288,2.3,1.0898313120894876,OTM
2023-06-30,2023-08-31,CALL,62.0,4450.23,4875.0,1.7,1.85,3.0,0.10396,1.775,1.0954489992652066,OTM
2023-06-30,2023-08-31,CALL,62.0,4450.23,4900.0,1.3,1.45,58.0,0.10547,1.375,1.1010666864409255,OTM
2023-06-30,2023-08-31,CALL,62.0,4450.23,4950.0,0.75,0.9,2.0,0.10718,0.825,1.1123020607923637,OTM
2023-06-30,2023-08-31,CALL,62.0,4450.23,4975.0,0.6,0.75,2.0,0.10894,0.675,1.1179197479680827,OTM
2023-06-30,2023-08-31,CALL,62.0,4450.23,5000.0,0.5,0.6,138.0,0.11072,0.55,1.1235374351438017,OTM
2023-06-30,2023-08-31,CALL,62.0,4450.23,5050.0,0.35,0.5,30.0,0.11576,0.425,1.1347728094952396,OTM
2023-06-30,2023-08-31,CALL,62.0,4450.23,5100.0,0.25,0.4,1.0,0.12023,0.325,1.1460081838466778,OTM
2023-06-30,2023-08-31,CALL,62.0,4450.23,5200.0,0.1,0.2,10.0,0.12624,0.15000000000000002,1.1684789325495537,OTM
2023-06-30,2023-08-31,CALL,62.0,4450.23,5300.0,0.05,0.15,1.0,0.1352,0.1,1.1909496812524298,OTM
2023-06-30,2023-09-15,CALL,77.0,4450.23,3570.0,910.1,926.2,1.0,0.31658,918.1500000000001,0.8022057286926744,ITM
2023-06-30,2023-09-15,CALL,77.0,4450.23,3575.0,905.2,921.3,1.0,0.3156,913.25,0.8033292661278182,ITM
2023-06-30,2023-09-15,CALL,77.0,4450.23,3600.0,881.2,896.9,2.0,0.30953,889.05,0.8089469533035372,ITM
2023-06-30,2023-09-15,CALL,77.0,4450.23,3620.0,861.2,875.4,2.0,0.29905,868.3,0.8134411030441124,ITM
2023-06-30,2023-09-15,CALL,77.0,4450.23,3625.0,856.5,872.5,30.0,0.303,864.5,0.8145646404792563,ITM
2023-06-30,2023-09-15,CALL,77.0,4450.23,3650.0,832.5,848.2,4.0,0.29706,840.35,0.8201823276549752,ITM
2023-06-30,2023-09-15,CALL,77.0,4450.23,3670.0,812.7,828.7,1.0,0.29111,820.7,0.8246764773955504,ITM
2023-06-30,2023-09-15,CALL,77.0,4450.23,3675.0,807.7,823.8,19.0,0.28949,815.75,0.8258000148306942,ITM
2023-06-30,2023-09-15,CALL,77.0,4450.23,3690.0,793.2,809.3,1.0,0.28694,801.25,0.8291706271361257,ITM
2023-06-30,2023-09-15,CALL,77.0,4450.23,3700.0,783.6,799.5,1.0,0.2845,791.55,0.8314177020064132,ITM
2023-06-30,2023-09-15,CALL,77.0,4450.23,3710.0,773.9,789.8,1.0,0.2816,781.8499999999999,0.8336647768767008,ITM
2023-06-30,2023-09-15,CALL,77.0,4450.23,3725.0,759.2,775.3,21.0,0.27819,767.25,0.8370353891821323,ITM
2023-06-30,2023-09-15,CALL,77.0,4450.23,3740.0,744.7,760.7,1.0,0.27387,752.7,0.8404060014875636,ITM
2023-06-30,2023-09-15,CALL,77.0,4450.23,3750.0,735.1,751.0,1.0,0.27152,743.05,0.8426530763578512,ITM
2023-06-30,2023-09-15,CALL,77.0,4450.23,3770.0,715.7,731.7,1.0,0.26683,723.7,0.8471472260984264,ITM
2023-06-30,2023-09-15,CALL,77.0,4450.23,3775.0,711.0,726.9,3.0,0.2668,718.95,0.8482707635335702,ITM
2023-06-30,2023-09-15,CALL,77.0,4450.23,3790.0,696.5,712.4,1.0,0.26232,704.45,0.8516413758390017,ITM
2023-06-30,2023-09-15,CALL,77.0,4450.23,3800.0,686.9,702.7,1.0,0.26042,694.8,0.8538884507092893,ITM
2023-06-30,2023-09-15,CALL,77.0,4450.23,3810.0,677.2,693.1,1.0,0.25804,685.1500000000001,0.8561355255795768,ITM
2023-06-30,2023-09-15,CALL,77.0,4450.23,3825.0,662.7,678.6,9.0,0.25403,670.6500000000001,0.8595061378850083,ITM
2023-06-30,2023-09-15,CALL,77.0,4450.23,3830.0,658.0,673.8,5.0,0.25395,665.9,0.8606296753201521,ITM
2023-06-30,2023-09-15,CALL,77.0,4450.23,3840.0,648.4,664.2,1.0,0.25137,656.3,0.8628767501904396,ITM
2023-06-30,2023-09-15,CALL,77.0,4450.23,3850.0,638.7,654.6,3.0,0.24836,646.6500000000001,0.8651238250607273,ITM
2023-06-30,2023-09-15,CALL,77.0,4450.23,3860.0,629.2,645.0,1.0,0.24627,637.1,0.8673708999310149,ITM
2023-06-30,2023-09-15,CALL,77.0,4450.23,3870.0,620.1,635.4,1.0,0.24478,627.75,0.8696179748013025,ITM
2023-06-30,2023-09-15,CALL,77.0,4450.23,3875.0,614.9,630.6,2.0,0.24301,622.75,0.8707415122364462,ITM
2023-06-30,2023-09-15,CALL,77.0,4450.23,3890.0,600.6,616.3,2.0,0.23963,608.45,0.8741121245418777,ITM
2023-06-30,2023-09-15,CALL,77.0,4450.23,3900.0,591.0,606.7,2.0,0.23808,598.85,0.8763591994121653,ITM
2023-06-30,2023-09-15,CALL,77.0,4450.23,3920.0,572.0,587.6,1.0,0.23348,579.8,0.8808533491527405,ITM
2023-06-30,2023-09-15,CALL,77.0,4450.23,3925.0,567.2,579.3,2.0,0.2274,573.25,0.8819768865878843,ITM
2023-06-30,2023-09-15,CALL,77.0,4450.23,3930.0,562.5,574.4,10.0,0.22566,568.45,0.8831004240230281,ITM
2023-06-30,2023-09-15,CALL,77.0,4450.23,3940.0,553.0,568.6,2.0,0.22851,560.8,0.8853474988933158,ITM
2023-06-30,2023-09-15,CALL,77.0,4450.23,3950.0,544.0,555.1,1.0,0.22195,549.55,0.8875945737636033,ITM
2023-06-30,2023-09-15,CALL,77.0,4450.23,3960.0,534.1,545.3,10.0,0.2188,539.7,0.8898416486338909,ITM
2023-06-30,2023-09-15,CALL,77.0,4450.23,3970.0,524.6,535.8,1.0,0.21629,530.2,0.8920887235041786,ITM
2023-06-30,2023-09-15,CALL,77.0,4450.23,3975.0,520.0,531.0,1.0,0.21508,525.5,0.8932122609393224,ITM
2023-06-30,2023-09-15,CALL,77.0,4450.23,3980.0,515.2,530.7,1.0,0.22027,522.95,0.8943357983744661,ITM
2023-06-30,2023-09-15,CALL,77.0,4450.23,3990.0,505.8,516.6,1.0,0.21169,511.20000000000005,0.8965828732447537,ITM
2023-06-30,2023-09-15,CALL,77.0,4450.23,4000.0,496.5,507.1,3.0,0.21026,501.8,0.8988299481150414,ITM
2023-06-30,2023-09-15,CALL,77.0,4450.23,4010.0,487.1,497.6,1.0,0.20779,492.35,0.901077022985329,ITM
2023-06-30,2023-09-15,CALL,77.0,4450.23,4020.0,477.7,488.1,13.0,0.20517,482.9,0.9033240978556165,ITM
2023-06-30,2023-09-15,CALL,77.0,4450.23,4025.0,473.1,483.4,3.0,0.20434,478.25,0.9044476352907603,ITM
2023-06-30,2023-09-15,CALL,77.0,4450.23,4030.0,468.4,478.6,20.0,0.20325,473.5,0.9055711727259041,ITM
2023-06-30,2023-09-15,CALL,77.0,4450.23,4040.0,459.1,469.2,2.0,0.20089,464.15,0.9078182475961918,ITM
2023-06-30,2023-09-15,CALL,77.0,4450.23,4050.0,449.8,463.8,52.0,0.20368,456.8,0.9100653224664793,ITM
2023-06-30,2023-09-15,CALL,77.0,4450.23,4060.0,440.5,450.4,20.0,0.19684,445.45,0.912312397336767,ITM
2023-06-30,2023-09-15,CALL,77.0,4450.23,4070.0,431.3,446.5,20.0,0.20102,438.9,0.9145594722070546,ITM
2023-06-30,2023-09-15,CALL,77.0,4450.23,4075.0,426.7,436.3,3.0,0.19419,431.5,0.9156830096421984,ITM
2023-06-30,2023-09-15,CALL,77.0,4450.23,4080.0,425.5,430.5,30.0,0.19586,428.0,0.9168065470773421,ITM
2023-06-30,2023-09-15,CALL,77.0,4450.23,4085.0,417.5,426.9,9.0,0.19156,422.2,0.9179300845124859,ITM
2023-06-30,2023-09-15,CALL,77.0,4450.23,4090.0,412.9,422.2,1.0,0.19058,417.54999999999995,0.9190536219476297,ITM
2023-06-30,2023-09-15,CALL,77.0,4450.23,4100.0,403.7,413.0,14.0,0.18867,408.35,0.9213006968179174,ITM
2023-06-30,2023-09-15,CALL,77.0,4450.23,4105.0,399.1,408.4,10.0,0.18741,403.75,0.9224242342530612,ITM
2023-06-30,2023-09-15,CALL,77.0,4450.23,4110.0,394.5,403.8,3.0,0.18707,399.15,0.923547771688205,ITM
2023-06-30,2023-09-15,CALL,77.0,4450.23,4120.0,385.4,394.5,1.0,0.18516,389.95,0.9257948465584925,ITM
2023-06-30,2023-09-15,CALL,77.0,4450.23,4125.0,380.8,389.9,77.0,0.18363,385.35,0.9269183839936364,ITM
2023-06-30,2023-09-15,CALL,77.0,4450.23,4130.0,376.3,385.3,1.0,0.18275,380.8,0.9280419214287802,ITM
2023-06-30,2023-09-15,CALL,77.0,4450.23,4140.0,367.2,375.9,2.0,0.18098,371.54999999999995,0.9302889962990678,ITM
2023-06-30,2023-09-15,CALL,77.0,4450.23,4145.0,362.7,371.3,1.0,0.17977,367.0,0.9314125337342116,ITM
2023-06-30,2023-09-15,CALL,77.0,4450.23,4150.0,358.2,367.1,103.0,0.1793,362.65,0.9325360711693553,ITM
2023-06-30,2023-09-15,CALL,77.0,4450.23,4160.0,349.2,358.0,2.0,0.17671,353.6,0.934783146039643,ITM
2023-06-30,2023-09-15,CALL,77.0,4450.23,4165.0,348.1,353.0,1.0,0.17884,350.55,0.9359066834747868,ITM
2023-06-30,2023-09-15,CALL,77.0,4450.23,4170.0,340.2,355.0,1.0,0.18092,347.6,0.9370302209099306,ITM
2023-06-30,2023-09-15,CALL,77.0,4450.23,4175.0,335.7,350.5,476.0,0.17931,343.1,0.9381537583450744,ITM
2023-06-30,2023-09-15,CALL,77.0,4450.23,4180.0,331.3,339.8,1.0,0.17283,335.55,0.9392772957802182,ITM
2023-06-30,2023-09-15,CALL,77.0,4450.23,4185.0,326.8,341.5,12.0,0.17753,334.15,0.9404008332153619,ITM
2023-06-30,2023-09-15,CALL,77.0,4450.23,4190.0,322.4,337.1,6.0,0.17634,329.75,0.9415243706505058,ITM
2023-06-30,2023-09-15,CALL,77.0,4450.23,4195.0,318.5,325.7,2.0,0.17002,322.1,0.9426479080856496,ITM
2023-06-30,2023-09-15,CALL,77.0,4450.23,4200.0,314.7,321.8,54.0,0.16964,318.25,0.9437714455207934,ITM
2023-06-30,2023-09-15,CALL,77.0,4450.23,4205.0,309.7,317.6,1.0,0.1688,313.65,0.9448949829559372,ITM
2023-06-30,2023-09-15,CALL,77.0,4450.23,4210.0,305.3,313.1,2.0,0.16736,309.20000000000005,0.946018520391081,ITM
2023-06-30,2023-09-15,CALL,77.0,4450.23,4215.0,301.6,308.5,3.0,0.1672,305.05,0.9471420578262248,ITM
2023-06-30,2023-09-15,CALL,77.0,4450.23,4220.0,296.5,304.2,1.0,0.16517,300.35,0.9482655952613686,ITM
2023-06-30,2023-09-15,CALL,77.0,4450.23,4225.0,292.9,299.6,3.0,0.16532,296.25,0.9493891326965124,ITM
2023-06-30,2023-09-15,CALL,77.0,4450.23,4230.0,288.5,295.2,6.0,0.16413,291.85,0.9505126701316562,ITM
2023-06-30,2023-09-15,CALL,77.0,4450.23,4235.0,284.2,290.8,14.0,0.16316,287.5,0.9516362075668,ITM
2023-06-30,2023-09-15,CALL,77.0,4450.23,4240.0,279.9,286.4,1.0,0.16231,283.15,0.9527597450019438,ITM
2023-06-30,2023-09-15,CALL,77.0,4450.23,4245.0,275.6,282.1,1.0,0.16139,278.85,0.9538832824370876,ITM
2023-06-30,2023-09-15,CALL,77.0,4450.23,4250.0,270.4,277.7,13.0,0.15999,274.04999999999995,0.9550068198722315,ITM
2023-06-30,2023-09-15,CALL,77.0,4450.23,4260.0,262.8,269.1,1.0,0.15887,265.95000000000005,0.957253894742519,ITM
2023-06-30,2023-09-15,CALL,77.0,4450.23,4265.0,258.5,264.8,25.0,0.15699,261.65,0.9583774321776628,ITM
2023-06-30,2023-09-15,CALL,77.0,4450.23,4270.0,253.3,260.6,1.0,0.15576,256.95000000000005,0.9595009696128066,ITM
2023-06-30,2023-09-15,CALL,77.0,4450.23,4275.0,247.5,262.5,160.0,0.15868,255.0,0.9606245070479504,ITM
2023-06-30,2023-09-15,CALL,77.0,4450.23,4280.0,248.3,249.4,1.0,0.15403,248.85000000000002,0.9617480444830943,ITM
2023-06-30,2023-09-15,CALL,77.0,4450.23,4285.0,244.0,245.2,11.0,0.15383,244.6,0.9628715819182381,ITM
2023-06-30,2023-09-15,CALL,77.0,4450.23,4290.0,239.8,241.0,1.0,0.15288,240.4,0.9639951193533818,ITM
2023-06-30,2023-09-15,CALL,77.0,4450.23,4295.0,235.5,236.8,2.0,0.15136,236.15,0.9651186567885256,ITM
2023-06-30,2023-09-15,CALL,77.0,4450.23,4300.0,229.3,235.1,111.0,0.15062,232.2,0.9662421942236694,ITM
2023-06-30,2023-09-15,CALL,77.0,4450.23,4305.0,227.3,228.5,9.0,0.14966,227.9,0.9673657316588132,ITM
2023-06-30,2023-09-15,CALL,77.0,4450.23,4310.0,223.1,224.4,5.0,0.14832,223.75,0.968489269093957,ITM
2023-06-30,2023-09-15,CALL,77.0,4450.23,4315.0,219.1,220.2,1.0,0.14739,219.64999999999998,0.9696128065291009,ITM
2023-06-30,2023-09-15,CALL,77.0,4450.23,4320.0,215.0,216.0,2.0,0.14632,215.5,0.9707363439642447,ITM
2023-06-30,2023-09-15,CALL,77.0,4450.23,4325.0,210.9,212.0,2.0,0.1462,211.45,0.9718598813993884,ITM
2023-06-30,2023-09-15,CALL,77.0,4450.23,4330.0,204.8,210.3,1.0,0.14562,207.55,0.9729834188345322,ITM
2023-06-30,2023-09-15,CALL,77.0,4450.23,4335.0,202.8,203.9,1.0,0.14403,203.35000000000002,0.974106956269676,ITM
2023-06-30,2023-09-15,CALL,77.0,4450.23,4340.0,198.8,199.9,26.0,0.14291,199.35000000000002,0.9752304937048198,ITM
2023-06-30,2023-09-15,CALL,77.0,4450.23,4345.0,194.8,195.9,1.0,0.14194,195.35000000000002,0.9763540311399637,ITM
2023-06-30,2023-09-15,CALL,77.0,4450.23,4350.0,190.8,191.9,84.0,0.14099,191.35000000000002,0.9774775685751075,ITM
2023-06-30,2023-09-15,CALL,77.0,4450.23,4355.0,186.9,187.9,2.0,0.13996,187.4,0.9786011060102513,ITM
2023-06-30,2023-09-15,CALL,77.0,4450.23,4360.0,182.9,184.1,1.0,0.13973,183.5,0.979724643445395,ITM
2023-06-30,2023-09-15,CALL,77.0,4450.23,4365.0,179.0,180.0,1.0,0.13821,179.5,0.9808481808805388,ITM
2023-06-30,2023-09-15,CALL,77.0,4450.23,4370.0,175.2,176.3,15.0,0.13803,175.75,0.9819717183156826,ITM
2023-06-30,2023-09-15,CALL,77.0,4450.23,4375.0,169.5,174.6,20.0,0.13692,172.05,0.9830952557508265,ITM
2023-06-30,2023-09-15,CALL,77.0,4450.23,4380.0,165.7,170.7,40.0,0.13612,168.2,0.9842187931859703,ITM
2023-06-30,2023-09-15,CALL,77.0,4450.23,4385.0,163.7,164.7,2.0,0.13487,164.2,0.9853423306211141,ITM
2023-06-30,2023-09-15,CALL,77.0,4450.23,4390.0,158.2,163.1,1.0,0.13455,160.64999999999998,0.9864658680562579,ITM
2023-06-30,2023-09-15,CALL,77.0,4450.23,4395.0,156.2,157.2,1.0,0.1326,156.7,0.9875894054914016,ITM
2023-06-30,2023-09-15,CALL,77.0,4450.23,4400.0,152.5,153.6,1110.0,0.13266,153.05,0.9887129429265454,ITM
2023-06-30,2023-09-15,CALL,77.0,4450.23,4405.0,148.8,149.8,737.0,0.13152,149.3,0.9898364803616893,ITM
2023-06-30,2023-09-15,CALL,77.0,4450.23,4410.0,145.2,146.3,199.0,0.13046,145.75,0.9909600177968331,ATM
2023-06-30,2023-09-15,CALL,77.0,4450.23,4415.0,141.6,142.6,176.0,0.12932,142.1,0.9920835552319769,ATM
2023-06-30,2023-09-15,CALL,77.0,4450.23,4420.0,138.0,139.0,648.0,0.12863,138.5,0.9932070926671207,ATM
2023-06-30,2023-09-15,CALL,77.0,4450.23,4425.0,132.9,137.5,102.0,0.12845,135.2,0.9943306301022645,ATM
2023-06-30,2023-09-15,CALL,77.0,4450.23,4430.0,130.9,132.0,3378.0,0.12681,131.45,0.9954541675374082,ATM
2023-06-30,2023-09-15,CALL,77.0,4450.23,4435.0,127.5,128.5,3.0,0.12659,128.0,0.996577704972552,ATM
2023-06-30,2023-09-15,CALL,77.0,4450.23,4440.0,122.6,127.0,10.0,0.12576,124.8,0.9977012424076959,ATM
2023-06-30,2023-09-15,CALL,77.0,4450.23,4445.0,120.7,121.7,2.0,0.12438,121.2,0.9988247798428397,ATM
2023-06-30,2023-09-15,CALL,77.0,4450.23,4450.0,117.2,118.5,4192.0,0.12336,117.85,0.9999483172779835,ATM
2023-06-30,2023-09-15,CALL,77.0,4450.23,4455.0,114.0,115.2,1.0,0.12251,114.6,1.0010718547131272,ATM
2023-06-30,2023-09-15,CALL,77.0,4450.23,4460.0,110.8,111.7,1.0,0.1219,111.25,1.0021953921482711,ATM
2023-06-30,2023-09-15,CALL,77.0,4450.23,4465.0,107.6,108.7,1.0,0.12125,108.15,1.0033189295834148,ATM
2023-06-30,2023-09-15,CALL,77.0,4450.23,4470.0,104.5,105.4,4.0,0.12062,104.95,1.0044424670185588,ATM
2023-06-30,2023-09-15,CALL,77.0,4450.23,4475.0,99.9,104.1,672.0,0.11974,102.0,1.0055660044537025,ATM
2023-06-30,2023-09-15,CALL,77.0,4450.23,4480.0,98.5,99.3,2130.0,0.1197,98.9,1.0066895418888462,ATM
2023-06-30,2023-09-15,CALL,77.0,4450.23,4485.0,95.3,96.1,2424.0,0.11794,95.69999999999999,1.0078130793239901,ATM
2023-06-30,2023-09-15,CALL,77.0,4450.23,4490.0,92.3,93.2,4029.0,0.11793,92.75,1.0089366167591338,ATM
2023-06-30,2023-09-15,CALL,77.0,4450.23,4495.0,89.4,90.3,3147.0,0.11687,89.85,1.0100601541942777,OTM
2023-06-30,2023-09-15,CALL,77.0,4450.23,4500.0,86.6,87.4,2608.0,0.11635,87.0,1.0111836916294215,OTM
2023-06-30,2023-09-15,CALL,77.0,4450.23,4505.0,83.7,84.6,1.0,0.1154,84.15,1.0123072290645654,OTM
2023-06-30,2023-09-15,CALL,77.0,4450.23,4510.0,81.1,81.8,45.0,0.11526,81.44999999999999,1.013430766499709,OTM
2023-06-30,2023-09-15,CALL,77.0,4450.23,4515.0,77.1,80.7,10.0,0.11509,78.9,1.0145543039348528,OTM
2023-06-30,2023-09-15,CALL,77.0,4450.23,4520.0,75.6,76.4,62.0,0.11396,76.0,1.0156778413699967,OTM
2023-06-30,2023-09-15,CALL,77.0,4450.23,4525.0,71.9,75.4,2.0,0.11292,73.65,1.0168013788051404,OTM
2023-06-30,2023-09-15,CALL,77.0,4450.23,4530.0,70.5,71.3,1.0,0.11231,70.9,1.0179249162402844,OTM
2023-06-30,2023-09-15,CALL,77.0,4450.23,4535.0,66.9,70.3,9.0,0.11172,68.6,1.019048453675428,OTM
2023-06-30,2023-09-15,CALL,77.0,4450.23,4540.0,65.6,66.4,5.0,0.1109,66.0,1.020171991110572,OTM
2023-06-30,2023-09-15,CALL,77.0,4450.23,4545.0,63.3,64.0,2.0,0.11021,63.65,1.0212955285457157,OTM
2023-06-30,2023-09-15,CALL,77.0,4450.23,4550.0,61.0,61.7,2521.0,0.11062,61.35,1.0224190659808594,OTM
2023-06-30,2023-09-15,CALL,77.0,4450.23,4555.0,58.9,59.5,11.0,0.10995,59.2,1.0235426034160033,OTM
2023-06-30,2023-09-15,CALL,77.0,4450.23,4560.0,56.7,57.3,4.0,0.10919,57.0,1.024666140851147,OTM
2023-06-30,2023-09-15,CALL,77.0,4450.23,4565.0,54.4,55.1,18.0,0.10867,54.75,1.025789678286291,OTM
2023-06-30,2023-09-15,CALL,77.0,4450.23,4570.0,52.5,53.0,1.0,0.10845,52.75,1.0269132157214347,OTM
2023-06-30,2023-09-15,CALL,77.0,4450.23,4575.0,50.3,51.1,132.0,0.10821,50.7,1.0280367531565786,OTM
2023-06-30,2023-09-15,CALL,77.0,4450.23,4580.0,48.5,49.1,6.0,0.10697,48.8,1.0291602905917223,OTM
2023-06-30,2023-09-15,CALL,77.0,4450.23,4585.0,46.6,47.1,3.0,0.10698,46.85,1.030283828026866,OTM
2023-06-30,2023-09-15,CALL,77.0,4450.23,4590.0,44.7,45.3,1.0,0.1063,45.0,1.03140736546201,OTM
2023-06-30,2023-09-15,CALL,77.0,4450.23,4595.0,42.9,43.5,60.0,0.10627,43.2,1.0325309028971537,OTM
2023-06-30,2023-09-15,CALL,77.0,4450.23,4600.0,41.1,41.7,5551.0,0.10587,41.400000000000006,1.0336544403322976,OTM
2023-06-30,2023-09-15,CALL,77.0,4450.23,4605.0,39.5,40.9,171.0,0.10596,40.2,1.0347779777674413,OTM
2023-06-30,2023-09-15,CALL,77.0,4450.23,4610.0,37.8,38.4,4.0,0.10496,38.099999999999994,1.0359015152025852,OTM
2023-06-30,2023-09-15,CALL,77.0,4450.23,4620.0,34.1,36.0,36.0,0.10387,35.05,1.0381485900728726,OTM
2023-06-30,2023-09-15,CALL,77.0,4450.23,4625.0,32.6,34.8,20.0,0.104,33.7,1.0392721275080166,OTM
2023-06-30,2023-09-15,CALL,77.0,4450.23,4630.0,31.2,33.4,1.0,0.10401,32.3,1.0403956649431603,OTM
2023-06-30,2023-09-15,CALL,77.0,4450.23,4640.0,29.3,29.8,266.0,0.10343,29.55,1.042642739813448,OTM
2023-06-30,2023-09-15,CALL,77.0,4450.23,4650.0,25.9,28.3,262.0,0.10237,27.1,1.0448898146837355,OTM
2023-06-30,2023-09-15,CALL,77.0,4450.23,4660.0,24.4,25.0,1.0,0.10206,24.7,1.0471368895540232,OTM
2023-06-30,2023-09-15,CALL,77.0,4450.23,4670.0,22.4,22.9,2.0,0.10174,22.65,1.0493839644243108,OTM
2023-06-30,2023-09-15,CALL,77.0,4450.23,4675.0,21.4,21.9,1.0,0.10217,21.65,1.0505075018594545,OTM
2023-06-30,2023-09-15,CALL,77.0,4450.23,4680.0,20.5,20.9,3.0,0.10175,20.7,1.0516310392945984,OTM
2023-06-30,2023-09-15,CALL,77.0,4450.23,4690.0,18.7,19.2,1.0,0.10172,18.95,1.0538781141648859,OTM
2023-06-30,2023-09-15,CALL,77.0,4450.23,4700.0,17.1,17.5,1197.0,0.10148,17.3,1.0561251890351735,OTM
2023-06-30,2023-09-15,CALL,77.0,4450.23,4710.0,14.9,16.0,10.0,0.10024,15.45,1.0583722639054611,OTM
2023-06-30,2023-09-15,CALL,77.0,4450.23,4720.0,14.2,14.6,85.0,0.10051,14.399999999999999,1.0606193387757488,OTM
2023-06-30,2023-09-15,CALL,77.0,4450.23,4725.0,13.5,13.9,46.0,0.10077,13.7,1.0617428762108925,OTM
2023-06-30,2023-09-15,CALL,77.0,4450.23,4730.0,12.9,13.3,2.0,0.10127,13.100000000000001,1.0628664136460364,OTM
2023-06-30,2023-09-15,CALL,77.0,4450.23,4740.0,11.8,12.1,11.0,0.10102,11.95,1.065113488516324,OTM
2023-06-30,2023-09-15,CALL,77.0,4450.23,4750.0,10.3,11.4,1191.0,0.10073,10.850000000000001,1.0673605633866117,OTM
2023-06-30,2023-09-15,CALL,77.0,4450.23,4775.0,8.4,8.6,2.0,0.10026,8.5,1.0729782505623306,OTM
2023-06-30,2023-09-15,CALL,77.0,4450.23,4800.0,6.5,6.8,2027.0,0.10092,6.65,1.0785959377380496,OTM
2023-06-30,2023-09-15,CALL,77.0,4450.23,4825.0,5.1,5.4,3.0,0.10052,5.25,1.0842136249137686,OTM
2023-06-30,2023-09-15,CALL,77.0,4450.23,4850.0,4.0,4.2,1200.0,0.1015,4.1,1.0898313120894876,OTM
2023-06-30,2023-09-15,CALL,77.0,4450.23,4875.0,3.1,3.3,1134.0,0.10175,3.2,1.0954489992652066,OTM
2023-06-30,2023-09-15,CALL,77.0,4450.23,4900.0,2.4,2.55,4.0,0.10247,2.4749999999999996,1.1010666864409255,OTM
2023-06-30,2023-09-15,CALL,77.0,4450.23,4925.0,1.9,2.0,1.0,0.10226,1.95,1.1066843736166447,OTM
2023-06-30,2023-09-15,CALL,77.0,4450.23,4950.0,1.45,1.6,6.0,0.10281,1.525,1.1123020607923637,OTM
2023-06-30,2023-09-15,CALL,77.0,4450.23,4975.0,1.15,1.3,1.0,0.10399,1.225,1.1179197479680827,OTM
2023-06-30,2023-09-15,CALL,77.0,4450.23,5000.0,0.9,1.05,4.0,0.10521,0.9750000000000001,1.1235374351438017,OTM
2023-06-30,2023-09-15,CALL,77.0,4450.23,5050.0,0.6,0.75,31.0,0.10797,0.675,1.1347728094952396,OTM
2023-06-30,2023-09-15,CALL,77.0,4450.23,5100.0,0.45,0.55,33.0,0.11236,0.5,1.1460081838466778,OTM
2023-06-30,2023-09-15,CALL,77.0,4450.23,5150.0,0.3,0.4,2.0,0.11521,0.35,1.1572435581981158,OTM
2023-06-30,2023-09-15,CALL,77.0,4450.23,5200.0,0.2,0.35,6.0,0.11855,0.275,1.1684789325495537,OTM
2023-06-30,2023-09-15,CALL,77.0,4450.23,5300.0,0.1,0.2,3.0,0.12489,0.15000000000000002,1.1909496812524298,OTM
2023-06-30,2023-09-29,CALL,91.0,4450.23,3575.0,915.4,924.5,1.0,0.29546,919.95,0.8033292661278182,ITM
2023-06-30,2023-09-29,CALL,91.0,4450.23,3600.0,891.2,900.3,1.0,0.29039,895.75,0.8089469533035372,ITM
2023-06-30,2023-09-29,CALL,91.0,4450.23,3610.0,881.5,890.6,1.0,0.28767,886.05,0.8111940281738248,ITM
2023-06-30,2023-09-29,CALL,91.0,4450.23,3620.0,871.8,881.0,4.0,0.28624,876.4,0.8134411030441124,ITM
2023-06-30,2023-09-29,CALL,91.0,4450.23,3625.0,867.0,876.1,1.0,0.28485,871.55,0.8145646404792563,ITM
2023-06-30,2023-09-29,CALL,91.0,4450.23,3630.0,862.1,871.3,1.0,0.28401,866.7,0.8156881779144,ITM
2023-06-30,2023-09-29,CALL,91.0,4450.23,3640.0,852.5,861.5,4.0,0.2811,857.0,0.8179352527846876,ITM
2023-06-30,2023-09-29,CALL,91.0,4450.23,3650.0,842.8,852.0,2.0,0.27932,847.4,0.8201823276549752,ITM
2023-06-30,2023-09-29,CALL,91.0,4450.23,3655.0,838.0,847.1,2.0,0.2788,842.55,0.821305865090119,ITM
2023-06-30,2023-09-29,CALL,91.0,4450.23,3675.0,818.7,827.8,1.0,0.27379,823.25,0.8258000148306942,ITM
2023-06-30,2023-09-29,CALL,91.0,4450.23,3690.0,804.3,813.3,2.0,0.27113,808.8,0.8291706271361257,ITM
2023-06-30,2023-09-29,CALL,91.0,4450.23,3700.0,794.6,803.8,1.0,0.26874,799.2,0.8314177020064132,ITM
2023-06-30,2023-09-29,CALL,91.0,4450.23,3705.0,789.8,799.0,3.0,0.26784,794.4,0.832541239441557,ITM
2023-06-30,2023-09-29,CALL,91.0,4450.23,3725.0,770.6,779.8,1.0,0.26413,775.2,0.8370353891821323,ITM
2023-06-30,2023-09-29,CALL,91.0,4450.23,3750.0,746.6,755.8,3.0,0.25836,751.2,0.8426530763578512,ITM
2023-06-30,2023-09-29,CALL,91.0,4450.23,3760.0,737.1,746.2,2.0,0.25727,741.6500000000001,0.8449001512281389,ITM
2023-06-30,2023-09-29,CALL,91.0,4450.23,3770.0,727.5,736.6,10.0,0.25475,732.05,0.8471472260984264,ITM
2023-06-30,2023-09-29,CALL,91.0,4450.23,3775.0,722.7,731.9,2.0,0.25375,727.3,0.8482707635335702,ITM
2023-06-30,2023-09-29,CALL,91.0,4450.23,3780.0,718.0,727.1,8.0,0.25303,722.55,0.849394300968714,ITM
2023-06-30,2023-09-29,CALL,91.0,4450.23,3800.0,699.0,708.0,3.0,0.2494,703.5,0.8538884507092893,ITM
2023-06-30,2023-09-29,CALL,91.0,4450.23,3805.0,694.1,701.9,1.0,0.24557,698.0,0.855011988144433,ITM
2023-06-30,2023-09-29,CALL,91.0,4450.23,3825.0,675.1,684.2,3.0,0.24372,679.6500000000001,0.8595061378850083,ITM
2023-06-30,2023-09-29,CALL,91.0,4450.23,3830.0,670.3,679.4,2.0,0.24274,674.8499999999999,0.8606296753201521,ITM
2023-06-30,2023-09-29,CALL,91.0,4450.23,3835.0,665.7,674.7,1.0,0.24196,670.2,0.8617532127552959,ITM
2023-06-30,2023-09-29,CALL,91.0,4450.23,3845.0,656.2,665.2,1.0,0.2408,660.7,0.8640002876255835,ITM
2023-06-30,2023-09-29,CALL,91.0,4450.23,3850.0,651.4,660.5,3.0,0.23881,655.95,0.8651238250607273,ITM
2023-06-30,2023-09-29,CALL,91.0,4450.23,3855.0,646.6,655.7,2.0,0.23866,651.1500000000001,0.8662473624958711,ITM
2023-06-30,2023-09-29,CALL,91.0,4450.23,3860.0,642.0,651.0,35.0,0.23784,646.5,0.8673708999310149,ITM
2023-06-30,2023-09-29,CALL,91.0,4450.23,3870.0,632.4,641.5,35.0,0.23524,636.95,0.8696179748013025,ITM
2023-06-30,2023-09-29,CALL,91.0,4450.23,3875.0,627.8,636.8,1.0,0.23417,632.3,0.8707415122364462,ITM
2023-06-30,2023-09-29,CALL,91.0,4450.23,3895.0,608.8,617.9,38.0,0.23059,613.3499999999999,0.8752356619770215,ITM
2023-06-30,2023-09-29,CALL,91.0,4450.23,3900.0,604.1,613.2,20.0,0.23008,608.6500000000001,0.8763591994121653,ITM
2023-06-30,2023-09-29,CALL,91.0,4450.23,3910.0,594.7,603.8,1.0,0.22795,599.25,0.8786062742824529,ITM
2023-06-30,2023-09-29,CALL,91.0,4450.23,3915.0,590.0,599.1,15.0,0.2263,594.55,0.8797298117175967,ITM
2023-06-30,2023-09-29,CALL,91.0,4450.23,3920.0,585.3,592.4,20.0,0.22281,588.8499999999999,0.8808533491527405,ITM
2023-06-30,2023-09-29,CALL,91.0,4450.23,3925.0,580.7,589.7,7.0,0.22497,585.2,0.8819768865878843,ITM
2023-06-30,2023-09-29,CALL,91.0,4450.23,3930.0,576.0,585.0,1.0,0.22397,580.5,0.8831004240230281,ITM
2023-06-30,2023-09-29,CALL,91.0,4450.23,3935.0,571.3,580.3,3.0,0.22322,575.8,0.884223961458172,ITM
2023-06-30,2023-09-29,CALL,91.0,4450.23,3940.0,564.9,575.6,17.0,0.22019,570.25,0.8853474988933158,ITM
2023-06-30,2023-09-29,CALL,91.0,4450.23,3945.0,560.2,571.0,3.0,0.21916,565.6,0.8864710363284595,ITM
2023-06-30,2023-09-29,CALL,91.0,4450.23,3950.0,555.5,566.3,42.0,0.2176,560.9,0.8875945737636033,ITM
2023-06-30,2023-09-29,CALL,91.0,4450.23,3955.0,550.9,561.6,1.0,0.21711,556.25,0.8887181111987471,ITM
2023-06-30,2023-09-29,CALL,91.0,4450.23,3960.0,546.2,556.9,7.0,0.21661,551.55,0.8898416486338909,ITM
2023-06-30,2023-09-29,CALL,91.0,4450.23,3965.0,541.6,552.3,1.0,0.21545,546.95,0.8909651860690347,ITM
2023-06-30,2023-09-29,CALL,91.0,4450.23,3970.0,536.9,547.6,1.0,0.21491,542.25,0.8920887235041786,ITM
2023-06-30,2023-09-29,CALL,91.0,4450.23,3975.0,534.0,540.7,1.0,0.21312,537.35,0.8932122609393224,ITM
2023-06-30,2023-09-29,CALL,91.0,4450.23,3980.0,529.3,538.3,1.0,0.21401,533.8,0.8943357983744661,ITM
2023-06-30,2023-09-29,CALL,91.0,4450.23,3985.0,524.7,533.7,1.0,0.21332,529.2,0.8954593358096099,ITM
2023-06-30,2023-09-29,CALL,91.0,4450.23,3990.0,518.3,529.0,2.0,0.21043,523.65,0.8965828732447537,ITM
2023-06-30,2023-09-29,CALL,91.0,4450.23,3995.0,513.7,524.4,1.0,0.20986,519.05,0.8977064106798975,ITM
2023-06-30,2023-09-29,CALL,91.0,4450.23,4000.0,510.8,519.8,7.0,0.21073,515.3,0.8988299481150414,ITM
2023-06-30,2023-09-29,CALL,91.0,4450.23,4005.0,506.3,513.4,1.0,0.2083,509.85,0.8999534855501852,ITM
2023-06-30,2023-09-29,CALL,91.0,4450.23,4010.0,501.7,508.7,1.0,0.20732,505.2,0.901077022985329,ITM
2023-06-30,2023-09-29,CALL,91.0,4450.23,4020.0,492.4,499.5,2.0,0.20496,495.95,0.9033240978556165,ITM
2023-06-30,2023-09-29,CALL,91.0,4450.23,4025.0,487.8,494.9,1.0,0.20418,491.35,0.9044476352907603,ITM
2023-06-30,2023-09-29,CALL,91.0,4450.23,4030.0,483.2,490.2,5.0,0.20358,486.7,0.9055711727259041,ITM
2023-06-30,2023-09-29,CALL,91.0,4450.23,4035.0,478.6,485.6,2.0,0.20258,482.1,0.906694710161048,ITM
2023-06-30,2023-09-29,CALL,91.0,4450.23,4040.0,474.0,481.0,1.0,0.20168,477.5,0.9078182475961918,ITM
2023-06-30,2023-09-29,CALL,91.0,4450.23,4045.0,469.5,476.4,1.0,0.20101,472.95,0.9089417850313356,ITM
2023-06-30,2023-09-29,CALL,91.0,4450.23,4050.0,464.9,473.7,1.0,0.20163,469.29999999999995,0.9100653224664793,ITM
2023-06-30,2023-09-29,CALL,91.0,4450.23,4055.0,460.3,469.1,1.0,0.20042,464.70000000000005,0.9111888599016231,ITM
2023-06-30,2023-09-29,CALL,91.0,4450.23,4060.0,455.6,464.5,2.0,0.19937,460.05,0.912312397336767,ITM
2023-06-30,2023-09-29,CALL,91.0,4450.23,4065.0,451.2,458.0,1.0,0.19687,454.6,0.9134359347719108,ITM
2023-06-30,2023-09-29,CALL,91.0,4450.23,4070.0,446.5,455.4,4.0,0.19848,450.95,0.9145594722070546,ITM
2023-06-30,2023-09-29,CALL,91.0,4450.23,4075.0,442.1,448.8,13.0,0.19511,445.45000000000005,0.9156830096421984,ITM
2023-06-30,2023-09-29,CALL,91.0,4450.23,4080.0,437.4,446.3,4.0,0.19596,441.85,0.9168065470773421,ITM
2023-06-30,2023-09-29,CALL,91.0,4450.23,4085.0,432.9,441.7,1.0,0.19568,437.29999999999995,0.9179300845124859,ITM
2023-06-30,2023-09-29,CALL,91.0,4450.23,4090.0,428.5,435.2,6.0,0.19242,431.85,0.9190536219476297,ITM
2023-06-30,2023-09-29,CALL,91.0,4450.23,4095.0,423.8,432.7,21.0,0.19293,428.25,0.9201771593827736,ITM
2023-06-30,2023-09-29,CALL,91.0,4450.23,4100.0,419.3,428.1,1.0,0.19258,423.70000000000005,0.9213006968179174,ITM
2023-06-30,2023-09-29,CALL,91.0,4450.23,4105.0,414.8,423.6,3.0,0.19147,419.20000000000005,0.9224242342530612,ITM
2023-06-30,2023-09-29,CALL,91.0,4450.23,4110.0,410.3,419.1,4.0,0.191,414.70000000000005,0.923547771688205,ITM
2023-06-30,2023-09-29,CALL,91.0,4450.23,4115.0,405.8,414.6,11.0,0.18998,410.20000000000005,0.9246713091233487,ITM
2023-06-30,2023-09-29,CALL,91.0,4450.23,4120.0,401.3,410.1,8.0,0.18874,405.70000000000005,0.9257948465584925,ITM
2023-06-30,2023-09-29,CALL,91.0,4450.23,4125.0,396.8,405.6,3.0,0.18808,401.20000000000005,0.9269183839936364,ITM
2023-06-30,2023-09-29,CALL,91.0,4450.23,4130.0,392.3,401.1,19.0,0.18699,396.70000000000005,0.9280419214287802,ITM
2023-06-30,2023-09-29,CALL,91.0,4450.23,4135.0,387.8,396.6,2.0,0.1862,392.20000000000005,0.929165458863924,ITM
2023-06-30,2023-09-29,CALL,91.0,4450.23,4140.0,383.4,392.2,5.0,0.1848,387.79999999999995,0.9302889962990678,ITM
2023-06-30,2023-09-29,CALL,91.0,4450.23,4145.0,378.9,387.7,13.0,0.18427,383.29999999999995,0.9314125337342116,ITM
2023-06-30,2023-09-29,CALL,91.0,4450.23,4150.0,374.5,383.2,1.0,0.18336,378.85,0.9325360711693553,ITM
2023-06-30,2023-09-29,CALL,91.0,4450.23,4155.0,370.0,378.8,1.0,0.18208,374.4,0.9336596086044991,ITM
2023-06-30,2023-09-29,CALL,91.0,4450.23,4160.0,365.6,373.2,1.0,0.1808,369.4,0.934783146039643,ITM
2023-06-30,2023-09-29,CALL,91.0,4450.23,4165.0,362.0,367.9,1.0,0.1792,364.95,0.9359066834747868,ITM
2023-06-30,2023-09-29,CALL,91.0,4450.23,4170.0,356.8,365.5,2.0,0.17966,361.15,0.9370302209099306,ITM
2023-06-30,2023-09-29,CALL,91.0,4450.23,4175.0,352.3,361.0,1.0,0.17813,356.65,0.9381537583450744,ITM
2023-06-30,2023-09-29,CALL,91.0,4450.23,4180.0,347.9,356.6,4.0,0.17739,352.25,0.9392772957802182,ITM
2023-06-30,2023-09-29,CALL,91.0,4450.23,4185.0,344.4,350.2,2.0,0.17595,347.29999999999995,0.9404008332153619,ITM
2023-06-30,2023-09-29,CALL,91.0,4450.23,4190.0,340.0,345.8,1.0,0.17501,342.9,0.9415243706505058,ITM
2023-06-30,2023-09-29,CALL,91.0,4450.23,4195.0,335.7,341.4,1.0,0.17401,338.54999999999995,0.9426479080856496,ITM
2023-06-30,2023-09-29,CALL,91.0,4450.23,4200.0,330.4,339.1,25.0,0.17382,334.75,0.9437714455207934,ITM
2023-06-30,2023-09-29,CALL,91.0,4450.23,4205.0,324.5,334.7,2.0,0.17164,329.6,0.9448949829559372,ITM
2023-06-30,2023-09-29,CALL,91.0,4450.23,4210.0,320.1,330.3,1.0,0.1714,325.20000000000005,0.946018520391081,ITM
2023-06-30,2023-09-29,CALL,91.0,4450.23,4215.0,317.4,326.0,4.0,0.17176,321.7,0.9471420578262248,ITM
2023-06-30,2023-09-29,CALL,91.0,4450.23,4220.0,313.1,321.6,3.0,0.17003,317.35,0.9482655952613686,ITM
2023-06-30,2023-09-29,CALL,91.0,4450.23,4225.0,308.8,317.3,1.0,0.16958,313.05,0.9493891326965124,ITM
2023-06-30,2023-09-29,CALL,91.0,4450.23,4230.0,305.4,311.0,39.0,0.1682,308.2,0.9505126701316562,ITM
2023-06-30,2023-09-29,CALL,91.0,4450.23,4235.0,300.2,308.7,10.0,0.16787,304.45,0.9516362075668,ITM
2023-06-30,2023-09-29,CALL,91.0,4450.23,4240.0,295.9,304.4,10.0,0.16714,300.15,0.9527597450019438,ITM
2023-06-30,2023-09-29,CALL,91.0,4450.23,4245.0,292.5,298.1,61.0,0.1648,295.3,0.9538832824370876,ITM
2023-06-30,2023-09-29,CALL,91.0,4450.23,4250.0,287.4,295.8,10.0,0.16477,291.6,0.9550068198722315,ITM
2023-06-30,2023-09-29,CALL,91.0,4450.23,4255.0,283.1,291.5,1.0,0.16401,287.3,0.9561303573073752,ITM
2023-06-30,2023-09-29,CALL,91.0,4450.23,4260.0,278.9,287.3,25.0,0.16324,283.1,0.957253894742519,ITM
2023-06-30,2023-09-29,CALL,91.0,4450.23,4265.0,273.1,283.0,4.0,0.16063,278.05,0.9583774321776628,ITM
2023-06-30,2023-09-29,CALL,91.0,4450.23,4270.0,270.5,278.8,26.0,0.16169,274.65,0.9595009696128066,ITM
2023-06-30,2023-09-29,CALL,91.0,4450.23,4275.0,266.3,274.6,2.0,0.16031,270.45000000000005,0.9606245070479504,ITM
2023-06-30,2023-09-29,CALL,91.0,4450.23,4280.0,263.1,268.5,17.0,0.15888,265.8,0.9617480444830943,ITM
2023-06-30,2023-09-29,CALL,91.0,4450.23,4285.0,257.9,266.2,36.0,0.15846,262.04999999999995,0.9628715819182381,ITM
2023-06-30,2023-09-29,CALL,91.0,4450.23,4290.0,254.8,260.1,37.0,0.15707,257.45000000000005,0.9639951193533818,ITM
2023-06-30,2023-09-29,CALL,91.0,4450.23,4295.0,250.7,256.0,1.0,0.15585,253.35,0.9651186567885256,ITM
2023-06-30,2023-09-29,CALL,91.0,4450.23,4300.0,246.6,251.8,2254.0,0.15511,249.2,0.9662421942236694,ITM
2023-06-30,2023-09-29,CALL,91.0,4450.23,4305.0,239.9,249.6,4.0,0.15332,244.75,0.9673657316588132,ITM
2023-06-30,2023-09-29,CALL,91.0,4450.23,4310.0,235.9,245.5,10.0,0.15255,240.7,0.968489269093957,ITM
2023-06-30,2023-09-29,CALL,91.0,4450.23,4315.0,233.3,241.5,5.0,0.15302,237.4,0.9696128065291009,ITM
2023-06-30,2023-09-29,CALL,91.0,4450.23,4320.0,229.3,237.4,1.0,0.15177,233.35000000000002,0.9707363439642447,ITM
2023-06-30,2023-09-29,CALL,91.0,4450.23,4325.0,226.1,233.3,1.0,0.15176,229.7,0.9718598813993884,ITM
2023-06-30,2023-09-29,CALL,91.0,4450.23,4330.0,221.3,229.3,3.0,0.14995,225.3,0.9729834188345322,ITM
2023-06-30,2023-09-29,CALL,91.0,4450.23,4335.0,218.1,225.3,3.0,0.15035,221.7,0.974106956269676,ITM
2023-06-30,2023-09-29,CALL,91.0,4450.23,4340.0,214.1,221.3,3.0,0.14853,217.7,0.9752304937048198,ITM
2023-06-30,2023-09-29,CALL,91.0,4450.23,4345.0,211.5,212.3,1.0,0.14557,211.9,0.9763540311399637,ITM
2023-06-30,2023-09-29,CALL,91.0,4450.23,4350.0,204.0,213.3,4.0,0.14539,208.65,0.9774775685751075,ITM
2023-06-30,2023-09-29,CALL,91.0,4450.23,4355.0,201.5,209.4,4.0,0.14638,205.45,0.9786011060102513,ITM
2023-06-30,2023-09-29,CALL,91.0,4450.23,4360.0,196.8,205.4,1.0,0.14412,201.10000000000002,0.979724643445395,ITM
2023-06-30,2023-09-29,CALL,91.0,4450.23,4365.0,195.8,196.7,6.0,0.14214,196.25,0.9808481808805388,ITM
2023-06-30,2023-09-29,CALL,91.0,4450.23,4370.0,192.2,193.0,4.0,0.14156,192.6,0.9819717183156826,ITM
2023-06-30,2023-09-29,CALL,91.0,4450.23,4375.0,188.1,189.0,11.0,0.14047,188.55,0.9830952557508265,ITM
2023-06-30,2023-09-29,CALL,91.0,4450.23,4380.0,182.4,190.0,14.0,0.14155,186.2,0.9842187931859703,ITM
2023-06-30,2023-09-29,CALL,91.0,4450.23,4385.0,177.8,186.2,9.0,0.14003,182.0,0.9853423306211141,ITM
2023-06-30,2023-09-29,CALL,91.0,4450.23,4390.0,174.9,182.4,9.0,0.13944,178.65,0.9864658680562579,ITM
2023-06-30,2023-09-29,CALL,91.0,4450.23,4395.0,170.3,178.6,8.0,0.13847,174.45,0.9875894054914016,ITM
2023-06-30,2023-09-29,CALL,91.0,4450.23,4400.0,166.6,174.9,10.0,0.13736,170.75,0.9887129429265454,ITM
2023-06-30,2023-09-29,CALL,91.0,4450.23,4405.0,165.9,166.7,2.0,0.13572,166.3,0.9898364803616893,ITM
2023-06-30,2023-09-29,CALL,91.0,4450.23,4410.0,159.2,167.5,46.0,0.13616,163.35,0.9909600177968331,ATM
2023-06-30,2023-09-29,CALL,91.0,4450.23,4415.0,158.6,163.8,15.0,0.13645,161.2,0.9920835552319769,ATM
2023-06-30,2023-09-29,CALL,91.0,4450.23,4420.0,154.8,155.7,1.0,0.13288,155.25,0.9932070926671207,ATM
2023-06-30,2023-09-29,CALL,91.0,4450.23,4425.0,151.3,152.1,14.0,0.13192,151.7,0.9943306301022645,ATM
2023-06-30,2023-09-29,CALL,91.0,4450.23,4430.0,147.8,148.6,5.0,0.13122,148.2,0.9954541675374082,ATM
2023-06-30,2023-09-29,CALL,91.0,4450.23,4435.0,141.4,149.5,2.0,0.13166,145.45,0.996577704972552,ATM
2023-06-30,2023-09-29,CALL,91.0,4450.23,4440.0,141.0,141.8,4.0,0.1301,141.4,0.9977012424076959,ATM
2023-06-30,2023-09-29,CALL,91.0,4450.23,4445.0,134.5,142.5,3.0,0.12986,138.5,0.9988247798428397,ATM
2023-06-30,2023-09-29,CALL,91.0,4450.23,4450.0,134.0,134.8,111.0,0.12825,134.4,0.9999483172779835,ATM
2023-06-30,2023-09-29,CALL,91.0,4450.23,4455.0,127.7,135.6,9.0,0.12764,131.65,1.0010718547131272,ATM
2023-06-30,2023-09-29,CALL,91.0,4450.23,4460.0,127.5,128.3,26.0,0.1269,127.9,1.0021953921482711,ATM
2023-06-30,2023-09-29,CALL,91.0,4450.23,4465.0,121.1,128.9,13.0,0.12609,125.0,1.0033189295834148,ATM
2023-06-30,2023-09-29,CALL,91.0,4450.23,4470.0,117.9,125.6,2.0,0.12597,121.75,1.0044424670185588,ATM
2023-06-30,2023-09-29,CALL,91.0,4450.23,4475.0,114.7,122.4,86.0,0.12463,118.55000000000001,1.0055660044537025,ATM
2023-06-30,2023-09-29,CALL,91.0,4450.23,4480.0,114.6,115.4,4.0,0.12423,115.0,1.0066895418888462,ATM
2023-06-30,2023-09-29,CALL,91.0,4450.23,4485.0,111.3,112.1,2.0,0.12314,111.69999999999999,1.0078130793239901,ATM
2023-06-30,2023-09-29,CALL,91.0,4450.23,4490.0,108.5,109.5,1.0,0.12256,109.0,1.0089366167591338,ATM
2023-06-30,2023-09-29,CALL,91.0,4450.23,4495.0,103.7,109.8,3.0,0.12263,106.75,1.0100601541942777,OTM
2023-06-30,2023-09-29,CALL,91.0,4450.23,4500.0,102.5,103.5,24.0,0.12146,103.0,1.0111836916294215,OTM
2023-06-30,2023-09-29,CALL,91.0,4450.23,4505.0,99.6,100.5,20.0,0.12029,100.05,1.0123072290645654,OTM
2023-06-30,2023-09-29,CALL,91.0,4450.23,4510.0,96.7,97.6,5.0,0.12009,97.15,1.013430766499709,OTM
2023-06-30,2023-09-29,CALL,91.0,4450.23,4515.0,93.8,94.8,3.0,0.11935,94.3,1.0145543039348528,OTM
2023-06-30,2023-09-29,CALL,91.0,4450.23,4520.0,90.9,91.8,70.0,0.11867,91.35,1.0156778413699967,OTM
2023-06-30,2023-09-29,CALL,91.0,4450.23,4525.0,88.2,89.2,34.0,0.1173,88.7,1.0168013788051404,OTM
2023-06-30,2023-09-29,CALL,91.0,4450.23,4530.0,85.5,86.5,17.0,0.11727,86.0,1.0179249162402844,OTM
2023-06-30,2023-09-29,CALL,91.0,4450.23,4535.0,82.9,83.9,24.0,0.11671,83.4,1.019048453675428,OTM
2023-06-30,2023-09-29,CALL,91.0,4450.23,4540.0,80.3,81.3,59.0,0.11584,80.8,1.020171991110572,OTM
2023-06-30,2023-09-29,CALL,91.0,4450.23,4545.0,77.7,78.3,2.0,0.11526,78.0,1.0212955285457157,OTM
2023-06-30,2023-09-29,CALL,91.0,4450.23,4550.0,75.2,76.2,2.0,0.11416,75.7,1.0224190659808594,OTM
2023-06-30,2023-09-29,CALL,91.0,4450.23,4555.0,72.8,73.4,21.0,0.11346,73.1,1.0235426034160033,OTM
2023-06-30,2023-09-29,CALL,91.0,4450.23,4560.0,69.0,71.1,1.0,0.11271,70.05,1.024666140851147,OTM
2023-06-30,2023-09-29,CALL,91.0,4450.23,4565.0,67.9,68.8,61.0,0.11267,68.35,1.025789678286291,OTM
2023-06-30,2023-09-29,CALL,91.0,4450.23,4570.0,65.6,66.5,1.0,0.11183,66.05,1.0269132157214347,OTM
2023-06-30,2023-09-29,CALL,91.0,4450.23,4575.0,63.5,64.4,101.0,0.11176,63.95,1.0280367531565786,OTM
2023-06-30,2023-09-29,CALL,91.0,4450.23,4580.0,61.3,61.9,250.0,0.11084,61.599999999999994,1.0291602905917223,OTM
2023-06-30,2023-09-29,CALL,91.0,4450.23,4590.0,57.1,57.7,2.0,0.1101,57.400000000000006,1.03140736546201,OTM
2023-06-30,2023-09-29,CALL,91.0,4450.23,4595.0,55.1,56.0,22.0,0.10986,55.55,1.0325309028971537,OTM
2023-06-30,2023-09-29,CALL,91.0,4450.23,4600.0,53.1,54.0,81.0,0.10963,53.55,1.0336544403322976,OTM
2023-06-30,2023-09-29,CALL,91.0,4450.23,4605.0,51.1,51.9,2.0,0.10873,51.5,1.0347779777674413,OTM
2023-06-30,2023-09-29,CALL,91.0,4450.23,4610.0,49.2,50.1,10.0,0.10831,49.650000000000006,1.0359015152025852,OTM
2023-06-30,2023-09-29,CALL,91.0,4450.23,4615.0,47.4,48.2,1.0,0.10819,47.8,1.037025052637729,OTM
2023-06-30,2023-09-29,CALL,91.0,4450.23,4620.0,45.7,46.3,15.0,0.10761,46.0,1.0381485900728726,OTM
2023-06-30,2023-09-29,CALL,91.0,4450.23,4625.0,44.0,44.6,205.0,0.10712,44.3,1.0392721275080166,OTM
2023-06-30,2023-09-29,CALL,91.0,4450.23,4630.0,41.6,44.5,3.0,0.10735,43.05,1.0403956649431603,OTM
2023-06-30,2023-09-29,CALL,91.0,4450.23,4640.0,39.2,39.8,1.0,0.10616,39.5,1.042642739813448,OTM
2023-06-30,2023-09-29,CALL,91.0,4450.23,4650.0,36.2,38.3,82.0,0.10623,37.25,1.0448898146837355,OTM
2023-06-30,2023-09-29,CALL,91.0,4450.23,4660.0,33.4,34.0,112.0,0.10524,33.7,1.0471368895540232,OTM
2023-06-30,2023-09-29,CALL,91.0,4450.23,4665.0,32.1,32.7,7.0,0.10411,32.400000000000006,1.0482604269891669,OTM
2023-06-30,2023-09-29,CALL,91.0,4450.23,4670.0,30.8,31.6,39003.0,0.1044,31.200000000000003,1.0493839644243108,OTM
2023-06-30,2023-09-29,CALL,91.0,4450.23,4675.0,29.6,30.2,3000.0,0.10394,29.9,1.0505075018594545,OTM
2023-06-30,2023-09-29,CALL,91.0,4450.23,4680.0,27.8,30.0,1.0,0.10381,28.9,1.0516310392945984,OTM
2023-06-30,2023-09-29,CALL,91.0,4450.23,4690.0,25.4,28.1,26.0,0.10371,26.75,1.0538781141648859,OTM
2023-06-30,2023-09-29,CALL,91.0,4450.23,4700.0,24.1,24.8,39.0,0.1036,24.450000000000003,1.0561251890351735,OTM
2023-06-30,2023-09-29,CALL,91.0,4450.23,4710.0,22.2,22.9,10.0,0.10346,22.549999999999997,1.0583722639054611,OTM
2023-06-30,2023-09-29,CALL,91.0,4450.23,4720.0,20.4,21.1,2.0,0.10289,20.75,1.0606193387757488,OTM
2023-06-30,2023-09-29,CALL,91.0,4450.23,4725.0,19.5,20.3,3.0,0.10245,19.9,1.0617428762108925,OTM
2023-06-30,2023-09-29,CALL,91.0,4450.23,4730.0,18.8,19.3,1.0,0.10259,19.05,1.0628664136460364,OTM
2023-06-30,2023-09-29,CALL,91.0,4450.23,4740.0,16.6,17.8,34.0,0.10207,17.200000000000003,1.065113488516324,OTM
2023-06-30,2023-09-29,CALL,91.0,4450.23,4750.0,15.8,16.3,44.0,0.10243,16.05,1.0673605633866117,OTM
2023-06-30,2023-09-29,CALL,91.0,4450.23,4760.0,14.5,14.9,1.0,0.10129,14.7,1.069607638256899,OTM
2023-06-30,2023-09-29,CALL,91.0,4450.23,4770.0,12.7,13.8,2.0,0.10151,13.25,1.0718547131271867,OTM
2023-06-30,2023-09-29,CALL,91.0,4450.23,4775.0,12.7,13.2,1.0,0.10203,12.95,1.0729782505623306,OTM
2023-06-30,2023-09-29,CALL,91.0,4450.23,4780.0,12.2,12.6,44.0,0.10132,12.399999999999999,1.0741017879974744,OTM
2023-06-30,2023-09-29,CALL,91.0,4450.23,4790.0,11.1,11.6,20.0,0.101,11.35,1.076348862867762,OTM
2023-06-30,2023-09-29,CALL,91.0,4450.23,4800.0,10.2,10.6,39.0,0.10199,10.399999999999999,1.0785959377380496,OTM
2023-06-30,2023-09-29,CALL,91.0,4450.23,4810.0,9.3,9.7,1.0,0.10152,9.5,1.0808430126083373,OTM
2023-06-30,2023-09-29,CALL,91.0,4450.23,4820.0,8.5,8.9,1.0,0.10147,8.7,1.083090087478625,OTM
2023-06-30,2023-09-29,CALL,91.0,4450.23,4825.0,8.1,8.6,1.0,0.10127,8.35,1.0842136249137686,OTM
2023-06-30,2023-09-29,CALL,91.0,4450.23,4830.0,7.8,8.1,2.0,0.10143,7.949999999999999,1.0853371623489123,OTM
2023-06-30,2023-09-29,CALL,91.0,4450.23,4840.0,7.1,7.4,2.0,0.10154,7.25,1.0875842372192,OTM
2023-06-30,2023-09-29,CALL,91.0,4450.23,4850.0,6.5,6.9,21.0,0.10146,6.7,1.0898313120894876,OTM
2023-06-30,2023-09-29,CALL,91.0,4450.23,4875.0,5.1,5.5,38.0,0.10113,5.3,1.0954489992652066,OTM
2023-06-30,2023-09-29,CALL,91.0,4450.23,4900.0,4.1,4.4,68.0,0.10145,4.25,1.1010666864409255,OTM
2023-06-30,2023-09-29,CALL,91.0,4450.23,4925.0,3.2,3.5,13.0,0.10172,3.35,1.1066843736166447,OTM
2023-06-30,2023-09-29,CALL,91.0,4450.23,4950.0,2.55,2.8,10.0,0.10227,2.675,1.1123020607923637,OTM
2023-06-30,2023-09-29,CALL,91.0,4450.23,4975.0,2.05,2.25,1.0,0.10285,2.15,1.1179197479680827,OTM
2023-06-30,2023-09-29,CALL,91.0,4450.23,5000.0,1.65,1.85,69.0,0.104,1.75,1.1235374351438017,OTM
2023-06-30,2023-09-29,CALL,91.0,4450.23,5050.0,1.05,1.25,1.0,0.10592,1.15,1.1347728094952396,OTM
2023-06-30,2023-09-29,CALL,91.0,4450.23,5100.0,0.75,0.95,21.0,0.10863,0.85,1.1460081838466778,OTM
2023-06-30,2023-09-29,CALL,91.0,4450.23,5200.0,0.4,0.5,1.0,0.11459,0.45,1.1684789325495537,OTM
2023-06-30,2023-09-29,CALL,91.0,4450.23,5300.0,0.2,0.3,6.0,0.1199,0.25,1.1909496812524298,OTM
2023-06-30,2023-10-20,CALL,112.0,4450.23,3570.0,927.5,944.8,12.0,0.27686,936.15,0.8022057286926744,ITM
2023-06-30,2023-10-20,CALL,112.0,4450.23,3575.0,922.7,942.2,35.0,0.28032,932.45,0.8033292661278182,ITM
2023-06-30,2023-10-20,CALL,112.0,4450.23,3580.0,917.9,935.2,2.0,0.27504,926.55,0.804452803562962,ITM
2023-06-30,2023-10-20,CALL,112.0,4450.23,3600.0,905.3,910.6,1.0,0.27365,907.95,0.8089469533035372,ITM
2023-06-30,2023-10-20,CALL,112.0,4450.23,3610.0,889.1,908.6,8.0,0.2736,898.85,0.8111940281738248,ITM
2023-06-30,2023-10-20,CALL,112.0,4450.23,3620.0,879.5,899.0,12.0,0.272,889.25,0.8134411030441124,ITM
2023-06-30,2023-10-20,CALL,112.0,4450.23,3625.0,874.7,894.2,10.0,0.27073,884.45,0.8145646404792563,ITM
2023-06-30,2023-10-20,CALL,112.0,4450.23,3650.0,850.8,870.3,1.0,0.26619,860.55,0.8201823276549752,ITM
2023-06-30,2023-10-20,CALL,112.0,4450.23,3675.0,827.0,844.3,27.0,0.2587,835.65,0.8258000148306942,ITM
2023-06-30,2023-10-20,CALL,112.0,4450.23,3680.0,822.2,839.6,1.0,0.25771,830.9000000000001,0.826923552265838,ITM
2023-06-30,2023-10-20,CALL,112.0,4450.23,3690.0,812.7,832.1,1.0,0.2586,822.4000000000001,0.8291706271361257,ITM
2023-06-30,2023-10-20,CALL,112.0,4450.23,3700.0,803.2,822.6,2.0,0.25719,812.9000000000001,0.8314177020064132,ITM
2023-06-30,2023-10-20,CALL,112.0,4450.23,3720.0,784.2,803.6,10.0,0.25386,793.9000000000001,0.8359118517469885,ITM
2023-06-30,2023-10-20,CALL,112.0,4450.23,3725.0,779.5,798.8,9.0,0.25246,789.15,0.8370353891821323,ITM
2023-06-30,2023-10-20,CALL,112.0,4450.23,3730.0,775.5,794.1,21.0,0.25342,784.8,0.8381589266172761,ITM
2023-06-30,2023-10-20,CALL,112.0,4450.23,3740.0,765.9,784.6,10.0,0.25152,775.25,0.8404060014875636,ITM
2023-06-30,2023-10-20,CALL,112.0,4450.23,3750.0,759.3,775.1,2.0,0.25333,767.2,0.8426530763578512,ITM
2023-06-30,2023-10-20,CALL,112.0,4450.23,3775.0,732.2,751.5,2.0,0.24454,741.85,0.8482707635335702,ITM
2023-06-30,2023-10-20,CALL,112.0,4450.23,3800.0,708.8,727.9,1.0,0.23955,718.3499999999999,0.8538884507092893,ITM
2023-06-30,2023-10-20,CALL,112.0,4450.23,3825.0,691.1,696.3,2.0,0.23309,693.7,0.8595061378850083,ITM
2023-06-30,2023-10-20,CALL,112.0,4450.23,3850.0,662.0,680.9,16.0,0.23144,671.45,0.8651238250607273,ITM
2023-06-30,2023-10-20,CALL,112.0,4450.23,3870.0,643.2,662.2,1.0,0.2278,652.7,0.8696179748013025,ITM
2023-06-30,2023-10-20,CALL,112.0,4450.23,3875.0,639.2,657.5,10.0,0.22803,648.35,0.8707415122364462,ITM
2023-06-30,2023-10-20,CALL,112.0,4450.23,3890.0,625.7,643.5,1.0,0.22624,634.6,0.8741121245418777,ITM
2023-06-30,2023-10-20,CALL,112.0,4450.23,3900.0,616.4,634.2,2.0,0.22452,625.3,0.8763591994121653,ITM
2023-06-30,2023-10-20,CALL,112.0,4450.23,3910.0,607.5,624.9,1.0,0.22244,616.2,0.8786062742824529,ITM
2023-06-30,2023-10-20,CALL,112.0,4450.23,3920.0,602.0,607.2,18.0,0.21619,604.6,0.8808533491527405,ITM
2023-06-30,2023-10-20,CALL,112.0,4450.23,3925.0,593.2,607.3,4.0,0.21594,600.25,0.8819768865878843,ITM
2023-06-30,2023-10-20,CALL,112.0,4450.23,3930.0,589.0,602.6,3.0,0.21591,595.8,0.8831004240230281,ITM
2023-06-30,2023-10-20,CALL,112.0,4450.23,3940.0,579.7,593.0,1.0,0.21318,586.35,0.8853474988933158,ITM
2023-06-30,2023-10-20,CALL,112.0,4450.23,3950.0,570.5,583.6,1.0,0.21176,577.05,0.8875945737636033,ITM
2023-06-30,2023-10-20,CALL,112.0,4450.23,3960.0,561.3,574.6,3.0,0.21045,567.95,0.8898416486338909,ITM
2023-06-30,2023-10-20,CALL,112.0,4450.23,3970.0,552.1,565.3,5.0,0.20844,558.7,0.8920887235041786,ITM
2023-06-30,2023-10-20,CALL,112.0,4450.23,3975.0,547.7,560.6,12.0,0.20739,554.1500000000001,0.8932122609393224,ITM
2023-06-30,2023-10-20,CALL,112.0,4450.23,3980.0,543.1,556.0,1.0,0.2068,549.55,0.8943357983744661,ITM
2023-06-30,2023-10-20,CALL,112.0,4450.23,3990.0,533.9,546.7,4.0,0.20516,540.3,0.8965828732447537,ITM
2023-06-30,2023-10-20,CALL,112.0,4450.23,4000.0,525.0,537.1,1.0,0.20283,531.05,0.8988299481150414,ITM
2023-06-30,2023-10-20,CALL,112.0,4450.23,4010.0,519.3,524.4,2.0,0.20192,521.8499999999999,0.901077022985329,ITM
2023-06-30,2023-10-20,CALL,112.0,4450.23,4020.0,507.0,518.7,9.0,0.19961,512.85,0.9033240978556165,ITM
2023-06-30,2023-10-20,CALL,112.0,4450.23,4025.0,502.6,513.8,1.0,0.19937,508.2,0.9044476352907603,ITM
2023-06-30,2023-10-20,CALL,112.0,4450.23,4030.0,501.6,506.7,1.0,0.19904,504.15,0.9055711727259041,ITM
2023-06-30,2023-10-20,CALL,112.0,4450.23,4040.0,489.0,500.0,1.0,0.19678,494.5,0.9078182475961918,ITM
2023-06-30,2023-10-20,CALL,112.0,4450.23,4050.0,480.0,491.1,9.0,0.19477,485.55,0.9100653224664793,ITM
2023-06-30,2023-10-20,CALL,112.0,4450.23,4060.0,470.9,481.9,2.0,0.19319,476.4,0.912312397336767,ITM
2023-06-30,2023-10-20,CALL,112.0,4450.23,4070.0,462.2,472.8,3.0,0.19167,467.5,0.9145594722070546,ITM
2023-06-30,2023-10-20,CALL,112.0,4450.23,4075.0,457.7,468.2,3.0,0.19055,462.95,0.9156830096421984,ITM
2023-06-30,2023-10-20,CALL,112.0,4450.23,4080.0,453.4,463.7,3.0,0.18996,458.54999999999995,0.9168065470773421,ITM
2023-06-30,2023-10-20,CALL,112.0,4450.23,4090.0,444.2,454.6,2.0,0.18821,449.4,0.9190536219476297,ITM
2023-06-30,2023-10-20,CALL,112.0,4450.23,4100.0,438.2,443.2,2.0,0.1872,440.7,0.9213006968179174,ITM
2023-06-30,2023-10-20,CALL,112.0,4450.23,4110.0,426.6,436.6,71.0,0.18509,431.6,0.923547771688205,ITM
2023-06-30,2023-10-20,CALL,112.0,4450.23,4120.0,417.8,427.7,13.0,0.18341,422.75,0.9257948465584925,ITM
2023-06-30,2023-10-20,CALL,112.0,4450.23,4125.0,413.3,422.9,35.0,0.18189,418.1,0.9269183839936364,ITM
2023-06-30,2023-10-20,CALL,112.0,4450.23,4130.0,409.1,418.7,2.0,0.18178,413.9,0.9280419214287802,ITM
2023-06-30,2023-10-20,CALL,112.0,4450.23,4140.0,400.4,409.8,2.0,0.18049,405.1,0.9302889962990678,ITM
2023-06-30,2023-10-20,CALL,112.0,4450.23,4150.0,391.7,400.9,2.0,0.17884,396.29999999999995,0.9325360711693553,ITM
2023-06-30,2023-10-20,CALL,112.0,4450.23,4160.0,382.9,398.3,6.0,0.18116,390.6,0.934783146039643,ITM
2023-06-30,2023-10-20,CALL,112.0,4450.23,4170.0,374.4,383.2,1.0,0.17498,378.79999999999995,0.9370302209099306,ITM
2023-06-30,2023-10-20,CALL,112.0,4450.23,4175.0,370.1,378.6,4.0,0.17487,374.35,0.9381537583450744,ITM
2023-06-30,2023-10-20,CALL,112.0,4450.23,4180.0,365.7,374.2,1.0,0.17386,369.95,0.9392772957802182,ITM
2023-06-30,2023-10-20,CALL,112.0,4450.23,4190.0,359.6,364.4,1.0,0.17301,362.0,0.9415243706505058,ITM
2023-06-30,2023-10-20,CALL,112.0,4450.23,4200.0,353.1,357.2,2.0,0.17411,355.15,0.9437714455207934,ITM
2023-06-30,2023-10-20,CALL,112.0,4450.23,4210.0,342.6,347.0,1.0,0.16924,344.8,0.946018520391081,ITM
2023-06-30,2023-10-20,CALL,112.0,4450.23,4220.0,332.8,339.9,2.0,0.16797,336.35,0.9482655952613686,ITM
2023-06-30,2023-10-20,CALL,112.0,4450.23,4225.0,329.8,334.3,2.0,0.16682,332.05,0.9493891326965124,ITM
2023-06-30,2023-10-20,CALL,112.0,4450.23,4230.0,326.9,328.7,3.0,0.1667,327.79999999999995,0.9505126701316562,ITM
2023-06-30,2023-10-20,CALL,112.0,4450.23,4240.0,318.4,320.3,1.0,0.1652,319.35,0.9527597450019438,ITM
2023-06-30,2023-10-20,CALL,112.0,4450.23,4250.0,309.8,312.1,2.0,0.1627,310.95000000000005,0.9550068198722315,ITM
2023-06-30,2023-10-20,CALL,112.0,4450.23,4260.0,300.4,305.1,1.0,0.16181,302.75,0.957253894742519,ITM
2023-06-30,2023-10-20,CALL,112.0,4450.23,4270.0,293.3,295.2,4.0,0.16039,294.25,0.9595009696128066,ITM
2023-06-30,2023-10-20,CALL,112.0,4450.23,4275.0,289.2,291.4,3.0,0.159,290.29999999999995,0.9606245070479504,ITM
2023-06-30,2023-10-20,CALL,112.0,4450.23,4280.0,285.0,287.0,1.0,0.15864,286.0,0.9617480444830943,ITM
2023-06-30,2023-10-20,CALL,112.0,4450.23,4290.0,276.9,278.8,4.0,0.15684,277.85,0.9639951193533818,ITM
2023-06-30,2023-10-20,CALL,112.0,4450.23,4295.0,270.7,277.1,1.0,0.15602,273.9,0.9651186567885256,ITM
2023-06-30,2023-10-20,CALL,112.0,4450.23,4300.0,268.7,270.6,7.0,0.15549,269.65,0.9662421942236694,ITM
2023-06-30,2023-10-20,CALL,112.0,4450.23,4305.0,262.6,268.9,1.0,0.1539,265.75,0.9673657316588132,ITM
2023-06-30,2023-10-20,CALL,112.0,4450.23,4310.0,260.6,262.6,2.0,0.15394,261.6,0.968489269093957,ITM
2023-06-30,2023-10-20,CALL,112.0,4450.23,4320.0,252.6,254.5,9.0,0.1514,253.55,0.9707363439642447,ITM
2023-06-30,2023-10-20,CALL,112.0,4450.23,4325.0,248.6,250.6,30.0,0.1506,249.6,0.9718598813993884,ITM
2023-06-30,2023-10-20,CALL,112.0,4450.23,4330.0,244.7,246.6,2.0,0.15007,245.64999999999998,0.9729834188345322,ITM
2023-06-30,2023-10-20,CALL,112.0,4450.23,4340.0,236.8,238.7,2.0,0.14844,237.75,0.9752304937048198,ITM
2023-06-30,2023-10-20,CALL,112.0,4450.23,4350.0,229.0,230.9,3.0,0.1467,229.95,0.9774775685751075,ITM
2023-06-30,2023-10-20,CALL,112.0,4450.23,4360.0,221.2,223.2,1.0,0.14554,222.2,0.979724643445395,ITM
2023-06-30,2023-10-20,CALL,112.0,4450.23,4370.0,213.6,215.5,14.0,0.14384,214.55,0.9819717183156826,ITM
2023-06-30,2023-10-20,CALL,112.0,4450.23,4375.0,209.8,211.7,18.0,0.14304,210.75,0.9830952557508265,ITM
2023-06-30,2023-10-20,CALL,112.0,4450.23,4380.0,206.0,207.9,15.0,0.14235,206.95,0.9842187931859703,ITM
2023-06-30,2023-10-20,CALL,112.0,4450.23,4390.0,198.5,200.5,2.0,0.14136,199.5,0.9864658680562579,ITM
2023-06-30,2023-10-20,CALL,112.0,4450.23,4395.0,193.2,198.6,10.0,0.14032,195.89999999999998,0.9875894054914016,ITM
2023-06-30,2023-10-20,CALL,112.0,4450.23,4400.0,191.1,193.0,239.0,0.13969,192.05,0.9887129429265454,ITM
2023-06-30,2023-10-20,CALL,112.0,4450.23,4410.0,183.8,185.8,1.0,0.13755,184.8,0.9909600177968331,ATM
2023-06-30,2023-10-20,CALL,112.0,4450.23,4415.0,180.2,182.2,20.0,0.13707,181.2,0.9920835552319769,ATM
2023-06-30,2023-10-20,CALL,112.0,4450.23,4420.0,176.6,178.6,1.0,0.13675,177.6,0.9932070926671207,ATM
2023-06-30,2023-10-20,CALL,112.0,4450.23,4425.0,173.0,174.9,1.0,0.13523,173.95,0.9943306301022645,ATM
2023-06-30,2023-10-20,CALL,112.0,4450.23,4430.0,169.5,171.5,1.0,0.13475,170.5,0.9954541675374082,ATM
2023-06-30,2023-10-20,CALL,112.0,4450.23,4435.0,166.0,167.9,10.0,0.13453,166.95,0.996577704972552,ATM
2023-06-30,2023-10-20,CALL,112.0,4450.23,4440.0,162.5,164.4,8.0,0.13322,163.45,0.9977012424076959,ATM
2023-06-30,2023-10-20,CALL,112.0,4450.23,4445.0,159.2,161.0,59.0,0.13293,160.1,0.9988247798428397,ATM
2023-06-30,2023-10-20,CALL,112.0,4450.23,4450.0,155.7,157.6,258.0,0.13209,156.64999999999998,0.9999483172779835,ATM
2023-06-30,2023-10-20,CALL,112.0,4450.23,4455.0,150.8,155.9,2.0,0.13126,153.35000000000002,1.0010718547131272,ATM
2023-06-30,2023-10-20,CALL,112.0,4450.23,4460.0,147.5,152.5,1.0,0.13106,150.0,1.0021953921482711,ATM
2023-06-30,2023-10-20,CALL,112.0,4450.23,4465.0,145.4,147.4,23.0,0.13007,146.4,1.0033189295834148,ATM
2023-06-30,2023-10-20,CALL,112.0,4450.23,4470.0,142.4,144.3,21.0,0.12905,143.35000000000002,1.0044424670185588,ATM
2023-06-30,2023-10-20,CALL,112.0,4450.23,4475.0,138.9,141.0,15.0,0.12838,139.95,1.0055660044537025,ATM
2023-06-30,2023-10-20,CALL,112.0,4450.23,4480.0,135.7,137.6,62.0,0.12798,136.64999999999998,1.0066895418888462,ATM
2023-06-30,2023-10-20,CALL,112.0,4450.23,4485.0,128.0,134.4,4.0,0.12414,131.2,1.0078130793239901,ATM
2023-06-30,2023-10-20,CALL,112.0,4450.23,4490.0,129.5,131.1,60.0,0.12625,130.3,1.0089366167591338,ATM
2023-06-30,2023-10-20,CALL,112.0,4450.23,4500.0,123.3,124.9,902.0,0.12514,124.1,1.0111836916294215,OTM
2023-06-30,2023-10-20,CALL,112.0,4450.23,4505.0,115.8,121.8,1.0,0.12161,118.8,1.0123072290645654,OTM
2023-06-30,2023-10-20,CALL,112.0,4450.23,4510.0,117.4,118.8,1.0,0.12368,118.1,1.013430766499709,OTM
2023-06-30,2023-10-20,CALL,112.0,4450.23,4515.0,112.1,115.9,29.0,0.12136,114.0,1.0145543039348528,OTM
2023-06-30,2023-10-20,CALL,112.0,4450.23,4520.0,111.5,112.9,60.0,0.12231,112.2,1.0156778413699967,OTM
2023-06-30,2023-10-20,CALL,112.0,4450.23,4525.0,108.3,110.0,58.0,0.12119,109.15,1.0168013788051404,OTM
2023-06-30,2023-10-20,CALL,112.0,4450.23,4530.0,105.6,107.4,95.0,0.12107,106.5,1.0179249162402844,OTM
2023-06-30,2023-10-20,CALL,112.0,4450.23,4535.0,102.9,104.0,88.0,0.12013,103.45,1.019048453675428,OTM
2023-06-30,2023-10-20,CALL,112.0,4450.23,4540.0,100.2,101.6,2.0,0.11963,100.9,1.020171991110572,OTM
2023-06-30,2023-10-20,CALL,112.0,4450.23,4545.0,97.4,98.6,8.0,0.11862,98.0,1.0212955285457157,OTM
2023-06-30,2023-10-20,CALL,112.0,4450.23,4550.0,94.8,95.9,623.0,0.11843,95.35,1.0224190659808594,OTM
2023-06-30,2023-10-20,CALL,112.0,4450.23,4555.0,92.2,93.6,1.0,0.11852,92.9,1.0235426034160033,OTM
2023-06-30,2023-10-20,CALL,112.0,4450.23,4560.0,89.6,90.7,3.0,0.11769,90.15,1.024666140851147,OTM
2023-06-30,2023-10-20,CALL,112.0,4450.23,4570.0,84.5,85.6,22.0,0.11658,85.05,1.0269132157214347,OTM
2023-06-30,2023-10-20,CALL,112.0,4450.23,4575.0,82.0,83.1,8.0,0.11565,82.55,1.0280367531565786,OTM
2023-06-30,2023-10-20,CALL,112.0,4450.23,4580.0,79.6,80.7,23.0,0.11536,80.15,1.0291602905917223,OTM
2023-06-30,2023-10-20,CALL,112.0,4450.23,4590.0,75.1,76.2,48.0,0.11471,75.65,1.03140736546201,OTM
2023-06-30,2023-10-20,CALL,112.0,4450.23,4600.0,70.5,71.8,243.0,0.11364,71.15,1.0336544403322976,OTM
2023-06-30,2023-10-20,CALL,112.0,4450.23,4610.0,66.2,67.3,2.0,0.11199,66.75,1.0359015152025852,OTM
2023-06-30,2023-10-20,CALL,112.0,4450.23,4620.0,62.1,63.4,69.0,0.11112,62.75,1.0381485900728726,OTM
2023-06-30,2023-10-20,CALL,112.0,4450.23,4625.0,59.2,62.4,175.0,0.1112,60.8,1.0392721275080166,OTM
2023-06-30,2023-10-20,CALL,112.0,4450.23,4630.0,58.2,59.2,178.0,0.11038,58.7,1.0403956649431603,OTM
2023-06-30,2023-10-20,CALL,112.0,4450.23,4640.0,54.5,55.5,6.0,0.11025,55.0,1.042642739813448,OTM
2023-06-30,2023-10-20,CALL,112.0,4450.23,4650.0,50.9,52.1,946.0,0.10894,51.5,1.0448898146837355,OTM
2023-06-30,2023-10-20,CALL,112.0,4450.23,4660.0,47.5,48.5,3.0,0.10829,48.0,1.0471368895540232,OTM
2023-06-30,2023-10-20,CALL,112.0,4450.23,4670.0,44.4,45.3,28.0,0.10787,44.849999999999994,1.0493839644243108,OTM
2023-06-30,2023-10-20,CALL,112.0,4450.23,4675.0,42.8,43.8,2500.0,0.10702,43.3,1.0505075018594545,OTM
2023-06-30,2023-10-20,CALL,112.0,4450.23,4680.0,41.4,42.4,167.0,0.10683,41.9,1.0516310392945984,OTM
2023-06-30,2023-10-20,CALL,112.0,4450.23,4690.0,38.5,42.2,87.0,0.10825,40.35,1.0538781141648859,OTM
2023-06-30,2023-10-20,CALL,112.0,4450.23,4700.0,35.9,36.7,119.0,0.10582,36.3,1.0561251890351735,OTM
2023-06-30,2023-10-20,CALL,112.0,4450.23,4710.0,33.4,34.3,93.0,0.1059,33.849999999999994,1.0583722639054611,OTM
2023-06-30,2023-10-20,CALL,112.0,4450.23,4720.0,31.1,31.9,92.0,0.10503,31.5,1.0606193387757488,OTM
2023-06-30,2023-10-20,CALL,112.0,4450.23,4725.0,30.0,30.8,2.0,0.10498,30.4,1.0617428762108925,OTM
2023-06-30,2023-10-20,CALL,112.0,4450.23,4730.0,28.9,29.7,189.0,0.10424,29.299999999999997,1.0628664136460364,OTM
2023-06-30,2023-10-20,CALL,112.0,4450.23,4740.0,26.8,27.7,31.0,0.10455,27.25,1.065113488516324,OTM
2023-06-30,2023-10-20,CALL,112.0,4450.23,4750.0,25.0,25.6,12.0,0.10368,25.3,1.0673605633866117,OTM
2023-06-30,2023-10-20,CALL,112.0,4450.23,4775.0,20.7,21.4,38.0,0.10311,21.049999999999997,1.0729782505623306,OTM
2023-06-30,2023-10-20,CALL,112.0,4450.23,4800.0,17.1,17.8,82.0,0.10292,17.450000000000003,1.0785959377380496,OTM
2023-06-30,2023-10-20,CALL,112.0,4450.23,4825.0,14.1,14.7,5.0,0.10269,14.399999999999999,1.0842136249137686,OTM
2023-06-30,2023-10-20,CALL,112.0,4450.23,4850.0,11.6,12.1,56.0,0.10299,11.85,1.0898313120894876,OTM
2023-06-30,2023-10-20,CALL,112.0,4450.23,4875.0,9.5,9.9,7.0,0.10212,9.7,1.0954489992652066,OTM
2023-06-30,2023-10-20,CALL,112.0,4450.23,4900.0,7.7,8.1,649.0,0.1018,7.9,1.1010666864409255,OTM
2023-06-30,2023-10-20,CALL,112.0,4450.23,4950.0,5.1,5.5,285.0,0.10258,5.3,1.1123020607923637,OTM
2023-06-30,2023-10-20,CALL,112.0,4450.23,4975.0,4.2,4.5,241.0,0.10316,4.35,1.1179197479680827,OTM
2023-06-30,2023-10-20,CALL,112.0,4450.23,5000.0,3.4,3.7,3.0,0.1029,3.55,1.1235374351438017,OTM
2023-06-30,2023-10-20,CALL,112.0,4450.23,5050.0,2.3,2.55,20.0,0.10458,2.425,1.1347728094952396,OTM
2023-06-30,2023-10-20,CALL,112.0,4450.23,5100.0,1.6,1.8,163.0,0.10544,1.7000000000000002,1.1460081838466778,OTM
2023-06-30,2023-10-20,CALL,112.0,4450.23,5200.0,0.8,0.95,1.0,0.10963,0.875,1.1684789325495537,OTM
2023-06-30,2023-10-20,CALL,112.0,4450.23,5300.0,0.45,0.6,200.0,0.11465,0.525,1.1909496812524298,OTM
2023-06-30,2023-10-31,CALL,123.0,4450.23,3600.0,910.0,919.6,1.0,0.2713,914.8,0.8089469533035372,ITM
2023-06-30,2023-10-31,CALL,123.0,4450.23,3650.0,862.4,872.0,1.0,0.26237,867.2,0.8201823276549752,ITM
2023-06-30,2023-10-31,CALL,123.0,4450.23,3700.0,815.0,824.5,2.0,0.25392,819.75,0.8314177020064132,ITM
2023-06-30,2023-10-31,CALL,123.0,4450.23,3750.0,767.9,777.4,1.0,0.24579,772.65,0.8426530763578512,ITM
2023-06-30,2023-10-31,CALL,123.0,4450.23,3800.0,720.9,730.5,2.0,0.23745,725.7,0.8538884507092893,ITM
2023-06-30,2023-10-31,CALL,123.0,4450.23,3810.0,711.6,721.1,1.0,0.23614,716.35,0.8561355255795768,ITM
2023-06-30,2023-10-31,CALL,123.0,4450.23,3825.0,697.6,707.1,1.0,0.23387,702.35,0.8595061378850083,ITM
2023-06-30,2023-10-31,CALL,123.0,4450.23,3850.0,674.3,683.8,2.0,0.22979,679.05,0.8651238250607273,ITM
2023-06-30,2023-10-31,CALL,123.0,4450.23,3860.0,663.3,674.5,1.0,0.22544,668.9,0.8673708999310149,ITM
2023-06-30,2023-10-31,CALL,123.0,4450.23,3875.0,649.4,660.6,2.0,0.22347,655.0,0.8707415122364462,ITM
2023-06-30,2023-10-31,CALL,123.0,4450.23,3880.0,644.7,655.9,2.0,0.22208,650.3,0.8718650496715901,ITM
2023-06-30,2023-10-31,CALL,123.0,4450.23,3890.0,635.5,646.7,8.0,0.22117,641.1,0.8741121245418777,ITM
2023-06-30,2023-10-31,CALL,123.0,4450.23,3900.0,627.9,636.4,2.0,0.22034,632.15,0.8763591994121653,ITM
2023-06-30,2023-10-31,CALL,123.0,4450.23,3910.0,618.8,628.2,31.0,0.21949,623.5,0.8786062742824529,ITM
2023-06-30,2023-10-31,CALL,123.0,4450.23,3920.0,607.9,619.0,1.0,0.21595,613.45,0.8808533491527405,ITM
2023-06-30,2023-10-31,CALL,123.0,4450.23,3925.0,604.9,614.3,1.0,0.21652,609.5999999999999,0.8819768865878843,ITM
2023-06-30,2023-10-31,CALL,123.0,4450.23,3930.0,600.3,609.7,2.0,0.21584,605.0,0.8831004240230281,ITM
2023-06-30,2023-10-31,CALL,123.0,4450.23,3950.0,582.0,591.5,2.0,0.21298,586.75,0.8875945737636033,ITM
2023-06-30,2023-10-31,CALL,123.0,4450.23,3960.0,572.9,582.3,4.0,0.21138,577.5999999999999,0.8898416486338909,ITM
2023-06-30,2023-10-31,CALL,123.0,4450.23,3970.0,563.8,573.2,2.0,0.20954,568.5,0.8920887235041786,ITM
2023-06-30,2023-10-31,CALL,123.0,4450.23,3980.0,554.7,564.1,3.0,0.20874,559.4000000000001,0.8943357983744661,ITM
2023-06-30,2023-10-31,CALL,123.0,4450.23,4000.0,536.5,545.9,1.0,0.20508,541.2,0.8988299481150414,ITM
2023-06-30,2023-10-31,CALL,123.0,4450.23,4010.0,527.5,536.9,12.0,0.20355,532.2,0.901077022985329,ITM
2023-06-30,2023-10-31,CALL,123.0,4450.23,4020.0,518.5,527.8,25.0,0.2019,523.15,0.9033240978556165,ITM
2023-06-30,2023-10-31,CALL,123.0,4450.23,4025.0,513.9,522.3,1.0,0.20068,518.0999999999999,0.9044476352907603,ITM
2023-06-30,2023-10-31,CALL,123.0,4450.23,4030.0,509.4,518.8,1.0,0.20086,514.0999999999999,0.9055711727259041,ITM
2023-06-30,2023-10-31,CALL,123.0,4450.23,4040.0,500.4,509.8,4.0,0.19867,505.1,0.9078182475961918,ITM
2023-06-30,2023-10-31,CALL,123.0,4450.23,4050.0,491.4,499.7,1.0,0.19676,495.54999999999995,0.9100653224664793,ITM
2023-06-30,2023-10-31,CALL,123.0,4450.23,4060.0,482.5,491.8,1.0,0.19568,487.15,0.912312397336767,ITM
2023-06-30,2023-10-31,CALL,123.0,4450.23,4075.0,469.1,478.4,1.0,0.19299,473.75,0.9156830096421984,ITM
2023-06-30,2023-10-31,CALL,123.0,4450.23,4080.0,464.7,474.0,14.0,0.1926,469.35,0.9168065470773421,ITM
2023-06-30,2023-10-31,CALL,123.0,4450.23,4090.0,455.8,465.1,1.0,0.19114,460.45000000000005,0.9190536219476297,ITM
2023-06-30,2023-10-31,CALL,123.0,4450.23,4100.0,446.9,454.4,1.0,0.18737,450.65,0.9213006968179174,ITM
2023-06-30,2023-10-31,CALL,123.0,4450.23,4110.0,438.1,447.4,2.0,0.18786,442.75,0.923547771688205,ITM
2023-06-30,2023-10-31,CALL,123.0,4450.23,4120.0,429.3,436.8,1.0,0.18462,433.05,0.9257948465584925,ITM
2023-06-30,2023-10-31,CALL,123.0,4450.23,4125.0,425.0,434.2,23.0,0.1855,429.6,0.9269183839936364,ITM
2023-06-30,2023-10-31,CALL,123.0,4450.23,4130.0,420.6,429.8,12.0,0.18408,425.20000000000005,0.9280419214287802,ITM
2023-06-30,2023-10-31,CALL,123.0,4450.23,4140.0,411.8,421.0,5.0,0.18293,416.4,0.9302889962990678,ITM
2023-06-30,2023-10-31,CALL,123.0,4450.23,4150.0,403.1,412.3,10.0,0.18122,407.70000000000005,0.9325360711693553,ITM
2023-06-30,2023-10-31,CALL,123.0,4450.23,4160.0,394.4,401.7,1.0,0.17818,398.04999999999995,0.934783146039643,ITM
2023-06-30,2023-10-31,CALL,123.0,4450.23,4170.0,384.2,394.9,1.0,0.17716,389.54999999999995,0.9370302209099306,ITM
2023-06-30,2023-10-31,CALL,123.0,4450.23,4175.0,381.5,390.6,1.0,0.17715,386.05,0.9381537583450744,ITM
2023-06-30,2023-10-31,CALL,123.0,4450.23,4180.0,377.2,386.3,1.0,0.17609,381.75,0.9392772957802182,ITM
2023-06-30,2023-10-31,CALL,123.0,4450.23,4190.0,368.6,377.7,24.0,0.17517,373.15,0.9415243706505058,ITM
2023-06-30,2023-10-31,CALL,123.0,4450.23,4200.0,360.1,369.1,2.0,0.17369,364.6,0.9437714455207934,ITM
2023-06-30,2023-10-31,CALL,123.0,4450.23,4210.0,352.4,358.8,21.0,0.17152,355.6,0.946018520391081,ITM
2023-06-30,2023-10-31,CALL,123.0,4450.23,4220.0,343.1,350.2,3.0,0.16856,346.65,0.9482655952613686,ITM
2023-06-30,2023-10-31,CALL,123.0,4450.23,4225.0,339.7,346.1,1.0,0.16838,342.9,0.9493891326965124,ITM
2023-06-30,2023-10-31,CALL,123.0,4450.23,4230.0,334.7,343.7,3.0,0.16839,339.2,0.9505126701316562,ITM
2023-06-30,2023-10-31,CALL,123.0,4450.23,4240.0,324.8,335.2,2.0,0.1665,330.0,0.9527597450019438,ITM
2023-06-30,2023-10-31,CALL,123.0,4450.23,4250.0,318.0,326.9,1.0,0.16545,322.45,0.9550068198722315,ITM
2023-06-30,2023-10-31,CALL,123.0,4450.23,4260.0,309.7,318.6,4.0,0.16337,314.15,0.957253894742519,ITM
2023-06-30,2023-10-31,CALL,123.0,4450.23,4270.0,301.5,310.3,5.0,0.16274,305.9,0.9595009696128066,ITM
2023-06-30,2023-10-31,CALL,123.0,4450.23,4275.0,297.4,306.2,61.0,0.16112,301.79999999999995,0.9606245070479504,ITM
2023-06-30,2023-10-31,CALL,123.0,4450.23,4280.0,293.3,302.1,1.0,0.16083,297.70000000000005,0.9617480444830943,ITM
2023-06-30,2023-10-31,CALL,123.0,4450.23,4290.0,285.2,293.9,1.0,0.15949,289.54999999999995,0.9639951193533818,ITM
2023-06-30,2023-10-31,CALL,123.0,4450.23,4300.0,275.6,285.7,2.0,0.15673,280.65,0.9662421942236694,ITM
2023-06-30,2023-10-31,CALL,123.0,4450.23,4310.0,269.8,276.1,36.0,0.1551,272.95000000000005,0.968489269093957,ITM
2023-06-30,2023-10-31,CALL,123.0,4450.23,4320.0,261.8,268.1,37.0,0.15341,264.95000000000005,0.9707363439642447,ITM
2023-06-30,2023-10-31,CALL,123.0,4450.23,4325.0,257.2,265.7,1.0,0.1536,261.45,0.9718598813993884,ITM
2023-06-30,2023-10-31,CALL,123.0,4450.23,4330.0,255.8,256.8,4.0,0.15139,256.3,0.9729834188345322,ITM
2023-06-30,2023-10-31,CALL,123.0,4450.23,4340.0,248.0,249.0,1.0,0.15045,248.5,0.9752304937048198,ITM
2023-06-30,2023-10-31,CALL,123.0,4450.23,4350.0,240.4,241.4,1.0,0.14929,240.9,0.9774775685751075,ITM
2023-06-30,2023-10-31,CALL,123.0,4450.23,4360.0,232.5,233.6,3.0,0.14711,233.05,0.979724643445395,ITM
2023-06-30,2023-10-31,CALL,123.0,4450.23,4370.0,224.9,225.9,1.0,0.1458,225.4,0.9819717183156826,ITM
2023-06-30,2023-10-31,CALL,123.0,4450.23,4375.0,218.7,226.9,1.0,0.14633,222.8,0.9830952557508265,ITM
2023-06-30,2023-10-31,CALL,123.0,4450.23,4380.0,217.4,218.4,11.0,0.14409,217.9,0.9842187931859703,ITM
2023-06-30,2023-10-31,CALL,123.0,4450.23,4390.0,209.9,210.9,10.0,0.14226,210.4,0.9864658680562579,ITM
2023-06-30,2023-10-31,CALL,123.0,4450.23,4400.0,202.5,203.5,2.0,0.1413,203.0,0.9887129429265454,ITM
2023-06-30,2023-10-31,CALL,123.0,4450.23,4410.0,195.4,196.4,1.0,0.13964,195.9,0.9909600177968331,ATM
2023-06-30,2023-10-31,CALL,123.0,4450.23,4420.0,188.2,189.2,6.0,0.13885,188.7,0.9932070926671207,ATM
2023-06-30,2023-10-31,CALL,123.0,4450.23,4425.0,182.2,185.7,9.0,0.13645,183.95,0.9943306301022645,ATM
2023-06-30,2023-10-31,CALL,123.0,4450.23,4430.0,181.1,182.1,46.0,0.13678,181.6,0.9954541675374082,ATM
2023-06-30,2023-10-31,CALL,123.0,4450.23,4450.0,164.1,172.3,2.0,0.13419,168.2,0.9999483172779835,ATM
2023-06-30,2023-10-31,CALL,123.0,4450.23,4460.0,158.0,161.4,18.0,0.13138,159.7,1.0021953921482711,ATM
2023-06-30,2023-10-31,CALL,123.0,4450.23,4470.0,150.2,158.7,19.0,0.13195,154.45,1.0044424670185588,ATM
2023-06-30,2023-10-31,CALL,123.0,4450.23,4475.0,150.3,151.3,2.0,0.13034,150.8,1.0055660044537025,ATM
2023-06-30,2023-10-31,CALL,123.0,4450.23,4480.0,147.4,148.2,17.0,0.12956,147.8,1.0066895418888462,ATM
2023-06-30,2023-10-31,CALL,123.0,4450.23,4490.0,138.5,145.5,1.0,0.12906,142.0,1.0089366167591338,ATM
2023-06-30,2023-10-31,CALL,123.0,4450.23,4500.0,132.3,135.5,3.0,0.12658,133.9,1.0111836916294215,OTM
2023-06-30,2023-10-31,CALL,123.0,4450.23,4510.0,128.2,129.2,10.0,0.12624,128.7,1.013430766499709,OTM
2023-06-30,2023-10-31,CALL,123.0,4450.23,4520.0,122.4,126.8,1.0,0.12621,124.6,1.0156778413699967,OTM
2023-06-30,2023-10-31,CALL,123.0,4450.23,4525.0,117.3,120.4,1.0,0.123,118.85,1.0168013788051404,OTM
2023-06-30,2023-10-31,CALL,123.0,4450.23,4530.0,116.1,117.3,60.0,0.12307,116.69999999999999,1.0179249162402844,OTM
2023-06-30,2023-10-31,CALL,123.0,4450.23,4540.0,111.0,111.8,1.0,0.12181,111.4,1.020171991110572,OTM
2023-06-30,2023-10-31,CALL,123.0,4450.23,4550.0,105.3,106.2,3.0,0.12091,105.75,1.0224190659808594,OTM
2023-06-30,2023-10-31,CALL,123.0,4450.23,4560.0,99.8,100.7,1.0,0.12,100.25,1.024666140851147,OTM
2023-06-30,2023-10-31,CALL,123.0,4450.23,4570.0,92.8,98.6,1.0,0.11904,95.69999999999999,1.0269132157214347,OTM
2023-06-30,2023-10-31,CALL,123.0,4450.23,4575.0,90.3,93.1,124.0,0.11694,91.69999999999999,1.0280367531565786,OTM
2023-06-30,2023-10-31,CALL,123.0,4450.23,4580.0,89.8,90.6,17.0,0.1178,90.19999999999999,1.0291602905917223,OTM
2023-06-30,2023-10-31,CALL,123.0,4450.23,4590.0,84.4,85.6,1.0,0.11643,85.0,1.03140736546201,OTM
2023-06-30,2023-10-31,CALL,123.0,4450.23,4600.0,79.6,80.7,20.0,0.11562,80.15,1.0336544403322976,OTM
2023-06-30,2023-10-31,CALL,123.0,4450.23,4610.0,75.5,76.4,4.0,0.11428,75.95,1.0359015152025852,OTM
2023-06-30,2023-10-31,CALL,123.0,4450.23,4620.0,71.4,72.1,1.0,0.11398,71.75,1.0381485900728726,OTM
2023-06-30,2023-10-31,CALL,123.0,4450.23,4625.0,69.0,69.9,10.0,0.11359,69.45,1.0392721275080166,OTM
2023-06-30,2023-10-31,CALL,123.0,4450.23,4630.0,67.2,67.9,1.0,0.11267,67.55000000000001,1.0403956649431603,OTM
2023-06-30,2023-10-31,CALL,123.0,4450.23,4640.0,62.8,63.8,1.0,0.11229,63.3,1.042642739813448,OTM
2023-06-30,2023-10-31,CALL,123.0,4450.23,4650.0,58.9,60.0,1.0,0.11146,59.45,1.0448898146837355,OTM
2023-06-30,2023-10-31,CALL,123.0,4450.23,4660.0,54.3,58.5,16.0,0.11057,56.4,1.0471368895540232,OTM
2023-06-30,2023-10-31,CALL,123.0,4450.23,4675.0,50.4,51.2,4.0,0.10978,50.8,1.0505075018594545,OTM
2023-06-30,2023-10-31,CALL,123.0,4450.23,4680.0,48.8,49.6,1.0,0.10852,49.2,1.0516310392945984,OTM
2023-06-30,2023-10-31,CALL,123.0,4450.23,4700.0,42.5,45.3,4.0,0.10882,43.9,1.0561251890351735,OTM
2023-06-30,2023-10-31,CALL,123.0,4450.23,4725.0,36.1,36.8,4.0,0.1069,36.45,1.0617428762108925,OTM
2023-06-30,2023-10-31,CALL,123.0,4450.23,4750.0,30.4,31.2,15.0,0.10577,30.799999999999997,1.0673605633866117,OTM
2023-06-30,2023-10-31,CALL,123.0,4450.23,4775.0,24.6,26.2,9.0,0.104,25.4,1.0729782505623306,OTM
2023-06-30,2023-10-31,CALL,123.0,4450.23,4800.0,20.5,22.0,6.0,0.10358,21.25,1.0785959377380496,OTM
2023-06-30,2023-10-31,CALL,123.0,4450.23,4825.0,17.6,18.5,2.0,0.10385,18.05,1.0842136249137686,OTM
2023-06-30,2023-10-31,CALL,123.0,4450.23,4850.0,14.7,15.4,8.0,0.10316,15.05,1.0898313120894876,OTM
2023-06-30,2023-10-31,CALL,123.0,4450.23,4900.0,10.1,10.7,35.0,0.10283,10.399999999999999,1.1010666864409255,OTM
2023-06-30,2023-10-31,CALL,123.0,4450.23,4950.0,6.8,7.3,84.0,0.10279,7.05,1.1123020607923637,OTM
2023-06-30,2023-10-31,CALL,123.0,4450.23,5000.0,4.7,5.1,2.0,0.10378,4.9,1.1235374351438017,OTM
2023-06-30,2023-10-31,CALL,123.0,4450.23,5050.0,3.2,3.5,1.0,0.10385,3.35,1.1347728094952396,OTM
2023-06-30,2023-10-31,CALL,123.0,4450.23,5100.0,2.2,2.5,2.0,0.10496,2.35,1.1460081838466778,OTM
2023-06-30,2023-10-31,CALL,123.0,4450.23,5200.0,1.1,1.35,10.0,0.10859,1.225,1.1684789325495537,OTM
2023-06-30,2023-11-17,CALL,140.04,4450.23,3575.0,938.3,957.6,3.0,0.2685,947.95,0.8033292661278182,ITM
2023-06-30,2023-11-17,CALL,140.04,4450.23,3600.0,914.4,933.9,4.0,0.26427,924.15,0.8089469533035372,ITM
2023-06-30,2023-11-17,CALL,140.04,4450.23,3625.0,896.1,901.7,40.0,0.25582,898.9000000000001,0.8145646404792563,ITM
2023-06-30,2023-11-17,CALL,140.04,4450.23,3630.0,886.2,905.6,1.0,0.25951,895.9000000000001,0.8156881779144,ITM
2023-06-30,2023-11-17,CALL,140.04,4450.23,3650.0,867.8,886.7,3.0,0.25689,877.25,0.8201823276549752,ITM
2023-06-30,2023-11-17,CALL,140.04,4450.23,3670.0,851.4,866.5,16.0,0.25517,858.95,0.8246764773955504,ITM
2023-06-30,2023-11-17,CALL,140.04,4450.23,3675.0,843.6,863.1,2.0,0.25251,853.35,0.8258000148306942,ITM
2023-06-30,2023-11-17,CALL,140.04,4450.23,3680.0,839.2,858.4,14.0,0.25194,848.8,0.826923552265838,ITM
2023-06-30,2023-11-17,CALL,140.04,4450.23,3690.0,829.8,849.0,1.0,0.25005,839.4,0.8291706271361257,ITM
2023-06-30,2023-11-17,CALL,140.04,4450.23,3700.0,825.6,831.1,2.0,0.24511,828.35,0.8314177020064132,ITM
2023-06-30,2023-11-17,CALL,140.04,4450.23,3710.0,811.0,830.3,1.0,0.24709,820.65,0.8336647768767008,ITM
2023-06-30,2023-11-17,CALL,140.04,4450.23,3725.0,797.0,816.2,10.0,0.24495,806.6,0.8370353891821323,ITM
2023-06-30,2023-11-17,CALL,140.04,4450.23,3730.0,797.9,803.4,1.0,0.24139,800.65,0.8381589266172761,ITM
2023-06-30,2023-11-17,CALL,140.04,4450.23,3750.0,773.8,792.9,1.0,0.24146,783.3499999999999,0.8426530763578512,ITM
2023-06-30,2023-11-17,CALL,140.04,4450.23,3775.0,750.5,769.6,2.0,0.23725,760.05,0.8482707635335702,ITM
2023-06-30,2023-11-17,CALL,140.04,4450.23,3800.0,728.3,746.3,1.0,0.23456,737.3,0.8538884507092893,ITM
2023-06-30,2023-11-17,CALL,140.04,4450.23,3825.0,704.2,723.2,7.0,0.22985,713.7,0.8595061378850083,ITM
2023-06-30,2023-11-17,CALL,140.04,4450.23,3850.0,682.1,700.1,1.0,0.22722,691.1,0.8651238250607273,ITM
2023-06-30,2023-11-17,CALL,140.04,4450.23,3875.0,659.2,677.1,1.0,0.22278,668.1500000000001,0.8707415122364462,ITM
2023-06-30,2023-11-17,CALL,140.04,4450.23,3880.0,658.6,664.0,15.0,0.21827,661.3,0.8718650496715901,ITM
2023-06-30,2023-11-17,CALL,140.04,4450.23,3890.0,647.3,663.3,1.0,0.2228,655.3,0.8741121245418777,ITM
2023-06-30,2023-11-17,CALL,140.04,4450.23,3900.0,636.7,654.2,2.0,0.21996,645.45,0.8763591994121653,ITM
2023-06-30,2023-11-17,CALL,140.04,4450.23,3925.0,617.6,622.9,28.0,0.21225,620.25,0.8819768865878843,ITM
2023-06-30,2023-11-17,CALL,140.04,4450.23,3930.0,609.5,626.8,2.0,0.21543,618.15,0.8831004240230281,ITM
2023-06-30,2023-11-17,CALL,140.04,4450.23,3950.0,591.6,604.9,1.0,0.20883,598.25,0.8875945737636033,ITM
2023-06-30,2023-11-17,CALL,140.04,4450.23,3960.0,582.8,595.4,3.0,0.20739,589.0999999999999,0.8898416486338909,ITM
2023-06-30,2023-11-17,CALL,140.04,4450.23,3970.0,573.8,586.2,6.0,0.20573,580.0,0.8920887235041786,ITM
2023-06-30,2023-11-17,CALL,140.04,4450.23,3975.0,569.3,582.0,1.0,0.20556,575.65,0.8932122609393224,ITM
2023-06-30,2023-11-17,CALL,140.04,4450.23,3980.0,567.9,573.2,2.0,0.20422,570.55,0.8943357983744661,ITM
2023-06-30,2023-11-17,CALL,140.04,4450.23,3990.0,556.1,568.2,22.0,0.20306,562.1500000000001,0.8965828732447537,ITM
2023-06-30,2023-11-17,CALL,140.04,4450.23,4000.0,547.0,559.2,2.0,0.20143,553.1,0.8988299481150414,ITM
2023-06-30,2023-11-17,CALL,140.04,4450.23,4010.0,538.9,551.4,1.0,0.20175,545.15,0.901077022985329,ITM
2023-06-30,2023-11-17,CALL,140.04,4450.23,4020.0,529.3,545.6,56.0,0.20231,537.45,0.9033240978556165,ITM
2023-06-30,2023-11-17,CALL,140.04,4450.23,4025.0,524.9,536.1,1.0,0.19807,530.5,0.9044476352907603,ITM
2023-06-30,2023-11-17,CALL,140.04,4450.23,4030.0,520.3,531.8,1.0,0.19729,526.05,0.9055711727259041,ITM
2023-06-30,2023-11-17,CALL,140.04,4450.23,4040.0,511.6,527.8,1.0,0.19933,519.7,0.9078182475961918,ITM
2023-06-30,2023-11-17,CALL,140.04,4450.23,4050.0,505.4,510.7,2.0,0.19339,508.04999999999995,0.9100653224664793,ITM
2023-06-30,2023-11-17,CALL,140.04,4450.23,4060.0,494.6,504.9,1.0,0.19349,499.75,0.912312397336767,ITM
2023-06-30,2023-11-17,CALL,140.04,4450.23,4070.0,485.5,495.9,1.0,0.19182,490.7,0.9145594722070546,ITM
2023-06-30,2023-11-17,CALL,140.04,4450.23,4075.0,480.8,491.4,10.0,0.19038,486.1,0.9156830096421984,ITM
2023-06-30,2023-11-17,CALL,140.04,4450.23,4080.0,476.7,486.9,1.0,0.18992,481.79999999999995,0.9168065470773421,ITM
2023-06-30,2023-11-17,CALL,140.04,4450.23,4090.0,467.9,478.0,5.0,0.18861,472.95,0.9190536219476297,ITM
2023-06-30,2023-11-17,CALL,140.04,4450.23,4100.0,459.2,469.1,1.0,0.18644,464.15,0.9213006968179174,ITM
2023-06-30,2023-11-17,CALL,140.04,4450.23,4110.0,450.4,460.3,29.0,0.18471,455.35,0.923547771688205,ITM
2023-06-30,2023-11-17,CALL,140.04,4450.23,4120.0,444.2,449.3,18.0,0.18362,446.75,0.9257948465584925,ITM
2023-06-30,2023-11-17,CALL,140.04,4450.23,4125.0,437.8,448.2,3.0,0.18353,443.0,0.9269183839936364,ITM
2023-06-30,2023-11-17,CALL,140.04,4450.23,4130.0,433.4,442.8,6.0,0.18287,438.1,0.9280419214287802,ITM
2023-06-30,2023-11-17,CALL,140.04,4450.23,4140.0,424.8,434.0,39.0,0.18082,429.4,0.9302889962990678,ITM
2023-06-30,2023-11-17,CALL,140.04,4450.23,4150.0,416.5,425.4,1.0,0.17947,420.95,0.9325360711693553,ITM
2023-06-30,2023-11-17,CALL,140.04,4450.23,4160.0,408.0,416.8,1.0,0.17787,412.4,0.934783146039643,ITM
2023-06-30,2023-11-17,CALL,140.04,4450.23,4170.0,396.2,414.2,1.0,0.17813,405.2,0.9370302209099306,ITM
2023-06-30,2023-11-17,CALL,140.04,4450.23,4175.0,395.4,403.8,3.0,0.17593,399.6,0.9381537583450744,ITM
2023-06-30,2023-11-17,CALL,140.04,4450.23,4180.0,391.1,399.5,2.0,0.17559,395.3,0.9392772957802182,ITM
2023-06-30,2023-11-17,CALL,140.04,4450.23,4190.0,382.8,391.0,33.0,0.17355,386.9,0.9415243706505058,ITM
2023-06-30,2023-11-17,CALL,140.04,4450.23,4200.0,370.9,388.7,25.0,0.17403,379.79999999999995,0.9437714455207934,ITM
2023-06-30,2023-11-17,CALL,140.04,4450.23,4210.0,362.5,380.2,5.0,0.1728,371.35,0.946018520391081,ITM
2023-06-30,2023-11-17,CALL,140.04,4450.23,4220.0,360.4,363.1,1.0,0.16998,361.75,0.9482655952613686,ITM
2023-06-30,2023-11-17,CALL,140.04,4450.23,4225.0,350.1,367.7,3.0,0.17033,358.9,0.9493891326965124,ITM
2023-06-30,2023-11-17,CALL,140.04,4450.23,4230.0,352.1,354.8,1.0,0.16788,353.45000000000005,0.9505126701316562,ITM
2023-06-30,2023-11-17,CALL,140.04,4450.23,4240.0,337.7,355.2,1.0,0.1677,346.45,0.9527597450019438,ITM
2023-06-30,2023-11-17,CALL,140.04,4450.23,4250.0,335.6,338.2,3.0,0.16567,336.9,0.9550068198722315,ITM
2023-06-30,2023-11-17,CALL,140.04,4450.23,4260.0,327.4,338.7,1.0,0.16842,333.04999999999995,0.957253894742519,ITM
2023-06-30,2023-11-17,CALL,140.04,4450.23,4270.0,313.3,321.9,1.0,0.15908,317.6,0.9595009696128066,ITM
2023-06-30,2023-11-17,CALL,140.04,4450.23,4275.0,315.3,318.0,1.0,0.16159,316.65,0.9606245070479504,ITM
2023-06-30,2023-11-17,CALL,140.04,4450.23,4280.0,305.3,322.4,1.0,0.16215,313.85,0.9617480444830943,ITM
2023-06-30,2023-11-17,CALL,140.04,4450.23,4290.0,303.2,314.3,2.0,0.16439,308.75,0.9639951193533818,ITM
2023-06-30,2023-11-17,CALL,140.04,4450.23,4300.0,289.4,306.2,4.0,0.15988,297.79999999999995,0.9662421942236694,ITM
2023-06-30,2023-11-17,CALL,140.04,4450.23,4310.0,281.5,298.2,8.0,0.15823,289.85,0.968489269093957,ITM
2023-06-30,2023-11-17,CALL,140.04,4450.23,4320.0,279.4,290.3,1.0,0.15911,284.85,0.9707363439642447,ITM
2023-06-30,2023-11-17,CALL,140.04,4450.23,4325.0,269.9,286.4,2.0,0.15601,278.15,0.9718598813993884,ITM
2023-06-30,2023-11-17,CALL,140.04,4450.23,4330.0,266.0,282.4,1.0,0.15497,274.2,0.9729834188345322,ITM
2023-06-30,2023-11-17,CALL,140.04,4450.23,4340.0,258.3,274.6,1.0,0.15366,266.45000000000005,0.9752304937048198,ITM
2023-06-30,2023-11-17,CALL,140.04,4450.23,4350.0,250.7,266.9,3.0,0.1524,258.79999999999995,0.9774775685751075,ITM
2023-06-30,2023-11-17,CALL,140.04,4450.23,4360.0,243.1,259.2,1.0,0.15067,251.14999999999998,0.979724643445395,ITM
2023-06-30,2023-11-17,CALL,140.04,4450.23,4370.0,241.3,243.6,1.0,0.14877,242.45,0.9819717183156826,ITM
2023-06-30,2023-11-17,CALL,140.04,4450.23,4375.0,237.5,239.9,7.0,0.14788,238.7,0.9830952557508265,ITM
2023-06-30,2023-11-17,CALL,140.04,4450.23,4380.0,233.6,236.1,1.0,0.14679,234.85,0.9842187931859703,ITM
2023-06-30,2023-11-17,CALL,140.04,4450.23,4390.0,226.2,228.7,1.0,0.14579,227.45,0.9864658680562579,ITM
2023-06-30,2023-11-17,CALL,140.04,4450.23,4400.0,219.1,221.7,8.0,0.14398,220.39999999999998,0.9887129429265454,ITM
2023-06-30,2023-11-17,CALL,140.04,4450.23,4410.0,210.1,216.2,1.0,0.14267,213.14999999999998,0.9909600177968331,ATM
2023-06-30,2023-11-17,CALL,140.04,4450.23,4420.0,201.4,213.6,1.0,0.14356,207.5,0.9932070926671207,ATM
2023-06-30,2023-11-17,CALL,140.04,4450.23,4425.0,200.9,203.4,2.0,0.1409,202.15,0.9943306301022645,ATM
2023-06-30,2023-11-17,CALL,140.04,4450.23,4430.0,197.4,199.9,1.0,0.13999,198.65,0.9954541675374082,ATM
2023-06-30,2023-11-17,CALL,140.04,4450.23,4440.0,190.4,192.9,18.0,0.13851,191.65,0.9977012424076959,ATM
2023-06-30,2023-11-17,CALL,140.04,4450.23,4450.0,183.7,186.1,13.0,0.13773,184.89999999999998,0.9999483172779835,ATM
2023-06-30,2023-11-17,CALL,140.04,4450.23,4460.0,177.0,179.3,1.0,0.13655,178.15,1.0021953921482711,ATM
2023-06-30,2023-11-17,CALL,140.04,4450.23,4470.0,168.7,174.3,3.0,0.13464,171.5,1.0044424670185588,ATM
2023-06-30,2023-11-17,CALL,140.04,4450.23,4475.0,167.2,169.7,1.0,0.13433,168.45,1.0055660044537025,ATM
2023-06-30,2023-11-17,CALL,140.04,4450.23,4480.0,158.9,172.7,2.0,0.13439,165.8,1.0066895418888462,ATM
2023-06-30,2023-11-17,CALL,140.04,4450.23,4490.0,155.7,161.2,1.0,0.13249,158.45,1.0089366167591338,ATM
2023-06-30,2023-11-17,CALL,140.04,4450.23,4500.0,146.3,153.0,63.0,0.12901,149.65,1.0111836916294215,OTM
2023-06-30,2023-11-17,CALL,140.04,4450.23,4510.0,143.3,148.5,1.0,0.13042,145.9,1.013430766499709,OTM
2023-06-30,2023-11-17,CALL,140.04,4450.23,4520.0,137.2,142.4,71.0,0.12863,139.8,1.0156778413699967,OTM
2023-06-30,2023-11-17,CALL,140.04,4450.23,4525.0,133.4,143.9,9.0,0.12982,138.65,1.0168013788051404,OTM
2023-06-30,2023-11-17,CALL,140.04,4450.23,4530.0,131.2,136.4,6.0,0.12769,133.8,1.0179249162402844,OTM
2023-06-30,2023-11-17,CALL,140.04,4450.23,4540.0,124.7,128.9,55.0,0.12542,126.80000000000001,1.020171991110572,OTM
2023-06-30,2023-11-17,CALL,140.04,4450.23,4550.0,119.1,123.2,43.0,0.12393,121.15,1.0224190659808594,OTM
2023-06-30,2023-11-17,CALL,140.04,4450.23,4560.0,112.0,117.1,1.0,0.12257,114.55,1.024666140851147,OTM
2023-06-30,2023-11-17,CALL,140.04,4450.23,4570.0,108.9,113.4,20.0,0.12294,111.15,1.0269132157214347,OTM
2023-06-30,2023-11-17,CALL,140.04,4450.23,4575.0,107.6,111.4,20.0,0.12341,109.5,1.0280367531565786,OTM
2023-06-30,2023-11-17,CALL,140.04,4450.23,4580.0,105.0,108.1,48.0,0.12286,106.55,1.0291602905917223,OTM
2023-06-30,2023-11-17,CALL,140.04,4450.23,4590.0,100.1,101.4,1.0,0.12024,100.75,1.03140736546201,OTM
2023-06-30,2023-11-17,CALL,140.04,4450.23,4600.0,93.2,96.8,23.0,0.11886,95.0,1.0336544403322976,OTM
2023-06-30,2023-11-17,CALL,140.04,4450.23,4610.0,88.5,96.0,2.0,0.12014,92.25,1.0359015152025852,OTM
2023-06-30,2023-11-17,CALL,140.04,4450.23,4620.0,84.0,91.7,77.0,0.11936,87.85,1.0381485900728726,OTM
2023-06-30,2023-11-17,CALL,140.04,4450.23,4625.0,83.3,85.1,41.0,0.1172,84.19999999999999,1.0392721275080166,OTM
2023-06-30,2023-11-17,CALL,140.04,4450.23,4630.0,79.6,84.5,5.0,0.11757,82.05,1.0403956649431603,OTM
2023-06-30,2023-11-17,CALL,140.04,4450.23,4640.0,75.3,82.5,34.0,0.11718,78.9,1.042642739813448,OTM
2023-06-30,2023-11-17,CALL,140.04,4450.23,4650.0,72.8,74.4,1.0,0.11494,73.6,1.0448898146837355,OTM
2023-06-30,2023-11-17,CALL,140.04,4450.23,4660.0,67.3,74.2,1.0,0.11557,70.75,1.0471368895540232,OTM
2023-06-30,2023-11-17,CALL,140.04,4450.23,4670.0,63.6,70.1,15.0,0.11471,66.85,1.0493839644243108,OTM
2023-06-30,2023-11-17,CALL,140.04,4450.23,4675.0,63.1,64.3,5.0,0.1131,63.7,1.0505075018594545,OTM
2023-06-30,2023-11-17,CALL,140.04,4450.23,4680.0,60.0,62.7,1.0,0.11278,61.35,1.0516310392945984,OTM
2023-06-30,2023-11-17,CALL,140.04,4450.23,4690.0,57.8,62.5,195.0,0.11385,60.15,1.0538781141648859,OTM
2023-06-30,2023-11-17,CALL,140.04,4450.23,4700.0,54.4,55.9,3.0,0.11171,55.15,1.0561251890351735,OTM
2023-06-30,2023-11-17,CALL,140.04,4450.23,4710.0,51.2,55.6,4.0,0.11294,53.400000000000006,1.0583722639054611,OTM
2023-06-30,2023-11-17,CALL,140.04,4450.23,4720.0,48.2,49.4,2.0,0.11026,48.8,1.0606193387757488,OTM
2023-06-30,2023-11-17,CALL,140.04,4450.23,4725.0,46.8,47.9,5.0,0.10993,47.349999999999994,1.0617428762108925,OTM
2023-06-30,2023-11-17,CALL,140.04,4450.23,4740.0,41.7,43.7,1.0,0.10845,42.7,1.065113488516324,OTM
2023-06-30,2023-11-17,CALL,140.04,4450.23,4750.0,39.4,42.1,65.0,0.10861,40.75,1.0673605633866117,OTM
2023-06-30,2023-11-17,CALL,140.04,4450.23,4775.0,34.1,35.2,228.0,0.10737,34.650000000000006,1.0729782505623306,OTM
2023-06-30,2023-11-17,CALL,140.04,4450.23,4800.0,29.1,29.9,6.0,0.10699,29.5,1.0785959377380496,OTM
2023-06-30,2023-11-17,CALL,140.04,4450.23,4825.0,24.5,25.6,37.0,0.10643,25.05,1.0842136249137686,OTM
2023-06-30,2023-11-17,CALL,140.04,4450.23,4850.0,20.9,21.7,6.0,0.10551,21.299999999999997,1.0898313120894876,OTM
2023-06-30,2023-11-17,CALL,140.04,4450.23,4875.0,17.1,18.5,2.0,0.10464,17.8,1.0954489992652066,OTM
2023-06-30,2023-11-17,CALL,140.04,4450.23,4900.0,14.7,15.6,1.0,0.10448,15.149999999999999,1.1010666864409255,OTM
2023-06-30,2023-11-17,CALL,140.04,4450.23,4925.0,12.6,13.0,74.0,0.1045,12.8,1.1066843736166447,OTM
2023-06-30,2023-11-17,CALL,140.04,4450.23,4950.0,10.5,10.9,21.0,0.10434,10.7,1.1123020607923637,OTM
2023-06-30,2023-11-17,CALL,140.04,4450.23,4975.0,8.8,9.2,278.0,0.10475,9.0,1.1179197479680827,OTM
2023-06-30,2023-11-17,CALL,140.04,4450.23,5000.0,7.4,7.8,50.0,0.105,7.6,1.1235374351438017,OTM
2023-06-30,2023-11-17,CALL,140.04,4450.23,5050.0,5.2,5.5,374.0,0.10512,5.35,1.1347728094952396,OTM
2023-06-30,2023-11-17,CALL,140.04,4450.23,5100.0,3.6,4.0,5.0,0.10512,3.8,1.1460081838466778,OTM
2023-06-30,2023-11-17,CALL,140.04,4450.23,5200.0,1.9,2.1,1.0,0.10797,2.0,1.1684789325495537,OTM
2023-06-30,2023-11-17,CALL,140.04,4450.23,5300.0,1.05,1.25,4.0,0.1114,1.15,1.1909496812524298,OTM
2023-06-30,2023-11-30,CALL,153.04,4450.23,3575.0,950.4,958.0,7.0,0.26256,954.2,0.8033292661278182,ITM
2023-06-30,2023-11-30,CALL,153.04,4450.23,3675.0,859.5,864.2,1.0,0.25108,861.85,0.8258000148306942,ITM
2023-06-30,2023-11-30,CALL,153.04,4450.23,3730.0,804.4,814.4,2.0,0.24039,809.4,0.8381589266172761,ITM
2023-06-30,2023-11-30,CALL,153.04,4450.23,3740.0,795.1,805.1,7.0,0.23878,800.1,0.8404060014875636,ITM
2023-06-30,2023-11-30,CALL,153.04,4450.23,3750.0,786.7,794.2,42.0,0.23661,790.45,0.8426530763578512,ITM
2023-06-30,2023-11-30,CALL,153.04,4450.23,3760.0,776.6,786.5,10.0,0.23563,781.55,0.8449001512281389,ITM
2023-06-30,2023-11-30,CALL,153.04,4450.23,3770.0,767.3,777.3,9.0,0.23465,772.3,0.8471472260984264,ITM
2023-06-30,2023-11-30,CALL,153.04,4450.23,3780.0,756.4,768.1,2.0,0.23134,762.25,0.849394300968714,ITM
2023-06-30,2023-11-30,CALL,153.04,4450.23,3800.0,738.0,749.6,1.0,0.22833,743.8,0.8538884507092893,ITM
2023-06-30,2023-11-30,CALL,153.04,4450.23,3810.0,728.8,740.4,14.0,0.22755,734.5999999999999,0.8561355255795768,ITM
2023-06-30,2023-11-30,CALL,153.04,4450.23,3820.0,719.6,731.2,2.0,0.22539,725.4000000000001,0.8583826004498645,ITM
2023-06-30,2023-11-30,CALL,153.04,4450.23,3830.0,712.1,722.0,5.0,0.22523,717.05,0.8606296753201521,ITM
2023-06-30,2023-11-30,CALL,153.04,4450.23,3840.0,702.9,712.8,9.0,0.22454,707.8499999999999,0.8628767501904396,ITM
2023-06-30,2023-11-30,CALL,153.04,4450.23,3850.0,692.2,703.7,3.0,0.22152,697.95,0.8651238250607273,ITM
2023-06-30,2023-11-30,CALL,153.04,4450.23,3890.0,657.3,667.2,2.0,0.21689,662.25,0.8741121245418777,ITM
2023-06-30,2023-11-30,CALL,153.04,4450.23,3900.0,648.3,658.1,2.0,0.21552,653.2,0.8763591994121653,ITM
2023-06-30,2023-11-30,CALL,153.04,4450.23,3910.0,639.2,649.1,1.0,0.21467,644.1500000000001,0.8786062742824529,ITM
2023-06-30,2023-11-30,CALL,153.04,4450.23,3925.0,626.5,633.8,1.0,0.21142,630.15,0.8819768865878843,ITM
2023-06-30,2023-11-30,CALL,153.04,4450.23,3930.0,621.1,631.0,1.0,0.21112,626.05,0.8831004240230281,ITM
2023-06-30,2023-11-30,CALL,153.04,4450.23,3940.0,615.0,619.5,3.0,0.2106,617.25,0.8853474988933158,ITM
2023-06-30,2023-11-30,CALL,153.04,4450.23,3970.0,585.2,595.1,2.0,0.20649,590.1500000000001,0.8920887235041786,ITM
2023-06-30,2023-11-30,CALL,153.04,4450.23,3980.0,576.3,586.1,12.0,0.20425,581.2,0.8943357983744661,ITM
2023-06-30,2023-11-30,CALL,153.04,4450.23,4000.0,558.5,568.3,1.0,0.20155,563.4,0.8988299481150414,ITM
2023-06-30,2023-11-30,CALL,153.04,4450.23,4020.0,540.7,550.5,2.0,0.19903,545.6,0.9033240978556165,ITM
2023-06-30,2023-11-30,CALL,153.04,4450.23,4070.0,496.8,506.5,1.0,0.19145,501.65,0.9145594722070546,ITM
2023-06-30,2023-11-30,CALL,153.04,4450.23,4075.0,495.3,499.6,2.0,0.19138,497.45000000000005,0.9156830096421984,ITM
2023-06-30,2023-11-30,CALL,153.04,4450.23,4080.0,489.0,496.1,10.0,0.19015,492.55,0.9168065470773421,ITM
2023-06-30,2023-11-30,CALL,153.04,4450.23,4090.0,479.4,489.1,1.0,0.18917,484.25,0.9190536219476297,ITM
2023-06-30,2023-11-30,CALL,153.04,4450.23,4100.0,471.6,478.7,1.0,0.18757,475.15,0.9213006968179174,ITM
2023-06-30,2023-11-30,CALL,153.04,4450.23,4120.0,454.4,461.5,2.0,0.18402,457.95,0.9257948465584925,ITM
2023-06-30,2023-11-30,CALL,153.04,4450.23,4125.0,447.7,458.9,1.0,0.18365,453.29999999999995,0.9269183839936364,ITM
2023-06-30,2023-11-30,CALL,153.04,4450.23,4130.0,443.5,454.6,8.0,0.18318,449.05,0.9280419214287802,ITM
2023-06-30,2023-11-30,CALL,153.04,4450.23,4150.0,426.4,437.4,3.0,0.17972,431.9,0.9325360711693553,ITM
2023-06-30,2023-11-30,CALL,153.04,4450.23,4170.0,411.8,418.8,1.0,0.17737,415.3,0.9370302209099306,ITM
2023-06-30,2023-11-30,CALL,153.04,4450.23,4180.0,402.5,412.0,1.0,0.17627,407.25,0.9392772957802182,ITM
2023-06-30,2023-11-30,CALL,153.04,4450.23,4190.0,394.1,403.5,3.0,0.17513,398.8,0.9415243706505058,ITM
2023-06-30,2023-11-30,CALL,153.04,4450.23,4200.0,385.8,395.2,3.0,0.17427,390.5,0.9437714455207934,ITM
2023-06-30,2023-11-30,CALL,153.04,4450.23,4210.0,377.5,386.8,1.0,0.17239,382.15,0.946018520391081,ITM
2023-06-30,2023-11-30,CALL,153.04,4450.23,4220.0,370.1,376.9,2.0,0.17073,373.5,0.9482655952613686,ITM
2023-06-30,2023-11-30,CALL,153.04,4450.23,4225.0,363.6,374.4,2.0,0.16977,369.0,0.9493891326965124,ITM
2023-06-30,2023-11-30,CALL,153.04,4450.23,4230.0,361.0,370.3,2.0,0.16957,365.65,0.9505126701316562,ITM
2023-06-30,2023-11-30,CALL,153.04,4450.23,4240.0,353.6,360.4,1.0,0.16794,357.0,0.9527597450019438,ITM
2023-06-30,2023-11-30,CALL,153.04,4450.23,4250.0,347.4,351.4,5.0,0.16722,349.4,0.9550068198722315,ITM
2023-06-30,2023-11-30,CALL,153.04,4450.23,4260.0,337.4,344.1,17.0,0.16555,340.75,0.957253894742519,ITM
2023-06-30,2023-11-30,CALL,153.04,4450.23,4270.0,328.5,337.6,8.0,0.1638,333.05,0.9595009696128066,ITM
2023-06-30,2023-11-30,CALL,153.04,4450.23,4275.0,323.1,333.6,12.0,0.16265,328.35,0.9606245070479504,ITM
2023-06-30,2023-11-30,CALL,153.04,4450.23,4280.0,320.5,329.6,5.0,0.16308,325.05,0.9617480444830943,ITM
2023-06-30,2023-11-30,CALL,153.04,4450.23,4290.0,312.5,321.6,5.0,0.16164,317.05,0.9639951193533818,ITM
2023-06-30,2023-11-30,CALL,153.04,4450.23,4300.0,305.4,312.1,2.0,0.15933,308.75,0.9662421942236694,ITM
2023-06-30,2023-11-30,CALL,153.04,4450.23,4310.0,296.9,300.9,33.0,0.1562,298.9,0.968489269093957,ITM
2023-06-30,2023-11-30,CALL,153.04,4450.23,4320.0,291.6,292.9,2.0,0.15653,292.25,0.9707363439642447,ITM
2023-06-30,2023-11-30,CALL,153.04,4450.23,4325.0,285.2,294.0,2.0,0.15622,289.6,0.9718598813993884,ITM
2023-06-30,2023-11-30,CALL,153.04,4450.23,4330.0,279.9,290.1,2.0,0.15484,285.0,0.9729834188345322,ITM
2023-06-30,2023-11-30,CALL,153.04,4450.23,4340.0,272.2,282.4,6.0,0.15344,277.29999999999995,0.9752304937048198,ITM
2023-06-30,2023-11-30,CALL,153.04,4450.23,4350.0,264.6,274.7,4.0,0.15212,269.65,0.9774775685751075,ITM
2023-06-30,2023-11-30,CALL,153.04,4450.23,4360.0,261.1,267.1,2.0,0.15318,264.1,0.979724643445395,ITM
2023-06-30,2023-11-30,CALL,153.04,4450.23,4370.0,251.0,259.5,11.0,0.15072,255.25,0.9819717183156826,ITM
2023-06-30,2023-11-30,CALL,153.04,4450.23,4375.0,245.9,255.8,1.0,0.14898,250.85000000000002,0.9830952557508265,ITM
2023-06-30,2023-11-30,CALL,153.04,4450.23,4380.0,246.2,252.1,4.0,0.15053,249.14999999999998,0.9842187931859703,ITM
2023-06-30,2023-11-30,CALL,153.04,4450.23,4400.0,231.3,232.6,1.0,0.14553,231.95,0.9887129429265454,ITM
2023-06-30,2023-11-30,CALL,153.04,4450.23,4410.0,220.4,230.0,6.0,0.1443,225.2,0.9909600177968331,ATM
2023-06-30,2023-11-30,CALL,153.04,4450.23,4420.0,214.6,222.8,1.0,0.14404,218.7,0.9932070926671207,ATM
2023-06-30,2023-11-30,CALL,153.04,4450.23,4425.0,213.7,214.8,6.0,0.14234,214.25,0.9943306301022645,ATM
2023-06-30,2023-11-30,CALL,153.04,4450.23,4430.0,207.5,215.7,15.0,0.14306,211.6,0.9954541675374082,ATM
2023-06-30,2023-11-30,CALL,153.04,4450.23,4450.0,193.7,201.6,9.0,0.14024,197.64999999999998,0.9999483172779835,ATM
2023-06-30,2023-11-30,CALL,153.04,4450.23,4475.0,176.4,184.6,9.0,0.13674,180.5,1.0055660044537025,ATM
2023-06-30,2023-11-30,CALL,153.04,4450.23,4500.0,160.1,168.2,10.0,0.13338,164.14999999999998,1.0111836916294215,OTM
2023-06-30,2023-11-30,CALL,153.04,4450.23,4525.0,147.8,148.9,15.0,0.13043,148.35000000000002,1.0168013788051404,OTM
2023-06-30,2023-11-30,CALL,153.04,4450.23,4550.0,133.2,134.4,1.0,0.12725,133.8,1.0224190659808594,OTM
2023-06-30,2023-11-30,CALL,153.04,4450.23,4600.0,105.6,107.0,14.0,0.12181,106.3,1.0336544403322976,OTM
2023-06-30,2023-11-30,CALL,153.04,4450.23,4650.0,82.4,83.6,3.0,0.11748,83.0,1.0448898146837355,OTM
2023-06-30,2023-11-30,CALL,153.04,4450.23,4700.0,62.9,64.1,1.0,0.11353,63.5,1.0561251890351735,OTM
2023-06-30,2023-11-30,CALL,153.04,4450.23,4800.0,34.9,35.9,1.0,0.10764,35.4,1.0785959377380496,OTM
2023-06-30,2023-11-30,CALL,153.04,4450.23,4900.0,18.6,19.3,1.0,0.1053,18.950000000000003,1.1010666864409255,OTM
2023-06-30,2023-11-30,CALL,153.04,4450.23,5000.0,9.6,10.2,2.0,0.10492,9.899999999999999,1.1235374351438017,OTM
2023-06-30,2023-11-30,CALL,153.04,4450.23,5200.0,2.55,2.9,2.0,0.10653,2.7249999999999996,1.1684789325495537,OTM
2023-06-30,2023-12-15,CALL,168.04,4450.23,3575.0,952.9,972.4,2.0,0.25744,962.65,0.8033292661278182,ITM
2023-06-30,2023-12-15,CALL,168.04,4450.23,3600.0,929.6,949.0,1.0,0.25393,939.3,0.8089469533035372,ITM
2023-06-30,2023-12-15,CALL,168.04,4450.23,3625.0,906.3,925.7,12.0,0.25067,916.0,0.8145646404792563,ITM
2023-06-30,2023-12-15,CALL,168.04,4450.23,3650.0,883.0,902.3,1.0,0.24757,892.65,0.8201823276549752,ITM
2023-06-30,2023-12-15,CALL,168.04,4450.23,3675.0,859.8,879.1,2.0,0.24385,869.45,0.8258000148306942,ITM
2023-06-30,2023-12-15,CALL,168.04,4450.23,3700.0,842.4,848.0,1.0,0.23839,845.2,0.8314177020064132,ITM
2023-06-30,2023-12-15,CALL,168.04,4450.23,3725.0,819.3,824.9,1.0,0.23499,822.0999999999999,0.8370353891821323,ITM
2023-06-30,2023-12-15,CALL,168.04,4450.23,3750.0,790.7,809.8,1.0,0.23354,800.25,0.8426530763578512,ITM
2023-06-30,2023-12-15,CALL,168.04,4450.23,3775.0,773.8,779.4,1.0,0.22912,776.5999999999999,0.8482707635335702,ITM
2023-06-30,2023-12-15,CALL,168.04,4450.23,3800.0,744.9,763.9,33.0,0.22746,754.4,0.8538884507092893,ITM
2023-06-30,2023-12-15,CALL,168.04,4450.23,3825.0,725.5,741.1,33.0,0.22671,733.3,0.8595061378850083,ITM
2023-06-30,2023-12-15,CALL,168.04,4450.23,3850.0,700.3,718.4,18.0,0.22098,709.3499999999999,0.8651238250607273,ITM
2023-06-30,2023-12-15,CALL,168.04,4450.23,3875.0,682.4,688.0,1.0,0.21498,685.2,0.8707415122364462,ITM
2023-06-30,2023-12-15,CALL,168.04,4450.23,3900.0,659.9,665.4,2.0,0.21255,662.65,0.8763591994121653,ITM
2023-06-30,2023-12-15,CALL,168.04,4450.23,3910.0,646.2,664.2,1.0,0.21294,655.2,0.8786062742824529,ITM
2023-06-30,2023-12-15,CALL,168.04,4450.23,3920.0,637.2,655.2,2.0,0.21152,646.2,0.8808533491527405,ITM
2023-06-30,2023-12-15,CALL,168.04,4450.23,3925.0,632.7,650.8,44.0,0.21121,641.75,0.8819768865878843,ITM
2023-06-30,2023-12-15,CALL,168.04,4450.23,3950.0,610.2,628.4,2.0,0.20799,619.3,0.8875945737636033,ITM
2023-06-30,2023-12-15,CALL,168.04,4450.23,3975.0,588.0,606.2,1.0,0.20418,597.1,0.8932122609393224,ITM
2023-06-30,2023-12-15,CALL,168.04,4450.23,3990.0,574.6,592.9,1.0,0.2018,583.75,0.8965828732447537,ITM
2023-06-30,2023-12-15,CALL,168.04,4450.23,4000.0,565.9,580.5,2.0,0.19841,573.2,0.8988299481150414,ITM
2023-06-30,2023-12-15,CALL,168.04,4450.23,4010.0,557.1,571.6,1.0,0.19662,564.35,0.901077022985329,ITM
2023-06-30,2023-12-15,CALL,168.04,4450.23,4020.0,548.3,566.5,1.0,0.19848,557.4,0.9033240978556165,ITM
2023-06-30,2023-12-15,CALL,168.04,4450.23,4025.0,543.9,562.1,2.0,0.19712,553.0,0.9044476352907603,ITM
2023-06-30,2023-12-15,CALL,168.04,4450.23,4030.0,539.6,557.7,2.0,0.19686,548.6500000000001,0.9055711727259041,ITM
2023-06-30,2023-12-15,CALL,168.04,4450.23,4050.0,522.2,535.8,1.0,0.19114,529.0,0.9100653224664793,ITM
2023-06-30,2023-12-15,CALL,168.04,4450.23,4075.0,503.7,512.7,50.0,0.18919,508.20000000000005,0.9156830096421984,ITM
2023-06-30,2023-12-15,CALL,168.04,4450.23,4080.0,496.3,509.4,12.0,0.18713,502.85,0.9168065470773421,ITM
2023-06-30,2023-12-15,CALL,168.04,4450.23,4100.0,479.2,492.0,5.0,0.18453,485.6,0.9213006968179174,ITM
2023-06-30,2023-12-15,CALL,168.04,4450.23,4110.0,470.6,488.4,12.0,0.18633,479.5,0.923547771688205,ITM
2023-06-30,2023-12-15,CALL,168.04,4450.23,4120.0,462.1,479.8,1.0,0.18524,470.95000000000005,0.9257948465584925,ITM
2023-06-30,2023-12-15,CALL,168.04,4450.23,4125.0,460.8,470.6,6.0,0.18341,465.70000000000005,0.9269183839936364,ITM
2023-06-30,2023-12-15,CALL,168.04,4450.23,4130.0,453.7,471.3,18.0,0.18359,462.5,0.9280419214287802,ITM
2023-06-30,2023-12-15,CALL,168.04,4450.23,4140.0,451.4,456.6,1.0,0.1825,454.0,0.9302889962990678,ITM
2023-06-30,2023-12-15,CALL,168.04,4450.23,4150.0,440.0,449.2,3.0,0.18016,444.6,0.9325360711693553,ITM
2023-06-30,2023-12-15,CALL,168.04,4450.23,4160.0,431.7,440.6,1.0,0.17885,436.15,0.934783146039643,ITM
2023-06-30,2023-12-15,CALL,168.04,4450.23,4170.0,420.1,437.5,1.0,0.17815,428.8,0.9370302209099306,ITM
2023-06-30,2023-12-15,CALL,168.04,4450.23,4175.0,422.3,424.9,1.0,0.17681,423.6,0.9381537583450744,ITM
2023-06-30,2023-12-15,CALL,168.04,4450.23,4180.0,411.8,429.1,2.0,0.17768,420.45000000000005,0.9392772957802182,ITM
2023-06-30,2023-12-15,CALL,168.04,4450.23,4190.0,409.8,420.8,1.0,0.1789,415.3,0.9415243706505058,ITM
2023-06-30,2023-12-15,CALL,168.04,4450.23,4200.0,395.3,404.0,3.0,0.17032,399.65,0.9437714455207934,ITM
2023-06-30,2023-12-15,CALL,168.04,4450.23,4210.0,393.3,395.9,2.0,0.17251,394.6,0.946018520391081,ITM
2023-06-30,2023-12-15,CALL,168.04,4450.23,4225.0,381.3,383.7,3.0,0.17005,382.5,0.9493891326965124,ITM
2023-06-30,2023-12-15,CALL,168.04,4450.23,4250.0,361.0,363.5,52.0,0.1672,362.25,0.9550068198722315,ITM
2023-06-30,2023-12-15,CALL,168.04,4450.23,4270.0,344.8,355.4,1.0,0.1685,350.1,0.9595009696128066,ITM
2023-06-30,2023-12-15,CALL,168.04,4450.23,4275.0,334.9,351.4,2.0,0.16493,343.15,0.9606245070479504,ITM
2023-06-30,2023-12-15,CALL,168.04,4450.23,4280.0,330.9,347.4,1.0,0.16477,339.15,0.9617480444830943,ITM
2023-06-30,2023-12-15,CALL,168.04,4450.23,4290.0,323.1,339.4,2.0,0.16264,331.25,0.9639951193533818,ITM
2023-06-30,2023-12-15,CALL,168.04,4450.23,4300.0,315.3,331.5,94.0,0.16157,323.4,0.9662421942236694,ITM
2023-06-30,2023-12-15,CALL,168.04,4450.23,4310.0,307.5,323.7,1.0,0.1603,315.6,0.968489269093957,ITM
2023-06-30,2023-12-15,CALL,168.04,4450.23,4320.0,299.8,315.9,1.0,0.15885,307.85,0.9707363439642447,ITM
2023-06-30,2023-12-15,CALL,168.04,4450.23,4325.0,296.0,312.0,2.0,0.15836,304.0,0.9718598813993884,ITM
2023-06-30,2023-12-15,CALL,168.04,4450.23,4330.0,292.2,308.1,2.0,0.15788,300.15,0.9729834188345322,ITM
2023-06-30,2023-12-15,CALL,168.04,4450.23,4340.0,284.6,300.4,1.0,0.15621,292.5,0.9752304937048198,ITM
2023-06-30,2023-12-15,CALL,168.04,4450.23,4350.0,277.1,292.8,49.0,0.15481,284.95000000000005,0.9774775685751075,ITM
2023-06-30,2023-12-15,CALL,168.04,4450.23,4370.0,262.2,277.7,3.0,0.15314,269.95,0.9819717183156826,ITM
2023-06-30,2023-12-15,CALL,168.04,4450.23,4375.0,258.6,273.9,1.0,0.15186,266.25,0.9830952557508265,ITM
2023-06-30,2023-12-15,CALL,168.04,4450.23,4380.0,254.9,270.2,2.0,0.15159,262.55,0.9842187931859703,ITM
2023-06-30,2023-12-15,CALL,168.04,4450.23,4390.0,251.5,257.5,9.0,0.14984,254.5,0.9864658680562579,ITM
2023-06-30,2023-12-15,CALL,168.04,4450.23,4400.0,240.4,255.4,238.0,0.14875,247.9,0.9887129429265454,ITM
2023-06-30,2023-12-15,CALL,168.04,4450.23,4420.0,226.2,241.0,2.0,0.14616,233.6,0.9932070926671207,ATM
2023-06-30,2023-12-15,CALL,168.04,4450.23,4425.0,222.7,236.7,1.0,0.14508,229.7,0.9943306301022645,ATM
2023-06-30,2023-12-15,CALL,168.04,4450.23,4430.0,219.2,233.2,1.0,0.1449,226.2,0.9954541675374082,ATM
2023-06-30,2023-12-15,CALL,168.04,4450.23,4440.0,212.3,226.3,4.0,0.14405,219.3,0.9977012424076959,ATM
2023-06-30,2023-12-15,CALL,168.04,4450.23,4450.0,205.5,219.4,975.0,0.1425,212.45,0.9999483172779835,ATM
2023-06-30,2023-12-15,CALL,168.04,4450.23,4460.0,203.9,205.9,5.0,0.14107,204.9,1.0021953921482711,ATM
2023-06-30,2023-12-15,CALL,168.04,4450.23,4470.0,197.2,199.5,4.0,0.13921,198.35,1.0044424670185588,ATM
2023-06-30,2023-12-15,CALL,168.04,4450.23,4475.0,188.9,202.6,135.0,0.13984,195.75,1.0055660044537025,ATM
2023-06-30,2023-12-15,CALL,168.04,4450.23,4480.0,185.6,199.3,1.0,0.13956,192.45,1.0066895418888462,ATM
2023-06-30,2023-12-15,CALL,168.04,4450.23,4490.0,184.1,186.3,1.0,0.13765,185.2,1.0089366167591338,ATM
2023-06-30,2023-12-15,CALL,168.04,4450.23,4500.0,176.3,181.3,481.0,0.13611,178.8,1.0111836916294215,OTM
2023-06-30,2023-12-15,CALL,168.04,4450.23,4510.0,170.0,175.0,1.0,0.13468,172.5,1.013430766499709,OTM
2023-06-30,2023-12-15,CALL,168.04,4450.23,4520.0,165.1,166.8,1.0,0.13409,165.95,1.0156778413699967,OTM
2023-06-30,2023-12-15,CALL,168.04,4450.23,4525.0,157.4,170.1,1323.0,0.13374,163.75,1.0168013788051404,OTM
2023-06-30,2023-12-15,CALL,168.04,4450.23,4530.0,157.7,162.5,2.0,0.13257,160.1,1.0179249162402844,OTM
2023-06-30,2023-12-15,CALL,168.04,4450.23,4540.0,148.5,154.7,2.0,0.12966,151.6,1.020171991110572,OTM
2023-06-30,2023-12-15,CALL,168.04,4450.23,4550.0,147.1,148.9,162.0,0.13009,148.0,1.0224190659808594,OTM
2023-06-30,2023-12-15,CALL,168.04,4450.23,4560.0,140.0,144.6,1.0,0.12938,142.3,1.024666140851147,OTM
2023-06-30,2023-12-15,CALL,168.04,4450.23,4570.0,134.4,138.9,66.0,0.12825,136.65,1.0269132157214347,OTM
2023-06-30,2023-12-15,CALL,168.04,4450.23,4575.0,130.8,140.2,5.0,0.12879,135.5,1.0280367531565786,OTM
2023-06-30,2023-12-15,CALL,168.04,4450.23,4580.0,128.8,133.3,2.0,0.12694,131.05,1.0291602905917223,OTM
2023-06-30,2023-12-15,CALL,168.04,4450.23,4590.0,123.4,127.9,2.0,0.12626,125.65,1.03140736546201,OTM
2023-06-30,2023-12-15,CALL,168.04,4450.23,4600.0,117.5,121.2,654.0,0.1241,119.35,1.0336544403322976,OTM
2023-06-30,2023-12-15,CALL,168.04,4450.23,4610.0,113.1,117.4,2.0,0.12391,115.25,1.0359015152025852,OTM
2023-06-30,2023-12-15,CALL,168.04,4450.23,4620.0,108.1,112.3,1.0,0.12296,110.19999999999999,1.0381485900728726,OTM
2023-06-30,2023-12-15,CALL,168.04,4450.23,4625.0,105.1,112.1,8.0,0.12354,108.6,1.0392721275080166,OTM
2023-06-30,2023-12-15,CALL,168.04,4450.23,4630.0,103.2,107.4,3.0,0.12245,105.30000000000001,1.0403956649431603,OTM
2023-06-30,2023-12-15,CALL,168.04,4450.23,4640.0,98.6,102.6,7.0,0.12105,100.6,1.042642739813448,OTM
2023-06-30,2023-12-15,CALL,168.04,4450.23,4650.0,94.0,97.9,92.0,0.12058,95.95,1.0448898146837355,OTM
2023-06-30,2023-12-15,CALL,168.04,4450.23,4660.0,90.7,91.9,1.0,0.11945,91.30000000000001,1.0471368895540232,OTM
2023-06-30,2023-12-15,CALL,168.04,4450.23,4670.0,86.4,87.6,4.0,0.11888,87.0,1.0493839644243108,OTM
2023-06-30,2023-12-15,CALL,168.04,4450.23,4675.0,84.3,85.5,457.0,0.11813,84.9,1.0505075018594545,OTM
2023-06-30,2023-12-15,CALL,168.04,4450.23,4680.0,82.2,83.4,1.0,0.11791,82.80000000000001,1.0516310392945984,OTM
2023-06-30,2023-12-15,CALL,168.04,4450.23,4690.0,78.2,79.4,2.0,0.11713,78.80000000000001,1.0538781141648859,OTM
2023-06-30,2023-12-15,CALL,168.04,4450.23,4700.0,74.3,75.5,124.0,0.11602,74.9,1.0561251890351735,OTM
2023-06-30,2023-12-15,CALL,168.04,4450.23,4720.0,65.4,69.4,23.0,0.11519,67.4,1.0606193387757488,OTM
2023-06-30,2023-12-15,CALL,168.04,4450.23,4725.0,65.3,66.4,12.0,0.1144,65.85,1.0617428762108925,OTM
2023-06-30,2023-12-15,CALL,168.04,4450.23,4730.0,63.6,64.6,1.0,0.11463,64.1,1.0628664136460364,OTM
2023-06-30,2023-12-15,CALL,168.04,4450.23,4750.0,57.1,61.4,231.0,0.1144,59.25,1.0673605633866117,OTM
2023-06-30,2023-12-15,CALL,168.04,4450.23,4775.0,49.9,50.7,6.0,0.11182,50.3,1.0729782505623306,OTM
2023-06-30,2023-12-15,CALL,168.04,4450.23,4800.0,43.4,46.7,911.0,0.11192,45.05,1.0785959377380496,OTM
2023-06-30,2023-12-15,CALL,168.04,4450.23,4825.0,37.6,38.5,148.0,0.10967,38.05,1.0842136249137686,OTM
2023-06-30,2023-12-15,CALL,168.04,4450.23,4850.0,32.5,33.6,6.0,0.10861,33.05,1.0898313120894876,OTM
2023-06-30,2023-12-15,CALL,168.04,4450.23,4875.0,26.9,28.7,129.0,0.10719,27.799999999999997,1.0954489992652066,OTM
2023-06-30,2023-12-15,CALL,168.04,4450.23,4900.0,23.5,26.2,115.0,0.10836,24.85,1.1010666864409255,OTM
2023-06-30,2023-12-15,CALL,168.04,4450.23,4925.0,19.7,21.3,410.0,0.10601,20.5,1.1066843736166447,OTM
2023-06-30,2023-12-15,CALL,168.04,4450.23,4950.0,17.8,18.5,223.0,0.10629,18.15,1.1123020607923637,OTM
2023-06-30,2023-12-15,CALL,168.04,4450.23,4975.0,15.3,15.8,42.0,0.10606,15.55,1.1179197479680827,OTM
2023-06-30,2023-12-15,CALL,168.04,4450.23,5000.0,13.1,13.5,1163.0,0.10595,13.3,1.1235374351438017,OTM
2023-06-30,2023-12-15,CALL,168.04,4450.23,5025.0,11.1,11.6,7.0,0.10635,11.35,1.1291551223195206,OTM
2023-06-30,2023-12-15,CALL,168.04,4450.23,5050.0,9.5,9.9,61.0,0.10581,9.7,1.1347728094952396,OTM
2023-06-30,2023-12-15,CALL,168.04,4450.23,5075.0,8.1,8.5,376.0,0.10604,8.3,1.1403904966709586,OTM
2023-06-30,2023-12-15,CALL,168.04,4450.23,5100.0,6.9,7.3,69.0,0.10574,7.1,1.1460081838466778,OTM
2023-06-30,2023-12-15,CALL,168.04,4450.23,5125.0,5.9,6.3,1.0,0.10637,6.1,1.1516258710223968,OTM
2023-06-30,2023-12-15,CALL,168.04,4450.23,5150.0,5.1,5.4,234.0,0.10602,5.25,1.1572435581981158,OTM
2023-06-30,2023-12-15,CALL,168.04,4450.23,5200.0,3.7,4.0,3.0,0.10714,3.85,1.1684789325495537,OTM
2023-06-30,2023-12-15,CALL,168.04,4450.23,5250.0,2.8,3.0,2.0,0.10826,2.9,1.1797143069009917,OTM
2023-06-30,2023-12-15,CALL,168.04,4450.23,5300.0,2.1,2.3,750.0,0.10895,2.2,1.1909496812524298,OTM
2023-06-30,2023-07-03,PUT,3.0,4450.23,3700.0,0.05,0.1,917.0,0.59189,0.07500000000000001,0.8314177020064132,OTM
2023-06-30,2023-07-03,PUT,3.0,4450.23,3750.0,0.05,0.1,387.0,0.55124,0.07500000000000001,0.8426530763578512,OTM
2023-06-30,2023-07-03,PUT,3.0,4450.23,3800.0,0.05,0.1,2566.0,0.51189,0.07500000000000001,0.8538884507092893,OTM
2023-06-30,2023-07-03,PUT,3.0,4450.23,3825.0,0.05,0.1,273.0,0.49225,0.07500000000000001,0.8595061378850083,OTM
2023-06-30,2023-07-03,PUT,3.0,4450.23,3850.0,0.05,0.1,799.0,0.47227,0.07500000000000001,0.8651238250607273,OTM
2023-06-30,2023-07-03,PUT,3.0,4450.23,3870.0,0.05,0.1,12.0,0.45671,0.07500000000000001,0.8696179748013025,OTM
2023-06-30,2023-07-03,PUT,3.0,4450.23,3875.0,0.05,0.1,254.0,0.45284,0.07500000000000001,0.8707415122364462,OTM
2023-06-30,2023-07-03,PUT,3.0,4450.23,3880.0,0.05,0.1,50.0,0.44828,0.07500000000000001,0.8718650496715901,OTM
2023-06-30,2023-07-03,PUT,3.0,4450.23,3890.0,0.05,0.1,115.0,0.44048,0.07500000000000001,0.8741121245418777,OTM
2023-06-30,2023-07-03,PUT,3.0,4450.23,3900.0,0.05,0.1,2415.0,0.43305,0.07500000000000001,0.8763591994121653,OTM
2023-06-30,2023-07-03,PUT,3.0,4450.23,3910.0,0.05,0.1,13.0,0.42557,0.07500000000000001,0.8786062742824529,OTM
2023-06-30,2023-07-03,PUT,3.0,4450.23,3920.0,0.05,0.1,7.0,0.4174,0.07500000000000001,0.8808533491527405,OTM
2023-06-30,2023-07-03,PUT,3.0,4450.23,3925.0,0.05,0.1,2.0,0.41292,0.07500000000000001,0.8819768865878843,OTM
2023-06-30,2023-07-03,PUT,3.0,4450.23,3930.0,0.05,0.1,2.0,0.40955,0.07500000000000001,0.8831004240230281,OTM
2023-06-30,2023-07-03,PUT,3.0,4450.23,3940.0,0.05,0.1,224.0,0.40123,0.07500000000000001,0.8853474988933158,OTM
2023-06-30,2023-07-03,PUT,3.0,4450.23,3950.0,0.05,0.1,49.0,0.39443,0.07500000000000001,0.8875945737636033,OTM
2023-06-30,2023-07-03,PUT,3.0,4450.23,3955.0,0.05,0.1,44.0,0.38993,0.07500000000000001,0.8887181111987471,OTM
2023-06-30,2023-07-03,PUT,3.0,4450.23,3960.0,0.05,0.1,96.0,0.38588,0.07500000000000001,0.8898416486338909,OTM
2023-06-30,2023-07-03,PUT,3.0,4450.23,3965.0,0.05,0.15,28.0,0.39243,0.1,0.8909651860690347,OTM
2023-06-30,2023-07-03,PUT,3.0,4450.23,3970.0,0.05,0.15,5.0,0.38817,0.1,0.8920887235041786,OTM
2023-06-30,2023-07-03,PUT,3.0,4450.23,3975.0,0.05,0.1,308.0,0.37418,0.07500000000000001,0.8932122609393224,OTM
2023-06-30,2023-07-03,PUT,3.0,4450.23,3980.0,0.05,0.15,17.0,0.38004,0.1,0.8943357983744661,OTM
2023-06-30,2023-07-03,PUT,3.0,4450.23,3985.0,0.05,0.15,10.0,0.37632,0.1,0.8954593358096099,OTM
2023-06-30,2023-07-03,PUT,3.0,4450.23,3990.0,0.05,0.15,1.0,0.37222,0.1,0.8965828732447537,OTM
2023-06-30,2023-07-03,PUT,3.0,4450.23,3995.0,0.05,0.15,15.0,0.36904,0.1,0.8977064106798975,OTM
2023-06-30,2023-07-03,PUT,3.0,4450.23,4000.0,0.05,0.15,135.0,0.36465,0.1,0.8988299481150414,OTM
2023-06-30,2023-07-03,PUT,3.0,4450.23,4005.0,0.05,0.15,1.0,0.36113,0.1,0.8999534855501852,OTM
2023-06-30,2023-07-03,PUT,3.0,4450.23,4010.0,0.05,0.15,10.0,0.3566,0.1,0.901077022985329,OTM
2023-06-30,2023-07-03,PUT,3.0,4450.23,4015.0,0.05,0.15,32.0,0.35243,0.1,0.9022005604204727,OTM
2023-06-30,2023-07-03,PUT,3.0,4450.23,4020.0,0.05,0.15,32.0,0.34904,0.1,0.9033240978556165,OTM
2023-06-30,2023-07-03,PUT,3.0,4450.23,4025.0,0.1,0.15,16.0,0.35241,0.125,0.9044476352907603,OTM
2023-06-30,2023-07-03,PUT,3.0,4450.23,4030.0,0.05,0.15,12.0,0.34104,0.1,0.9055711727259041,OTM
2023-06-30,2023-07-03,PUT,3.0,4450.23,4035.0,0.1,0.15,199.0,0.34426,0.125,0.906694710161048,OTM
2023-06-30,2023-07-03,PUT,3.0,4450.23,4040.0,0.1,0.15,6.0,0.34045,0.125,0.9078182475961918,OTM
2023-06-30,2023-07-03,PUT,3.0,4450.23,4045.0,0.1,0.15,10.0,0.33625,0.125,0.9089417850313356,OTM
2023-06-30,2023-07-03,PUT,3.0,4450.23,4050.0,0.1,0.15,345.0,0.332,0.125,0.9100653224664793,OTM
2023-06-30,2023-07-03,PUT,3.0,4450.23,4055.0,0.1,0.15,11.0,0.32791,0.125,0.9111888599016231,OTM
2023-06-30,2023-07-03,PUT,3.0,4450.23,4060.0,0.1,0.15,260.0,0.32442,0.125,0.912312397336767,OTM
2023-06-30,2023-07-03,PUT,3.0,4450.23,4065.0,0.1,0.15,97.0,0.32065,0.125,0.9134359347719108,OTM
2023-06-30,2023-07-03,PUT,3.0,4450.23,4070.0,0.1,0.15,4.0,0.31659,0.125,0.9145594722070546,OTM
2023-06-30,2023-07-03,PUT,3.0,4450.23,4075.0,0.1,0.15,201.0,0.3126,0.125,0.9156830096421984,OTM
2023-06-30,2023-07-03,PUT,3.0,4450.23,4080.0,0.1,0.15,1.0,0.30772,0.125,0.9168065470773421,OTM
2023-06-30,2023-07-03,PUT,3.0,4450.23,4085.0,0.1,0.15,132.0,0.3037,0.125,0.9179300845124859,OTM
2023-06-30,2023-07-03,PUT,3.0,4450.23,4090.0,0.1,0.15,119.0,0.29984,0.125,0.9190536219476297,OTM
2023-06-30,2023-07-03,PUT,3.0,4450.23,4095.0,0.1,0.15,356.0,0.29581,0.125,0.9201771593827736,OTM
2023-06-30,2023-07-03,PUT,3.0,4450.23,4100.0,0.1,0.15,3412.0,0.29253,0.125,0.9213006968179174,OTM
2023-06-30,2023-07-03,PUT,3.0,4450.23,4105.0,0.1,0.15,101.0,0.28782,0.125,0.9224242342530612,OTM
2023-06-30,2023-07-03,PUT,3.0,4450.23,4110.0,0.1,0.15,97.0,0.28423,0.125,0.923547771688205,OTM
2023-06-30,2023-07-03,PUT,3.0,4450.23,4115.0,0.1,0.15,574.0,0.28018,0.125,0.9246713091233487,OTM
2023-06-30,2023-07-03,PUT,3.0,4450.23,4120.0,0.1,0.15,188.0,0.27568,0.125,0.9257948465584925,OTM
2023-06-30,2023-07-03,PUT,3.0,4450.23,4125.0,0.1,0.15,159.0,0.27246,0.125,0.9269183839936364,OTM
2023-06-30,2023-07-03,PUT,3.0,4450.23,4130.0,0.1,0.15,22.0,0.26784,0.125,0.9280419214287802,OTM
2023-06-30,2023-07-03,PUT,3.0,4450.23,4135.0,0.1,0.15,10.0,0.26453,0.125,0.929165458863924,OTM
2023-06-30,2023-07-03,PUT,3.0,4450.23,4140.0,0.1,0.15,24.0,0.25962,0.125,0.9302889962990678,OTM
2023-06-30,2023-07-03,PUT,3.0,4450.23,4145.0,0.1,0.2,20.0,0.26062,0.15000000000000002,0.9314125337342116,OTM
2023-06-30,2023-07-03,PUT,3.0,4450.23,4150.0,0.15,0.2,22.0,0.26111,0.175,0.9325360711693553,OTM
2023-06-30,2023-07-03,PUT,3.0,4450.23,4155.0,0.1,0.2,88.0,0.25309,0.15000000000000002,0.9336596086044991,OTM
2023-06-30,2023-07-03,PUT,3.0,4450.23,4160.0,0.1,0.2,2.0,0.24908,0.15000000000000002,0.934783146039643,OTM
2023-06-30,2023-07-03,PUT,3.0,4450.23,4165.0,0.1,0.2,1.0,0.24424,0.15000000000000002,0.9359066834747868,OTM
2023-06-30,2023-07-03,PUT,3.0,4450.23,4170.0,0.15,0.2,150.0,0.24501,0.175,0.9370302209099306,OTM
2023-06-30,2023-07-03,PUT,3.0,4450.23,4175.0,0.1,0.2,2.0,0.23634,0.15000000000000002,0.9381537583450744,OTM
2023-06-30,2023-07-03,PUT,3.0,4450.23,4180.0,0.1,0.2,71.0,0.23231,0.15000000000000002,0.9392772957802182,OTM
2023-06-30,2023-07-03,PUT,3.0,4450.23,4185.0,0.1,0.2,48.0,0.22853,0.15000000000000002,0.9404008332153619,OTM
2023-06-30,2023-07-03,PUT,3.0,4450.23,4190.0,0.1,0.2,150.0,0.22422,0.15000000000000002,0.9415243706505058,OTM
2023-06-30,2023-07-03,PUT,3.0,4450.23,4195.0,0.1,0.2,1.0,0.21972,0.15000000000000002,0.9426479080856496,OTM
2023-06-30,2023-07-03,PUT,3.0,4450.23,4200.0,0.15,0.2,1487.0,0.22004,0.175,0.9437714455207934,OTM
2023-06-30,2023-07-03,PUT,3.0,4450.23,4205.0,0.1,0.2,12.0,0.21236,0.15000000000000002,0.9448949829559372,OTM
2023-06-30,2023-07-03,PUT,3.0,4450.23,4210.0,0.1,0.2,22.0,0.20799,0.15000000000000002,0.946018520391081,OTM
2023-06-30,2023-07-03,PUT,3.0,4450.23,4215.0,0.1,0.2,19.0,0.20414,0.15000000000000002,0.9471420578262248,OTM
2023-06-30,2023-07-03,PUT,3.0,4450.23,4220.0,0.1,0.2,160.0,0.19963,0.15000000000000002,0.9482655952613686,OTM
2023-06-30,2023-07-03,PUT,3.0,4450.23,4225.0,0.15,0.2,7.0,0.19855,0.175,0.9493891326965124,OTM
2023-06-30,2023-07-03,PUT,3.0,4450.23,4230.0,0.15,0.2,27.0,0.19443,0.175,0.9505126701316562,OTM
2023-06-30,2023-07-03,PUT,3.0,4450.23,4235.0,0.15,0.2,41.0,0.19094,0.175,0.9516362075668,OTM
2023-06-30,2023-07-03,PUT,3.0,4450.23,4240.0,0.15,0.2,59.0,0.18613,0.175,0.9527597450019438,OTM
2023-06-30,2023-07-03,PUT,3.0,4450.23,4245.0,0.15,0.25,35.0,0.18491,0.2,0.9538832824370876,OTM
2023-06-30,2023-07-03,PUT,3.0,4450.23,4250.0,0.15,0.25,2784.0,0.18063,0.2,0.9550068198722315,OTM
2023-06-30,2023-07-03,PUT,3.0,4450.23,4255.0,0.15,0.25,253.0,0.17621,0.2,0.9561303573073752,OTM
2023-06-30,2023-07-03,PUT,3.0,4450.23,4260.0,0.15,0.25,285.0,0.173,0.2,0.957253894742519,OTM
2023-06-30,2023-07-03,PUT,3.0,4450.23,4265.0,0.2,0.25,161.0,0.17077,0.225,0.9583774321776628,OTM
2023-06-30,2023-07-03,PUT,3.0,4450.23,4270.0,0.2,0.25,42.0,0.16657,0.225,0.9595009696128066,OTM
2023-06-30,2023-07-03,PUT,3.0,4450.23,4275.0,0.2,0.25,98.0,0.16244,0.225,0.9606245070479504,OTM
2023-06-30,2023-07-03,PUT,3.0,4450.23,4280.0,0.2,0.25,272.0,0.15772,0.225,0.9617480444830943,OTM
2023-06-30,2023-07-03,PUT,3.0,4450.23,4285.0,0.2,0.25,50.0,0.1529,0.225,0.9628715819182381,OTM
2023-06-30,2023-07-03,PUT,3.0,4450.23,4290.0,0.2,0.25,199.0,0.14919,0.225,0.9639951193533818,OTM
2023-06-30,2023-07-03,PUT,3.0,4450.23,4295.0,0.2,0.25,116.0,0.14431,0.225,0.9651186567885256,OTM
2023-06-30,2023-07-03,PUT,3.0,4450.23,4300.0,0.2,0.3,452.0,0.14209,0.25,0.9662421942236694,OTM
2023-06-30,2023-07-03,PUT,3.0,4450.23,4305.0,0.25,0.3,190.0,0.13952,0.275,0.9673657316588132,OTM
2023-06-30,2023-07-03,PUT,3.0,4450.23,4310.0,0.25,0.3,268.0,0.13564,0.275,0.968489269093957,OTM
2023-06-30,2023-07-03,PUT,3.0,4450.23,4315.0,0.25,0.3,137.0,0.13089,0.275,0.9696128065291009,OTM
2023-06-30,2023-07-03,PUT,3.0,4450.23,4320.0,0.25,0.3,576.0,0.12654,0.275,0.9707363439642447,OTM
2023-06-30,2023-07-03,PUT,3.0,4450.23,4325.0,0.25,0.3,2747.0,0.1217,0.275,0.9718598813993884,OTM
2023-06-30,2023-07-03,PUT,3.0,4450.23,4330.0,0.25,0.35,290.0,0.11811,0.3,0.9729834188345322,OTM
2023-06-30,2023-07-03,PUT,3.0,4450.23,4335.0,0.25,0.35,429.0,0.11449,0.3,0.974106956269676,OTM
2023-06-30,2023-07-03,PUT,3.0,4450.23,4340.0,0.3,0.35,1974.0,0.11074,0.32499999999999996,0.9752304937048198,OTM
2023-06-30,2023-07-03,PUT,3.0,4450.23,4345.0,0.3,0.35,410.0,0.10614,0.32499999999999996,0.9763540311399637,OTM
2023-06-30,2023-07-03,PUT,3.0,4450.23,4350.0,0.3,0.35,2046.0,0.10113,0.32499999999999996,0.9774775685751075,OTM
2023-06-30,2023-07-03,PUT,3.0,4450.23,4355.0,0.3,0.4,241.0,0.09808,0.35,0.9786011060102513,OTM
2023-06-30,2023-07-03,PUT,3.0,4450.23,4360.0,0.3,0.4,701.0,0.09343,0.35,0.979724643445395,OTM
2023-06-30,2023-07-03,PUT,3.0,4450.23,4365.0,0.35,0.4,793.0,0.08893,0.375,0.9808481808805388,OTM
2023-06-30,2023-07-03,PUT,3.0,4450.23,4370.0,0.35,0.45,1112.0,0.08472,0.4,0.9819717183156826,OTM
2023-06-30,2023-07-03,PUT,3.0,4450.23,4375.0,0.35,0.45,2127.0,0.07985,0.4,0.9830952557508265,OTM
2023-06-30,2023-07-03,PUT,3.0,4450.23,4380.0,0.4,0.45,3195.0,0.07617,0.42500000000000004,0.9842187931859703,OTM
2023-06-30,2023-07-03,PUT,3.0,4450.23,4385.0,0.4,0.5,643.0,0.07163,0.45,0.9853423306211141,OTM
2023-06-30,2023-07-03,PUT,3.0,4450.23,4390.0,0.45,0.55,2553.0,0.06746,0.5,0.9864658680562579,OTM
2023-06-30,2023-07-03,PUT,3.0,4450.23,4395.0,0.5,0.6,531.0,0.06368,0.55,0.9875894054914016,OTM
2023-06-30,2023-07-03,PUT,3.0,4450.23,4400.0,0.6,0.7,3164.0,0.06059,0.6499999999999999,0.9887129429265454,OTM
2023-06-30,2023-07-03,PUT,3.0,4450.23,4405.0,0.7,0.75,1843.0,0.05634,0.725,0.9898364803616893,OTM
2023-06-30,2023-07-03,PUT,3.0,4450.23,4410.0,0.85,0.9,1657.0,0.05264,0.875,0.9909600177968331,ATM
2023-06-30,2023-07-03,PUT,3.0,4450.23,4415.0,1.05,1.2,644.0,0.04922,1.125,0.9920835552319769,ATM
2023-06-30,2023-07-03,PUT,3.0,4450.23,4420.0,1.4,1.5,1188.0,0.0467,1.45,0.9932070926671207,ATM
2023-06-30,2023-07-03,PUT,3.0,4450.23,4425.0,1.85,2.0,3896.0,0.04334,1.925,0.9943306301022645,ATM
2023-06-30,2023-07-03,PUT,3.0,4450.23,4430.0,2.5,2.65,1923.0,0.04079,2.575,0.9954541675374082,ATM
2023-06-30,2023-07-03,PUT,3.0,4450.23,4435.0,3.5,3.7,1670.0,0.03802,3.6,0.996577704972552,ATM
2023-06-30,2023-07-03,PUT,3.0,4450.23,4440.0,4.7,5.0,1843.0,0.03407,4.85,0.9977012424076959,ATM
2023-06-30,2023-07-03,PUT,3.0,4450.23,4445.0,6.5,6.7,3246.0,0.02997,6.6,0.9988247798428397,ATM
2023-06-30,2023-07-03,PUT,3.0,4450.23,4450.0,8.5,8.8,3256.0,0.02299,8.65,0.9999483172779835,ATM
2023-06-30,2023-07-03,PUT,3.0,4450.23,4455.0,11.1,11.5,1773.0,0.00122,11.3,1.0010718547131272,ATM
2023-06-30,2023-07-03,PUT,3.0,4450.23,4460.0,14.1,14.5,696.0,0.00079,14.3,1.0021953921482711,ATM
2023-06-30,2023-07-03,PUT,3.0,4450.23,4465.0,17.4,17.9,369.0,0.00092,17.65,1.0033189295834148,ATM
2023-06-30,2023-07-03,PUT,3.0,4450.23,4470.0,21.1,21.8,130.0,0.00078,21.450000000000003,1.0044424670185588,ATM
2023-06-30,2023-07-03,PUT,3.0,4450.23,4475.0,25.4,26.1,46.0,0.00145,25.75,1.0055660044537025,ATM
2023-06-30,2023-07-03,PUT,3.0,4450.23,4480.0,29.6,30.4,141.0,0.00107,30.0,1.0066895418888462,ATM
2023-06-30,2023-07-05,PUT,5.0,4450.23,3600.0,0.05,0.1,45.0,0.5436,0.07500000000000001,0.8089469533035372,OTM
2023-06-30,2023-07-05,PUT,5.0,4450.23,3650.0,0.05,0.1,250.0,0.51131,0.07500000000000001,0.8201823276549752,OTM
2023-06-30,2023-07-05,PUT,5.0,4450.23,3700.0,0.05,0.15,1239.0,0.4897,0.1,0.8314177020064132,OTM
2023-06-30,2023-07-05,PUT,5.0,4450.23,3750.0,0.1,0.15,3176.0,0.46619,0.125,0.8426530763578512,OTM
2023-06-30,2023-07-05,PUT,5.0,4450.23,3800.0,0.1,0.15,139.0,0.4328,0.125,0.8538884507092893,OTM
2023-06-30,2023-07-05,PUT,5.0,4450.23,3850.0,0.1,0.15,35.0,0.39912,0.125,0.8651238250607273,OTM
2023-06-30,2023-07-05,PUT,5.0,4450.23,3900.0,0.1,0.2,149.0,0.37276,0.15000000000000002,0.8763591994121653,OTM
2023-06-30,2023-07-05,PUT,5.0,4450.23,3950.0,0.15,0.2,123.0,0.34471,0.175,0.8875945737636033,OTM
2023-06-30,2023-07-05,PUT,5.0,4450.23,3975.0,0.15,0.2,8.0,0.32849,0.175,0.8932122609393224,OTM
2023-06-30,2023-07-05,PUT,5.0,4450.23,4000.0,0.15,0.25,1930.0,0.3156,0.2,0.8988299481150414,OTM
2023-06-30,2023-07-05,PUT,5.0,4450.23,4020.0,0.15,0.25,6.0,0.30193,0.2,0.9033240978556165,OTM
2023-06-30,2023-07-05,PUT,5.0,4450.23,4025.0,0.15,0.25,29.0,0.29895,0.2,0.9044476352907603,OTM
2023-06-30,2023-07-05,PUT,5.0,4450.23,4030.0,0.15,0.25,143.0,0.2951,0.2,0.9055711727259041,OTM
2023-06-30,2023-07-05,PUT,5.0,4450.23,4040.0,0.15,0.25,1220.0,0.28886,0.2,0.9078182475961918,OTM
2023-06-30,2023-07-05,PUT,5.0,4450.23,4050.0,0.15,0.25,21.0,0.28193,0.2,0.9100653224664793,OTM
2023-06-30,2023-07-05,PUT,5.0,4450.23,4060.0,0.15,0.25,44.0,0.2752,0.2,0.912312397336767,OTM
2023-06-30,2023-07-05,PUT,5.0,4450.23,4070.0,0.15,0.25,10.0,0.26786,0.2,0.9145594722070546,OTM
2023-06-30,2023-07-05,PUT,5.0,4450.23,4075.0,0.2,0.25,95.0,0.26789,0.225,0.9156830096421984,OTM
2023-06-30,2023-07-05,PUT,5.0,4450.23,4080.0,0.2,0.25,194.0,0.26461,0.225,0.9168065470773421,OTM
2023-06-30,2023-07-05,PUT,5.0,4450.23,4090.0,0.2,0.25,4.0,0.25798,0.225,0.9190536219476297,OTM
2023-06-30,2023-07-05,PUT,5.0,4450.23,4100.0,0.2,0.25,140.0,0.25121,0.225,0.9213006968179174,OTM
2023-06-30,2023-07-05,PUT,5.0,4450.23,4105.0,0.2,0.25,18.0,0.248,0.225,0.9224242342530612,OTM
2023-06-30,2023-07-05,PUT,5.0,4450.23,4110.0,0.2,0.3,2.0,0.24728,0.25,0.923547771688205,OTM
2023-06-30,2023-07-05,PUT,5.0,4450.23,4115.0,0.2,0.3,99.0,0.24387,0.25,0.9246713091233487,OTM
2023-06-30,2023-07-05,PUT,5.0,4450.23,4120.0,0.2,0.3,2.0,0.24029,0.25,0.9257948465584925,OTM
2023-06-30,2023-07-05,PUT,5.0,4450.23,4125.0,0.2,0.3,2.0,0.23703,0.25,0.9269183839936364,OTM
2023-06-30,2023-07-05,PUT,5.0,4450.23,4130.0,0.2,0.3,36.0,0.23373,0.25,0.9280419214287802,OTM
2023-06-30,2023-07-05,PUT,5.0,4450.23,4135.0,0.2,0.3,501.0,0.23007,0.25,0.929165458863924,OTM
2023-06-30,2023-07-05,PUT,5.0,4450.23,4140.0,0.2,0.3,37.0,0.22685,0.25,0.9302889962990678,OTM
2023-06-30,2023-07-05,PUT,5.0,4450.23,4145.0,0.2,0.3,1.0,0.22372,0.25,0.9314125337342116,OTM
2023-06-30,2023-07-05,PUT,5.0,4450.23,4150.0,0.2,0.3,15.0,0.22008,0.25,0.9325360711693553,OTM
2023-06-30,2023-07-05,PUT,5.0,4450.23,4155.0,0.2,0.3,20.0,0.21678,0.25,0.9336596086044991,OTM
2023-06-30,2023-07-05,PUT,5.0,4450.23,4160.0,0.2,0.3,8.0,0.21298,0.25,0.934783146039643,OTM
2023-06-30,2023-07-05,PUT,5.0,4450.23,4165.0,0.2,0.3,30.0,0.20924,0.25,0.9359066834747868,OTM
2023-06-30,2023-07-05,PUT,5.0,4450.23,4170.0,0.2,0.3,11.0,0.20598,0.25,0.9370302209099306,OTM
2023-06-30,2023-07-05,PUT,5.0,4450.23,4175.0,0.25,0.3,200.0,0.20524,0.275,0.9381537583450744,OTM
2023-06-30,2023-07-05,PUT,5.0,4450.23,4180.0,0.25,0.3,71.0,0.20173,0.275,0.9392772957802182,OTM
2023-06-30,2023-07-05,PUT,5.0,4450.23,4185.0,0.25,0.3,99.0,0.19803,0.275,0.9404008332153619,OTM
2023-06-30,2023-07-05,PUT,5.0,4450.23,4190.0,0.25,0.35,1.0,0.19656,0.3,0.9415243706505058,OTM
2023-06-30,2023-07-05,PUT,5.0,4450.23,4195.0,0.25,0.35,13.0,0.19334,0.3,0.9426479080856496,OTM
2023-06-30,2023-07-05,PUT,5.0,4450.23,4200.0,0.25,0.35,98.0,0.18996,0.3,0.9437714455207934,OTM
2023-06-30,2023-07-05,PUT,5.0,4450.23,4205.0,0.25,0.35,21.0,0.18598,0.3,0.9448949829559372,OTM
2023-06-30,2023-07-05,PUT,5.0,4450.23,4210.0,0.25,0.35,100.0,0.18217,0.3,0.946018520391081,OTM
2023-06-30,2023-07-05,PUT,5.0,4450.23,4215.0,0.25,0.35,80.0,0.17921,0.3,0.9471420578262248,OTM
2023-06-30,2023-07-05,PUT,5.0,4450.23,4220.0,0.25,0.35,91.0,0.17584,0.3,0.9482655952613686,OTM
2023-06-30,2023-07-05,PUT,5.0,4450.23,4225.0,0.25,0.35,191.0,0.17149,0.3,0.9493891326965124,OTM
2023-06-30,2023-07-05,PUT,5.0,4450.23,4230.0,0.3,0.35,92.0,0.16961,0.32499999999999996,0.9505126701316562,OTM
2023-06-30,2023-07-05,PUT,5.0,4450.23,4235.0,0.3,0.35,158.0,0.16643,0.32499999999999996,0.9516362075668,OTM
2023-06-30,2023-07-05,PUT,5.0,4450.23,4240.0,0.3,0.35,17.0,0.16258,0.32499999999999996,0.9527597450019438,OTM
2023-06-30,2023-07-05,PUT,5.0,4450.23,4245.0,0.3,0.4,32.0,0.16101,0.35,0.9538832824370876,OTM
2023-06-30,2023-07-05,PUT,5.0,4450.23,4250.0,0.3,0.4,484.0,0.1574,0.35,0.9550068198722315,OTM
2023-06-30,2023-07-05,PUT,5.0,4450.23,4255.0,0.3,0.4,163.0,0.15401,0.35,0.9561303573073752,OTM
2023-06-30,2023-07-05,PUT,5.0,4450.23,4260.0,0.3,0.4,40.0,0.14996,0.35,0.957253894742519,OTM
2023-06-30,2023-07-05,PUT,5.0,4450.23,4265.0,0.3,0.4,42.0,0.14598,0.35,0.9583774321776628,OTM
2023-06-30,2023-07-05,PUT,5.0,4450.23,4270.0,0.35,0.4,216.0,0.14454,0.375,0.9595009696128066,OTM
2023-06-30,2023-07-05,PUT,5.0,4450.23,4275.0,0.35,0.4,78.0,0.14002,0.375,0.9606245070479504,OTM
2023-06-30,2023-07-05,PUT,5.0,4450.23,4280.0,0.35,0.45,345.0,0.13757,0.4,0.9617480444830943,OTM
2023-06-30,2023-07-05,PUT,5.0,4450.23,4285.0,0.35,0.45,1943.0,0.13451,0.4,0.9628715819182381,OTM
2023-06-30,2023-07-05,PUT,5.0,4450.23,4290.0,0.35,0.45,64.0,0.13077,0.4,0.9639951193533818,OTM
2023-06-30,2023-07-05,PUT,5.0,4450.23,4295.0,0.35,0.45,56.0,0.12706,0.4,0.9651186567885256,OTM
2023-06-30,2023-07-05,PUT,5.0,4450.23,4300.0,0.4,0.45,323.0,0.12419,0.42500000000000004,0.9662421942236694,OTM
2023-06-30,2023-07-05,PUT,5.0,4450.23,4305.0,0.4,0.45,80.0,0.11996,0.42500000000000004,0.9673657316588132,OTM
2023-06-30,2023-07-05,PUT,5.0,4450.23,4310.0,0.4,0.5,70.0,0.11737,0.45,0.968489269093957,OTM
2023-06-30,2023-07-05,PUT,5.0,4450.23,4315.0,0.4,0.5,81.0,0.11376,0.45,0.9696128065291009,OTM
2023-06-30,2023-07-05,PUT,5.0,4450.23,4320.0,0.4,0.5,53.0,0.10983,0.45,0.9707363439642447,OTM
2023-06-30,2023-07-05,PUT,5.0,4450.23,4325.0,0.4,0.5,236.0,0.10645,0.45,0.9718598813993884,OTM
2023-06-30,2023-07-05,PUT,5.0,4450.23,4330.0,0.45,0.55,1041.0,0.10448,0.5,0.9729834188345322,OTM
2023-06-30,2023-07-05,PUT,5.0,4450.23,4335.0,0.45,0.55,123.0,0.09988,0.5,0.974106956269676,OTM
2023-06-30,2023-07-05,PUT,5.0,4450.23,4340.0,0.5,0.55,96.0,0.09732,0.525,0.9752304937048198,OTM
2023-06-30,2023-07-05,PUT,5.0,4450.23,4345.0,0.5,0.6,49.0,0.09352,0.55,0.9763540311399637,OTM
2023-06-30,2023-07-05,PUT,5.0,4450.23,4350.0,0.5,0.6,3180.0,0.08972,0.55,0.9774775685751075,OTM
2023-06-30,2023-07-05,PUT,5.0,4450.23,4355.0,0.55,0.6,201.0,0.08639,0.575,0.9786011060102513,OTM
2023-06-30,2023-07-05,PUT,5.0,4450.23,4360.0,0.55,0.65,519.0,0.08284,0.6000000000000001,0.979724643445395,OTM
2023-06-30,2023-07-05,PUT,5.0,4450.23,4365.0,0.6,0.7,502.0,0.08018,0.6499999999999999,0.9808481808805388,OTM
2023-06-30,2023-07-05,PUT,5.0,4450.23,4370.0,0.7,0.75,630.0,0.07702,0.725,0.9819717183156826,OTM
2023-06-30,2023-07-05,PUT,5.0,4450.23,4375.0,0.75,0.85,1909.0,0.07441,0.8,0.9830952557508265,OTM
2023-06-30,2023-07-05,PUT,5.0,4450.23,4380.0,0.85,0.95,638.0,0.0714,0.8999999999999999,0.9842187931859703,OTM
2023-06-30,2023-07-05,PUT,5.0,4450.23,4385.0,1.0,1.1,682.0,0.06971,1.05,0.9853423306211141,OTM
2023-06-30,2023-07-05,PUT,5.0,4450.23,4390.0,1.2,1.3,1259.0,0.06736,1.25,0.9864658680562579,OTM
2023-06-30,2023-07-05,PUT,5.0,4450.23,4395.0,1.45,1.6,252.0,0.06611,1.525,0.9875894054914016,OTM
2023-06-30,2023-07-05,PUT,5.0,4450.23,4400.0,1.75,1.95,945.0,0.06405,1.85,0.9887129429265454,OTM
2023-06-30,2023-07-05,PUT,5.0,4450.23,4405.0,2.1,2.2,367.0,0.0613,2.1500000000000004,0.9898364803616893,OTM
2023-06-30,2023-07-05,PUT,5.0,4450.23,4410.0,2.6,2.75,239.0,0.05978,2.675,0.9909600177968331,ATM
2023-06-30,2023-07-05,PUT,5.0,4450.23,4415.0,3.2,3.5,499.0,0.05863,3.35,0.9920835552319769,ATM
2023-06-30,2023-07-05,PUT,5.0,4450.23,4420.0,4.0,4.3,439.0,0.05688,4.15,0.9932070926671207,ATM
2023-06-30,2023-07-05,PUT,5.0,4450.23,4425.0,4.9,5.3,457.0,0.05545,5.1,0.9943306301022645,ATM
2023-06-30,2023-07-05,PUT,5.0,4450.23,4430.0,6.1,6.4,525.0,0.0539,6.25,0.9954541675374082,ATM
2023-06-30,2023-07-05,PUT,5.0,4450.23,4435.0,7.5,7.8,338.0,0.05163,7.65,0.996577704972552,ATM
2023-06-30,2023-07-05,PUT,5.0,4450.23,4440.0,9.2,9.6,337.0,0.0499,9.399999999999999,0.9977012424076959,ATM
2023-06-30,2023-07-05,PUT,5.0,4450.23,4445.0,11.1,11.4,182.0,0.04756,11.25,0.9988247798428397,ATM
2023-06-30,2023-07-05,PUT,5.0,4450.23,4450.0,13.3,13.6,1118.0,0.04507,13.45,0.9999483172779835,ATM
2023-06-30,2023-07-05,PUT,5.0,4450.23,4455.0,15.9,16.1,325.0,0.04179,16.0,1.0010718547131272,ATM
2023-06-30,2023-07-05,PUT,5.0,4450.23,4460.0,18.7,19.0,223.0,0.0368,18.85,1.0021953921482711,ATM
2023-06-30,2023-07-05,PUT,5.0,4450.23,4465.0,21.7,22.2,34.0,0.02753,21.95,1.0033189295834148,ATM
2023-06-30,2023-07-05,PUT,5.0,4450.23,4470.0,23.9,26.8,24.0,0.00048,25.35,1.0044424670185588,ATM
2023-06-30,2023-07-05,PUT,5.0,4450.23,4475.0,27.4,30.5,10.0,0.00094,28.95,1.0055660044537025,ATM
2023-06-30,2023-07-05,PUT,5.0,4450.23,4480.0,31.1,34.4,16.0,0.00061,32.75,1.0066895418888462,ATM
2023-06-30,2023-07-05,PUT,5.0,4450.23,4490.0,39.2,42.8,2.0,0.00032,41.0,1.0089366167591338,ATM
2023-06-30,2023-07-05,PUT,5.0,4450.23,4495.0,43.5,47.2,1.0,0.0005,45.35,1.0100601541942777,ITM
2023-06-30,2023-07-05,PUT,5.0,4450.23,4500.0,48.0,51.8,33.0,0.00085,49.9,1.0111836916294215,ITM
2023-06-30,2023-07-06,PUT,6.0,4450.23,3600.0,0.05,0.15,20.0,0.51541,0.1,0.8089469533035372,OTM
2023-06-30,2023-07-06,PUT,6.0,4450.23,3650.0,0.1,0.15,22.0,0.49389,0.125,0.8201823276549752,OTM
2023-06-30,2023-07-06,PUT,6.0,4450.23,3700.0,0.1,0.15,6.0,0.46208,0.125,0.8314177020064132,OTM
2023-06-30,2023-07-06,PUT,6.0,4450.23,3750.0,0.15,0.2,1.0,0.44494,0.175,0.8426530763578512,OTM
2023-06-30,2023-07-06,PUT,6.0,4450.23,3800.0,0.15,0.2,10.0,0.41254,0.175,0.8538884507092893,OTM
2023-06-30,2023-07-06,PUT,6.0,4450.23,3850.0,0.15,0.25,31.0,0.38645,0.2,0.8651238250607273,OTM
2023-06-30,2023-07-06,PUT,6.0,4450.23,3875.0,0.15,0.25,92.0,0.37086,0.2,0.8707415122364462,OTM
2023-06-30,2023-07-06,PUT,6.0,4450.23,3900.0,0.15,0.25,2.0,0.3549,0.2,0.8763591994121653,OTM
2023-06-30,2023-07-06,PUT,6.0,4450.23,3925.0,0.2,0.25,1.0,0.34362,0.225,0.8819768865878843,OTM
2023-06-30,2023-07-06,PUT,6.0,4450.23,3950.0,0.2,0.3,1.0,0.33146,0.25,0.8875945737636033,OTM
2023-06-30,2023-07-06,PUT,6.0,4450.23,3975.0,0.2,0.3,32.0,0.31548,0.25,0.8932122609393224,OTM
2023-06-30,2023-07-06,PUT,6.0,4450.23,4000.0,0.2,0.3,158.0,0.29989,0.25,0.8988299481150414,OTM
2023-06-30,2023-07-06,PUT,6.0,4450.23,4025.0,0.25,0.35,76.0,0.28944,0.3,0.9044476352907603,OTM
2023-06-30,2023-07-06,PUT,6.0,4450.23,4050.0,0.25,0.35,15.0,0.27284,0.3,0.9100653224664793,OTM
2023-06-30,2023-07-06,PUT,6.0,4450.23,4060.0,0.25,0.35,35.0,0.26704,0.3,0.912312397336767,OTM
2023-06-30,2023-07-06,PUT,6.0,4450.23,4070.0,0.25,0.35,44.0,0.26055,0.3,0.9145594722070546,OTM
2023-06-30,2023-07-06,PUT,6.0,4450.23,4075.0,0.25,0.35,7.0,0.25703,0.3,0.9156830096421984,OTM
2023-06-30,2023-07-06,PUT,6.0,4450.23,4080.0,0.3,0.35,1.0,0.25593,0.32499999999999996,0.9168065470773421,OTM
2023-06-30,2023-07-06,PUT,6.0,4450.23,4090.0,0.3,0.35,17.0,0.24935,0.32499999999999996,0.9190536219476297,OTM
2023-06-30,2023-07-06,PUT,6.0,4450.23,4100.0,0.3,0.4,49.0,0.24509,0.35,0.9213006968179174,OTM
2023-06-30,2023-07-06,PUT,6.0,4450.23,4110.0,0.3,0.4,852.0,0.23904,0.35,0.923547771688205,OTM
2023-06-30,2023-07-06,PUT,6.0,4450.23,4120.0,0.3,0.4,1.0,0.23246,0.35,0.9257948465584925,OTM
2023-06-30,2023-07-06,PUT,6.0,4450.23,4125.0,0.3,0.4,2.0,0.22883,0.35,0.9269183839936364,OTM
2023-06-30,2023-07-06,PUT,6.0,4450.23,4130.0,0.3,0.4,13.0,0.22538,0.35,0.9280419214287802,OTM
2023-06-30,2023-07-06,PUT,6.0,4450.23,4135.0,0.3,0.4,32.0,0.22206,0.35,0.929165458863924,OTM
2023-06-30,2023-07-06,PUT,6.0,4450.23,4140.0,0.3,0.4,46.0,0.21913,0.35,0.9302889962990678,OTM
2023-06-30,2023-07-06,PUT,6.0,4450.23,4145.0,0.35,0.4,10.0,0.21791,0.375,0.9314125337342116,OTM
2023-06-30,2023-07-06,PUT,6.0,4450.23,4150.0,0.35,0.4,2.0,0.21483,0.375,0.9325360711693553,OTM
2023-06-30,2023-07-06,PUT,6.0,4450.23,4155.0,0.35,0.45,500.0,0.21302,0.4,0.9336596086044991,OTM
2023-06-30,2023-07-06,PUT,6.0,4450.23,4160.0,0.35,0.45,35.0,0.20956,0.4,0.934783146039643,OTM
2023-06-30,2023-07-06,PUT,6.0,4450.23,4165.0,0.35,0.45,2.0,0.20561,0.4,0.9359066834747868,OTM
2023-06-30,2023-07-06,PUT,6.0,4450.23,4170.0,0.35,0.45,1.0,0.20303,0.4,0.9370302209099306,OTM
2023-06-30,2023-07-06,PUT,6.0,4450.23,4175.0,0.35,0.45,27.0,0.1991,0.4,0.9381537583450744,OTM
2023-06-30,2023-07-06,PUT,6.0,4450.23,4180.0,0.35,0.45,28.0,0.1959,0.4,0.9392772957802182,OTM
2023-06-30,2023-07-06,PUT,6.0,4450.23,4185.0,0.35,0.45,13.0,0.19311,0.4,0.9404008332153619,OTM
2023-06-30,2023-07-06,PUT,6.0,4450.23,4190.0,0.4,0.45,1.0,0.1907,0.42500000000000004,0.9415243706505058,OTM
2023-06-30,2023-07-06,PUT,6.0,4450.23,4195.0,0.4,0.45,1.0,0.18762,0.42500000000000004,0.9426479080856496,OTM
2023-06-30,2023-07-06,PUT,6.0,4450.23,4200.0,0.4,0.5,36.0,0.18539,0.45,0.9437714455207934,OTM
2023-06-30,2023-07-06,PUT,6.0,4450.23,4205.0,0.4,0.5,1.0,0.18196,0.45,0.9448949829559372,OTM
2023-06-30,2023-07-06,PUT,6.0,4450.23,4210.0,0.4,0.5,1.0,0.17875,0.45,0.946018520391081,OTM
2023-06-30,2023-07-06,PUT,6.0,4450.23,4215.0,0.4,0.5,2.0,0.1751,0.45,0.9471420578262248,OTM
2023-06-30,2023-07-06,PUT,6.0,4450.23,4220.0,0.4,0.5,1.0,0.17201,0.45,0.9482655952613686,OTM
2023-06-30,2023-07-06,PUT,6.0,4450.23,4225.0,0.4,0.5,510.0,0.16829,0.45,0.9493891326965124,OTM
2023-06-30,2023-07-06,PUT,6.0,4450.23,4230.0,0.45,0.5,17.0,0.16606,0.475,0.9505126701316562,OTM
2023-06-30,2023-07-06,PUT,6.0,4450.23,4235.0,0.45,0.55,9.0,0.16454,0.5,0.9516362075668,OTM
2023-06-30,2023-07-06,PUT,6.0,4450.23,4240.0,0.45,0.55,32.0,0.16054,0.5,0.9527597450019438,OTM
2023-06-30,2023-07-06,PUT,6.0,4450.23,4245.0,0.45,0.55,13.0,0.15732,0.5,0.9538832824370876,OTM
2023-06-30,2023-07-06,PUT,6.0,4450.23,4250.0,0.45,0.55,13.0,0.15418,0.5,0.9550068198722315,OTM
2023-06-30,2023-07-06,PUT,6.0,4450.23,4255.0,0.45,0.55,101.0,0.15022,0.5,0.9561303573073752,OTM
2023-06-30,2023-07-06,PUT,6.0,4450.23,4260.0,0.5,0.55,16.0,0.14812,0.525,0.957253894742519,OTM
2023-06-30,2023-07-06,PUT,6.0,4450.23,4265.0,0.5,0.6,82.0,0.14598,0.55,0.9583774321776628,OTM
2023-06-30,2023-07-06,PUT,6.0,4450.23,4270.0,0.5,0.6,30.0,0.14191,0.55,0.9595009696128066,OTM
2023-06-30,2023-07-06,PUT,6.0,4450.23,4275.0,0.5,0.6,3.0,0.13855,0.55,0.9606245070479504,OTM
2023-06-30,2023-07-06,PUT,6.0,4450.23,4280.0,0.5,0.6,6.0,0.13485,0.55,0.9617480444830943,OTM
2023-06-30,2023-07-06,PUT,6.0,4450.23,4285.0,0.55,0.65,78.0,0.13342,0.6000000000000001,0.9628715819182381,OTM
2023-06-30,2023-07-06,PUT,6.0,4450.23,4290.0,0.55,0.65,44.0,0.12934,0.6000000000000001,0.9639951193533818,OTM
2023-06-30,2023-07-06,PUT,6.0,4450.23,4295.0,0.55,0.65,10.0,0.12627,0.6000000000000001,0.9651186567885256,OTM
2023-06-30,2023-07-06,PUT,6.0,4450.23,4300.0,0.55,0.65,586.0,0.12195,0.6000000000000001,0.9662421942236694,OTM
2023-06-30,2023-07-06,PUT,6.0,4450.23,4305.0,0.6,0.7,63.0,0.12014,0.6499999999999999,0.9673657316588132,OTM
2023-06-30,2023-07-06,PUT,6.0,4450.23,4310.0,0.6,0.7,282.0,0.11658,0.6499999999999999,0.968489269093957,OTM
2023-06-30,2023-07-06,PUT,6.0,4450.23,4315.0,0.6,0.7,62.0,0.11323,0.6499999999999999,0.9696128065291009,OTM
2023-06-30,2023-07-06,PUT,6.0,4450.23,4320.0,0.65,0.75,162.0,0.11073,0.7,0.9707363439642447,OTM
2023-06-30,2023-07-06,PUT,6.0,4450.23,4325.0,0.65,0.8,171.0,0.10706,0.7250000000000001,0.9718598813993884,OTM
2023-06-30,2023-07-06,PUT,6.0,4450.23,4330.0,0.7,0.8,306.0,0.10395,0.75,0.9729834188345322,OTM
2023-06-30,2023-07-06,PUT,6.0,4450.23,4335.0,0.75,0.85,107.0,0.10141,0.8,0.974106956269676,OTM
2023-06-30,2023-07-06,PUT,6.0,4450.23,4340.0,0.8,0.9,146.0,0.09897,0.8500000000000001,0.9752304937048198,OTM
2023-06-30,2023-07-06,PUT,6.0,4450.23,4345.0,0.85,0.95,192.0,0.09592,0.8999999999999999,0.9763540311399637,OTM
2023-06-30,2023-07-06,PUT,6.0,4450.23,4350.0,0.9,1.0,117.0,0.09271,0.95,0.9774775685751075,OTM
2023-06-30,2023-07-06,PUT,6.0,4450.23,4355.0,1.0,1.1,22.0,0.09093,1.05,0.9786011060102513,OTM
2023-06-30,2023-07-06,PUT,6.0,4450.23,4360.0,1.05,1.2,102.0,0.08764,1.125,0.979724643445395,OTM
2023-06-30,2023-07-06,PUT,6.0,4450.23,4365.0,1.2,1.3,42.0,0.08531,1.25,0.9808481808805388,OTM
2023-06-30,2023-07-06,PUT,6.0,4450.23,4370.0,1.35,1.45,64.0,0.0835,1.4,0.9819717183156826,OTM
2023-06-30,2023-07-06,PUT,6.0,4450.23,4375.0,1.5,1.65,301.0,0.08169,1.575,0.9830952557508265,OTM
2023-06-30,2023-07-06,PUT,6.0,4450.23,4380.0,1.7,1.85,99.0,0.07869,1.775,0.9842187931859703,OTM
2023-06-30,2023-07-06,PUT,6.0,4450.23,4385.0,2.0,2.1,237.0,0.07721,2.05,0.9853423306211141,OTM
2023-06-30,2023-07-06,PUT,6.0,4450.23,4390.0,2.3,2.45,184.0,0.07544,2.375,0.9864658680562579,OTM
2023-06-30,2023-07-06,PUT,6.0,4450.23,4395.0,2.7,2.9,125.0,0.07444,2.8,0.9875894054914016,OTM
2023-06-30,2023-07-06,PUT,6.0,4450.23,4400.0,3.1,3.3,189.0,0.07221,3.2,0.9887129429265454,OTM
2023-06-30,2023-07-06,PUT,6.0,4450.23,4405.0,3.7,3.9,156.0,0.07105,3.8,0.9898364803616893,OTM
2023-06-30,2023-07-06,PUT,6.0,4450.23,4410.0,4.3,4.6,95.0,0.06928,4.449999999999999,0.9909600177968331,ATM
2023-06-30,2023-07-06,PUT,6.0,4450.23,4415.0,5.1,5.4,330.0,0.06778,5.25,0.9920835552319769,ATM
2023-06-30,2023-07-06,PUT,6.0,4450.23,4420.0,6.0,6.4,194.0,0.06642,6.2,0.9932070926671207,ATM
2023-06-30,2023-07-06,PUT,6.0,4450.23,4425.0,7.1,7.7,338.0,0.06503,7.4,0.9943306301022645,ATM
2023-06-30,2023-07-06,PUT,6.0,4450.23,4430.0,8.4,8.6,178.0,0.06341,8.5,0.9954541675374082,ATM
2023-06-30,2023-07-06,PUT,6.0,4450.23,4435.0,9.8,10.2,145.0,0.06151,10.0,0.996577704972552,ATM
2023-06-30,2023-07-06,PUT,6.0,4450.23,4440.0,11.5,12.1,93.0,0.0608,11.8,0.9977012424076959,ATM
2023-06-30,2023-07-06,PUT,6.0,4450.23,4445.0,13.6,14.0,109.0,0.05952,13.8,0.9988247798428397,ATM
2023-06-30,2023-07-06,PUT,6.0,4450.23,4450.0,15.8,16.2,104.0,0.05754,16.0,0.9999483172779835,ATM
2023-06-30,2023-07-06,PUT,6.0,4450.23,4455.0,18.1,18.5,116.0,0.05524,18.3,1.0010718547131272,ATM
2023-06-30,2023-07-06,PUT,6.0,4450.23,4460.0,20.8,21.3,42.0,0.05273,21.05,1.0021953921482711,ATM
2023-06-30,2023-07-06,PUT,6.0,4450.23,4465.0,22.5,24.8,19.0,0.04892,23.65,1.0033189295834148,ATM
2023-06-30,2023-07-06,PUT,6.0,4450.23,4470.0,26.7,27.2,5.0,0.04526,26.95,1.0044424670185588,ATM
2023-06-30,2023-07-06,PUT,6.0,4450.23,4475.0,30.0,31.0,12.0,0.04015,30.5,1.0055660044537025,ATM
2023-06-30,2023-07-06,PUT,6.0,4450.23,4480.0,32.3,35.3,102.0,0.00107,33.8,1.0066895418888462,ATM
2023-06-30,2023-07-06,PUT,6.0,4450.23,4485.0,35.9,38.9,2.0,0.0011,37.4,1.0078130793239901,ATM
2023-06-30,2023-07-06,PUT,6.0,4450.23,4490.0,39.8,43.1,1.0,0.0005,41.45,1.0089366167591338,ATM
2023-06-30,2023-07-06,PUT,6.0,4450.23,4495.0,43.8,47.3,7.0,0.0009,45.55,1.0100601541942777,ITM
2023-06-30,2023-07-07,PUT,7.0,4450.23,3575.0,0.1,0.2,1365.0,0.51316,0.15000000000000002,0.8033292661278182,OTM
2023-06-30,2023-07-07,PUT,7.0,4450.23,3600.0,0.1,0.2,903.0,0.49778,0.15000000000000002,0.8089469533035372,OTM
2023-06-30,2023-07-07,PUT,7.0,4450.23,3625.0,0.1,0.2,20.0,0.48327,0.15000000000000002,0.8145646404792563,OTM
2023-06-30,2023-07-07,PUT,7.0,4450.23,3650.0,0.1,0.2,420.0,0.46779,0.15000000000000002,0.8201823276549752,OTM
2023-06-30,2023-07-07,PUT,7.0,4450.23,3675.0,0.15,0.2,288.0,0.45973,0.175,0.8258000148306942,OTM
2023-06-30,2023-07-07,PUT,7.0,4450.23,3680.0,0.15,0.2,330.0,0.45637,0.175,0.826923552265838,OTM
2023-06-30,2023-07-07,PUT,7.0,4450.23,3700.0,0.15,0.2,900.0,0.44467,0.175,0.8314177020064132,OTM
2023-06-30,2023-07-07,PUT,7.0,4450.23,3710.0,0.15,0.25,87.0,0.44445,0.2,0.8336647768767008,OTM
2023-06-30,2023-07-07,PUT,7.0,4450.23,3720.0,0.15,0.25,1.0,0.43882,0.2,0.8359118517469885,OTM
2023-06-30,2023-07-07,PUT,7.0,4450.23,3725.0,0.2,0.25,3.0,0.44041,0.225,0.8370353891821323,OTM
2023-06-30,2023-07-07,PUT,7.0,4450.23,3730.0,0.15,0.25,2.0,0.43222,0.2,0.8381589266172761,OTM
2023-06-30,2023-07-07,PUT,7.0,4450.23,3740.0,0.15,0.25,547.0,0.4263,0.2,0.8404060014875636,OTM
2023-06-30,2023-07-07,PUT,7.0,4450.23,3750.0,0.15,0.25,1283.0,0.42085,0.2,0.8426530763578512,OTM
2023-06-30,2023-07-07,PUT,7.0,4450.23,3760.0,0.15,0.25,119.0,0.41391,0.2,0.8449001512281389,OTM
2023-06-30,2023-07-07,PUT,7.0,4450.23,3770.0,0.2,0.25,541.0,0.41318,0.225,0.8471472260984264,OTM
2023-06-30,2023-07-07,PUT,7.0,4450.23,3775.0,0.2,0.25,184.0,0.41015,0.225,0.8482707635335702,OTM
2023-06-30,2023-07-07,PUT,7.0,4450.23,3780.0,0.2,0.25,275.0,0.4066,0.225,0.849394300968714,OTM
2023-06-30,2023-07-07,PUT,7.0,4450.23,3790.0,0.2,0.3,20.0,0.40575,0.25,0.8516413758390017,OTM
2023-06-30,2023-07-07,PUT,7.0,4450.23,3800.0,0.2,0.25,1280.0,0.39534,0.225,0.8538884507092893,OTM
2023-06-30,2023-07-07,PUT,7.0,4450.23,3810.0,0.2,0.3,122.0,0.39345,0.25,0.8561355255795768,OTM
2023-06-30,2023-07-07,PUT,7.0,4450.23,3820.0,0.2,0.3,3.0,0.38686,0.25,0.8583826004498645,OTM
2023-06-30,2023-07-07,PUT,7.0,4450.23,3825.0,0.2,0.3,1.0,0.38411,0.25,0.8595061378850083,OTM
2023-06-30,2023-07-07,PUT,7.0,4450.23,3830.0,0.2,0.3,4.0,0.38111,0.25,0.8606296753201521,OTM
2023-06-30,2023-07-07,PUT,7.0,4450.23,3840.0,0.2,0.3,11.0,0.37523,0.25,0.8628767501904396,OTM
2023-06-30,2023-07-07,PUT,7.0,4450.23,3850.0,0.25,0.3,2.0,0.37286,0.275,0.8651238250607273,OTM
2023-06-30,2023-07-07,PUT,7.0,4450.23,3860.0,0.25,0.3,1600.0,0.36635,0.275,0.8673708999310149,OTM
2023-06-30,2023-07-07,PUT,7.0,4450.23,3870.0,0.25,0.3,311.0,0.36032,0.275,0.8696179748013025,OTM
2023-06-30,2023-07-07,PUT,7.0,4450.23,3875.0,0.25,0.3,50.0,0.35783,0.275,0.8707415122364462,OTM
2023-06-30,2023-07-07,PUT,7.0,4450.23,3880.0,0.25,0.3,5.0,0.35438,0.275,0.8718650496715901,OTM
2023-06-30,2023-07-07,PUT,7.0,4450.23,3890.0,0.25,0.35,3.0,0.35134,0.3,0.8741121245418777,OTM
2023-06-30,2023-07-07,PUT,7.0,4450.23,3900.0,0.25,0.3,1999.0,0.34265,0.275,0.8763591994121653,OTM
2023-06-30,2023-07-07,PUT,7.0,4450.23,3910.0,0.25,0.35,200.0,0.33983,0.3,0.8786062742824529,OTM
2023-06-30,2023-07-07,PUT,7.0,4450.23,3920.0,0.3,0.35,53.0,0.33679,0.32499999999999996,0.8808533491527405,OTM
2023-06-30,2023-07-07,PUT,7.0,4450.23,3925.0,0.3,0.35,15.0,0.33343,0.32499999999999996,0.8819768865878843,OTM
2023-06-30,2023-07-07,PUT,7.0,4450.23,3930.0,0.3,0.35,1.0,0.33064,0.32499999999999996,0.8831004240230281,OTM
2023-06-30,2023-07-07,PUT,7.0,4450.23,3940.0,0.3,0.35,2.0,0.32463,0.32499999999999996,0.8853474988933158,OTM
2023-06-30,2023-07-07,PUT,7.0,4450.23,3950.0,0.3,0.4,1466.0,0.3202,0.35,0.8875945737636033,OTM
2023-06-30,2023-07-07,PUT,7.0,4450.23,3960.0,0.3,0.4,7.0,0.31416,0.35,0.8898416486338909,OTM
2023-06-30,2023-07-07,PUT,7.0,4450.23,3970.0,0.3,0.4,5.0,0.30836,0.35,0.8920887235041786,OTM
2023-06-30,2023-07-07,PUT,7.0,4450.23,3975.0,0.3,0.4,15.0,0.3055,0.35,0.8932122609393224,OTM
2023-06-30,2023-07-07,PUT,7.0,4450.23,3980.0,0.3,0.4,1.0,0.30238,0.35,0.8943357983744661,OTM
2023-06-30,2023-07-07,PUT,7.0,4450.23,3985.0,0.3,0.4,3.0,0.29927,0.35,0.8954593358096099,OTM
2023-06-30,2023-07-07,PUT,7.0,4450.23,3990.0,0.35,0.4,3.0,0.29851,0.375,0.8965828732447537,OTM
2023-06-30,2023-07-07,PUT,7.0,4450.23,3995.0,0.35,0.4,2.0,0.29528,0.375,0.8977064106798975,OTM
2023-06-30,2023-07-07,PUT,7.0,4450.23,4000.0,0.35,0.4,461.0,0.29279,0.375,0.8988299481150414,OTM
2023-06-30,2023-07-07,PUT,7.0,4450.23,4005.0,0.35,0.4,305.0,0.28972,0.375,0.8999534855501852,OTM
2023-06-30,2023-07-07,PUT,7.0,4450.23,4010.0,0.35,0.45,61.0,0.28869,0.4,0.901077022985329,OTM
2023-06-30,2023-07-07,PUT,7.0,4450.23,4015.0,0.35,0.45,51.0,0.28548,0.4,0.9022005604204727,OTM
2023-06-30,2023-07-07,PUT,7.0,4450.23,4020.0,0.35,0.45,256.0,0.28174,0.4,0.9033240978556165,OTM
2023-06-30,2023-07-07,PUT,7.0,4450.23,4025.0,0.35,0.45,37.0,0.27913,0.4,0.9044476352907603,OTM
2023-06-30,2023-07-07,PUT,7.0,4450.23,4030.0,0.35,0.45,3.0,0.27571,0.4,0.9055711727259041,OTM
2023-06-30,2023-07-07,PUT,7.0,4450.23,4035.0,0.35,0.45,50.0,0.27277,0.4,0.906694710161048,OTM
2023-06-30,2023-07-07,PUT,7.0,4450.23,4040.0,0.35,0.45,53.0,0.26943,0.4,0.9078182475961918,OTM
2023-06-30,2023-07-07,PUT,7.0,4450.23,4045.0,0.4,0.45,20.0,0.269,0.42500000000000004,0.9089417850313356,OTM
2023-06-30,2023-07-07,PUT,7.0,4450.23,4050.0,0.4,0.45,2048.0,0.26535,0.42500000000000004,0.9100653224664793,OTM
2023-06-30,2023-07-07,PUT,7.0,4450.23,4055.0,0.4,0.45,120.0,0.26216,0.42500000000000004,0.9111888599016231,OTM
2023-06-30,2023-07-07,PUT,7.0,4450.23,4060.0,0.4,0.45,105.0,0.25965,0.42500000000000004,0.912312397336767,OTM
2023-06-30,2023-07-07,PUT,7.0,4450.23,4065.0,0.4,0.5,106.0,0.25799,0.45,0.9134359347719108,OTM
2023-06-30,2023-07-07,PUT,7.0,4450.23,4070.0,0.4,0.5,70.0,0.25449,0.45,0.9145594722070546,OTM
2023-06-30,2023-07-07,PUT,7.0,4450.23,4075.0,0.4,0.5,105.0,0.25152,0.45,0.9156830096421984,OTM
2023-06-30,2023-07-07,PUT,7.0,4450.23,4080.0,0.4,0.5,103.0,0.24831,0.45,0.9168065470773421,OTM
2023-06-30,2023-07-07,PUT,7.0,4450.23,4085.0,0.4,0.5,85.0,0.24523,0.45,0.9179300845124859,OTM
2023-06-30,2023-07-07,PUT,7.0,4450.23,4090.0,0.4,0.5,206.0,0.24252,0.45,0.9190536219476297,OTM
2023-06-30,2023-07-07,PUT,7.0,4450.23,4095.0,0.45,0.5,72.0,0.24057,0.475,0.9201771593827736,OTM
2023-06-30,2023-07-07,PUT,7.0,4450.23,4100.0,0.45,0.5,193.0,0.23794,0.475,0.9213006968179174,OTM
2023-06-30,2023-07-07,PUT,7.0,4450.23,4105.0,0.45,0.55,41.0,0.23619,0.5,0.9224242342530612,OTM
2023-06-30,2023-07-07,PUT,7.0,4450.23,4110.0,0.45,0.55,87.0,0.2326,0.5,0.923547771688205,OTM
2023-06-30,2023-07-07,PUT,7.0,4450.23,4115.0,0.45,0.55,109.0,0.22969,0.5,0.9246713091233487,OTM
2023-06-30,2023-07-07,PUT,7.0,4450.23,4120.0,0.45,0.55,213.0,0.22704,0.5,0.9257948465584925,OTM
2023-06-30,2023-07-07,PUT,7.0,4450.23,4125.0,0.45,0.55,44.0,0.22358,0.5,0.9269183839936364,OTM
2023-06-30,2023-07-07,PUT,7.0,4450.23,4130.0,0.45,0.55,40.0,0.22052,0.5,0.9280419214287802,OTM
2023-06-30,2023-07-07,PUT,7.0,4450.23,4135.0,0.5,0.55,43.0,0.21877,0.525,0.929165458863924,OTM
2023-06-30,2023-07-07,PUT,7.0,4450.23,4140.0,0.5,0.55,140.0,0.21567,0.525,0.9302889962990678,OTM
2023-06-30,2023-07-07,PUT,7.0,4450.23,4145.0,0.5,0.6,74.0,0.21342,0.55,0.9314125337342116,OTM
2023-06-30,2023-07-07,PUT,7.0,4450.23,4150.0,0.5,0.6,361.0,0.21063,0.55,0.9325360711693553,OTM
2023-06-30,2023-07-07,PUT,7.0,4450.23,4155.0,0.5,0.6,180.0,0.20672,0.55,0.9336596086044991,OTM
2023-06-30,2023-07-07,PUT,7.0,4450.23,4160.0,0.5,0.6,620.0,0.2038,0.55,0.934783146039643,OTM
2023-06-30,2023-07-07,PUT,7.0,4450.23,4165.0,0.5,0.6,1429.0,0.20056,0.55,0.9359066834747868,OTM
2023-06-30,2023-07-07,PUT,7.0,4450.23,4170.0,0.55,0.6,1528.0,0.19906,0.575,0.9370302209099306,OTM
2023-06-30,2023-07-07,PUT,7.0,4450.23,4175.0,0.55,0.65,155.0,0.1969,0.6000000000000001,0.9381537583450744,OTM
2023-06-30,2023-07-07,PUT,7.0,4450.23,4180.0,0.55,0.65,145.0,0.19326,0.6000000000000001,0.9392772957802182,OTM
2023-06-30,2023-07-07,PUT,7.0,4450.23,4185.0,0.55,0.65,58.0,0.19008,0.6000000000000001,0.9404008332153619,OTM
2023-06-30,2023-07-07,PUT,7.0,4450.23,4190.0,0.55,0.65,120.0,0.18652,0.6000000000000001,0.9415243706505058,OTM
2023-06-30,2023-07-07,PUT,7.0,4450.23,4195.0,0.55,0.65,180.0,0.18351,0.6000000000000001,0.9426479080856496,OTM
2023-06-30,2023-07-07,PUT,7.0,4450.23,4200.0,0.6,0.65,1366.0,0.18152,0.625,0.9437714455207934,OTM
2023-06-30,2023-07-07,PUT,7.0,4450.23,4205.0,0.6,0.7,81.0,0.1788,0.6499999999999999,0.9448949829559372,OTM
2023-06-30,2023-07-07,PUT,7.0,4450.23,4210.0,0.6,0.7,322.0,0.176,0.6499999999999999,0.946018520391081,OTM
2023-06-30,2023-07-07,PUT,7.0,4450.23,4215.0,0.6,0.7,229.0,0.17284,0.6499999999999999,0.9471420578262248,OTM
2023-06-30,2023-07-07,PUT,7.0,4450.23,4220.0,0.6,0.7,198.0,0.16916,0.6499999999999999,0.9482655952613686,OTM
2023-06-30,2023-07-07,PUT,7.0,4450.23,4225.0,0.65,0.7,1105.0,0.16656,0.675,0.9493891326965124,OTM
2023-06-30,2023-07-07,PUT,7.0,4450.23,4230.0,0.65,0.75,201.0,0.16452,0.7,0.9505126701316562,OTM
2023-06-30,2023-07-07,PUT,7.0,4450.23,4235.0,0.65,0.75,680.0,0.16114,0.7,0.9516362075668,OTM
2023-06-30,2023-07-07,PUT,7.0,4450.23,4240.0,0.65,0.75,205.0,0.15802,0.7,0.9527597450019438,OTM
2023-06-30,2023-07-07,PUT,7.0,4450.23,4245.0,0.65,0.75,598.0,0.15407,0.7,0.9538832824370876,OTM
2023-06-30,2023-07-07,PUT,7.0,4450.23,4250.0,0.7,0.8,794.0,0.15242,0.75,0.9550068198722315,OTM
2023-06-30,2023-07-07,PUT,7.0,4450.23,4255.0,0.7,0.8,293.0,0.14946,0.75,0.9561303573073752,OTM
2023-06-30,2023-07-07,PUT,7.0,4450.23,4260.0,0.7,0.8,268.0,0.14618,0.75,0.957253894742519,OTM
2023-06-30,2023-07-07,PUT,7.0,4450.23,4265.0,0.75,0.85,324.0,0.14374,0.8,0.9583774321776628,OTM
2023-06-30,2023-07-07,PUT,7.0,4450.23,4270.0,0.75,0.85,347.0,0.14052,0.8,0.9595009696128066,OTM
2023-06-30,2023-07-07,PUT,7.0,4450.23,4275.0,0.75,0.85,1092.0,0.137,0.8,0.9606245070479504,OTM
2023-06-30,2023-07-07,PUT,7.0,4450.23,4280.0,0.8,0.9,170.0,0.13476,0.8500000000000001,0.9617480444830943,OTM
2023-06-30,2023-07-07,PUT,7.0,4450.23,4285.0,0.8,0.9,218.0,0.13166,0.8500000000000001,0.9628715819182381,OTM
2023-06-30,2023-07-07,PUT,7.0,4450.23,4290.0,0.85,0.95,417.0,0.12884,0.8999999999999999,0.9639951193533818,OTM
2023-06-30,2023-07-07,PUT,7.0,4450.23,4295.0,0.85,0.95,460.0,0.12524,0.8999999999999999,0.9651186567885256,OTM
2023-06-30,2023-07-07,PUT,7.0,4450.23,4300.0,0.9,1.0,2130.0,0.12331,0.95,0.9662421942236694,OTM
2023-06-30,2023-07-07,PUT,7.0,4450.23,4305.0,0.95,1.05,335.0,0.12053,1.0,0.9673657316588132,OTM
2023-06-30,2023-07-07,PUT,7.0,4450.23,4310.0,0.95,1.05,583.0,0.11696,1.0,0.968489269093957,OTM
2023-06-30,2023-07-07,PUT,7.0,4450.23,4315.0,1.0,1.1,419.0,0.11492,1.05,0.9696128065291009,OTM
2023-06-30,2023-07-07,PUT,7.0,4450.23,4320.0,1.05,1.15,547.0,0.11136,1.1,0.9707363439642447,OTM
2023-06-30,2023-07-07,PUT,7.0,4450.23,4325.0,1.15,1.2,856.0,0.10925,1.1749999999999998,0.9718598813993884,OTM
2023-06-30,2023-07-07,PUT,7.0,4450.23,4330.0,1.2,1.3,706.0,0.10734,1.25,0.9729834188345322,OTM
2023-06-30,2023-07-07,PUT,7.0,4450.23,4335.0,1.3,1.4,1118.0,0.10432,1.35,0.974106956269676,OTM
2023-06-30,2023-07-07,PUT,7.0,4450.23,4340.0,1.4,1.5,344.0,0.10268,1.45,0.9752304937048198,OTM
2023-06-30,2023-07-07,PUT,7.0,4450.23,4345.0,1.5,1.65,2261.0,0.10064,1.575,0.9763540311399637,OTM
2023-06-30,2023-07-07,PUT,7.0,4450.23,4350.0,1.65,1.85,5148.0,0.09863,1.75,0.9774775685751075,OTM
2023-06-30,2023-07-07,PUT,7.0,4450.23,4355.0,1.85,2.0,281.0,0.0966,1.925,0.9786011060102513,OTM
2023-06-30,2023-07-07,PUT,7.0,4450.23,4360.0,2.05,2.2,461.0,0.09416,2.125,0.979724643445395,OTM
2023-06-30,2023-07-07,PUT,7.0,4450.23,4365.0,2.25,2.4,502.0,0.09245,2.325,0.9808481808805388,OTM
2023-06-30,2023-07-07,PUT,7.0,4450.23,4370.0,2.5,2.75,484.0,0.09061,2.625,0.9819717183156826,OTM
2023-06-30,2023-07-07,PUT,7.0,4450.23,4375.0,2.85,3.1,619.0,0.08932,2.975,0.9830952557508265,OTM
2023-06-30,2023-07-07,PUT,7.0,4450.23,4380.0,3.2,3.4,510.0,0.08786,3.3,0.9842187931859703,OTM
2023-06-30,2023-07-07,PUT,7.0,4450.23,4385.0,3.6,3.8,254.0,0.08557,3.7,0.9853423306211141,OTM
2023-06-30,2023-07-07,PUT,7.0,4450.23,4390.0,4.0,4.3,1423.0,0.08369,4.15,0.9864658680562579,OTM
2023-06-30,2023-07-07,PUT,7.0,4450.23,4395.0,4.6,4.9,1529.0,0.08217,4.75,0.9875894054914016,OTM
2023-06-30,2023-07-07,PUT,7.0,4450.23,4400.0,5.3,5.6,4468.0,0.08177,5.449999999999999,0.9887129429265454,OTM
2023-06-30,2023-07-07,PUT,7.0,4450.23,4405.0,6.0,6.3,341.0,0.07993,6.15,0.9898364803616893,OTM
2023-06-30,2023-07-07,PUT,7.0,4450.23,4410.0,6.9,7.1,616.0,0.07861,7.0,0.9909600177968331,ATM
2023-06-30,2023-07-07,PUT,7.0,4450.23,4415.0,7.8,8.6,625.0,0.0781,8.2,0.9920835552319769,ATM
2023-06-30,2023-07-07,PUT,7.0,4450.23,4420.0,9.0,9.3,654.0,0.07528,9.15,0.9932070926671207,ATM
2023-06-30,2023-07-07,PUT,7.0,4450.23,4425.0,10.3,10.6,1481.0,0.07405,10.45,0.9943306301022645,ATM
2023-06-30,2023-07-07,PUT,7.0,4450.23,4430.0,11.7,12.0,509.0,0.07339,11.85,0.9954541675374082,ATM
2023-06-30,2023-07-07,PUT,7.0,4450.23,4435.0,13.2,14.3,713.0,0.07257,13.75,0.996577704972552,ATM
2023-06-30,2023-07-07,PUT,7.0,4450.23,4440.0,15.0,15.4,1133.0,0.07051,15.2,0.9977012424076959,ATM
2023-06-30,2023-07-07,PUT,7.0,4450.23,4445.0,16.9,18.3,1080.0,0.07025,17.6,0.9988247798428397,ATM
2023-06-30,2023-07-07,PUT,7.0,4450.23,4450.0,19.1,20.5,3608.0,0.06918,19.8,0.9999483172779835,ATM
2023-06-30,2023-07-07,PUT,7.0,4450.23,4455.0,21.5,22.1,171.0,0.06578,21.8,1.0010718547131272,ATM
2023-06-30,2023-07-07,PUT,7.0,4450.23,4460.0,24.1,24.6,227.0,0.06401,24.35,1.0021953921482711,ATM
2023-06-30,2023-07-07,PUT,7.0,4450.23,4465.0,26.9,27.3,34.0,0.06151,27.1,1.0033189295834148,ATM
2023-06-30,2023-07-07,PUT,7.0,4450.23,4470.0,29.7,30.9,94.0,0.05985,30.299999999999997,1.0044424670185588,ATM
2023-06-30,2023-07-07,PUT,7.0,4450.23,4475.0,33.1,34.8,332.0,0.05946,33.95,1.0055660044537025,ATM
2023-06-30,2023-07-07,PUT,7.0,4450.23,4480.0,36.2,37.5,110.0,0.05355,36.85,1.0066895418888462,ATM
2023-06-30,2023-07-07,PUT,7.0,4450.23,4485.0,39.0,41.8,26.0,0.04734,40.4,1.0078130793239901,ATM
2023-06-30,2023-07-07,PUT,7.0,4450.23,4490.0,42.3,45.4,18.0,0.00042,43.849999999999994,1.0089366167591338,ATM
2023-06-30,2023-07-07,PUT,7.0,4450.23,4495.0,46.1,49.5,1.0,0.00075,47.8,1.0100601541942777,ITM
2023-06-30,2023-07-07,PUT,7.0,4450.23,4500.0,50.1,53.6,79.0,0.00043,51.85,1.0111836916294215,ITM
2023-06-30,2023-07-07,PUT,7.0,4450.23,4505.0,54.5,57.7,29.0,0.00028,56.1,1.0123072290645654,ITM
2023-06-30,2023-07-07,PUT,7.0,4450.23,4510.0,58.4,62.0,7.0,0.00105,60.2,1.013430766499709,ITM
2023-06-30,2023-07-10,PUT,10.0,4450.23,3600.0,0.2,0.3,303.0,0.44425,0.25,0.8089469533035372,OTM
2023-06-30,2023-07-10,PUT,10.0,4450.23,3650.0,0.2,0.3,25.0,0.4173,0.25,0.8201823276549752,OTM
2023-06-30,2023-07-10,PUT,10.0,4450.23,3700.0,0.25,0.35,1500.0,0.39892,0.3,0.8314177020064132,OTM
2023-06-30,2023-07-10,PUT,10.0,4450.23,3750.0,0.25,0.35,1.0,0.37226,0.3,0.8426530763578512,OTM
2023-06-30,2023-07-10,PUT,10.0,4450.23,3800.0,0.3,0.4,3.0,0.35141,0.35,0.8538884507092893,OTM
2023-06-30,2023-07-10,PUT,10.0,4450.23,3850.0,0.35,0.45,4.0,0.3293,0.4,0.8651238250607273,OTM
2023-06-30,2023-07-10,PUT,10.0,4450.23,3900.0,0.4,0.5,9.0,0.30682,0.45,0.8763591994121653,OTM
2023-06-30,2023-07-10,PUT,10.0,4450.23,3925.0,0.4,0.5,3.0,0.29364,0.45,0.8819768865878843,OTM
2023-06-30,2023-07-10,PUT,10.0,4450.23,3950.0,0.45,0.5,101.0,0.28277,0.475,0.8875945737636033,OTM
2023-06-30,2023-07-10,PUT,10.0,4450.23,3975.0,0.45,0.55,61.0,0.27059,0.5,0.8932122609393224,OTM
2023-06-30,2023-07-10,PUT,10.0,4450.23,4000.0,0.5,0.6,1526.0,0.26006,0.55,0.8988299481150414,OTM
2023-06-30,2023-07-10,PUT,10.0,4450.23,4010.0,0.5,0.6,15.0,0.25438,0.55,0.901077022985329,OTM
2023-06-30,2023-07-10,PUT,10.0,4450.23,4020.0,0.5,0.6,1.0,0.249,0.55,0.9033240978556165,OTM
2023-06-30,2023-07-10,PUT,10.0,4450.23,4025.0,0.5,0.6,112.0,0.24636,0.55,0.9044476352907603,OTM
2023-06-30,2023-07-10,PUT,10.0,4450.23,4030.0,0.55,0.6,14.0,0.2455,0.575,0.9055711727259041,OTM
2023-06-30,2023-07-10,PUT,10.0,4450.23,4040.0,0.55,0.65,3.0,0.24109,0.6000000000000001,0.9078182475961918,OTM
2023-06-30,2023-07-10,PUT,10.0,4450.23,4050.0,0.55,0.65,1.0,0.23615,0.6000000000000001,0.9100653224664793,OTM
2023-06-30,2023-07-10,PUT,10.0,4450.23,4060.0,0.55,0.65,2.0,0.22984,0.6000000000000001,0.912312397336767,OTM
2023-06-30,2023-07-10,PUT,10.0,4450.23,4070.0,0.6,0.7,1.0,0.22725,0.6499999999999999,0.9145594722070546,OTM
2023-06-30,2023-07-10,PUT,10.0,4450.23,4075.0,0.6,0.7,6.0,0.22435,0.6499999999999999,0.9156830096421984,OTM
2023-06-30,2023-07-10,PUT,10.0,4450.23,4080.0,0.6,0.7,20.0,0.22176,0.6499999999999999,0.9168065470773421,OTM
2023-06-30,2023-07-10,PUT,10.0,4450.23,4090.0,0.6,0.7,10.0,0.21561,0.6499999999999999,0.9190536219476297,OTM
2023-06-30,2023-07-10,PUT,10.0,4450.23,4100.0,0.65,0.7,19.0,0.21174,0.675,0.9213006968179174,OTM
2023-06-30,2023-07-10,PUT,10.0,4450.23,4105.0,0.65,0.75,21.0,0.21036,0.7,0.9224242342530612,OTM
2023-06-30,2023-07-10,PUT,10.0,4450.23,4110.0,0.65,0.75,20.0,0.20733,0.7,0.923547771688205,OTM
2023-06-30,2023-07-10,PUT,10.0,4450.23,4115.0,0.65,0.75,20.0,0.20418,0.7,0.9246713091233487,OTM
2023-06-30,2023-07-10,PUT,10.0,4450.23,4120.0,0.65,0.75,10.0,0.20204,0.7,0.9257948465584925,OTM
2023-06-30,2023-07-10,PUT,10.0,4450.23,4125.0,0.65,0.75,1.0,0.19918,0.7,0.9269183839936364,OTM
2023-06-30,2023-07-10,PUT,10.0,4450.23,4130.0,0.7,0.8,2.0,0.19824,0.75,0.9280419214287802,OTM
2023-06-30,2023-07-10,PUT,10.0,4450.23,4135.0,0.7,0.8,27.0,0.19464,0.75,0.929165458863924,OTM
2023-06-30,2023-07-10,PUT,10.0,4450.23,4140.0,0.7,0.8,10.0,0.19238,0.75,0.9302889962990678,OTM
2023-06-30,2023-07-10,PUT,10.0,4450.23,4145.0,0.7,0.8,85.0,0.1894,0.75,0.9314125337342116,OTM
2023-06-30,2023-07-10,PUT,10.0,4450.23,4150.0,0.7,0.8,3.0,0.18641,0.75,0.9325360711693553,OTM
2023-06-30,2023-07-10,PUT,10.0,4450.23,4155.0,0.75,0.85,10.0,0.18544,0.8,0.9336596086044991,OTM
2023-06-30,2023-07-10,PUT,10.0,4450.23,4160.0,0.75,0.85,180.0,0.18281,0.8,0.934783146039643,OTM
2023-06-30,2023-07-10,PUT,10.0,4450.23,4165.0,0.75,0.85,1.0,0.17953,0.8,0.9359066834747868,OTM
2023-06-30,2023-07-10,PUT,10.0,4450.23,4170.0,0.75,0.85,21.0,0.17687,0.8,0.9370302209099306,OTM
2023-06-30,2023-07-10,PUT,10.0,4450.23,4175.0,0.75,0.85,1.0,0.17479,0.8,0.9381537583450744,OTM
2023-06-30,2023-07-10,PUT,10.0,4450.23,4180.0,0.8,0.9,7.0,0.17276,0.8500000000000001,0.9392772957802182,OTM
2023-06-30,2023-07-10,PUT,10.0,4450.23,4185.0,0.8,0.9,2.0,0.17058,0.8500000000000001,0.9404008332153619,OTM
2023-06-30,2023-07-10,PUT,10.0,4450.23,4190.0,0.8,0.9,100.0,0.16717,0.8500000000000001,0.9415243706505058,OTM
2023-06-30,2023-07-10,PUT,10.0,4450.23,4195.0,0.8,0.9,1.0,0.16443,0.8500000000000001,0.9426479080856496,OTM
2023-06-30,2023-07-10,PUT,10.0,4450.23,4200.0,0.85,0.95,22.0,0.16295,0.8999999999999999,0.9437714455207934,OTM
2023-06-30,2023-07-10,PUT,10.0,4450.23,4205.0,0.85,0.95,1.0,0.16014,0.8999999999999999,0.9448949829559372,OTM
2023-06-30,2023-07-10,PUT,10.0,4450.23,4210.0,0.85,0.95,2.0,0.15732,0.8999999999999999,0.946018520391081,OTM
2023-06-30,2023-07-10,PUT,10.0,4450.23,4215.0,0.85,1.0,1.0,0.15473,0.925,0.9471420578262248,OTM
2023-06-30,2023-07-10,PUT,10.0,4450.23,4220.0,0.9,1.0,50.0,0.15304,0.95,0.9482655952613686,OTM
2023-06-30,2023-07-10,PUT,10.0,4450.23,4225.0,0.9,1.0,33.0,0.14921,0.95,0.9493891326965124,OTM
2023-06-30,2023-07-10,PUT,10.0,4450.23,4230.0,0.9,1.0,5.0,0.1472,0.95,0.9505126701316562,OTM
2023-06-30,2023-07-10,PUT,10.0,4450.23,4235.0,0.95,1.05,9.0,0.14535,1.0,0.9516362075668,OTM
2023-06-30,2023-07-10,PUT,10.0,4450.23,4240.0,0.95,1.05,18.0,0.14155,1.0,0.9527597450019438,OTM
2023-06-30,2023-07-10,PUT,10.0,4450.23,4245.0,0.95,1.1,6.0,0.14005,1.025,0.9538832824370876,OTM
2023-06-30,2023-07-10,PUT,10.0,4450.23,4250.0,1.0,1.1,140.0,0.13725,1.05,0.9550068198722315,OTM
2023-06-30,2023-07-10,PUT,10.0,4450.23,4255.0,1.0,1.15,23.0,0.13457,1.075,0.9561303573073752,OTM
2023-06-30,2023-07-10,PUT,10.0,4450.23,4260.0,1.05,1.15,437.0,0.13255,1.1,0.957253894742519,OTM
2023-06-30,2023-07-10,PUT,10.0,4450.23,4265.0,1.05,1.2,27.0,0.1298,1.125,0.9583774321776628,OTM
2023-06-30,2023-07-10,PUT,10.0,4450.23,4270.0,1.1,1.2,12.0,0.12739,1.15,0.9595009696128066,OTM
2023-06-30,2023-07-10,PUT,10.0,4450.23,4275.0,1.15,1.25,17.0,0.12498,1.2,0.9606245070479504,OTM
2023-06-30,2023-07-10,PUT,10.0,4450.23,4280.0,1.2,1.3,10.0,0.12293,1.25,0.9617480444830943,OTM
2023-06-30,2023-07-10,PUT,10.0,4450.23,4285.0,1.2,1.35,2.0,0.12041,1.275,0.9628715819182381,OTM
2023-06-30,2023-07-10,PUT,10.0,4450.23,4290.0,1.25,1.4,1038.0,0.11808,1.325,0.9639951193533818,OTM
2023-06-30,2023-07-10,PUT,10.0,4450.23,4295.0,1.3,1.45,13.0,0.11545,1.375,0.9651186567885256,OTM
2023-06-30,2023-07-10,PUT,10.0,4450.23,4300.0,1.4,1.5,148.0,0.11326,1.45,0.9662421942236694,OTM
2023-06-30,2023-07-10,PUT,10.0,4450.23,4305.0,1.45,1.6,19.0,0.11178,1.525,0.9673657316588132,OTM
2023-06-30,2023-07-10,PUT,10.0,4450.23,4310.0,1.55,1.65,190.0,0.10907,1.6,0.968489269093957,OTM
2023-06-30,2023-07-10,PUT,10.0,4450.23,4315.0,1.65,1.75,46.0,0.10717,1.7,0.9696128065291009,OTM
2023-06-30,2023-07-10,PUT,10.0,4450.23,4320.0,1.75,1.9,118.0,0.10521,1.825,0.9707363439642447,OTM
2023-06-30,2023-07-10,PUT,10.0,4450.23,4325.0,1.85,2.0,17.0,0.10335,1.925,0.9718598813993884,OTM
2023-06-30,2023-07-10,PUT,10.0,4450.23,4330.0,2.0,2.15,27.0,0.10179,2.075,0.9729834188345322,OTM
2023-06-30,2023-07-10,PUT,10.0,4450.23,4335.0,2.15,2.3,49.0,0.1001,2.2249999999999996,0.974106956269676,OTM
2023-06-30,2023-07-10,PUT,10.0,4450.23,4340.0,2.3,2.5,2185.0,0.09835,2.4,0.9752304937048198,OTM
2023-06-30,2023-07-10,PUT,10.0,4450.23,4345.0,2.5,2.7,29.0,0.09653,2.6,0.9763540311399637,OTM
2023-06-30,2023-07-10,PUT,10.0,4450.23,4350.0,2.7,2.85,224.0,0.09414,2.7750000000000004,0.9774775685751075,OTM
2023-06-30,2023-07-10,PUT,10.0,4450.23,4355.0,2.95,3.2,20.0,0.09233,3.075,0.9786011060102513,OTM
2023-06-30,2023-07-10,PUT,10.0,4450.23,4360.0,3.2,3.5,135.0,0.09112,3.35,0.979724643445395,OTM
2023-06-30,2023-07-10,PUT,10.0,4450.23,4365.0,3.6,3.8,41.0,0.08934,3.7,0.9808481808805388,OTM
2023-06-30,2023-07-10,PUT,10.0,4450.23,4370.0,3.9,4.1,75.0,0.0881,4.0,0.9819717183156826,OTM
2023-06-30,2023-07-10,PUT,10.0,4450.23,4375.0,4.3,4.6,112.0,0.08591,4.449999999999999,0.9830952557508265,OTM
2023-06-30,2023-07-10,PUT,10.0,4450.23,4380.0,4.8,5.0,61.0,0.08482,4.9,0.9842187931859703,OTM
2023-06-30,2023-07-10,PUT,10.0,4450.23,4385.0,5.3,5.6,234.0,0.0838,5.449999999999999,0.9853423306211141,OTM
2023-06-30,2023-07-10,PUT,10.0,4450.23,4390.0,5.9,6.1,67.0,0.08189,6.0,0.9864658680562579,OTM
2023-06-30,2023-07-10,PUT,10.0,4450.23,4395.0,6.6,6.9,61.0,0.08112,6.75,0.9875894054914016,OTM
2023-06-30,2023-07-10,PUT,10.0,4450.23,4400.0,6.5,8.4,249.0,0.07953,7.45,0.9887129429265454,OTM
2023-06-30,2023-07-10,PUT,10.0,4450.23,4405.0,7.1,9.7,49.0,0.07879,8.399999999999999,0.9898364803616893,OTM
2023-06-30,2023-07-10,PUT,10.0,4450.23,4410.0,9.2,9.5,59.0,0.07713,9.35,0.9909600177968331,ATM
2023-06-30,2023-07-10,PUT,10.0,4450.23,4415.0,10.3,10.6,29.0,0.0761,10.45,0.9920835552319769,ATM
2023-06-30,2023-07-10,PUT,10.0,4450.23,4420.0,11.5,12.0,237.0,0.07525,11.75,0.9932070926671207,ATM
2023-06-30,2023-07-10,PUT,10.0,4450.23,4425.0,12.6,14.3,239.0,0.07525,13.45,0.9943306301022645,ATM
2023-06-30,2023-07-10,PUT,10.0,4450.23,4430.0,14.3,14.6,45.0,0.07256,14.45,0.9954541675374082,ATM
2023-06-30,2023-07-10,PUT,10.0,4450.23,4435.0,16.0,16.6,41.0,0.07178,16.3,0.996577704972552,ATM
2023-06-30,2023-07-10,PUT,10.0,4450.23,4440.0,17.6,18.4,95.0,0.07088,18.0,0.9977012424076959,ATM
2023-06-30,2023-07-10,PUT,10.0,4450.23,4445.0,17.4,21.5,40.0,0.067,19.45,0.9988247798428397,ATM
2023-06-30,2023-07-10,PUT,10.0,4450.23,4450.0,21.8,22.6,136.0,0.06823,22.200000000000003,0.9999483172779835,ATM
2023-06-30,2023-07-10,PUT,10.0,4450.23,4455.0,24.2,24.6,42.0,0.06623,24.4,1.0010718547131272,ATM
2023-06-30,2023-07-10,PUT,10.0,4450.23,4460.0,23.7,28.5,159.0,0.06203,26.1,1.0021953921482711,ATM
2023-06-30,2023-07-10,PUT,10.0,4450.23,4465.0,29.4,29.9,11.0,0.06424,29.65,1.0033189295834148,ATM
2023-06-30,2023-07-10,PUT,10.0,4450.23,4470.0,32.3,32.7,51.0,0.06189,32.5,1.0044424670185588,ATM
2023-06-30,2023-07-10,PUT,10.0,4450.23,4475.0,35.2,35.8,9.0,0.05954,35.5,1.0055660044537025,ATM
2023-06-30,2023-07-10,PUT,10.0,4450.23,4480.0,38.3,39.7,34.0,0.05899,39.0,1.0066895418888462,ATM
2023-06-30,2023-07-10,PUT,10.0,4450.23,4485.0,40.2,44.4,3.0,0.05566,42.3,1.0078130793239901,ATM
2023-06-30,2023-07-10,PUT,10.0,4450.23,4490.0,43.6,47.8,24.0,0.05216,45.7,1.0089366167591338,ATM
2023-06-30,2023-07-10,PUT,10.0,4450.23,4495.0,45.2,53.1,3.0,0.04535,49.150000000000006,1.0100601541942777,ITM
2023-06-30,2023-07-10,PUT,10.0,4450.23,4500.0,48.9,56.8,3.0,0.02266,52.849999999999994,1.0111836916294215,ITM
2023-06-30,2023-07-10,PUT,10.0,4450.23,4505.0,52.7,60.8,1.0,0.00055,56.75,1.0123072290645654,ITM
2023-06-30,2023-07-10,PUT,10.0,4450.23,4510.0,57.0,64.2,1.0,0.00055,60.6,1.013430766499709,ITM
2023-06-30,2023-07-11,PUT,11.0,4450.23,3600.0,0.25,0.35,25.0,0.4324,0.3,0.8089469533035372,OTM
2023-06-30,2023-07-11,PUT,11.0,4450.23,3650.0,0.3,0.4,5000.0,0.41375,0.35,0.8201823276549752,OTM
2023-06-30,2023-07-11,PUT,11.0,4450.23,3700.0,0.3,0.4,1.0,0.38754,0.35,0.8314177020064132,OTM
2023-06-30,2023-07-11,PUT,11.0,4450.23,3725.0,0.35,0.45,25.0,0.37974,0.4,0.8370353891821323,OTM
2023-06-30,2023-07-11,PUT,11.0,4450.23,3750.0,0.35,0.45,1.0,0.36716,0.4,0.8426530763578512,OTM
2023-06-30,2023-07-11,PUT,11.0,4450.23,3775.0,0.4,0.5,9.0,0.35848,0.45,0.8482707635335702,OTM
2023-06-30,2023-07-11,PUT,11.0,4450.23,3800.0,0.4,0.5,11.0,0.34572,0.45,0.8538884507092893,OTM
2023-06-30,2023-07-11,PUT,11.0,4450.23,3825.0,0.4,0.5,10.0,0.33278,0.45,0.8595061378850083,OTM
2023-06-30,2023-07-11,PUT,11.0,4450.23,3850.0,0.45,0.55,2.0,0.32375,0.5,0.8651238250607273,OTM
2023-06-30,2023-07-11,PUT,11.0,4450.23,3875.0,0.45,0.55,50.0,0.31077,0.5,0.8707415122364462,OTM
2023-06-30,2023-07-11,PUT,11.0,4450.23,3900.0,0.5,0.6,4.0,0.30125,0.55,0.8763591994121653,OTM
2023-06-30,2023-07-11,PUT,11.0,4450.23,3925.0,0.5,0.65,10.0,0.28967,0.575,0.8819768865878843,OTM
2023-06-30,2023-07-11,PUT,11.0,4450.23,3950.0,0.55,0.65,9.0,0.27849,0.6000000000000001,0.8875945737636033,OTM
2023-06-30,2023-07-11,PUT,11.0,4450.23,3975.0,0.6,0.7,21.0,0.26759,0.6499999999999999,0.8932122609393224,OTM
2023-06-30,2023-07-11,PUT,11.0,4450.23,4000.0,0.65,0.75,1.0,0.25661,0.7,0.8988299481150414,OTM
2023-06-30,2023-07-11,PUT,11.0,4450.23,4025.0,0.65,0.75,1.0,0.24364,0.7,0.9044476352907603,OTM
2023-06-30,2023-07-11,PUT,11.0,4450.23,4050.0,0.7,0.8,40.0,0.23271,0.75,0.9100653224664793,OTM
2023-06-30,2023-07-11,PUT,11.0,4450.23,4060.0,0.75,0.8,14.0,0.22838,0.775,0.912312397336767,OTM
2023-06-30,2023-07-11,PUT,11.0,4450.23,4070.0,0.75,0.85,2.0,0.22367,0.8,0.9145594722070546,OTM
2023-06-30,2023-07-11,PUT,11.0,4450.23,4075.0,0.75,0.85,20.0,0.2209,0.8,0.9156830096421984,OTM
2023-06-30,2023-07-11,PUT,11.0,4450.23,4080.0,0.75,0.85,181.0,0.21799,0.8,0.9168065470773421,OTM
2023-06-30,2023-07-11,PUT,11.0,4450.23,4090.0,0.8,0.9,21.0,0.21512,0.8500000000000001,0.9190536219476297,OTM
2023-06-30,2023-07-11,PUT,11.0,4450.23,4100.0,0.8,0.9,51.0,0.20903,0.8500000000000001,0.9213006968179174,OTM
2023-06-30,2023-07-11,PUT,11.0,4450.23,4110.0,0.85,0.9,1.0,0.20468,0.875,0.923547771688205,OTM
2023-06-30,2023-07-11,PUT,11.0,4450.23,4120.0,0.85,0.95,1.0,0.20003,0.8999999999999999,0.9257948465584925,OTM
2023-06-30,2023-07-11,PUT,11.0,4450.23,4125.0,0.85,0.95,20.0,0.1975,0.8999999999999999,0.9269183839936364,OTM
2023-06-30,2023-07-11,PUT,11.0,4450.23,4130.0,0.85,0.95,4.0,0.19447,0.8999999999999999,0.9280419214287802,OTM
2023-06-30,2023-07-11,PUT,11.0,4450.23,4140.0,0.9,1.05,3.0,0.19131,0.9750000000000001,0.9302889962990678,OTM
2023-06-30,2023-07-11,PUT,11.0,4450.23,4150.0,0.9,1.0,1.0,0.18477,0.95,0.9325360711693553,OTM
2023-06-30,2023-07-11,PUT,11.0,4450.23,4155.0,0.95,1.05,10.0,0.18392,1.0,0.9336596086044991,OTM
2023-06-30,2023-07-11,PUT,11.0,4450.23,4160.0,0.95,1.05,1.0,0.1805,1.0,0.934783146039643,OTM
2023-06-30,2023-07-11,PUT,11.0,4450.23,4165.0,0.95,1.05,17.0,0.17816,1.0,0.9359066834747868,OTM
2023-06-30,2023-07-11,PUT,11.0,4450.23,4170.0,0.95,1.1,342.0,0.17588,1.025,0.9370302209099306,OTM
2023-06-30,2023-07-11,PUT,11.0,4450.23,4175.0,1.0,1.1,50.0,0.17378,1.05,0.9381537583450744,OTM
2023-06-30,2023-07-11,PUT,11.0,4450.23,4180.0,1.0,1.1,47.0,0.1713,1.05,0.9392772957802182,OTM
2023-06-30,2023-07-11,PUT,11.0,4450.23,4185.0,1.0,1.1,4.0,0.16854,1.05,0.9404008332153619,OTM
2023-06-30,2023-07-11,PUT,11.0,4450.23,4190.0,1.0,1.15,10.0,0.16668,1.075,0.9415243706505058,OTM
2023-06-30,2023-07-11,PUT,11.0,4450.23,4195.0,1.05,1.15,56.0,0.16366,1.1,0.9426479080856496,OTM
2023-06-30,2023-07-11,PUT,11.0,4450.23,4200.0,1.05,1.15,13.0,0.16078,1.1,0.9437714455207934,OTM
2023-06-30,2023-07-11,PUT,11.0,4450.23,4205.0,1.05,1.2,2.0,0.15922,1.125,0.9448949829559372,OTM
2023-06-30,2023-07-11,PUT,11.0,4450.23,4210.0,1.15,1.25,2.0,0.15739,1.2,0.946018520391081,OTM
2023-06-30,2023-07-11,PUT,11.0,4450.23,4215.0,1.1,1.25,15.0,0.15398,1.175,0.9471420578262248,OTM
2023-06-30,2023-07-11,PUT,11.0,4450.23,4220.0,1.1,1.25,19.0,0.15156,1.175,0.9482655952613686,OTM
2023-06-30,2023-07-11,PUT,11.0,4450.23,4225.0,1.15,1.25,11.0,0.14946,1.2,0.9493891326965124,OTM
2023-06-30,2023-07-11,PUT,11.0,4450.23,4230.0,1.15,1.3,369.0,0.14715,1.225,0.9505126701316562,OTM
2023-06-30,2023-07-11,PUT,11.0,4450.23,4235.0,1.2,1.3,3.0,0.1446,1.25,0.9516362075668,OTM
2023-06-30,2023-07-11,PUT,11.0,4450.23,4240.0,1.2,1.35,9.0,0.14228,1.275,0.9527597450019438,OTM
2023-06-30,2023-07-11,PUT,11.0,4450.23,4245.0,1.25,1.4,6.0,0.13971,1.325,0.9538832824370876,OTM
2023-06-30,2023-07-11,PUT,11.0,4450.23,4250.0,1.3,1.4,104.0,0.13779,1.35,0.9550068198722315,OTM
2023-06-30,2023-07-11,PUT,11.0,4450.23,4255.0,1.3,1.45,19.0,0.13441,1.375,0.9561303573073752,OTM
2023-06-30,2023-07-11,PUT,11.0,4450.23,4260.0,1.35,1.5,14.0,0.13231,1.425,0.957253894742519,OTM
2023-06-30,2023-07-11,PUT,11.0,4450.23,4265.0,1.4,1.55,2.0,0.1309,1.475,0.9583774321776628,OTM
2023-06-30,2023-07-11,PUT,11.0,4450.23,4270.0,1.45,1.6,32.0,0.12821,1.525,0.9595009696128066,OTM
2023-06-30,2023-07-11,PUT,11.0,4450.23,4275.0,1.5,1.65,72.0,0.12582,1.575,0.9606245070479504,OTM
2023-06-30,2023-07-11,PUT,11.0,4450.23,4280.0,1.55,1.7,3.0,0.12406,1.625,0.9617480444830943,OTM
2023-06-30,2023-07-11,PUT,11.0,4450.23,4285.0,1.65,1.75,21.0,0.12161,1.7,0.9628715819182381,OTM
2023-06-30,2023-07-11,PUT,11.0,4450.23,4290.0,1.7,1.85,10.0,0.11945,1.775,0.9639951193533818,OTM
2023-06-30,2023-07-11,PUT,11.0,4450.23,4295.0,1.8,1.9,2.0,0.11719,1.85,0.9651186567885256,OTM
2023-06-30,2023-07-11,PUT,11.0,4450.23,4300.0,1.85,2.0,35.0,0.11569,1.925,0.9662421942236694,OTM
2023-06-30,2023-07-11,PUT,11.0,4450.23,4305.0,2.0,2.15,3.0,0.11419,2.075,0.9673657316588132,OTM
2023-06-30,2023-07-11,PUT,11.0,4450.23,4310.0,2.1,2.25,51.0,0.11166,2.175,0.968489269093957,OTM
2023-06-30,2023-07-11,PUT,11.0,4450.23,4315.0,2.25,2.35,5.0,0.10963,2.3,0.9696128065291009,OTM
2023-06-30,2023-07-11,PUT,11.0,4450.23,4320.0,2.35,2.55,48.0,0.10802,2.45,0.9707363439642447,OTM
2023-06-30,2023-07-11,PUT,11.0,4450.23,4325.0,2.5,2.7,22.0,0.10567,2.6,0.9718598813993884,OTM
2023-06-30,2023-07-11,PUT,11.0,4450.23,4330.0,2.7,2.9,17.0,0.10415,2.8,0.9729834188345322,OTM
2023-06-30,2023-07-11,PUT,11.0,4450.23,4335.0,2.9,3.1,1.0,0.10242,3.0,0.974106956269676,OTM
2023-06-30,2023-07-11,PUT,11.0,4450.23,4340.0,3.1,3.4,22.0,0.10161,3.25,0.9752304937048198,OTM
2023-06-30,2023-07-11,PUT,11.0,4450.23,4345.0,3.3,3.6,7.0,0.09928,3.45,0.9763540311399637,OTM
2023-06-30,2023-07-11,PUT,11.0,4450.23,4350.0,3.6,3.9,91.0,0.09785,3.75,0.9774775685751075,OTM
2023-06-30,2023-07-11,PUT,11.0,4450.23,4355.0,3.9,4.2,49.0,0.09659,4.05,0.9786011060102513,OTM
2023-06-30,2023-07-11,PUT,11.0,4450.23,4360.0,4.2,4.6,57.0,0.09496,4.4,0.979724643445395,OTM
2023-06-30,2023-07-11,PUT,11.0,4450.23,4365.0,4.6,5.0,13.0,0.09367,4.8,0.9808481808805388,OTM
2023-06-30,2023-07-11,PUT,11.0,4450.23,4370.0,5.0,5.5,15.0,0.09165,5.25,0.9819717183156826,OTM
2023-06-30,2023-07-11,PUT,11.0,4450.23,4375.0,5.5,5.8,3.0,0.08977,5.65,0.9830952557508265,OTM
2023-06-30,2023-07-11,PUT,11.0,4450.23,4380.0,6.1,6.4,66.0,0.08903,6.25,0.9842187931859703,OTM
2023-06-30,2023-07-11,PUT,11.0,4450.23,4385.0,6.0,7.6,24.0,0.08751,6.8,0.9853423306211141,OTM
2023-06-30,2023-07-11,PUT,11.0,4450.23,4390.0,7.3,7.8,94.0,0.0863,7.55,0.9864658680562579,OTM
2023-06-30,2023-07-11,PUT,11.0,4450.23,4395.0,8.0,8.4,9.0,0.08412,8.2,0.9875894054914016,OTM
2023-06-30,2023-07-11,PUT,11.0,4450.23,4400.0,8.9,9.4,119.0,0.08401,9.15,0.9887129429265454,OTM
2023-06-30,2023-07-11,PUT,11.0,4450.23,4405.0,9.9,10.4,25.0,0.08251,10.15,0.9898364803616893,OTM
2023-06-30,2023-07-11,PUT,11.0,4450.23,4410.0,10.8,11.3,7.0,0.08094,11.05,0.9909600177968331,ATM
2023-06-30,2023-07-11,PUT,11.0,4450.23,4415.0,12.0,12.2,89.0,0.07904,12.1,0.9920835552319769,ATM
2023-06-30,2023-07-11,PUT,11.0,4450.23,4420.0,13.2,13.7,5.0,0.07834,13.45,0.9932070926671207,ATM
2023-06-30,2023-07-11,PUT,11.0,4450.23,4425.0,14.6,14.9,2.0,0.07701,14.75,0.9943306301022645,ATM
2023-06-30,2023-07-11,PUT,11.0,4450.23,4430.0,16.1,16.5,3.0,0.07594,16.3,0.9954541675374082,ATM
2023-06-30,2023-07-11,PUT,11.0,4450.23,4435.0,17.8,18.1,19.0,0.07452,17.950000000000003,0.996577704972552,ATM
2023-06-30,2023-07-11,PUT,11.0,4450.23,4440.0,19.6,20.2,80.0,0.07393,19.9,0.9977012424076959,ATM
2023-06-30,2023-07-11,PUT,11.0,4450.23,4445.0,19.5,23.4,2.0,0.07214,21.45,0.9988247798428397,ATM
2023-06-30,2023-07-11,PUT,11.0,4450.23,4450.0,23.7,24.3,19.0,0.07187,24.0,0.9999483172779835,ATM
2023-06-30,2023-07-11,PUT,11.0,4450.23,4455.0,23.2,28.0,16.0,0.06904,25.6,1.0010718547131272,ATM
2023-06-30,2023-07-11,PUT,11.0,4450.23,4460.0,28.5,28.9,4.0,0.06914,28.7,1.0021953921482711,ATM
2023-06-30,2023-07-11,PUT,11.0,4450.23,4470.0,33.9,34.5,1.0,0.06693,34.2,1.0044424670185588,ATM
2023-06-30,2023-07-11,PUT,11.0,4450.23,4480.0,39.8,41.1,5.0,0.06428,40.45,1.0066895418888462,ATM
2023-06-30,2023-07-11,PUT,11.0,4450.23,4485.0,43.3,43.8,1.0,0.06122,43.55,1.0078130793239901,ATM
2023-06-30,2023-07-11,PUT,11.0,4450.23,4490.0,43.1,49.5,1.0,0.05635,46.3,1.0089366167591338,ATM
2023-06-30,2023-07-11,PUT,11.0,4450.23,4495.0,46.6,54.3,2.0,0.05567,50.45,1.0100601541942777,ITM
2023-06-30,2023-07-11,PUT,11.0,4450.23,4505.0,53.8,61.6,2.0,0.04072,57.7,1.0123072290645654,ITM
2023-06-30,2023-07-12,PUT,12.0,4450.23,3600.0,0.35,0.4,1003.0,0.42481,0.375,0.8089469533035372,OTM
2023-06-30,2023-07-12,PUT,12.0,4450.23,3650.0,0.4,0.45,194.0,0.40509,0.42500000000000004,0.8201823276549752,OTM
2023-06-30,2023-07-12,PUT,12.0,4450.23,3700.0,0.4,0.5,126.0,0.38273,0.45,0.8314177020064132,OTM
2023-06-30,2023-07-12,PUT,12.0,4450.23,3750.0,0.45,0.55,1.0,0.36185,0.5,0.8426530763578512,OTM
2023-06-30,2023-07-12,PUT,12.0,4450.23,3800.0,0.5,0.6,1.0,0.3395,0.55,0.8538884507092893,OTM
2023-06-30,2023-07-12,PUT,12.0,4450.23,3850.0,0.55,0.65,26.0,0.31733,0.6000000000000001,0.8651238250607273,OTM
2023-06-30,2023-07-12,PUT,12.0,4450.23,3900.0,0.65,0.75,261.0,0.2981,0.7,0.8763591994121653,OTM
2023-06-30,2023-07-12,PUT,12.0,4450.23,3950.0,0.7,0.8,1.0,0.27498,0.75,0.8875945737636033,OTM
2023-06-30,2023-07-12,PUT,12.0,4450.23,4000.0,0.8,0.9,274.0,0.25339,0.8500000000000001,0.8988299481150414,OTM
2023-06-30,2023-07-12,PUT,12.0,4450.23,4025.0,0.85,0.95,7.0,0.24226,0.8999999999999999,0.9044476352907603,OTM
2023-06-30,2023-07-12,PUT,12.0,4450.23,4050.0,0.9,1.0,4.0,0.23111,0.95,0.9100653224664793,OTM
2023-06-30,2023-07-12,PUT,12.0,4450.23,4075.0,0.95,1.05,1.0,0.21948,1.0,0.9156830096421984,OTM
2023-06-30,2023-07-12,PUT,12.0,4450.23,4100.0,1.0,1.15,4.0,0.20779,1.075,0.9213006968179174,OTM
2023-06-30,2023-07-12,PUT,12.0,4450.23,4110.0,1.05,1.15,6.0,0.20335,1.1,0.923547771688205,OTM
2023-06-30,2023-07-12,PUT,12.0,4450.23,4120.0,1.05,1.2,20.0,0.19877,1.125,0.9257948465584925,OTM
2023-06-30,2023-07-12,PUT,12.0,4450.23,4125.0,1.1,1.2,1.0,0.19664,1.15,0.9269183839936364,OTM
2023-06-30,2023-07-12,PUT,12.0,4450.23,4130.0,1.1,1.2,4.0,0.19369,1.15,0.9280419214287802,OTM
2023-06-30,2023-07-12,PUT,12.0,4450.23,4140.0,1.15,1.25,23.0,0.19033,1.2,0.9302889962990678,OTM
2023-06-30,2023-07-12,PUT,12.0,4450.23,4150.0,1.15,1.3,27.0,0.18539,1.225,0.9325360711693553,OTM
2023-06-30,2023-07-12,PUT,12.0,4450.23,4160.0,1.2,1.3,3.0,0.17961,1.25,0.934783146039643,OTM
2023-06-30,2023-07-12,PUT,12.0,4450.23,4165.0,1.2,1.35,1.0,0.17789,1.275,0.9359066834747868,OTM
2023-06-30,2023-07-12,PUT,12.0,4450.23,4170.0,1.25,1.35,10.0,0.17606,1.3,0.9370302209099306,OTM
2023-06-30,2023-07-12,PUT,12.0,4450.23,4175.0,1.25,1.35,2.0,0.173,1.3,0.9381537583450744,OTM
2023-06-30,2023-07-12,PUT,12.0,4450.23,4180.0,1.25,1.4,12.0,0.17078,1.325,0.9392772957802182,OTM
2023-06-30,2023-07-12,PUT,12.0,4450.23,4185.0,1.3,1.4,1.0,0.16827,1.35,0.9404008332153619,OTM
2023-06-30,2023-07-12,PUT,12.0,4450.23,4190.0,1.3,1.45,10.0,0.16604,1.375,0.9415243706505058,OTM
2023-06-30,2023-07-12,PUT,12.0,4450.23,4195.0,1.35,1.45,14.0,0.16358,1.4,0.9426479080856496,OTM
2023-06-30,2023-07-12,PUT,12.0,4450.23,4200.0,1.35,1.5,382.0,0.16185,1.425,0.9437714455207934,OTM
2023-06-30,2023-07-12,PUT,12.0,4450.23,4205.0,1.4,1.5,1.0,0.15926,1.45,0.9448949829559372,OTM
2023-06-30,2023-07-12,PUT,12.0,4450.23,4210.0,1.45,1.55,27.0,0.15746,1.5,0.946018520391081,OTM
2023-06-30,2023-07-12,PUT,12.0,4450.23,4215.0,1.45,1.6,1.0,0.15465,1.525,0.9471420578262248,OTM
2023-06-30,2023-07-12,PUT,12.0,4450.23,4220.0,1.5,1.6,1.0,0.15265,1.55,0.9482655952613686,OTM
2023-06-30,2023-07-12,PUT,12.0,4450.23,4225.0,1.55,1.65,4.0,0.15068,1.6,0.9493891326965124,OTM
2023-06-30,2023-07-12,PUT,12.0,4450.23,4230.0,1.55,1.7,83.0,0.14789,1.625,0.9505126701316562,OTM
2023-06-30,2023-07-12,PUT,12.0,4450.23,4235.0,1.6,1.75,78.0,0.14581,1.675,0.9516362075668,OTM
2023-06-30,2023-07-12,PUT,12.0,4450.23,4240.0,1.65,1.8,1.0,0.14359,1.725,0.9527597450019438,OTM
2023-06-30,2023-07-12,PUT,12.0,4450.23,4245.0,1.7,1.85,6.0,0.14212,1.775,0.9538832824370876,OTM
2023-06-30,2023-07-12,PUT,12.0,4450.23,4250.0,1.8,1.9,96.0,0.1396,1.85,0.9550068198722315,OTM
2023-06-30,2023-07-12,PUT,12.0,4450.23,4255.0,1.85,1.95,1.0,0.13723,1.9,0.9561303573073752,OTM
2023-06-30,2023-07-12,PUT,12.0,4450.23,4260.0,1.9,2.05,3.0,0.13522,1.9749999999999999,0.957253894742519,OTM
2023-06-30,2023-07-12,PUT,12.0,4450.23,4265.0,2.0,2.1,4.0,0.1333,2.05,0.9583774321776628,OTM
2023-06-30,2023-07-12,PUT,12.0,4450.23,4270.0,2.05,2.2,303.0,0.13174,2.125,0.9595009696128066,OTM
2023-06-30,2023-07-12,PUT,12.0,4450.23,4275.0,2.15,2.3,3.0,0.12931,2.2249999999999996,0.9606245070479504,OTM
2023-06-30,2023-07-12,PUT,12.0,4450.23,4280.0,2.25,2.4,12.0,0.12811,2.325,0.9617480444830943,OTM
2023-06-30,2023-07-12,PUT,12.0,4450.23,4285.0,2.35,2.5,7.0,0.12626,2.425,0.9628715819182381,OTM
2023-06-30,2023-07-12,PUT,12.0,4450.23,4290.0,2.45,2.65,22.0,0.12416,2.55,0.9639951193533818,OTM
2023-06-30,2023-07-12,PUT,12.0,4450.23,4295.0,2.6,2.75,14.0,0.12206,2.675,0.9651186567885256,OTM
2023-06-30,2023-07-12,PUT,12.0,4450.23,4300.0,2.75,2.9,19.0,0.12095,2.825,0.9662421942236694,OTM
2023-06-30,2023-07-12,PUT,12.0,4450.23,4305.0,2.9,3.1,26.0,0.11897,3.0,0.9673657316588132,OTM
2023-06-30,2023-07-12,PUT,12.0,4450.23,4310.0,3.0,3.3,35.0,0.11679,3.15,0.968489269093957,OTM
2023-06-30,2023-07-12,PUT,12.0,4450.23,4315.0,3.2,3.4,6.0,0.11476,3.3,0.9696128065291009,OTM
2023-06-30,2023-07-12,PUT,12.0,4450.23,4320.0,3.4,3.6,255.0,0.11346,3.5,0.9707363439642447,OTM
2023-06-30,2023-07-12,PUT,12.0,4450.23,4325.0,3.6,3.9,2.0,0.11172,3.75,0.9718598813993884,OTM
2023-06-30,2023-07-12,PUT,12.0,4450.23,4330.0,3.9,4.2,4.0,0.11023,4.05,0.9729834188345322,OTM
2023-06-30,2023-07-12,PUT,12.0,4450.23,4335.0,4.2,4.4,29.0,0.1082,4.300000000000001,0.974106956269676,OTM
2023-06-30,2023-07-12,PUT,12.0,4450.23,4340.0,4.4,4.7,27.0,0.10651,4.550000000000001,0.9752304937048198,OTM
2023-06-30,2023-07-12,PUT,12.0,4450.23,4345.0,4.8,5.1,11.0,0.1055,4.949999999999999,0.9763540311399637,OTM
2023-06-30,2023-07-12,PUT,12.0,4450.23,4350.0,5.2,5.4,100.0,0.10365,5.300000000000001,0.9774775685751075,OTM
2023-06-30,2023-07-12,PUT,12.0,4450.23,4355.0,5.5,5.8,13.0,0.10233,5.65,0.9786011060102513,OTM
2023-06-30,2023-07-12,PUT,12.0,4450.23,4360.0,5.9,6.2,10.0,0.10096,6.050000000000001,0.979724643445395,OTM
2023-06-30,2023-07-12,PUT,12.0,4450.23,4365.0,6.4,6.7,7.0,0.0999,6.550000000000001,0.9808481808805388,OTM
2023-06-30,2023-07-12,PUT,12.0,4450.23,4370.0,6.9,7.3,61.0,0.09851,7.1,0.9819717183156826,OTM
2023-06-30,2023-07-12,PUT,12.0,4450.23,4375.0,7.5,7.9,6.0,0.09646,7.7,0.9830952557508265,OTM
2023-06-30,2023-07-12,PUT,12.0,4450.23,4380.0,8.1,8.6,56.0,0.09562,8.35,0.9842187931859703,OTM
2023-06-30,2023-07-12,PUT,12.0,4450.23,4385.0,8.8,9.3,12.0,0.09435,9.05,0.9853423306211141,OTM
2023-06-30,2023-07-12,PUT,12.0,4450.23,4390.0,9.5,9.8,41.0,0.09222,9.65,0.9864658680562579,OTM
2023-06-30,2023-07-12,PUT,12.0,4450.23,4395.0,9.3,11.8,17.0,0.09083,10.55,0.9875894054914016,OTM
2023-06-30,2023-07-12,PUT,12.0,4450.23,4400.0,11.2,11.6,51.0,0.08997,11.399999999999999,0.9887129429265454,OTM
2023-06-30,2023-07-12,PUT,12.0,4450.23,4405.0,12.2,12.6,14.0,0.08869,12.399999999999999,0.9898364803616893,OTM
2023-06-30,2023-07-12,PUT,12.0,4450.23,4410.0,13.4,13.9,13.0,0.08771,13.65,0.9909600177968331,ATM
2023-06-30,2023-07-12,PUT,12.0,4450.23,4415.0,14.6,15.1,5.0,0.08585,14.85,0.9920835552319769,ATM
2023-06-30,2023-07-12,PUT,12.0,4450.23,4420.0,15.9,16.5,22.0,0.0852,16.2,0.9932070926671207,ATM
2023-06-30,2023-07-12,PUT,12.0,4450.23,4425.0,17.4,18.0,5.0,0.08462,17.7,0.9943306301022645,ATM
2023-06-30,2023-07-12,PUT,12.0,4450.23,4430.0,18.8,19.2,51.0,0.08255,19.0,0.9954541675374082,ATM
2023-06-30,2023-07-12,PUT,12.0,4450.23,4435.0,20.6,21.0,20.0,0.08159,20.8,0.996577704972552,ATM
2023-06-30,2023-07-12,PUT,12.0,4450.23,4440.0,22.5,23.1,64.0,0.08086,22.8,0.9977012424076959,ATM
2023-06-30,2023-07-12,PUT,12.0,4450.23,4445.0,24.5,25.1,27.0,0.08002,24.8,0.9988247798428397,ATM
2023-06-30,2023-07-12,PUT,12.0,4450.23,4450.0,26.6,27.0,68.0,0.07884,26.8,0.9999483172779835,ATM
2023-06-30,2023-07-12,PUT,12.0,4450.23,4455.0,26.5,30.9,23.0,0.07574,28.7,1.0010718547131272,ATM
2023-06-30,2023-07-12,PUT,12.0,4450.23,4460.0,31.3,31.7,18.0,0.0762,31.5,1.0021953921482711,ATM
2023-06-30,2023-07-12,PUT,12.0,4450.23,4465.0,33.9,34.3,16.0,0.07481,34.099999999999994,1.0033189295834148,ATM
2023-06-30,2023-07-12,PUT,12.0,4450.23,4470.0,36.6,37.2,8.0,0.07443,36.900000000000006,1.0044424670185588,ATM
2023-06-30,2023-07-12,PUT,12.0,4450.23,4475.0,39.1,40.5,16.0,0.0734,39.8,1.0055660044537025,ATM
2023-06-30,2023-07-12,PUT,12.0,4450.23,4480.0,42.2,43.6,5.0,0.07137,42.900000000000006,1.0066895418888462,ATM
2023-06-30,2023-07-12,PUT,12.0,4450.23,4485.0,42.4,49.5,5.0,0.06966,45.95,1.0078130793239901,ATM
2023-06-30,2023-07-12,PUT,12.0,4450.23,4490.0,49.1,49.5,1.0,0.0684,49.3,1.0089366167591338,ATM
2023-06-30,2023-07-12,PUT,12.0,4450.23,4495.0,50.8,55.0,10.0,0.06707,52.9,1.0100601541942777,ITM
2023-06-30,2023-07-12,PUT,12.0,4450.23,4500.0,53.9,59.0,12.0,0.06519,56.45,1.0111836916294215,ITM
2023-06-30,2023-07-12,PUT,12.0,4450.23,4505.0,58.0,62.7,1.0,0.06304,60.35,1.0123072290645654,ITM
2023-06-30,2023-07-12,PUT,12.0,4450.23,4510.0,59.6,68.1,2.0,0.05795,63.849999999999994,1.013430766499709,ITM
2023-06-30,2023-07-12,PUT,12.0,4450.23,4520.0,67.3,74.8,3.0,0.00059,71.05,1.0156778413699967,ITM
2023-06-30,2023-07-12,PUT,12.0,4450.23,4530.0,75.5,84.4,1.0,0.00089,79.95,1.0179249162402844,ITM
2023-06-30,2023-07-13,PUT,13.0,4450.23,3600.0,0.4,0.5,7344.0,0.4177,0.45,0.8089469533035372,OTM
2023-06-30,2023-07-13,PUT,13.0,4450.23,3650.0,0.45,0.55,1715.0,0.39815,0.5,0.8201823276549752,OTM
2023-06-30,2023-07-13,PUT,13.0,4450.23,3700.0,0.5,0.6,1.0,0.37763,0.55,0.8314177020064132,OTM
2023-06-30,2023-07-13,PUT,13.0,4450.23,3750.0,0.55,0.65,69.0,0.3557,0.6000000000000001,0.8426530763578512,OTM
2023-06-30,2023-07-13,PUT,13.0,4450.23,3800.0,0.6,0.7,34.0,0.33428,0.6499999999999999,0.8538884507092893,OTM
2023-06-30,2023-07-13,PUT,13.0,4450.23,3850.0,0.7,0.8,1.0,0.31505,0.75,0.8651238250607273,OTM
2023-06-30,2023-07-13,PUT,13.0,4450.23,3900.0,0.75,0.85,2.0,0.293,0.8,0.8763591994121653,OTM
2023-06-30,2023-07-13,PUT,13.0,4450.23,3925.0,0.8,0.9,22.0,0.28269,0.8500000000000001,0.8819768865878843,OTM
2023-06-30,2023-07-13,PUT,13.0,4450.23,3950.0,0.85,0.95,67.0,0.2714,0.8999999999999999,0.8875945737636033,OTM
2023-06-30,2023-07-13,PUT,13.0,4450.23,3975.0,0.9,1.0,14.0,0.26065,0.95,0.8932122609393224,OTM
2023-06-30,2023-07-13,PUT,13.0,4450.23,4000.0,0.95,1.05,82.0,0.24998,1.0,0.8988299481150414,OTM
2023-06-30,2023-07-13,PUT,13.0,4450.23,4025.0,1.0,1.1,68.0,0.23927,1.05,0.9044476352907603,OTM
2023-06-30,2023-07-13,PUT,13.0,4450.23,4050.0,1.05,1.2,2.0,0.22834,1.125,0.9100653224664793,OTM
2023-06-30,2023-07-13,PUT,13.0,4450.23,4075.0,1.15,1.25,6.0,0.21745,1.2,0.9156830096421984,OTM
2023-06-30,2023-07-13,PUT,13.0,4450.23,4100.0,1.2,1.35,1.0,0.20656,1.275,0.9213006968179174,OTM
2023-06-30,2023-07-13,PUT,13.0,4450.23,4120.0,1.25,1.4,7.0,0.19677,1.325,0.9257948465584925,OTM
2023-06-30,2023-07-13,PUT,13.0,4450.23,4125.0,1.3,1.4,1.0,0.1946,1.35,0.9269183839936364,OTM
2023-06-30,2023-07-13,PUT,13.0,4450.23,4130.0,1.3,1.45,2.0,0.19285,1.375,0.9280419214287802,OTM
2023-06-30,2023-07-13,PUT,13.0,4450.23,4140.0,1.35,1.45,7.0,0.18829,1.4,0.9302889962990678,OTM
2023-06-30,2023-07-13,PUT,13.0,4450.23,4150.0,1.35,1.5,2.0,0.1832,1.425,0.9325360711693553,OTM
2023-06-30,2023-07-13,PUT,13.0,4450.23,4170.0,1.45,1.6,1.0,0.17457,1.525,0.9370302209099306,OTM
2023-06-30,2023-07-13,PUT,13.0,4450.23,4175.0,1.5,1.6,24.0,0.17223,1.55,0.9381537583450744,OTM
2023-06-30,2023-07-13,PUT,13.0,4450.23,4180.0,1.5,1.65,4.0,0.16963,1.575,0.9392772957802182,OTM
2023-06-30,2023-07-13,PUT,13.0,4450.23,4185.0,1.55,1.7,19.0,0.1681,1.625,0.9404008332153619,OTM
2023-06-30,2023-07-13,PUT,13.0,4450.23,4190.0,1.55,1.7,1.0,0.16586,1.625,0.9415243706505058,OTM
2023-06-30,2023-07-13,PUT,13.0,4450.23,4195.0,1.6,1.75,1.0,0.16348,1.675,0.9426479080856496,OTM
2023-06-30,2023-07-13,PUT,13.0,4450.23,4200.0,1.65,1.8,33.0,0.16129,1.725,0.9437714455207934,OTM
2023-06-30,2023-07-13,PUT,13.0,4450.23,4205.0,1.7,1.8,1.0,0.15912,1.75,0.9448949829559372,OTM
2023-06-30,2023-07-13,PUT,13.0,4450.23,4210.0,1.7,1.85,5.0,0.15669,1.775,0.946018520391081,OTM
2023-06-30,2023-07-13,PUT,13.0,4450.23,4215.0,1.75,1.9,1.0,0.15486,1.825,0.9471420578262248,OTM
2023-06-30,2023-07-13,PUT,13.0,4450.23,4220.0,1.8,1.95,2.0,0.15283,1.875,0.9482655952613686,OTM
2023-06-30,2023-07-13,PUT,13.0,4450.23,4225.0,1.85,2.0,39.0,0.15054,1.925,0.9493891326965124,OTM
2023-06-30,2023-07-13,PUT,13.0,4450.23,4230.0,1.9,2.05,4.0,0.14856,1.9749999999999999,0.9505126701316562,OTM
2023-06-30,2023-07-13,PUT,13.0,4450.23,4235.0,1.95,2.1,1.0,0.14703,2.025,0.9516362075668,OTM
2023-06-30,2023-07-13,PUT,13.0,4450.23,4240.0,2.05,2.15,5.0,0.14466,2.0999999999999996,0.9527597450019438,OTM
2023-06-30,2023-07-13,PUT,13.0,4450.23,4245.0,2.1,2.25,1.0,0.14294,2.175,0.9538832824370876,OTM
2023-06-30,2023-07-13,PUT,13.0,4450.23,4250.0,2.15,2.3,12.0,0.14045,2.2249999999999996,0.9550068198722315,OTM
2023-06-30,2023-07-13,PUT,13.0,4450.23,4255.0,2.25,2.4,1.0,0.13855,2.325,0.9561303573073752,OTM
2023-06-30,2023-07-13,PUT,13.0,4450.23,4260.0,2.35,2.5,1.0,0.13757,2.425,0.957253894742519,OTM
2023-06-30,2023-07-13,PUT,13.0,4450.23,4265.0,2.45,2.6,4.0,0.13538,2.5250000000000004,0.9583774321776628,OTM
2023-06-30,2023-07-13,PUT,13.0,4450.23,4270.0,2.55,2.7,4.0,0.1328,2.625,0.9595009696128066,OTM
2023-06-30,2023-07-13,PUT,13.0,4450.23,4275.0,2.65,2.8,11.0,0.13102,2.7249999999999996,0.9606245070479504,OTM
2023-06-30,2023-07-13,PUT,13.0,4450.23,4280.0,2.75,2.95,6.0,0.12919,2.85,0.9617480444830943,OTM
2023-06-30,2023-07-13,PUT,13.0,4450.23,4285.0,2.9,3.1,2.0,0.12765,3.0,0.9628715819182381,OTM
2023-06-30,2023-07-13,PUT,13.0,4450.23,4290.0,3.0,3.2,4.0,0.12623,3.1,0.9639951193533818,OTM
2023-06-30,2023-07-13,PUT,13.0,4450.23,4295.0,3.2,3.4,5.0,0.12458,3.3,0.9651186567885256,OTM
2023-06-30,2023-07-13,PUT,13.0,4450.23,4300.0,3.4,3.6,3.0,0.12269,3.5,0.9662421942236694,OTM
2023-06-30,2023-07-13,PUT,13.0,4450.23,4305.0,3.5,3.8,20.0,0.12139,3.65,0.9673657316588132,OTM
2023-06-30,2023-07-13,PUT,13.0,4450.23,4310.0,3.7,4.0,26.0,0.11906,3.85,0.968489269093957,OTM
2023-06-30,2023-07-13,PUT,13.0,4450.23,4315.0,4.0,4.2,12.0,0.11784,4.1,0.9696128065291009,OTM
2023-06-30,2023-07-13,PUT,13.0,4450.23,4320.0,4.2,4.5,2.0,0.11612,4.35,0.9707363439642447,OTM
2023-06-30,2023-07-13,PUT,13.0,4450.23,4325.0,4.5,4.7,1.0,0.11451,4.6,0.9718598813993884,OTM
2023-06-30,2023-07-13,PUT,13.0,4450.23,4330.0,4.7,5.0,6.0,0.11243,4.85,0.9729834188345322,OTM
2023-06-30,2023-07-13,PUT,13.0,4450.23,4335.0,5.0,5.3,6.0,0.11129,5.15,0.974106956269676,OTM
2023-06-30,2023-07-13,PUT,13.0,4450.23,4340.0,5.4,5.7,20.0,0.1104,5.550000000000001,0.9752304937048198,OTM
2023-06-30,2023-07-13,PUT,13.0,4450.23,4345.0,5.7,6.0,36.0,0.10836,5.85,0.9763540311399637,OTM
2023-06-30,2023-07-13,PUT,13.0,4450.23,4350.0,6.1,6.4,31.0,0.1065,6.25,0.9774775685751075,OTM
2023-06-30,2023-07-13,PUT,13.0,4450.23,4355.0,6.5,6.8,16.0,0.1047,6.65,0.9786011060102513,OTM
2023-06-30,2023-07-13,PUT,13.0,4450.23,4360.0,7.0,7.4,685.0,0.10454,7.2,0.979724643445395,OTM
2023-06-30,2023-07-13,PUT,13.0,4450.23,4365.0,7.4,7.8,22.0,0.10251,7.6,0.9808481808805388,OTM
2023-06-30,2023-07-13,PUT,13.0,4450.23,4370.0,7.5,9.0,128.0,0.10072,8.25,0.9819717183156826,OTM
2023-06-30,2023-07-13,PUT,13.0,4450.23,4375.0,8.7,9.2,1603.0,0.10028,8.95,0.9830952557508265,OTM
2023-06-30,2023-07-13,PUT,13.0,4450.23,4380.0,9.3,9.8,20.0,0.09877,9.55,0.9842187931859703,OTM
2023-06-30,2023-07-13,PUT,13.0,4450.23,4385.0,10.1,10.6,7.0,0.09751,10.35,0.9853423306211141,OTM
2023-06-30,2023-07-13,PUT,13.0,4450.23,4390.0,10.8,11.4,67.0,0.09623,11.100000000000001,0.9864658680562579,OTM
2023-06-30,2023-07-13,PUT,13.0,4450.23,4395.0,10.8,12.8,29.0,0.09423,11.8,0.9875894054914016,OTM
2023-06-30,2023-07-13,PUT,13.0,4450.23,4400.0,11.4,13.8,19.0,0.09185,12.600000000000001,0.9887129429265454,OTM
2023-06-30,2023-07-13,PUT,13.0,4450.23,4405.0,12.6,14.9,1.0,0.09131,13.75,0.9898364803616893,OTM
2023-06-30,2023-07-13,PUT,13.0,4450.23,4410.0,13.6,15.5,10.0,0.08894,14.55,0.9909600177968331,ATM
2023-06-30,2023-07-13,PUT,13.0,4450.23,4415.0,16.0,16.6,3.0,0.09006,16.3,0.9920835552319769,ATM
2023-06-30,2023-07-13,PUT,13.0,4450.23,4420.0,15.7,19.4,23.0,0.0881,17.549999999999997,0.9932070926671207,ATM
2023-06-30,2023-07-13,PUT,13.0,4450.23,4425.0,18.8,19.4,1.0,0.08773,19.1,0.9943306301022645,ATM
2023-06-30,2023-07-13,PUT,13.0,4450.23,4430.0,20.3,20.8,26.0,0.08595,20.55,0.9954541675374082,ATM
2023-06-30,2023-07-13,PUT,13.0,4450.23,4435.0,22.0,22.5,1.0,0.08532,22.25,0.996577704972552,ATM
2023-06-30,2023-07-13,PUT,13.0,4450.23,4440.0,23.8,24.3,1.0,0.08367,24.05,0.9977012424076959,ATM
2023-06-30,2023-07-13,PUT,13.0,4450.23,4445.0,25.8,26.2,1.0,0.08284,26.0,0.9988247798428397,ATM
2023-06-30,2023-07-13,PUT,13.0,4450.23,4450.0,27.8,28.4,5.0,0.08217,28.1,0.9999483172779835,ATM
2023-06-30,2023-07-13,PUT,13.0,4450.23,4460.0,32.5,33.1,10.0,0.08025,32.8,1.0021953921482711,ATM
2023-06-30,2023-07-13,PUT,13.0,4450.23,4475.0,39.0,40.9,1.0,0.07454,39.95,1.0055660044537025,ATM
2023-06-30,2023-07-13,PUT,13.0,4450.23,4480.0,40.3,47.0,22.0,0.07579,43.65,1.0066895418888462,ATM
2023-06-30,2023-07-14,PUT,14.0,4450.23,3600.0,0.45,0.55,13.0,0.40832,0.5,0.8089469533035372,OTM
2023-06-30,2023-07-14,PUT,14.0,4450.23,3650.0,0.5,0.6,116.0,0.3883,0.55,0.8201823276549752,OTM
2023-06-30,2023-07-14,PUT,14.0,4450.23,3675.0,0.55,0.65,14.0,0.37979,0.6000000000000001,0.8258000148306942,OTM
2023-06-30,2023-07-14,PUT,14.0,4450.23,3700.0,0.55,0.65,11.0,0.36823,0.6000000000000001,0.8314177020064132,OTM
2023-06-30,2023-07-14,PUT,14.0,4450.23,3725.0,0.6,0.7,5.0,0.35961,0.6499999999999999,0.8370353891821323,OTM
2023-06-30,2023-07-14,PUT,14.0,4450.23,3750.0,0.65,0.75,29.0,0.35056,0.7,0.8426530763578512,OTM
2023-06-30,2023-07-14,PUT,14.0,4450.23,3760.0,0.65,0.75,24.0,0.34557,0.7,0.8449001512281389,OTM
2023-06-30,2023-07-14,PUT,14.0,4450.23,3770.0,0.65,0.75,2.0,0.34055,0.7,0.8471472260984264,OTM
2023-06-30,2023-07-14,PUT,14.0,4450.23,3775.0,0.65,0.75,1.0,0.33787,0.7,0.8482707635335702,OTM
2023-06-30,2023-07-14,PUT,14.0,4450.23,3780.0,0.7,0.8,2.0,0.33907,0.75,0.849394300968714,OTM
2023-06-30,2023-07-14,PUT,14.0,4450.23,3790.0,0.7,0.8,2.0,0.33335,0.75,0.8516413758390017,OTM
2023-06-30,2023-07-14,PUT,14.0,4450.23,3800.0,0.7,0.8,482.0,0.32929,0.75,0.8538884507092893,OTM
2023-06-30,2023-07-14,PUT,14.0,4450.23,3810.0,0.7,0.85,2.0,0.32539,0.7749999999999999,0.8561355255795768,OTM
2023-06-30,2023-07-14,PUT,14.0,4450.23,3820.0,0.75,0.85,2.0,0.32212,0.8,0.8583826004498645,OTM
2023-06-30,2023-07-14,PUT,14.0,4450.23,3825.0,0.75,0.85,2.0,0.31929,0.8,0.8595061378850083,OTM
2023-06-30,2023-07-14,PUT,14.0,4450.23,3830.0,0.75,0.85,2.0,0.31712,0.8,0.8606296753201521,OTM
2023-06-30,2023-07-14,PUT,14.0,4450.23,3840.0,0.8,0.9,2.0,0.31423,0.8500000000000001,0.8628767501904396,OTM
2023-06-30,2023-07-14,PUT,14.0,4450.23,3850.0,0.8,0.9,1178.0,0.30895,0.8500000000000001,0.8651238250607273,OTM
2023-06-30,2023-07-14,PUT,14.0,4450.23,3860.0,0.8,0.9,2.0,0.30447,0.8500000000000001,0.8673708999310149,OTM
2023-06-30,2023-07-14,PUT,14.0,4450.23,3870.0,0.85,0.95,29.0,0.30222,0.8999999999999999,0.8696179748013025,OTM
2023-06-30,2023-07-14,PUT,14.0,4450.23,3875.0,0.85,0.95,29.0,0.299,0.8999999999999999,0.8707415122364462,OTM
2023-06-30,2023-07-14,PUT,14.0,4450.23,3880.0,0.85,0.95,30.0,0.29737,0.8999999999999999,0.8718650496715901,OTM
2023-06-30,2023-07-14,PUT,14.0,4450.23,3890.0,0.85,0.95,3.0,0.29151,0.8999999999999999,0.8741121245418777,OTM
2023-06-30,2023-07-14,PUT,14.0,4450.23,3900.0,0.9,1.0,18.0,0.28913,0.95,0.8763591994121653,OTM
2023-06-30,2023-07-14,PUT,14.0,4450.23,3910.0,0.9,1.0,172.0,0.28436,0.95,0.8786062742824529,OTM
2023-06-30,2023-07-14,PUT,14.0,4450.23,3920.0,0.95,1.05,1.0,0.28114,1.0,0.8808533491527405,OTM
2023-06-30,2023-07-14,PUT,14.0,4450.23,3925.0,0.95,1.05,3.0,0.27847,1.0,0.8819768865878843,OTM
2023-06-30,2023-07-14,PUT,14.0,4450.23,3930.0,0.95,1.05,299.0,0.27673,1.0,0.8831004240230281,OTM
2023-06-30,2023-07-14,PUT,14.0,4450.23,3940.0,0.95,1.05,84.0,0.27098,1.0,0.8853474988933158,OTM
2023-06-30,2023-07-14,PUT,14.0,4450.23,3950.0,1.0,1.1,2.0,0.2685,1.05,0.8875945737636033,OTM
2023-06-30,2023-07-14,PUT,14.0,4450.23,3960.0,1.0,1.1,11.0,0.26287,1.05,0.8898416486338909,OTM
2023-06-30,2023-07-14,PUT,14.0,4450.23,3970.0,1.05,1.15,1.0,0.26023,1.1,0.8920887235041786,OTM
2023-06-30,2023-07-14,PUT,14.0,4450.23,3975.0,1.05,1.15,1.0,0.25701,1.1,0.8932122609393224,OTM
2023-06-30,2023-07-14,PUT,14.0,4450.23,3980.0,1.05,1.15,2.0,0.25476,1.1,0.8943357983744661,OTM
2023-06-30,2023-07-14,PUT,14.0,4450.23,3990.0,1.1,1.2,1.0,0.2513,1.15,0.8965828732447537,OTM
2023-06-30,2023-07-14,PUT,14.0,4450.23,4000.0,1.1,1.2,1905.0,0.24634,1.15,0.8988299481150414,OTM
2023-06-30,2023-07-14,PUT,14.0,4450.23,4010.0,1.15,1.25,1.0,0.24331,1.2,0.901077022985329,OTM
2023-06-30,2023-07-14,PUT,14.0,4450.23,4020.0,1.15,1.3,1.0,0.23843,1.225,0.9033240978556165,OTM
2023-06-30,2023-07-14,PUT,14.0,4450.23,4025.0,1.2,1.3,9.0,0.23661,1.25,0.9044476352907603,OTM
2023-06-30,2023-07-14,PUT,14.0,4450.23,4030.0,1.2,1.3,1.0,0.23405,1.25,0.9055711727259041,OTM
2023-06-30,2023-07-14,PUT,14.0,4450.23,4040.0,1.25,1.35,2.0,0.23083,1.3,0.9078182475961918,OTM
2023-06-30,2023-07-14,PUT,14.0,4450.23,4050.0,1.25,1.35,32.0,0.22597,1.3,0.9100653224664793,OTM
2023-06-30,2023-07-14,PUT,14.0,4450.23,4055.0,1.25,1.4,1.0,0.22338,1.325,0.9111888599016231,OTM
2023-06-30,2023-07-14,PUT,14.0,4450.23,4060.0,1.3,1.4,1.0,0.22206,1.35,0.912312397336767,OTM
2023-06-30,2023-07-14,PUT,14.0,4450.23,4065.0,1.3,1.4,8.0,0.21891,1.35,0.9134359347719108,OTM
2023-06-30,2023-07-14,PUT,14.0,4450.23,4070.0,1.3,1.45,3.0,0.2173,1.375,0.9145594722070546,OTM
2023-06-30,2023-07-14,PUT,14.0,4450.23,4075.0,1.35,1.45,44.0,0.21509,1.4,0.9156830096421984,OTM
2023-06-30,2023-07-14,PUT,14.0,4450.23,4080.0,1.35,1.45,2.0,0.21246,1.4,0.9168065470773421,OTM
2023-06-30,2023-07-14,PUT,14.0,4450.23,4085.0,1.35,1.5,1.0,0.21073,1.425,0.9179300845124859,OTM
2023-06-30,2023-07-14,PUT,14.0,4450.23,4090.0,1.4,1.5,59.0,0.20921,1.45,0.9190536219476297,OTM
2023-06-30,2023-07-14,PUT,14.0,4450.23,4095.0,1.4,1.5,52.0,0.2066,1.45,0.9201771593827736,OTM
2023-06-30,2023-07-14,PUT,14.0,4450.23,4100.0,1.4,1.55,4891.0,0.20394,1.475,0.9213006968179174,OTM
2023-06-30,2023-07-14,PUT,14.0,4450.23,4105.0,1.45,1.55,1.0,0.20221,1.5,0.9224242342530612,OTM
2023-06-30,2023-07-14,PUT,14.0,4450.23,4110.0,1.45,1.55,19.0,0.19948,1.5,0.923547771688205,OTM
2023-06-30,2023-07-14,PUT,14.0,4450.23,4115.0,1.45,1.6,21.0,0.19759,1.525,0.9246713091233487,OTM
2023-06-30,2023-07-14,PUT,14.0,4450.23,4120.0,1.5,1.6,61.0,0.19507,1.55,0.9257948465584925,OTM
2023-06-30,2023-07-14,PUT,14.0,4450.23,4125.0,1.5,1.65,19.0,0.1937,1.575,0.9269183839936364,OTM
2023-06-30,2023-07-14,PUT,14.0,4450.23,4130.0,1.55,1.65,5.0,0.19136,1.6,0.9280419214287802,OTM
2023-06-30,2023-07-14,PUT,14.0,4450.23,4135.0,1.55,1.65,1.0,0.1884,1.6,0.929165458863924,OTM
2023-06-30,2023-07-14,PUT,14.0,4450.23,4140.0,1.55,1.7,12.0,0.18603,1.625,0.9302889962990678,OTM
2023-06-30,2023-07-14,PUT,14.0,4450.23,4145.0,1.6,1.7,2.0,0.18455,1.65,0.9314125337342116,OTM
2023-06-30,2023-07-14,PUT,14.0,4450.23,4150.0,1.6,1.75,47.0,0.18261,1.675,0.9325360711693553,OTM
2023-06-30,2023-07-14,PUT,14.0,4450.23,4155.0,1.65,1.75,29.0,0.18042,1.7,0.9336596086044991,OTM
2023-06-30,2023-07-14,PUT,14.0,4450.23,4160.0,1.7,1.8,27.0,0.17852,1.75,0.934783146039643,OTM
2023-06-30,2023-07-14,PUT,14.0,4450.23,4165.0,1.7,1.85,12.0,0.17646,1.775,0.9359066834747868,OTM
2023-06-30,2023-07-14,PUT,14.0,4450.23,4170.0,1.75,1.85,7.0,0.17391,1.8,0.9370302209099306,OTM
2023-06-30,2023-07-14,PUT,14.0,4450.23,4175.0,1.75,1.9,100.0,0.17135,1.825,0.9381537583450744,OTM
2023-06-30,2023-07-14,PUT,14.0,4450.23,4180.0,1.8,1.95,4.0,0.16991,1.875,0.9392772957802182,OTM
2023-06-30,2023-07-14,PUT,14.0,4450.23,4185.0,1.85,2.0,9.0,0.16745,1.925,0.9404008332153619,OTM
2023-06-30,2023-07-14,PUT,14.0,4450.23,4190.0,1.9,2.0,20.0,0.1653,1.95,0.9415243706505058,OTM
2023-06-30,2023-07-14,PUT,14.0,4450.23,4195.0,1.95,2.05,1.0,0.1637,2.0,0.9426479080856496,OTM
2023-06-30,2023-07-14,PUT,14.0,4450.23,4200.0,1.95,2.1,2804.0,0.16079,2.025,0.9437714455207934,OTM
2023-06-30,2023-07-14,PUT,14.0,4450.23,4205.0,2.0,2.15,39.0,0.15905,2.075,0.9448949829559372,OTM
2023-06-30,2023-07-14,PUT,14.0,4450.23,4210.0,2.1,2.2,58.0,0.15758,2.1500000000000004,0.946018520391081,OTM
2023-06-30,2023-07-14,PUT,14.0,4450.23,4215.0,2.15,2.25,30.0,0.15506,2.2,0.9471420578262248,OTM
2023-06-30,2023-07-14,PUT,14.0,4450.23,4220.0,2.2,2.3,5.0,0.15278,2.25,0.9482655952613686,OTM
2023-06-30,2023-07-14,PUT,14.0,4450.23,4225.0,2.25,2.4,71.0,0.15137,2.325,0.9493891326965124,OTM
2023-06-30,2023-07-14,PUT,14.0,4450.23,4230.0,2.3,2.45,30.0,0.14962,2.375,0.9505126701316562,OTM
2023-06-30,2023-07-14,PUT,14.0,4450.23,4235.0,2.4,2.55,158.0,0.14778,2.4749999999999996,0.9516362075668,OTM
2023-06-30,2023-07-14,PUT,14.0,4450.23,4240.0,2.5,2.65,20.0,0.14602,2.575,0.9527597450019438,OTM
2023-06-30,2023-07-14,PUT,14.0,4450.23,4245.0,2.55,2.7,73.0,0.14396,2.625,0.9538832824370876,OTM
2023-06-30,2023-07-14,PUT,14.0,4450.23,4250.0,2.65,2.8,743.0,0.14179,2.7249999999999996,0.9550068198722315,OTM
2023-06-30,2023-07-14,PUT,14.0,4450.23,4255.0,2.75,2.9,16.0,0.14028,2.825,0.9561303573073752,OTM
2023-06-30,2023-07-14,PUT,14.0,4450.23,4260.0,2.85,3.1,48.0,0.13866,2.975,0.957253894742519,OTM
2023-06-30,2023-07-14,PUT,14.0,4450.23,4265.0,3.0,3.2,88.0,0.13686,3.1,0.9583774321776628,OTM
2023-06-30,2023-07-14,PUT,14.0,4450.23,4270.0,3.1,3.3,66.0,0.13492,3.2,0.9595009696128066,OTM
2023-06-30,2023-07-14,PUT,14.0,4450.23,4275.0,3.2,3.5,58.0,0.13316,3.35,0.9606245070479504,OTM
2023-06-30,2023-07-14,PUT,14.0,4450.23,4280.0,3.4,3.6,661.0,0.13158,3.5,0.9617480444830943,OTM
2023-06-30,2023-07-14,PUT,14.0,4450.23,4285.0,3.5,3.7,187.0,0.12917,3.6,0.9628715819182381,OTM
2023-06-30,2023-07-14,PUT,14.0,4450.23,4290.0,3.7,3.9,63.0,0.12807,3.8,0.9639951193533818,OTM
2023-06-30,2023-07-14,PUT,14.0,4450.23,4295.0,3.9,4.1,31.0,0.126,4.0,0.9651186567885256,OTM
2023-06-30,2023-07-14,PUT,14.0,4450.23,4300.0,4.1,4.3,756.0,0.12465,4.199999999999999,0.9662421942236694,OTM
2023-06-30,2023-07-14,PUT,14.0,4450.23,4305.0,4.3,4.5,37.0,0.12277,4.4,0.9673657316588132,OTM
2023-06-30,2023-07-14,PUT,14.0,4450.23,4310.0,4.5,4.7,125.0,0.12104,4.6,0.968489269093957,OTM
2023-06-30,2023-07-14,PUT,14.0,4450.23,4315.0,4.8,5.0,112.0,0.11979,4.9,0.9696128065291009,OTM
2023-06-30,2023-07-14,PUT,14.0,4450.23,4320.0,5.0,5.3,83.0,0.11796,5.15,0.9707363439642447,OTM
2023-06-30,2023-07-14,PUT,14.0,4450.23,4325.0,5.3,5.6,236.0,0.11605,5.449999999999999,0.9718598813993884,OTM
2023-06-30,2023-07-14,PUT,14.0,4450.23,4330.0,5.7,5.9,191.0,0.11511,5.800000000000001,0.9729834188345322,OTM
2023-06-30,2023-07-14,PUT,14.0,4450.23,4335.0,5.9,6.2,103.0,0.11261,6.050000000000001,0.974106956269676,OTM
2023-06-30,2023-07-14,PUT,14.0,4450.23,4340.0,6.3,6.6,81.0,0.11133,6.449999999999999,0.9752304937048198,OTM
2023-06-30,2023-07-14,PUT,14.0,4450.23,4345.0,6.7,7.1,57.0,0.11107,6.9,0.9763540311399637,OTM
2023-06-30,2023-07-14,PUT,14.0,4450.23,4350.0,7.2,7.4,1767.0,0.10902,7.300000000000001,0.9774775685751075,OTM
2023-06-30,2023-07-14,PUT,14.0,4450.23,4355.0,7.6,8.0,51.0,0.10789,7.8,0.9786011060102513,OTM
2023-06-30,2023-07-14,PUT,14.0,4450.23,4360.0,8.1,8.4,426.0,0.1063,8.25,0.979724643445395,OTM
2023-06-30,2023-07-14,PUT,14.0,4450.23,4365.0,8.6,9.0,87.0,0.10497,8.8,0.9808481808805388,OTM
2023-06-30,2023-07-14,PUT,14.0,4450.23,4370.0,9.3,9.6,105.0,0.10328,9.45,0.9819717183156826,OTM
2023-06-30,2023-07-14,PUT,14.0,4450.23,4375.0,9.8,10.2,1405.0,0.10147,10.0,0.9830952557508265,OTM
2023-06-30,2023-07-14,PUT,14.0,4450.23,4380.0,10.6,10.9,266.0,0.10064,10.75,0.9842187931859703,OTM
2023-06-30,2023-07-14,PUT,14.0,4450.23,4385.0,11.4,11.7,84.0,0.09915,11.55,0.9853423306211141,OTM
2023-06-30,2023-07-14,PUT,14.0,4450.23,4390.0,11.2,13.2,120.0,0.0974,12.2,0.9864658680562579,OTM
2023-06-30,2023-07-14,PUT,14.0,4450.23,4395.0,13.1,13.4,338.0,0.09673,13.25,0.9875894054914016,OTM
2023-06-30,2023-07-14,PUT,14.0,4450.23,4400.0,14.0,14.7,475.0,0.09567,14.35,0.9887129429265454,OTM
2023-06-30,2023-07-14,PUT,14.0,4450.23,4405.0,15.1,15.5,53.0,0.0937,15.3,0.9898364803616893,OTM
2023-06-30,2023-07-14,PUT,14.0,4450.23,4410.0,16.3,16.8,257.0,0.09344,16.55,0.9909600177968331,ATM
2023-06-30,2023-07-14,PUT,14.0,4450.23,4415.0,17.4,18.8,240.0,0.09266,18.1,0.9920835552319769,ATM
2023-06-30,2023-07-14,PUT,14.0,4450.23,4420.0,18.8,19.6,210.0,0.09093,19.200000000000003,0.9932070926671207,ATM
2023-06-30,2023-07-14,PUT,14.0,4450.23,4425.0,18.6,21.5,108.0,0.08841,20.05,0.9943306301022645,ATM
2023-06-30,2023-07-14,PUT,14.0,4450.23,4430.0,20.1,23.4,375.0,0.08781,21.75,0.9954541675374082,ATM
2023-06-30,2023-07-14,PUT,14.0,4450.23,4435.0,23.6,24.0,32.0,0.08759,23.8,0.996577704972552,ATM
2023-06-30,2023-07-14,PUT,14.0,4450.23,4440.0,23.3,27.0,339.0,0.08528,25.15,0.9977012424076959,ATM
2023-06-30,2023-07-14,PUT,14.0,4450.23,4445.0,27.2,27.8,45.0,0.08566,27.5,0.9988247798428397,ATM
2023-06-30,2023-07-14,PUT,14.0,4450.23,4450.0,29.3,30.2,486.0,0.08458,29.75,0.9999483172779835,ATM
2023-06-30,2023-07-14,PUT,14.0,4450.23,4455.0,31.6,32.0,64.0,0.08336,31.8,1.0010718547131272,ATM
2023-06-30,2023-07-14,PUT,14.0,4450.23,4460.0,34.0,34.7,70.0,0.0833,34.35,1.0021953921482711,ATM
2023-06-30,2023-07-14,PUT,14.0,4450.23,4465.0,36.5,36.9,25.0,0.0812,36.7,1.0033189295834148,ATM
2023-06-30,2023-07-14,PUT,14.0,4450.23,4470.0,37.8,40.5,85.0,0.07984,39.15,1.0044424670185588,ATM
2023-06-30,2023-07-14,PUT,14.0,4450.23,4475.0,41.5,42.9,118.0,0.08007,42.2,1.0055660044537025,ATM
2023-06-30,2023-07-14,PUT,14.0,4450.23,4480.0,44.7,45.2,62.0,0.07821,44.95,1.0066895418888462,ATM
2023-06-30,2023-07-14,PUT,14.0,4450.23,4485.0,47.6,48.2,32.0,0.07703,47.900000000000006,1.0078130793239901,ATM
2023-06-30,2023-07-14,PUT,14.0,4450.23,4490.0,50.8,51.4,47.0,0.07656,51.099999999999994,1.0089366167591338,ATM
2023-06-30,2023-07-14,PUT,14.0,4450.23,4495.0,54.2,54.8,17.0,0.07541,54.5,1.0100601541942777,ITM
2023-06-30,2023-07-14,PUT,14.0,4450.23,4500.0,54.0,61.5,5.0,0.07352,57.75,1.0111836916294215,ITM
2023-06-30,2023-07-14,PUT,14.0,4450.23,4505.0,57.4,63.8,1.0,0.06868,60.599999999999994,1.0123072290645654,ITM
2023-06-30,2023-07-14,PUT,14.0,4450.23,4510.0,60.9,68.7,14.0,0.06903,64.8,1.013430766499709,ITM
2023-06-30,2023-07-14,PUT,14.0,4450.23,4515.0,64.5,72.4,2.0,0.067,68.45,1.0145543039348528,ITM
2023-06-30,2023-07-14,PUT,14.0,4450.23,4520.0,68.2,76.1,1.0,0.06277,72.15,1.0156778413699967,ITM
2023-06-30,2023-07-14,PUT,14.0,4450.23,4525.0,72.1,80.1,2.0,0.05911,76.1,1.0168013788051404,ITM
2023-06-30,2023-07-17,PUT,17.0,4450.23,3600.0,0.55,0.65,20.0,0.38007,0.6000000000000001,0.8089469533035372,OTM
2023-06-30,2023-07-17,PUT,17.0,4450.23,3650.0,0.6,0.7,29.0,0.36092,0.6499999999999999,0.8201823276549752,OTM
2023-06-30,2023-07-17,PUT,17.0,4450.23,3700.0,0.65,0.8,4.0,0.34328,0.7250000000000001,0.8314177020064132,OTM
2023-06-30,2023-07-17,PUT,17.0,4450.23,3750.0,0.75,0.85,82.0,0.32518,0.8,0.8426530763578512,OTM
2023-06-30,2023-07-17,PUT,17.0,4450.23,3800.0,0.85,0.95,103.0,0.3066,0.8999999999999999,0.8538884507092893,OTM
2023-06-30,2023-07-17,PUT,17.0,4450.23,3850.0,0.95,1.05,2.0,0.28869,1.0,0.8651238250607273,OTM
2023-06-30,2023-07-17,PUT,17.0,4450.23,3900.0,1.05,1.15,286.0,0.26914,1.1,0.8763591994121653,OTM
2023-06-30,2023-07-17,PUT,17.0,4450.23,3950.0,1.15,1.25,5.0,0.24911,1.2,0.8875945737636033,OTM
2023-06-30,2023-07-17,PUT,17.0,4450.23,4000.0,1.3,1.4,2.0,0.2302,1.35,0.8988299481150414,OTM
2023-06-30,2023-07-17,PUT,17.0,4450.23,4025.0,1.35,1.45,1.0,0.22002,1.4,0.9044476352907603,OTM
2023-06-30,2023-07-17,PUT,17.0,4450.23,4050.0,1.4,1.55,2.0,0.21022,1.475,0.9100653224664793,OTM
2023-06-30,2023-07-17,PUT,17.0,4450.23,4070.0,1.5,1.6,1.0,0.20225,1.55,0.9145594722070546,OTM
2023-06-30,2023-07-17,PUT,17.0,4450.23,4075.0,1.5,1.65,1.0,0.2004,1.575,0.9156830096421984,OTM
2023-06-30,2023-07-17,PUT,17.0,4450.23,4080.0,1.55,1.65,7.0,0.19862,1.6,0.9168065470773421,OTM
2023-06-30,2023-07-17,PUT,17.0,4450.23,4090.0,1.55,1.7,1.0,0.19411,1.625,0.9190536219476297,OTM
2023-06-30,2023-07-17,PUT,17.0,4450.23,4100.0,1.6,1.75,1.0,0.18995,1.675,0.9213006968179174,OTM
2023-06-30,2023-07-17,PUT,17.0,4450.23,4110.0,1.65,1.8,1.0,0.18616,1.725,0.923547771688205,OTM
2023-06-30,2023-07-17,PUT,17.0,4450.23,4120.0,1.7,1.85,6.0,0.18295,1.775,0.9257948465584925,OTM
2023-06-30,2023-07-17,PUT,17.0,4450.23,4125.0,1.75,1.85,1.0,0.18061,1.8,0.9269183839936364,OTM
2023-06-30,2023-07-17,PUT,17.0,4450.23,4130.0,1.75,1.9,2.0,0.17832,1.825,0.9280419214287802,OTM
2023-06-30,2023-07-17,PUT,17.0,4450.23,4140.0,1.8,1.95,2.0,0.17484,1.875,0.9302889962990678,OTM
2023-06-30,2023-07-17,PUT,17.0,4450.23,4150.0,1.9,2.05,28.0,0.17133,1.9749999999999999,0.9325360711693553,OTM
2023-06-30,2023-07-17,PUT,17.0,4450.23,4160.0,1.95,2.1,1.0,0.1671,2.025,0.934783146039643,OTM
2023-06-30,2023-07-17,PUT,17.0,4450.23,4165.0,2.0,2.15,1.0,0.16559,2.075,0.9359066834747868,OTM
2023-06-30,2023-07-17,PUT,17.0,4450.23,4170.0,2.05,2.2,10.0,0.16363,2.125,0.9370302209099306,OTM
2023-06-30,2023-07-17,PUT,17.0,4450.23,4175.0,2.1,2.25,2.0,0.16161,2.175,0.9381537583450744,OTM
2023-06-30,2023-07-17,PUT,17.0,4450.23,4180.0,2.15,2.3,1.0,0.15946,2.2249999999999996,0.9392772957802182,OTM
2023-06-30,2023-07-17,PUT,17.0,4450.23,4185.0,2.2,2.35,1.0,0.15745,2.2750000000000004,0.9404008332153619,OTM
2023-06-30,2023-07-17,PUT,17.0,4450.23,4190.0,2.25,2.4,1.0,0.1557,2.325,0.9415243706505058,OTM
2023-06-30,2023-07-17,PUT,17.0,4450.23,4195.0,2.3,2.45,6.0,0.1541,2.375,0.9426479080856496,OTM
2023-06-30,2023-07-17,PUT,17.0,4450.23,4200.0,2.4,2.5,37.0,0.15259,2.45,0.9437714455207934,OTM
2023-06-30,2023-07-17,PUT,17.0,4450.23,4205.0,2.45,2.6,1.0,0.15129,2.5250000000000004,0.9448949829559372,OTM
2023-06-30,2023-07-17,PUT,17.0,4450.23,4210.0,2.5,2.65,3.0,0.14868,2.575,0.946018520391081,OTM
2023-06-30,2023-07-17,PUT,17.0,4450.23,4215.0,2.6,2.7,4.0,0.14734,2.6500000000000004,0.9471420578262248,OTM
2023-06-30,2023-07-17,PUT,17.0,4450.23,4220.0,2.7,2.8,10.0,0.14541,2.75,0.9482655952613686,OTM
2023-06-30,2023-07-17,PUT,17.0,4450.23,4225.0,2.75,2.9,13.0,0.14388,2.825,0.9493891326965124,OTM
2023-06-30,2023-07-17,PUT,17.0,4450.23,4230.0,2.8,3.0,2.0,0.14151,2.9,0.9505126701316562,OTM
2023-06-30,2023-07-17,PUT,17.0,4450.23,4235.0,2.9,3.1,2.0,0.13987,3.0,0.9516362075668,OTM
2023-06-30,2023-07-17,PUT,17.0,4450.23,4240.0,3.0,3.2,20.0,0.1386,3.1,0.9527597450019438,OTM
2023-06-30,2023-07-17,PUT,17.0,4450.23,4245.0,3.2,3.4,9.0,0.1375,3.3,0.9538832824370876,OTM
2023-06-30,2023-07-17,PUT,17.0,4450.23,4250.0,3.2,3.5,134.0,0.1356,3.35,0.9550068198722315,OTM
2023-06-30,2023-07-17,PUT,17.0,4450.23,4255.0,3.4,3.6,1.0,0.13409,3.5,0.9561303573073752,OTM
2023-06-30,2023-07-17,PUT,17.0,4450.23,4260.0,3.5,3.7,13.0,0.13231,3.6,0.957253894742519,OTM
2023-06-30,2023-07-17,PUT,17.0,4450.23,4265.0,3.7,3.9,63.0,0.13062,3.8,0.9583774321776628,OTM
2023-06-30,2023-07-17,PUT,17.0,4450.23,4270.0,3.8,4.1,5.0,0.12905,3.9499999999999997,0.9595009696128066,OTM
2023-06-30,2023-07-17,PUT,17.0,4450.23,4275.0,4.0,4.2,7.0,0.12717,4.1,0.9606245070479504,OTM
2023-06-30,2023-07-17,PUT,17.0,4450.23,4280.0,4.2,4.4,3.0,0.12592,4.300000000000001,0.9617480444830943,OTM
2023-06-30,2023-07-17,PUT,17.0,4450.23,4285.0,4.4,4.6,19.0,0.12462,4.5,0.9628715819182381,OTM
2023-06-30,2023-07-17,PUT,17.0,4450.23,4290.0,4.6,4.8,4.0,0.12284,4.699999999999999,0.9639951193533818,OTM
2023-06-30,2023-07-17,PUT,17.0,4450.23,4295.0,4.8,5.0,40.0,0.12179,4.9,0.9651186567885256,OTM
2023-06-30,2023-07-17,PUT,17.0,4450.23,4300.0,5.0,5.3,57.0,0.12042,5.15,0.9662421942236694,OTM
2023-06-30,2023-07-17,PUT,17.0,4450.23,4305.0,5.3,5.5,6.0,0.11836,5.4,0.9673657316588132,OTM
2023-06-30,2023-07-17,PUT,17.0,4450.23,4310.0,5.5,5.8,17.0,0.11694,5.65,0.968489269093957,OTM
2023-06-30,2023-07-17,PUT,17.0,4450.23,4315.0,5.8,6.1,2.0,0.1153,5.949999999999999,0.9696128065291009,OTM
2023-06-30,2023-07-17,PUT,17.0,4450.23,4320.0,6.1,6.4,12.0,0.11431,6.25,0.9707363439642447,OTM
2023-06-30,2023-07-17,PUT,17.0,4450.23,4325.0,6.5,6.7,100.0,0.11262,6.6,0.9718598813993884,OTM
2023-06-30,2023-07-17,PUT,17.0,4450.23,4330.0,6.8,7.1,12.0,0.11166,6.949999999999999,0.9729834188345322,OTM
2023-06-30,2023-07-17,PUT,17.0,4450.23,4335.0,7.2,7.5,22.0,0.11021,7.35,0.974106956269676,OTM
2023-06-30,2023-07-17,PUT,17.0,4450.23,4340.0,7.6,7.9,14.0,0.10877,7.75,0.9752304937048198,OTM
2023-06-30,2023-07-17,PUT,17.0,4450.23,4345.0,8.0,8.4,41.0,0.10691,8.2,0.9763540311399637,OTM
2023-06-30,2023-07-17,PUT,17.0,4450.23,4350.0,8.0,9.3,766.0,0.10539,8.65,0.9774775685751075,OTM
2023-06-30,2023-07-17,PUT,17.0,4450.23,4355.0,9.1,9.3,3.0,0.10428,9.2,0.9786011060102513,OTM
2023-06-30,2023-07-17,PUT,17.0,4450.23,4360.0,9.6,9.8,7.0,0.10249,9.7,0.979724643445395,OTM
2023-06-30,2023-07-17,PUT,17.0,4450.23,4365.0,10.2,10.5,13.0,0.1021,10.35,0.9808481808805388,OTM
2023-06-30,2023-07-17,PUT,17.0,4450.23,4370.0,10.8,11.2,25.0,0.10072,11.0,0.9819717183156826,OTM
2023-06-30,2023-07-17,PUT,17.0,4450.23,4375.0,11.5,12.0,14.0,0.09931,11.75,0.9830952557508265,OTM
2023-06-30,2023-07-17,PUT,17.0,4450.23,4380.0,12.2,12.6,39.0,0.09784,12.399999999999999,0.9842187931859703,OTM
2023-06-30,2023-07-17,PUT,17.0,4450.23,4385.0,12.2,14.1,23.0,0.09673,13.149999999999999,0.9853423306211141,OTM
2023-06-30,2023-07-17,PUT,17.0,4450.23,4390.0,13.8,14.2,19.0,0.09558,14.0,0.9864658680562579,OTM
2023-06-30,2023-07-17,PUT,17.0,4450.23,4395.0,14.9,15.2,12.0,0.09409,15.05,0.9875894054914016,OTM
2023-06-30,2023-07-17,PUT,17.0,4450.23,4400.0,15.8,16.2,31.0,0.09287,16.0,0.9887129429265454,OTM
2023-06-30,2023-07-17,PUT,17.0,4450.23,4405.0,16.9,17.5,19.0,0.09249,17.2,0.9898364803616893,OTM
2023-06-30,2023-07-17,PUT,17.0,4450.23,4410.0,18.1,18.7,5.0,0.09041,18.4,0.9909600177968331,ATM
2023-06-30,2023-07-17,PUT,17.0,4450.23,4415.0,19.4,20.0,16.0,0.08957,19.7,0.9920835552319769,ATM
2023-06-30,2023-07-17,PUT,17.0,4450.23,4420.0,20.8,21.3,9.0,0.0891,21.05,0.9932070926671207,ATM
2023-06-30,2023-07-17,PUT,17.0,4450.23,4425.0,22.2,22.7,26.0,0.08763,22.45,0.9943306301022645,ATM
2023-06-30,2023-07-17,PUT,17.0,4450.23,4430.0,23.8,24.4,11.0,0.08673,24.1,0.9954541675374082,ATM
2023-06-30,2023-07-17,PUT,17.0,4450.23,4435.0,25.3,26.2,7.0,0.08562,25.75,0.996577704972552,ATM
2023-06-30,2023-07-17,PUT,17.0,4450.23,4440.0,27.2,27.8,13.0,0.08425,27.5,0.9977012424076959,ATM
2023-06-30,2023-07-17,PUT,17.0,4450.23,4445.0,29.3,30.0,14.0,0.08419,29.65,0.9988247798428397,ATM
2023-06-30,2023-07-17,PUT,17.0,4450.23,4450.0,31.3,31.8,35.0,0.08327,31.55,0.9999483172779835,ATM
2023-06-30,2023-07-17,PUT,17.0,4450.23,4455.0,33.6,34.2,1.0,0.08233,33.900000000000006,1.0010718547131272,ATM
2023-06-30,2023-07-17,PUT,17.0,4450.23,4460.0,35.8,36.3,7.0,0.08084,36.05,1.0021953921482711,ATM
2023-06-30,2023-07-17,PUT,17.0,4450.23,4470.0,37.7,42.3,17.0,0.07687,40.0,1.0044424670185588,ATM
2023-06-30,2023-07-17,PUT,17.0,4450.23,4475.0,40.6,46.9,41.0,0.07807,43.75,1.0055660044537025,ATM
2023-06-30,2023-07-17,PUT,17.0,4450.23,4480.0,43.3,48.7,5.0,0.07515,46.0,1.0066895418888462,ATM
2023-06-30,2023-07-17,PUT,17.0,4450.23,4485.0,47.8,51.7,22.0,0.07651,49.75,1.0078130793239901,ATM
2023-06-30,2023-07-17,PUT,17.0,4450.23,4490.0,50.8,54.9,52.0,0.07633,52.849999999999994,1.0089366167591338,ATM
2023-06-30,2023-07-17,PUT,17.0,4450.23,4495.0,55.6,56.1,1.0,0.07447,55.85,1.0100601541942777,ITM
2023-06-30,2023-07-17,PUT,17.0,4450.23,4500.0,55.4,62.8,27.0,0.07316,59.099999999999994,1.0111836916294215,ITM
2023-06-30,2023-07-17,PUT,17.0,4450.23,4525.0,73.0,80.8,2.0,0.06058,76.9,1.0168013788051404,ITM
2023-06-30,2023-07-17,PUT,17.0,4450.23,4530.0,78.6,83.6,1.0,0.05879,81.1,1.0179249162402844,ITM
2023-06-30,2023-07-18,PUT,18.0,4450.23,3600.0,0.6,0.7,35.0,0.37387,0.6499999999999999,0.8089469533035372,OTM
2023-06-30,2023-07-18,PUT,18.0,4450.23,3650.0,0.65,0.75,10.0,0.35413,0.7,0.8201823276549752,OTM
2023-06-30,2023-07-18,PUT,18.0,4450.23,3700.0,0.75,0.85,15.0,0.33775,0.8,0.8314177020064132,OTM
2023-06-30,2023-07-18,PUT,18.0,4450.23,3750.0,0.8,0.95,81.0,0.31929,0.875,0.8426530763578512,OTM
2023-06-30,2023-07-18,PUT,18.0,4450.23,3800.0,0.9,1.05,14.0,0.30236,0.9750000000000001,0.8538884507092893,OTM
2023-06-30,2023-07-18,PUT,18.0,4450.23,3850.0,1.0,1.15,1.0,0.28362,1.075,0.8651238250607273,OTM
2023-06-30,2023-07-18,PUT,18.0,4450.23,3875.0,1.05,1.2,1.0,0.27374,1.125,0.8707415122364462,OTM
2023-06-30,2023-07-18,PUT,18.0,4450.23,3900.0,1.15,1.25,1.0,0.26536,1.2,0.8763591994121653,OTM
2023-06-30,2023-07-18,PUT,18.0,4450.23,3950.0,1.25,1.4,1.0,0.24678,1.325,0.8875945737636033,OTM
2023-06-30,2023-07-18,PUT,18.0,4450.23,3975.0,1.35,1.45,1.0,0.23689,1.4,0.8932122609393224,OTM
2023-06-30,2023-07-18,PUT,18.0,4450.23,4000.0,1.4,1.55,1.0,0.22691,1.475,0.8988299481150414,OTM
2023-06-30,2023-07-18,PUT,18.0,4450.23,4050.0,1.55,1.7,2.0,0.20729,1.625,0.9100653224664793,OTM
2023-06-30,2023-07-18,PUT,18.0,4450.23,4075.0,1.65,1.8,1.0,0.19784,1.725,0.9156830096421984,OTM
2023-06-30,2023-07-18,PUT,18.0,4450.23,4080.0,1.7,1.85,3.0,0.19622,1.775,0.9168065470773421,OTM
2023-06-30,2023-07-18,PUT,18.0,4450.23,4100.0,1.8,1.95,2.0,0.18902,1.875,0.9213006968179174,OTM
2023-06-30,2023-07-18,PUT,18.0,4450.23,4120.0,1.9,2.05,16.0,0.18159,1.9749999999999999,0.9257948465584925,OTM
2023-06-30,2023-07-18,PUT,18.0,4450.23,4125.0,1.95,2.1,9.0,0.17952,2.025,0.9269183839936364,OTM
2023-06-30,2023-07-18,PUT,18.0,4450.23,4130.0,2.0,2.1,8.0,0.17714,2.05,0.9280419214287802,OTM
2023-06-30,2023-07-18,PUT,18.0,4450.23,4140.0,2.05,2.2,1.0,0.17413,2.125,0.9302889962990678,OTM
2023-06-30,2023-07-18,PUT,18.0,4450.23,4150.0,2.15,2.3,2.0,0.17026,2.2249999999999996,0.9325360711693553,OTM
2023-06-30,2023-07-18,PUT,18.0,4450.23,4160.0,2.2,2.35,49.0,0.1657,2.2750000000000004,0.934783146039643,OTM
2023-06-30,2023-07-18,PUT,18.0,4450.23,4170.0,2.3,2.45,1.0,0.16213,2.375,0.9370302209099306,OTM
2023-06-30,2023-07-18,PUT,18.0,4450.23,4175.0,2.4,2.5,20.0,0.16059,2.45,0.9381537583450744,OTM
2023-06-30,2023-07-18,PUT,18.0,4450.23,4180.0,2.45,2.6,1.0,0.15908,2.5250000000000004,0.9392772957802182,OTM
2023-06-30,2023-07-18,PUT,18.0,4450.23,4190.0,2.55,2.7,1.0,0.1553,2.625,0.9415243706505058,OTM
2023-06-30,2023-07-18,PUT,18.0,4450.23,4195.0,2.65,2.8,1.0,0.15422,2.7249999999999996,0.9426479080856496,OTM
2023-06-30,2023-07-18,PUT,18.0,4450.23,4200.0,2.7,2.85,45.0,0.15263,2.7750000000000004,0.9437714455207934,OTM
2023-06-30,2023-07-18,PUT,18.0,4450.23,4205.0,2.8,2.95,2.0,0.15047,2.875,0.9448949829559372,OTM
2023-06-30,2023-07-18,PUT,18.0,4450.23,4210.0,2.85,3.0,1.0,0.14887,2.925,0.946018520391081,OTM
2023-06-30,2023-07-18,PUT,18.0,4450.23,4215.0,2.95,3.1,8.0,0.14774,3.0250000000000004,0.9471420578262248,OTM
2023-06-30,2023-07-18,PUT,18.0,4450.23,4220.0,3.0,3.2,2.0,0.14503,3.1,0.9482655952613686,OTM
2023-06-30,2023-07-18,PUT,18.0,4450.23,4225.0,3.1,3.4,2.0,0.14415,3.25,0.9493891326965124,OTM
2023-06-30,2023-07-18,PUT,18.0,4450.23,4230.0,3.3,3.5,3.0,0.14321,3.4,0.9505126701316562,OTM
2023-06-30,2023-07-18,PUT,18.0,4450.23,4235.0,3.4,3.6,3.0,0.14157,3.5,0.9516362075668,OTM
2023-06-30,2023-07-18,PUT,18.0,4450.23,4240.0,3.5,3.7,3.0,0.13927,3.6,0.9527597450019438,OTM
2023-06-30,2023-07-18,PUT,18.0,4450.23,4245.0,3.6,3.8,9.0,0.1376,3.7,0.9538832824370876,OTM
2023-06-30,2023-07-18,PUT,18.0,4450.23,4250.0,3.7,4.0,18.0,0.13586,3.85,0.9550068198722315,OTM
2023-06-30,2023-07-18,PUT,18.0,4450.23,4255.0,3.9,4.1,3.0,0.13458,4.0,0.9561303573073752,OTM
2023-06-30,2023-07-18,PUT,18.0,4450.23,4260.0,4.1,4.3,3.0,0.13398,4.199999999999999,0.957253894742519,OTM
2023-06-30,2023-07-18,PUT,18.0,4450.23,4265.0,4.2,4.5,8.0,0.13145,4.35,0.9583774321776628,OTM
2023-06-30,2023-07-18,PUT,18.0,4450.23,4270.0,4.4,4.6,15.0,0.13035,4.5,0.9595009696128066,OTM
2023-06-30,2023-07-18,PUT,18.0,4450.23,4275.0,4.6,4.8,10.0,0.12897,4.699999999999999,0.9606245070479504,OTM
2023-06-30,2023-07-18,PUT,18.0,4450.23,4280.0,4.8,5.0,3.0,0.12732,4.9,0.9617480444830943,OTM
2023-06-30,2023-07-18,PUT,18.0,4450.23,4285.0,5.0,5.3,2.0,0.12629,5.15,0.9628715819182381,OTM
2023-06-30,2023-07-18,PUT,18.0,4450.23,4290.0,5.2,5.5,1.0,0.12441,5.35,0.9639951193533818,OTM
2023-06-30,2023-07-18,PUT,18.0,4450.23,4295.0,5.5,5.7,1.0,0.12276,5.6,0.9651186567885256,OTM
2023-06-30,2023-07-18,PUT,18.0,4450.23,4300.0,5.7,6.0,11.0,0.12164,5.85,0.9662421942236694,OTM
2023-06-30,2023-07-18,PUT,18.0,4450.23,4305.0,6.0,6.3,3.0,0.11984,6.15,0.9673657316588132,OTM
2023-06-30,2023-07-18,PUT,18.0,4450.23,4310.0,6.3,6.6,3.0,0.11875,6.449999999999999,0.968489269093957,OTM
2023-06-30,2023-07-18,PUT,18.0,4450.23,4315.0,6.6,6.9,2.0,0.11718,6.75,0.9696128065291009,OTM
2023-06-30,2023-07-18,PUT,18.0,4450.23,4320.0,6.9,7.3,2.0,0.1156,7.1,0.9707363439642447,OTM
2023-06-30,2023-07-18,PUT,18.0,4450.23,4325.0,7.3,7.7,1.0,0.11447,7.5,0.9718598813993884,OTM
2023-06-30,2023-07-18,PUT,18.0,4450.23,4330.0,7.7,8.0,6.0,0.11285,7.85,0.9729834188345322,OTM
2023-06-30,2023-07-18,PUT,18.0,4450.23,4335.0,8.1,8.5,2.0,0.11169,8.3,0.974106956269676,OTM
2023-06-30,2023-07-18,PUT,18.0,4450.23,4340.0,8.6,8.9,1.0,0.11037,8.75,0.9752304937048198,OTM
2023-06-30,2023-07-18,PUT,18.0,4450.23,4345.0,9.0,9.4,7.0,0.1089,9.2,0.9763540311399637,OTM
2023-06-30,2023-07-18,PUT,18.0,4450.23,4350.0,9.5,10.0,13.0,0.1081,9.75,0.9774775685751075,OTM
2023-06-30,2023-07-18,PUT,18.0,4450.23,4355.0,10.1,10.4,1.0,0.10606,10.25,0.9786011060102513,OTM
2023-06-30,2023-07-18,PUT,18.0,4450.23,4360.0,10.6,11.6,1.0,0.10583,11.1,0.979724643445395,OTM
2023-06-30,2023-07-18,PUT,18.0,4450.23,4365.0,10.6,12.2,1.0,0.10334,11.399999999999999,0.9808481808805388,OTM
2023-06-30,2023-07-18,PUT,18.0,4450.23,4370.0,12.0,12.5,234.0,0.10258,12.25,0.9819717183156826,OTM
2023-06-30,2023-07-18,PUT,18.0,4450.23,4375.0,12.7,13.0,32.0,0.10141,12.85,0.9830952557508265,OTM
2023-06-30,2023-07-18,PUT,18.0,4450.23,4380.0,13.5,14.0,14.0,0.10031,13.75,0.9842187931859703,OTM
2023-06-30,2023-07-18,PUT,18.0,4450.23,4385.0,14.3,14.8,3.0,0.09877,14.55,0.9853423306211141,OTM
2023-06-30,2023-07-18,PUT,18.0,4450.23,4390.0,15.2,15.7,9.0,0.09733,15.45,0.9864658680562579,OTM
2023-06-30,2023-07-18,PUT,18.0,4450.23,4395.0,16.1,16.5,14.0,0.09576,16.3,0.9875894054914016,OTM
2023-06-30,2023-07-18,PUT,18.0,4450.23,4400.0,17.2,17.7,40.0,0.09477,17.45,0.9887129429265454,OTM
2023-06-30,2023-07-18,PUT,18.0,4450.23,4405.0,18.3,18.7,24.0,0.09403,18.5,0.9898364803616893,OTM
2023-06-30,2023-07-18,PUT,18.0,4450.23,4410.0,19.5,20.9,185.0,0.09451,20.2,0.9909600177968331,ATM
2023-06-30,2023-07-18,PUT,18.0,4450.23,4415.0,20.8,22.2,11.0,0.09285,21.5,0.9920835552319769,ATM
2023-06-30,2023-07-18,PUT,18.0,4450.23,4420.0,22.2,22.8,13.0,0.09126,22.5,0.9932070926671207,ATM
2023-06-30,2023-07-18,PUT,18.0,4450.23,4425.0,22.1,25.8,2.0,0.09033,23.950000000000003,0.9943306301022645,ATM
2023-06-30,2023-07-18,PUT,18.0,4450.23,4430.0,23.6,26.0,3.0,0.08688,24.8,0.9954541675374082,ATM
2023-06-30,2023-07-18,PUT,18.0,4450.23,4435.0,24.9,29.2,1.0,0.08765,27.049999999999997,0.996577704972552,ATM
2023-06-30,2023-07-18,PUT,18.0,4450.23,4440.0,28.7,29.1,49.0,0.08638,28.9,0.9977012424076959,ATM
2023-06-30,2023-07-18,PUT,18.0,4450.23,4445.0,28.4,31.4,3.0,0.08318,29.9,0.9988247798428397,ATM
2023-06-30,2023-07-18,PUT,18.0,4450.23,4450.0,32.7,33.4,4.0,0.08486,33.05,0.9999483172779835,ATM
2023-06-30,2023-07-18,PUT,18.0,4450.23,4475.0,44.7,45.2,7.0,0.08078,44.95,1.0055660044537025,ATM
2023-06-30,2023-07-18,PUT,18.0,4450.23,4480.0,46.1,49.8,3.0,0.08046,47.95,1.0066895418888462,ATM
2023-06-30,2023-07-18,PUT,18.0,4450.23,4490.0,51.9,53.9,3.0,0.07518,52.9,1.0089366167591338,ATM
2023-06-30,2023-07-18,PUT,18.0,4450.23,4495.0,56.6,57.1,2.0,0.07643,56.85,1.0100601541942777,ITM
2023-06-30,2023-07-18,PUT,18.0,4450.23,4500.0,59.8,60.4,1.0,0.07588,60.099999999999994,1.0111836916294215,ITM
2023-06-30,2023-07-18,PUT,18.0,4450.23,4510.0,64.5,69.1,2.0,0.07242,66.8,1.013430766499709,ITM
2023-06-30,2023-07-19,PUT,19.0,4450.23,3600.0,0.65,0.75,30.0,0.3674,0.7,0.8089469533035372,OTM
2023-06-30,2023-07-19,PUT,19.0,4450.23,3650.0,0.75,0.85,4.0,0.35167,0.8,0.8201823276549752,OTM
2023-06-30,2023-07-19,PUT,19.0,4450.23,3700.0,0.85,0.95,177.0,0.33455,0.8999999999999999,0.8314177020064132,OTM
2023-06-30,2023-07-19,PUT,19.0,4450.23,3750.0,0.95,1.05,1.0,0.31683,1.0,0.8426530763578512,OTM
2023-06-30,2023-07-19,PUT,19.0,4450.23,3800.0,1.0,1.15,20.0,0.29811,1.075,0.8538884507092893,OTM
2023-06-30,2023-07-19,PUT,19.0,4450.23,3850.0,1.15,1.25,29.0,0.28049,1.2,0.8651238250607273,OTM
2023-06-30,2023-07-19,PUT,19.0,4450.23,3900.0,1.25,1.35,3.0,0.26108,1.3,0.8763591994121653,OTM
2023-06-30,2023-07-19,PUT,19.0,4450.23,3950.0,1.4,1.5,1.0,0.24364,1.45,0.8875945737636033,OTM
2023-06-30,2023-07-19,PUT,19.0,4450.23,4000.0,1.55,1.65,1.0,0.22413,1.6,0.8988299481150414,OTM
2023-06-30,2023-07-19,PUT,19.0,4450.23,4025.0,1.65,1.75,1.0,0.21567,1.7,0.9044476352907603,OTM
2023-06-30,2023-07-19,PUT,19.0,4450.23,4050.0,1.75,1.85,8.0,0.20591,1.8,0.9100653224664793,OTM
2023-06-30,2023-07-19,PUT,19.0,4450.23,4100.0,2.0,2.15,200.0,0.18723,2.075,0.9213006968179174,OTM
2023-06-30,2023-07-19,PUT,19.0,4450.23,4110.0,2.05,2.2,6.0,0.18365,2.125,0.923547771688205,OTM
2023-06-30,2023-07-19,PUT,19.0,4450.23,4120.0,2.15,2.3,1.0,0.18053,2.2249999999999996,0.9257948465584925,OTM
2023-06-30,2023-07-19,PUT,19.0,4450.23,4125.0,2.2,2.35,3.0,0.17873,2.2750000000000004,0.9269183839936364,OTM
2023-06-30,2023-07-19,PUT,19.0,4450.23,4130.0,2.25,2.35,3.0,0.17706,2.3,0.9280419214287802,OTM
2023-06-30,2023-07-19,PUT,19.0,4450.23,4140.0,2.3,2.45,3.0,0.17249,2.375,0.9302889962990678,OTM
2023-06-30,2023-07-19,PUT,19.0,4450.23,4150.0,2.4,2.55,8.0,0.16949,2.4749999999999996,0.9325360711693553,OTM
2023-06-30,2023-07-19,PUT,19.0,4450.23,4160.0,2.55,2.65,9.0,0.16595,2.5999999999999996,0.934783146039643,OTM
2023-06-30,2023-07-19,PUT,19.0,4450.23,4170.0,2.65,2.8,1.0,0.16274,2.7249999999999996,0.9370302209099306,OTM
2023-06-30,2023-07-19,PUT,19.0,4450.23,4175.0,2.7,2.85,2.0,0.16099,2.7750000000000004,0.9381537583450744,OTM
2023-06-30,2023-07-19,PUT,19.0,4450.23,4190.0,2.95,3.1,29.0,0.1558,3.0250000000000004,0.9415243706505058,OTM
2023-06-30,2023-07-19,PUT,19.0,4450.23,4195.0,3.0,3.2,1.0,0.15453,3.1,0.9426479080856496,OTM
2023-06-30,2023-07-19,PUT,19.0,4450.23,4200.0,3.1,3.3,2.0,0.15314,3.2,0.9437714455207934,OTM
2023-06-30,2023-07-19,PUT,19.0,4450.23,4205.0,3.2,3.4,6.0,0.15132,3.3,0.9448949829559372,OTM
2023-06-30,2023-07-19,PUT,19.0,4450.23,4210.0,3.3,3.5,20.0,0.14968,3.4,0.946018520391081,OTM
2023-06-30,2023-07-19,PUT,19.0,4450.23,4220.0,3.5,3.7,1.0,0.14613,3.6,0.9482655952613686,OTM
2023-06-30,2023-07-19,PUT,19.0,4450.23,4225.0,3.6,3.8,14.0,0.14497,3.7,0.9493891326965124,OTM
2023-06-30,2023-07-19,PUT,19.0,4450.23,4230.0,3.7,4.0,1.0,0.14361,3.85,0.9505126701316562,OTM
2023-06-30,2023-07-19,PUT,19.0,4450.23,4240.0,4.0,4.2,3.0,0.13976,4.1,0.9527597450019438,OTM
2023-06-30,2023-07-19,PUT,19.0,4450.23,4245.0,4.1,4.4,9.0,0.1383,4.25,0.9538832824370876,OTM
2023-06-30,2023-07-19,PUT,19.0,4450.23,4250.0,4.3,4.5,32.0,0.13686,4.4,0.9550068198722315,OTM
2023-06-30,2023-07-19,PUT,19.0,4450.23,4255.0,4.5,4.7,1.0,0.13618,4.6,0.9561303573073752,OTM
2023-06-30,2023-07-19,PUT,19.0,4450.23,4260.0,4.6,4.9,3.0,0.13451,4.75,0.957253894742519,OTM
2023-06-30,2023-07-19,PUT,19.0,4450.23,4265.0,4.8,5.1,7.0,0.13248,4.949999999999999,0.9583774321776628,OTM
2023-06-30,2023-07-19,PUT,19.0,4450.23,4270.0,5.0,5.3,1.0,0.13142,5.15,0.9595009696128066,OTM
2023-06-30,2023-07-19,PUT,19.0,4450.23,4275.0,5.2,5.5,38.0,0.13021,5.35,0.9606245070479504,OTM
2023-06-30,2023-07-19,PUT,19.0,4450.23,4280.0,5.5,5.7,3.0,0.12865,5.6,0.9617480444830943,OTM
2023-06-30,2023-07-19,PUT,19.0,4450.23,4285.0,5.7,6.0,1.0,0.12745,5.85,0.9628715819182381,OTM
2023-06-30,2023-07-19,PUT,19.0,4450.23,4290.0,5.9,6.2,4.0,0.12558,6.050000000000001,0.9639951193533818,OTM
2023-06-30,2023-07-19,PUT,19.0,4450.23,4295.0,6.2,6.5,6.0,0.12391,6.35,0.9651186567885256,OTM
2023-06-30,2023-07-19,PUT,19.0,4450.23,4300.0,6.5,6.8,26.0,0.12309,6.65,0.9662421942236694,OTM
2023-06-30,2023-07-19,PUT,19.0,4450.23,4305.0,6.8,7.1,4.0,0.12105,6.949999999999999,0.9673657316588132,OTM
2023-06-30,2023-07-19,PUT,19.0,4450.23,4310.0,7.1,7.4,1.0,0.11976,7.25,0.968489269093957,OTM
2023-06-30,2023-07-19,PUT,19.0,4450.23,4315.0,7.5,7.7,2.0,0.11802,7.6,0.9696128065291009,OTM
2023-06-30,2023-07-19,PUT,19.0,4450.23,4320.0,7.8,8.1,21.0,0.11727,7.949999999999999,0.9707363439642447,OTM
2023-06-30,2023-07-19,PUT,19.0,4450.23,4325.0,8.2,8.6,32.0,0.11555,8.399999999999999,0.9718598813993884,OTM
2023-06-30,2023-07-19,PUT,19.0,4450.23,4330.0,8.6,9.0,5.0,0.11424,8.8,0.9729834188345322,OTM
2023-06-30,2023-07-19,PUT,19.0,4450.23,4335.0,9.0,9.5,9.0,0.11319,9.25,0.974106956269676,OTM
2023-06-30,2023-07-19,PUT,19.0,4450.23,4340.0,9.5,9.9,4.0,0.11207,9.7,0.9752304937048198,OTM
2023-06-30,2023-07-19,PUT,19.0,4450.23,4345.0,10.0,10.4,4.0,0.11097,10.2,0.9763540311399637,OTM
2023-06-30,2023-07-19,PUT,19.0,4450.23,4350.0,10.5,11.0,4.0,0.10968,10.75,0.9774775685751075,OTM
2023-06-30,2023-07-19,PUT,19.0,4450.23,4355.0,11.1,11.6,2.0,0.10793,11.35,0.9786011060102513,OTM
2023-06-30,2023-07-19,PUT,19.0,4450.23,4360.0,11.7,12.2,11.0,0.10675,11.95,0.979724643445395,OTM
2023-06-30,2023-07-19,PUT,19.0,4450.23,4365.0,12.3,12.9,5.0,0.10578,12.600000000000001,0.9808481808805388,OTM
2023-06-30,2023-07-19,PUT,19.0,4450.23,4370.0,13.1,13.6,2.0,0.10409,13.35,0.9819717183156826,OTM
2023-06-30,2023-07-19,PUT,19.0,4450.23,4375.0,13.8,14.2,23.0,0.10242,14.0,0.9830952557508265,OTM
2023-06-30,2023-07-19,PUT,19.0,4450.23,4380.0,14.6,15.2,11.0,0.10165,14.899999999999999,0.9842187931859703,OTM
2023-06-30,2023-07-19,PUT,19.0,4450.23,4385.0,15.5,16.0,14.0,0.10088,15.75,0.9853423306211141,OTM
2023-06-30,2023-07-19,PUT,19.0,4450.23,4390.0,16.4,16.9,22.0,0.09897,16.65,0.9864658680562579,OTM
2023-06-30,2023-07-19,PUT,19.0,4450.23,4395.0,17.3,18.1,52.0,0.09808,17.700000000000003,0.9875894054914016,OTM
2023-06-30,2023-07-19,PUT,19.0,4450.23,4400.0,17.9,19.4,20.0,0.09694,18.65,0.9887129429265454,OTM
2023-06-30,2023-07-19,PUT,19.0,4450.23,4405.0,19.6,20.2,9.0,0.09591,19.9,0.9898364803616893,OTM
2023-06-30,2023-07-19,PUT,19.0,4450.23,4410.0,20.8,21.4,2.0,0.09453,21.1,0.9909600177968331,ATM
2023-06-30,2023-07-19,PUT,19.0,4450.23,4415.0,22.1,22.7,8.0,0.09317,22.4,0.9920835552319769,ATM
2023-06-30,2023-07-19,PUT,19.0,4450.23,4420.0,22.0,25.0,30.0,0.09202,23.5,0.9932070926671207,ATM
2023-06-30,2023-07-19,PUT,19.0,4450.23,4430.0,26.6,27.2,2.0,0.09041,26.9,0.9954541675374082,ATM
2023-06-30,2023-07-19,PUT,19.0,4450.23,4435.0,28.3,28.9,41.0,0.08955,28.6,0.996577704972552,ATM
2023-06-30,2023-07-19,PUT,19.0,4450.23,4440.0,28.2,32.4,50.0,0.08882,30.299999999999997,0.9977012424076959,ATM
2023-06-30,2023-07-19,PUT,19.0,4450.23,4445.0,32.0,32.4,4.0,0.08729,32.2,0.9988247798428397,ATM
2023-06-30,2023-07-19,PUT,19.0,4450.23,4450.0,34.0,34.7,1.0,0.08727,34.35,0.9999483172779835,ATM
2023-06-30,2023-07-19,PUT,19.0,4450.23,4455.0,36.0,36.6,16.0,0.08514,36.3,1.0010718547131272,ATM
2023-06-30,2023-07-19,PUT,19.0,4450.23,4460.0,38.2,38.8,1.0,0.08444,38.5,1.0021953921482711,ATM
2023-06-30,2023-07-19,PUT,19.0,4450.23,4470.0,43.3,44.0,9.0,0.08337,43.65,1.0044424670185588,ATM
2023-06-30,2023-07-19,PUT,19.0,4450.23,4475.0,45.9,46.5,16.0,0.08228,46.2,1.0055660044537025,ATM
2023-06-30,2023-07-19,PUT,19.0,4450.23,4480.0,48.7,49.3,10.0,0.08161,49.0,1.0066895418888462,ATM
2023-06-30,2023-07-19,PUT,19.0,4450.23,4490.0,54.4,55.2,4.0,0.07985,54.8,1.0089366167591338,ATM
2023-06-30,2023-07-19,PUT,19.0,4450.23,4500.0,60.8,61.4,19.0,0.0772,61.099999999999994,1.0111836916294215,ITM
2023-06-30,2023-07-19,PUT,19.0,4450.23,4525.0,74.5,82.3,20.0,0.06811,78.4,1.0168013788051404,ITM
2023-06-30,2023-07-20,PUT,20.0,4450.23,3600.0,0.75,0.85,5.0,0.36406,0.8,0.8089469533035372,OTM
2023-06-30,2023-07-20,PUT,20.0,4450.23,3650.0,0.85,0.95,29.0,0.34801,0.8999999999999999,0.8201823276549752,OTM
2023-06-30,2023-07-20,PUT,20.0,4450.23,3700.0,0.95,1.05,26.0,0.33132,1.0,0.8314177020064132,OTM
2023-06-30,2023-07-20,PUT,20.0,4450.23,3750.0,1.05,1.15,31.0,0.31363,1.1,0.8426530763578512,OTM
2023-06-30,2023-07-20,PUT,20.0,4450.23,3800.0,1.15,1.25,30.0,0.29527,1.2,0.8538884507092893,OTM
2023-06-30,2023-07-20,PUT,20.0,4450.23,3850.0,1.3,1.4,1.0,0.2787,1.35,0.8651238250607273,OTM
2023-06-30,2023-07-20,PUT,20.0,4450.23,3950.0,1.55,1.7,1.0,0.24159,1.625,0.8875945737636033,OTM
2023-06-30,2023-07-20,PUT,20.0,4450.23,3975.0,1.65,1.8,18.0,0.23355,1.725,0.8932122609393224,OTM
2023-06-30,2023-07-20,PUT,20.0,4450.23,4000.0,1.75,1.9,2.0,0.22432,1.825,0.8988299481150414,OTM
2023-06-30,2023-07-20,PUT,20.0,4450.23,4025.0,1.85,2.0,2.0,0.21526,1.925,0.9044476352907603,OTM
2023-06-30,2023-07-20,PUT,20.0,4450.23,4050.0,1.95,2.1,3.0,0.20553,2.025,0.9100653224664793,OTM
2023-06-30,2023-07-20,PUT,20.0,4450.23,4075.0,2.1,2.25,1.0,0.19689,2.175,0.9156830096421984,OTM
2023-06-30,2023-07-20,PUT,20.0,4450.23,4100.0,2.25,2.45,1.0,0.18785,2.35,0.9213006968179174,OTM
2023-06-30,2023-07-20,PUT,20.0,4450.23,4125.0,2.5,2.65,1.0,0.17889,2.575,0.9269183839936364,OTM
2023-06-30,2023-07-20,PUT,20.0,4450.23,4140.0,2.65,2.8,12.0,0.17371,2.7249999999999996,0.9302889962990678,OTM
2023-06-30,2023-07-20,PUT,20.0,4450.23,4150.0,2.75,2.9,2.0,0.16961,2.825,0.9325360711693553,OTM
2023-06-30,2023-07-20,PUT,20.0,4450.23,4160.0,2.9,3.1,1.0,0.16704,3.0,0.934783146039643,OTM
2023-06-30,2023-07-20,PUT,20.0,4450.23,4170.0,3.0,3.2,1.0,0.16342,3.1,0.9370302209099306,OTM
2023-06-30,2023-07-20,PUT,20.0,4450.23,4175.0,3.1,3.3,9.0,0.16164,3.2,0.9381537583450744,OTM
2023-06-30,2023-07-20,PUT,20.0,4450.23,4180.0,3.2,3.4,17.0,0.16037,3.3,0.9392772957802182,OTM
2023-06-30,2023-07-20,PUT,20.0,4450.23,4190.0,3.3,3.6,2.0,0.15694,3.45,0.9415243706505058,OTM
2023-06-30,2023-07-20,PUT,20.0,4450.23,4200.0,3.5,3.8,40.0,0.15368,3.65,0.9437714455207934,OTM
2023-06-30,2023-07-20,PUT,20.0,4450.23,4210.0,3.7,4.0,2.0,0.15078,3.85,0.946018520391081,OTM
2023-06-30,2023-07-20,PUT,20.0,4450.23,4220.0,4.0,4.2,1.0,0.14738,4.1,0.9482655952613686,OTM
2023-06-30,2023-07-20,PUT,20.0,4450.23,4225.0,4.1,4.4,4.0,0.14606,4.25,0.9493891326965124,OTM
2023-06-30,2023-07-20,PUT,20.0,4450.23,4230.0,4.3,4.5,21.0,0.14492,4.4,0.9505126701316562,OTM
2023-06-30,2023-07-20,PUT,20.0,4450.23,4235.0,4.4,4.7,20.0,0.14344,4.550000000000001,0.9516362075668,OTM
2023-06-30,2023-07-20,PUT,20.0,4450.23,4240.0,4.6,4.8,3.0,0.14147,4.699999999999999,0.9527597450019438,OTM
2023-06-30,2023-07-20,PUT,20.0,4450.23,4245.0,4.7,5.0,1.0,0.14046,4.85,0.9538832824370876,OTM
2023-06-30,2023-07-20,PUT,20.0,4450.23,4250.0,4.9,5.2,2.0,0.13906,5.050000000000001,0.9550068198722315,OTM
2023-06-30,2023-07-20,PUT,20.0,4450.23,4255.0,5.1,5.4,1.0,0.138,5.25,0.9561303573073752,OTM
2023-06-30,2023-07-20,PUT,20.0,4450.23,4260.0,5.3,5.6,1.0,0.13612,5.449999999999999,0.957253894742519,OTM
2023-06-30,2023-07-20,PUT,20.0,4450.23,4265.0,5.5,5.8,11.0,0.13493,5.65,0.9583774321776628,OTM
2023-06-30,2023-07-20,PUT,20.0,4450.23,4270.0,5.7,6.0,1.0,0.13351,5.85,0.9595009696128066,OTM
2023-06-30,2023-07-20,PUT,20.0,4450.23,4275.0,5.9,6.2,20.0,0.13138,6.050000000000001,0.9606245070479504,OTM
2023-06-30,2023-07-20,PUT,20.0,4450.23,4280.0,6.2,6.5,2.0,0.13017,6.35,0.9617480444830943,OTM
2023-06-30,2023-07-20,PUT,20.0,4450.23,4285.0,6.5,6.7,12.0,0.12924,6.6,0.9628715819182381,OTM
2023-06-30,2023-07-20,PUT,20.0,4450.23,4290.0,6.7,7.0,3.0,0.12757,6.85,0.9639951193533818,OTM
2023-06-30,2023-07-20,PUT,20.0,4450.23,4295.0,7.0,7.3,1.0,0.12662,7.15,0.9651186567885256,OTM
2023-06-30,2023-07-20,PUT,20.0,4450.23,4300.0,7.3,7.6,4.0,0.12525,7.449999999999999,0.9662421942236694,OTM
2023-06-30,2023-07-20,PUT,20.0,4450.23,4305.0,7.6,8.0,4.0,0.12361,7.8,0.9673657316588132,OTM
2023-06-30,2023-07-20,PUT,20.0,4450.23,4310.0,7.9,8.3,10.0,0.12181,8.100000000000001,0.968489269093957,OTM
2023-06-30,2023-07-20,PUT,20.0,4450.23,4315.0,8.4,8.6,1.0,0.12064,8.5,0.9696128065291009,OTM
2023-06-30,2023-07-20,PUT,20.0,4450.23,4320.0,8.7,9.1,22.0,0.11896,8.899999999999999,0.9707363439642447,OTM
2023-06-30,2023-07-20,PUT,20.0,4450.23,4325.0,9.0,9.5,22.0,0.11754,9.25,0.9718598813993884,OTM
2023-06-30,2023-07-20,PUT,20.0,4450.23,4330.0,9.6,9.9,9.0,0.11717,9.75,0.9729834188345322,OTM
2023-06-30,2023-07-20,PUT,20.0,4450.23,4335.0,10.0,10.4,4.0,0.11578,10.2,0.974106956269676,OTM
2023-06-30,2023-07-20,PUT,20.0,4450.23,4340.0,10.0,10.9,6.0,0.11309,10.45,0.9752304937048198,OTM
2023-06-30,2023-07-20,PUT,20.0,4450.23,4345.0,10.5,11.9,2.0,0.11268,11.2,0.9763540311399637,OTM
2023-06-30,2023-07-20,PUT,20.0,4450.23,4350.0,11.6,12.1,2.0,0.11124,11.85,0.9774775685751075,OTM
2023-06-30,2023-07-20,PUT,20.0,4450.23,4355.0,12.2,12.5,2.0,0.10955,12.35,0.9786011060102513,OTM
2023-06-30,2023-07-20,PUT,20.0,4450.23,4360.0,12.9,13.2,37.0,0.10917,13.05,0.979724643445395,OTM
2023-06-30,2023-07-20,PUT,20.0,4450.23,4365.0,12.8,14.5,6.0,0.10757,13.65,0.9808481808805388,OTM
2023-06-30,2023-07-20,PUT,20.0,4450.23,4370.0,14.1,14.7,16.0,0.10627,14.399999999999999,0.9819717183156826,OTM
2023-06-30,2023-07-20,PUT,20.0,4450.23,4375.0,15.0,15.4,417.0,0.10524,15.2,0.9830952557508265,OTM
2023-06-30,2023-07-20,PUT,20.0,4450.23,4380.0,14.9,16.9,10.0,0.10309,15.899999999999999,0.9842187931859703,OTM
2023-06-30,2023-07-20,PUT,20.0,4450.23,4385.0,16.7,17.2,12.0,0.10229,16.95,0.9853423306211141,OTM
2023-06-30,2023-07-20,PUT,20.0,4450.23,4390.0,16.6,18.3,11.0,0.10007,17.450000000000003,0.9864658680562579,OTM
2023-06-30,2023-07-20,PUT,20.0,4450.23,4395.0,18.6,19.0,7.0,0.09961,18.8,0.9875894054914016,OTM
2023-06-30,2023-07-20,PUT,20.0,4450.23,4400.0,19.7,20.2,6.0,0.09876,19.95,0.9887129429265454,OTM
2023-06-30,2023-07-20,PUT,20.0,4450.23,4405.0,19.6,21.5,4.0,0.09641,20.55,0.9898364803616893,OTM
2023-06-30,2023-07-20,PUT,20.0,4450.23,4410.0,20.7,23.4,97.0,0.09667,22.049999999999997,0.9909600177968331,ATM
2023-06-30,2023-07-20,PUT,20.0,4450.23,4415.0,21.7,24.7,25.0,0.0952,23.2,0.9920835552319769,ATM
2023-06-30,2023-07-20,PUT,20.0,4450.23,4420.0,24.7,25.3,16.0,0.09473,25.0,0.9932070926671207,ATM
2023-06-30,2023-07-20,PUT,20.0,4450.23,4425.0,26.2,26.7,49.0,0.0938,26.45,0.9943306301022645,ATM
2023-06-30,2023-07-20,PUT,20.0,4450.23,4430.0,27.7,28.3,22.0,0.0923,28.0,0.9954541675374082,ATM
2023-06-30,2023-07-20,PUT,20.0,4450.23,4440.0,31.2,31.7,2.0,0.09068,31.45,0.9977012424076959,ATM
2023-06-30,2023-07-20,PUT,20.0,4450.23,4450.0,34.9,35.9,5.0,0.08864,35.4,0.9999483172779835,ATM
2023-06-30,2023-07-20,PUT,20.0,4450.23,4455.0,34.9,39.1,4.0,0.08682,37.0,1.0010718547131272,ATM
2023-06-30,2023-07-20,PUT,20.0,4450.23,4460.0,39.4,40.1,132.0,0.08741,39.75,1.0021953921482711,ATM
2023-06-30,2023-07-20,PUT,20.0,4450.23,4465.0,39.2,43.3,1.0,0.08403,41.25,1.0033189295834148,ATM
2023-06-30,2023-07-20,PUT,20.0,4450.23,4470.0,44.2,44.7,2.0,0.08535,44.45,1.0044424670185588,ATM
2023-06-30,2023-07-20,PUT,20.0,4450.23,4475.0,46.8,47.5,10.0,0.08448,47.15,1.0055660044537025,ATM
2023-06-30,2023-07-20,PUT,20.0,4450.23,4480.0,48.0,51.7,5.0,0.08382,49.85,1.0066895418888462,ATM
2023-06-30,2023-07-20,PUT,20.0,4450.23,4490.0,52.0,58.7,1.0,0.08151,55.35,1.0089366167591338,ATM
2023-06-30,2023-07-20,PUT,20.0,4450.23,4500.0,57.9,63.9,100.0,0.07746,60.9,1.0111836916294215,ITM
2023-06-30,2023-07-20,PUT,20.0,4450.23,4510.0,64.3,71.5,9.0,0.07618,67.9,1.013430766499709,ITM
2023-06-30,2023-07-20,PUT,20.0,4450.23,4520.0,71.1,77.8,2.0,0.07194,74.44999999999999,1.0156778413699967,ITM
2023-06-30,2023-07-20,PUT,20.0,4450.23,4525.0,74.6,82.0,4.0,0.07061,78.3,1.0168013788051404,ITM
2023-06-30,2023-07-21,PUT,21.0,4450.23,3570.0,0.75,0.85,111.0,0.36877,0.8,0.8022057286926744,OTM
2023-06-30,2023-07-21,PUT,21.0,4450.23,3575.0,0.8,0.9,1.0,0.36857,0.8500000000000001,0.8033292661278182,OTM
2023-06-30,2023-07-21,PUT,21.0,4450.23,3580.0,0.8,0.9,1.0,0.36689,0.8500000000000001,0.804452803562962,OTM
2023-06-30,2023-07-21,PUT,21.0,4450.23,3590.0,0.8,0.9,5.0,0.36291,0.8500000000000001,0.8066998784332496,OTM
2023-06-30,2023-07-21,PUT,21.0,4450.23,3600.0,0.8,0.95,52.0,0.35931,0.875,0.8089469533035372,OTM
2023-06-30,2023-07-21,PUT,21.0,4450.23,3610.0,0.85,0.95,1.0,0.35671,0.8999999999999999,0.8111940281738248,OTM
2023-06-30,2023-07-21,PUT,21.0,4450.23,3620.0,0.85,0.95,2.0,0.35254,0.8999999999999999,0.8134411030441124,OTM
2023-06-30,2023-07-21,PUT,21.0,4450.23,3625.0,0.85,1.0,79.0,0.35194,0.925,0.8145646404792563,OTM
2023-06-30,2023-07-21,PUT,21.0,4450.23,3630.0,0.85,1.0,5.0,0.34923,0.925,0.8156881779144,OTM
2023-06-30,2023-07-21,PUT,21.0,4450.23,3635.0,0.9,1.0,1.0,0.34864,0.95,0.8168117153495438,OTM
2023-06-30,2023-07-21,PUT,21.0,4450.23,3640.0,0.85,1.0,2101.0,0.34526,0.925,0.8179352527846876,OTM
2023-06-30,2023-07-21,PUT,21.0,4450.23,3645.0,0.9,1.0,51.0,0.34392,0.95,0.8190587902198314,OTM
2023-06-30,2023-07-21,PUT,21.0,4450.23,3650.0,0.9,1.0,1.0,0.34279,0.95,0.8201823276549752,OTM
2023-06-30,2023-07-21,PUT,21.0,4450.23,3655.0,0.9,1.05,226.0,0.34094,0.9750000000000001,0.821305865090119,OTM
2023-06-30,2023-07-21,PUT,21.0,4450.23,3660.0,0.9,1.05,50.0,0.33938,0.9750000000000001,0.8224294025252629,OTM
2023-06-30,2023-07-21,PUT,21.0,4450.23,3665.0,0.95,1.05,50.0,0.33765,1.0,0.8235529399604066,OTM
2023-06-30,2023-07-21,PUT,21.0,4450.23,3670.0,0.8,1.05,1.0,0.33326,0.925,0.8246764773955504,OTM
2023-06-30,2023-07-21,PUT,21.0,4450.23,3675.0,0.95,1.05,432.0,0.33422,1.0,0.8258000148306942,OTM
2023-06-30,2023-07-21,PUT,21.0,4450.23,3680.0,0.95,1.1,3.0,0.33254,1.025,0.826923552265838,OTM
2023-06-30,2023-07-21,PUT,21.0,4450.23,3685.0,0.95,1.1,8.0,0.33116,1.025,0.8280470897009818,OTM
2023-06-30,2023-07-21,PUT,21.0,4450.23,3690.0,1.0,1.1,300.0,0.33019,1.05,0.8291706271361257,OTM
2023-06-30,2023-07-21,PUT,21.0,4450.23,3695.0,1.0,1.1,2.0,0.32758,1.05,0.8302941645712695,OTM
2023-06-30,2023-07-21,PUT,21.0,4450.23,3700.0,0.85,1.1,716.0,0.32297,0.9750000000000001,0.8314177020064132,OTM
2023-06-30,2023-07-21,PUT,21.0,4450.23,3705.0,1.0,1.15,6.0,0.3247,1.075,0.832541239441557,OTM
2023-06-30,2023-07-21,PUT,21.0,4450.23,3710.0,1.0,1.15,53.0,0.32265,1.075,0.8336647768767008,OTM
2023-06-30,2023-07-21,PUT,21.0,4450.23,3715.0,1.05,1.15,3.0,0.32064,1.1,0.8347883143118446,OTM
2023-06-30,2023-07-21,PUT,21.0,4450.23,3720.0,1.05,1.15,3.0,0.3193,1.1,0.8359118517469885,OTM
2023-06-30,2023-07-21,PUT,21.0,4450.23,3725.0,1.05,1.25,3.0,0.3191,1.15,0.8370353891821323,OTM
2023-06-30,2023-07-21,PUT,21.0,4450.23,3730.0,1.05,1.2,2.0,0.31538,1.125,0.8381589266172761,OTM
2023-06-30,2023-07-21,PUT,21.0,4450.23,3735.0,1.05,1.2,169.0,0.31352,1.125,0.8392824640524198,OTM
2023-06-30,2023-07-21,PUT,21.0,4450.23,3740.0,1.05,1.2,2.0,0.31141,1.125,0.8404060014875636,OTM
2023-06-30,2023-07-21,PUT,21.0,4450.23,3745.0,1.1,1.2,224.0,0.31019,1.15,0.8415295389227074,OTM
2023-06-30,2023-07-21,PUT,21.0,4450.23,3750.0,1.1,1.25,30.0,0.30899,1.175,0.8426530763578512,OTM
2023-06-30,2023-07-21,PUT,21.0,4450.23,3755.0,1.1,1.25,8.0,0.30732,1.175,0.8437766137929951,OTM
2023-06-30,2023-07-21,PUT,21.0,4450.23,3760.0,1.1,1.25,4.0,0.30455,1.175,0.8449001512281389,OTM
2023-06-30,2023-07-21,PUT,21.0,4450.23,3765.0,1.15,1.25,1.0,0.3041,1.2,0.8460236886632827,OTM
2023-06-30,2023-07-21,PUT,21.0,4450.23,3770.0,1.15,1.3,2.0,0.30261,1.225,0.8471472260984264,OTM
2023-06-30,2023-07-21,PUT,21.0,4450.23,3775.0,1.2,1.3,180.0,0.30079,1.25,0.8482707635335702,OTM
2023-06-30,2023-07-21,PUT,21.0,4450.23,3780.0,1.15,1.3,3.0,0.29823,1.225,0.849394300968714,OTM
2023-06-30,2023-07-21,PUT,21.0,4450.23,3785.0,1.2,1.35,1.0,0.2979,1.275,0.8505178384038579,OTM
2023-06-30,2023-07-21,PUT,21.0,4450.23,3790.0,1.2,1.35,8.0,0.29509,1.275,0.8516413758390017,OTM
2023-06-30,2023-07-21,PUT,21.0,4450.23,3795.0,1.2,1.35,6.0,0.29354,1.275,0.8527649132741455,OTM
2023-06-30,2023-07-21,PUT,21.0,4450.23,3800.0,1.2,1.35,50.0,0.29147,1.275,0.8538884507092893,OTM
2023-06-30,2023-07-21,PUT,21.0,4450.23,3805.0,1.25,1.35,2.0,0.28982,1.3,0.855011988144433,OTM
2023-06-30,2023-07-21,PUT,21.0,4450.23,3810.0,1.25,1.35,2.0,0.28785,1.3,0.8561355255795768,OTM
2023-06-30,2023-07-21,PUT,21.0,4450.23,3815.0,1.25,1.4,5.0,0.28663,1.325,0.8572590630147207,OTM
2023-06-30,2023-07-21,PUT,21.0,4450.23,3820.0,1.25,1.4,1.0,0.28453,1.325,0.8583826004498645,OTM
2023-06-30,2023-07-21,PUT,21.0,4450.23,3825.0,1.3,1.4,13.0,0.28262,1.35,0.8595061378850083,OTM
2023-06-30,2023-07-21,PUT,21.0,4450.23,3830.0,1.3,1.4,6.0,0.28054,1.35,0.8606296753201521,OTM
2023-06-30,2023-07-21,PUT,21.0,4450.23,3835.0,1.3,1.45,4.0,0.27958,1.375,0.8617532127552959,OTM
2023-06-30,2023-07-21,PUT,21.0,4450.23,3840.0,1.3,1.45,2.0,0.27752,1.375,0.8628767501904396,OTM
2023-06-30,2023-07-21,PUT,21.0,4450.23,3845.0,1.35,1.45,26.0,0.27624,1.4,0.8640002876255835,OTM
2023-06-30,2023-07-21,PUT,21.0,4450.23,3850.0,1.35,1.5,153.0,0.27462,1.425,0.8651238250607273,OTM
2023-06-30,2023-07-21,PUT,21.0,4450.23,3855.0,1.35,1.5,5.0,0.27233,1.425,0.8662473624958711,OTM
2023-06-30,2023-07-21,PUT,21.0,4450.23,3860.0,1.4,1.5,3.0,0.27097,1.45,0.8673708999310149,OTM
2023-06-30,2023-07-21,PUT,21.0,4450.23,3865.0,1.4,1.5,4.0,0.26829,1.45,0.8684944373661587,OTM
2023-06-30,2023-07-21,PUT,21.0,4450.23,3870.0,1.4,1.55,2.0,0.2666,1.475,0.8696179748013025,OTM
2023-06-30,2023-07-21,PUT,21.0,4450.23,3875.0,1.4,1.55,15.0,0.26494,1.475,0.8707415122364462,OTM
2023-06-30,2023-07-21,PUT,21.0,4450.23,3880.0,1.45,1.6,4.0,0.26398,1.525,0.8718650496715901,OTM
2023-06-30,2023-07-21,PUT,21.0,4450.23,3885.0,1.45,1.65,1.0,0.26281,1.5499999999999998,0.8729885871067339,OTM
2023-06-30,2023-07-21,PUT,21.0,4450.23,3890.0,1.45,1.6,7.0,0.25954,1.525,0.8741121245418777,OTM
2023-06-30,2023-07-21,PUT,21.0,4450.23,3895.0,1.45,1.65,59.0,0.25794,1.5499999999999998,0.8752356619770215,OTM
2023-06-30,2023-07-21,PUT,21.0,4450.23,3900.0,1.5,1.7,582.0,0.25751,1.6,0.8763591994121653,OTM
2023-06-30,2023-07-21,PUT,21.0,4450.23,3905.0,1.5,1.65,6.0,0.25472,1.575,0.8774827368473092,OTM
2023-06-30,2023-07-21,PUT,21.0,4450.23,3910.0,1.55,1.65,8.0,0.25341,1.6,0.8786062742824529,OTM
2023-06-30,2023-07-21,PUT,21.0,4450.23,3915.0,1.55,1.7,2.0,0.25118,1.625,0.8797298117175967,OTM
2023-06-30,2023-07-21,PUT,21.0,4450.23,3920.0,1.55,1.7,2.0,0.24913,1.625,0.8808533491527405,OTM
2023-06-30,2023-07-21,PUT,21.0,4450.23,3925.0,1.6,1.7,65.0,0.24827,1.65,0.8819768865878843,OTM
2023-06-30,2023-07-21,PUT,21.0,4450.23,3930.0,1.6,1.7,3.0,0.24594,1.65,0.8831004240230281,OTM
2023-06-30,2023-07-21,PUT,21.0,4450.23,3935.0,1.6,1.8,5.0,0.24473,1.7000000000000002,0.884223961458172,OTM
2023-06-30,2023-07-21,PUT,21.0,4450.23,3940.0,1.6,1.75,11.0,0.24236,1.675,0.8853474988933158,OTM
2023-06-30,2023-07-21,PUT,21.0,4450.23,3945.0,1.65,1.8,2.0,0.24111,1.725,0.8864710363284595,OTM
2023-06-30,2023-07-21,PUT,21.0,4450.23,3950.0,1.65,1.8,361.0,0.23853,1.725,0.8875945737636033,OTM
2023-06-30,2023-07-21,PUT,21.0,4450.23,3955.0,1.7,1.8,6.0,0.23715,1.75,0.8887181111987471,OTM
2023-06-30,2023-07-21,PUT,21.0,4450.23,3960.0,1.7,1.8,2.0,0.23467,1.75,0.8898416486338909,OTM
2023-06-30,2023-07-21,PUT,21.0,4450.23,3965.0,1.7,1.85,1.0,0.23337,1.775,0.8909651860690347,OTM
2023-06-30,2023-07-21,PUT,21.0,4450.23,3970.0,1.7,1.85,181.0,0.23147,1.775,0.8920887235041786,OTM
2023-06-30,2023-07-21,PUT,21.0,4450.23,3975.0,1.75,1.85,4.0,0.22924,1.8,0.8932122609393224,OTM
2023-06-30,2023-07-21,PUT,21.0,4450.23,3980.0,1.75,1.9,12.0,0.22768,1.825,0.8943357983744661,OTM
2023-06-30,2023-07-21,PUT,21.0,4450.23,3985.0,1.75,1.9,1.0,0.22557,1.825,0.8954593358096099,OTM
2023-06-30,2023-07-21,PUT,21.0,4450.23,3990.0,1.8,1.95,1.0,0.22373,1.875,0.8965828732447537,OTM
2023-06-30,2023-07-21,PUT,21.0,4450.23,3995.0,1.8,1.95,90.0,0.22258,1.875,0.8977064106798975,OTM
2023-06-30,2023-07-21,PUT,21.0,4450.23,4000.0,1.85,2.0,4030.0,0.22122,1.925,0.8988299481150414,OTM
2023-06-30,2023-07-21,PUT,21.0,4450.23,4005.0,1.85,2.0,1.0,0.21858,1.925,0.8999534855501852,OTM
2023-06-30,2023-07-21,PUT,21.0,4450.23,4010.0,1.85,2.05,66.0,0.21733,1.95,0.901077022985329,OTM
2023-06-30,2023-07-21,PUT,21.0,4450.23,4015.0,1.9,2.05,379.0,0.21506,1.9749999999999999,0.9022005604204727,OTM
2023-06-30,2023-07-21,PUT,21.0,4450.23,4020.0,1.95,2.05,2.0,0.21347,2.0,0.9033240978556165,OTM
2023-06-30,2023-07-21,PUT,21.0,4450.23,4025.0,1.95,2.1,108.0,0.2113,2.025,0.9044476352907603,OTM
2023-06-30,2023-07-21,PUT,21.0,4450.23,4030.0,2.0,2.1,431.0,0.21029,2.05,0.9055711727259041,OTM
2023-06-30,2023-07-21,PUT,21.0,4450.23,4035.0,2.0,2.15,2.0,0.20826,2.075,0.906694710161048,OTM
2023-06-30,2023-07-21,PUT,21.0,4450.23,4040.0,2.0,2.2,4.0,0.2058,2.1,0.9078182475961918,OTM
2023-06-30,2023-07-21,PUT,21.0,4450.23,4045.0,2.05,2.2,1.0,0.2046,2.125,0.9089417850313356,OTM
2023-06-30,2023-07-21,PUT,21.0,4450.23,4050.0,2.1,2.25,447.0,0.20337,2.175,0.9100653224664793,OTM
2023-06-30,2023-07-21,PUT,21.0,4450.23,4055.0,2.1,2.3,3.0,0.2012,2.2,0.9111888599016231,OTM
2023-06-30,2023-07-21,PUT,21.0,4450.23,4060.0,2.15,2.3,11.0,0.19904,2.2249999999999996,0.912312397336767,OTM
2023-06-30,2023-07-21,PUT,21.0,4450.23,4065.0,2.15,2.35,4.0,0.19773,2.25,0.9134359347719108,OTM
2023-06-30,2023-07-21,PUT,21.0,4450.23,4070.0,2.2,2.35,72.0,0.19542,2.2750000000000004,0.9145594722070546,OTM
2023-06-30,2023-07-21,PUT,21.0,4450.23,4075.0,2.25,2.4,57.0,0.19437,2.325,0.9156830096421984,OTM
2023-06-30,2023-07-21,PUT,21.0,4450.23,4080.0,2.25,2.45,7.0,0.19214,2.35,0.9168065470773421,OTM
2023-06-30,2023-07-21,PUT,21.0,4450.23,4085.0,2.3,2.45,3.0,0.19041,2.375,0.9179300845124859,OTM
2023-06-30,2023-07-21,PUT,21.0,4450.23,4090.0,2.35,2.5,3.0,0.18847,2.425,0.9190536219476297,OTM
2023-06-30,2023-07-21,PUT,21.0,4450.23,4095.0,2.4,2.55,2.0,0.18737,2.4749999999999996,0.9201771593827736,OTM
2023-06-30,2023-07-21,PUT,21.0,4450.23,4100.0,2.45,2.55,297.0,0.18569,2.5,0.9213006968179174,OTM
2023-06-30,2023-07-21,PUT,21.0,4450.23,4105.0,2.5,2.6,2.0,0.18341,2.55,0.9224242342530612,OTM
2023-06-30,2023-07-21,PUT,21.0,4450.23,4110.0,2.5,2.7,1.0,0.1817,2.6,0.923547771688205,OTM
2023-06-30,2023-07-21,PUT,21.0,4450.23,4115.0,2.55,2.7,53.0,0.1795,2.625,0.9246713091233487,OTM
2023-06-30,2023-07-21,PUT,21.0,4450.23,4120.0,2.6,2.75,50.0,0.17795,2.675,0.9257948465584925,OTM
2023-06-30,2023-07-21,PUT,21.0,4450.23,4125.0,2.65,2.8,50.0,0.17681,2.7249999999999996,0.9269183839936364,OTM
2023-06-30,2023-07-21,PUT,21.0,4450.23,4130.0,2.7,2.85,109.0,0.17459,2.7750000000000004,0.9280419214287802,OTM
2023-06-30,2023-07-21,PUT,21.0,4450.23,4135.0,2.75,2.9,200.0,0.17353,2.825,0.929165458863924,OTM
2023-06-30,2023-07-21,PUT,21.0,4450.23,4140.0,2.8,3.0,25.0,0.17179,2.9,0.9302889962990678,OTM
2023-06-30,2023-07-21,PUT,21.0,4450.23,4145.0,2.85,3.1,24.0,0.17031,2.975,0.9314125337342116,OTM
2023-06-30,2023-07-21,PUT,21.0,4450.23,4150.0,2.95,3.1,229.0,0.16875,3.0250000000000004,0.9325360711693553,OTM
2023-06-30,2023-07-21,PUT,21.0,4450.23,4155.0,3.0,3.2,6.0,0.16709,3.1,0.9336596086044991,OTM
2023-06-30,2023-07-21,PUT,21.0,4450.23,4160.0,3.1,3.3,128.0,0.16567,3.2,0.934783146039643,OTM
2023-06-30,2023-07-21,PUT,21.0,4450.23,4165.0,3.1,3.5,24.0,0.16396,3.3,0.9359066834747868,OTM
2023-06-30,2023-07-21,PUT,21.0,4450.23,4170.0,3.2,3.4,428.0,0.16134,3.3,0.9370302209099306,OTM
2023-06-30,2023-07-21,PUT,21.0,4450.23,4175.0,3.3,3.5,34.0,0.1605,3.4,0.9381537583450744,OTM
2023-06-30,2023-07-21,PUT,21.0,4450.23,4180.0,3.4,3.6,89.0,0.15933,3.5,0.9392772957802182,OTM
2023-06-30,2023-07-21,PUT,21.0,4450.23,4185.0,3.5,3.7,5.0,0.15732,3.6,0.9404008332153619,OTM
2023-06-30,2023-07-21,PUT,21.0,4450.23,4190.0,3.6,3.8,217.0,0.15623,3.7,0.9415243706505058,OTM
2023-06-30,2023-07-21,PUT,21.0,4450.23,4195.0,3.7,3.9,8.0,0.15438,3.8,0.9426479080856496,OTM
2023-06-30,2023-07-21,PUT,21.0,4450.23,4200.0,3.8,4.0,1392.0,0.15229,3.9,0.9437714455207934,OTM
2023-06-30,2023-07-21,PUT,21.0,4450.23,4205.0,3.9,4.1,3.0,0.15151,4.0,0.9448949829559372,OTM
2023-06-30,2023-07-21,PUT,21.0,4450.23,4210.0,4.0,4.3,20.0,0.1501,4.15,0.946018520391081,OTM
2023-06-30,2023-07-21,PUT,21.0,4450.23,4215.0,4.1,4.4,237.0,0.14806,4.25,0.9471420578262248,OTM
2023-06-30,2023-07-21,PUT,21.0,4450.23,4220.0,4.3,4.5,4.0,0.14642,4.4,0.9482655952613686,OTM
2023-06-30,2023-07-21,PUT,21.0,4450.23,4225.0,4.4,4.6,304.0,0.14477,4.5,0.9493891326965124,OTM
2023-06-30,2023-07-21,PUT,21.0,4450.23,4230.0,4.6,4.8,6.0,0.14389,4.699999999999999,0.9505126701316562,OTM
2023-06-30,2023-07-21,PUT,21.0,4450.23,4235.0,4.7,5.0,8.0,0.14221,4.85,0.9516362075668,OTM
2023-06-30,2023-07-21,PUT,21.0,4450.23,4240.0,4.9,5.2,57.0,0.141,5.050000000000001,0.9527597450019438,OTM
2023-06-30,2023-07-21,PUT,21.0,4450.23,4245.0,5.0,5.3,2.0,0.13918,5.15,0.9538832824370876,OTM
2023-06-30,2023-07-21,PUT,21.0,4450.23,4250.0,5.2,5.4,773.0,0.13793,5.300000000000001,0.9550068198722315,OTM
2023-06-30,2023-07-21,PUT,21.0,4450.23,4255.0,5.4,5.7,160.0,0.1366,5.550000000000001,0.9561303573073752,OTM
2023-06-30,2023-07-21,PUT,21.0,4450.23,4260.0,5.6,5.8,4.0,0.13504,5.699999999999999,0.957253894742519,OTM
2023-06-30,2023-07-21,PUT,21.0,4450.23,4265.0,5.8,6.1,23.0,0.13365,5.949999999999999,0.9583774321776628,OTM
2023-06-30,2023-07-21,PUT,21.0,4450.23,4270.0,6.1,6.4,19.0,0.13242,6.25,0.9595009696128066,OTM
2023-06-30,2023-07-21,PUT,21.0,4450.23,4275.0,6.3,6.5,236.0,0.13055,6.4,0.9606245070479504,OTM
2023-06-30,2023-07-21,PUT,21.0,4450.23,4280.0,6.5,6.9,24.0,0.12963,6.7,0.9617480444830943,OTM
2023-06-30,2023-07-21,PUT,21.0,4450.23,4285.0,6.8,7.1,7.0,0.12828,6.949999999999999,0.9628715819182381,OTM
2023-06-30,2023-07-21,PUT,21.0,4450.23,4290.0,7.1,7.4,372.0,0.12681,7.25,0.9639951193533818,OTM
2023-06-30,2023-07-21,PUT,21.0,4450.23,4295.0,7.4,7.7,10.0,0.12523,7.550000000000001,0.9651186567885256,OTM
2023-06-30,2023-07-21,PUT,21.0,4450.23,4300.0,7.7,8.0,3220.0,0.12413,7.85,0.9662421942236694,OTM
2023-06-30,2023-07-21,PUT,21.0,4450.23,4305.0,8.0,8.5,110.0,0.12268,8.25,0.9673657316588132,OTM
2023-06-30,2023-07-21,PUT,21.0,4450.23,4310.0,8.4,8.7,2131.0,0.12074,8.55,0.968489269093957,OTM
2023-06-30,2023-07-21,PUT,21.0,4450.23,4315.0,8.7,9.1,7.0,0.11945,8.899999999999999,0.9696128065291009,OTM
2023-06-30,2023-07-21,PUT,21.0,4450.23,4320.0,9.1,9.5,409.0,0.1188,9.3,0.9707363439642447,OTM
2023-06-30,2023-07-21,PUT,21.0,4450.23,4325.0,9.0,10.4,214.0,0.11695,9.7,0.9718598813993884,OTM
2023-06-30,2023-07-21,PUT,21.0,4450.23,4330.0,9.9,10.9,21.0,0.11643,10.4,0.9729834188345322,OTM
2023-06-30,2023-07-21,PUT,21.0,4450.23,4335.0,10.4,11.0,7.0,0.11481,10.7,0.974106956269676,OTM
2023-06-30,2023-07-21,PUT,21.0,4450.23,4340.0,11.0,11.3,16.0,0.11304,11.15,0.9752304937048198,OTM
2023-06-30,2023-07-21,PUT,21.0,4450.23,4345.0,11.5,11.9,40.0,0.11142,11.7,0.9763540311399637,OTM
2023-06-30,2023-07-21,PUT,21.0,4450.23,4350.0,12.0,12.4,875.0,0.11046,12.2,0.9774775685751075,OTM
2023-06-30,2023-07-21,PUT,21.0,4450.23,4355.0,12.6,13.0,19.0,0.10858,12.8,0.9786011060102513,OTM
2023-06-30,2023-07-21,PUT,21.0,4450.23,4360.0,13.3,13.7,334.0,0.10801,13.5,0.979724643445395,OTM
2023-06-30,2023-07-21,PUT,21.0,4450.23,4365.0,13.9,14.3,29.0,0.10685,14.100000000000001,0.9808481808805388,OTM
2023-06-30,2023-07-21,PUT,21.0,4450.23,4370.0,14.6,15.6,36.0,0.10624,15.1,0.9819717183156826,OTM
2023-06-30,2023-07-21,PUT,21.0,4450.23,4375.0,15.4,15.9,173.0,0.1042,15.65,0.9830952557508265,OTM
2023-06-30,2023-07-21,PUT,21.0,4450.23,4380.0,16.3,16.7,25.0,0.10286,16.5,0.9842187931859703,OTM
2023-06-30,2023-07-21,PUT,21.0,4450.23,4385.0,17.1,17.6,61.0,0.1012,17.35,0.9853423306211141,OTM
2023-06-30,2023-07-21,PUT,21.0,4450.23,4390.0,18.1,18.6,90.0,0.10089,18.35,0.9864658680562579,OTM
2023-06-30,2023-07-21,PUT,21.0,4450.23,4395.0,19.1,19.5,36.0,0.09921,19.3,0.9875894054914016,OTM
2023-06-30,2023-07-21,PUT,21.0,4450.23,4400.0,20.1,20.6,2264.0,0.09839,20.35,0.9887129429265454,OTM
2023-06-30,2023-07-21,PUT,21.0,4450.23,4405.0,20.0,22.9,16.0,0.09645,21.45,0.9898364803616893,OTM
2023-06-30,2023-07-21,PUT,21.0,4450.23,4410.0,22.5,23.0,58.0,0.09618,22.75,0.9909600177968331,ATM
2023-06-30,2023-07-21,PUT,21.0,4450.23,4415.0,23.8,24.3,4.0,0.09536,24.05,0.9920835552319769,ATM
2023-06-30,2023-07-21,PUT,21.0,4450.23,4420.0,25.1,25.6,24.0,0.09337,25.35,0.9932070926671207,ATM
2023-06-30,2023-07-21,PUT,21.0,4450.23,4425.0,26.6,28.9,273.0,0.09475,27.75,0.9943306301022645,ATM
2023-06-30,2023-07-21,PUT,21.0,4450.23,4430.0,28.1,28.7,15.0,0.0913,28.4,0.9954541675374082,ATM
2023-06-30,2023-07-21,PUT,21.0,4450.23,4435.0,29.8,30.4,78.0,0.09033,30.1,0.996577704972552,ATM
2023-06-30,2023-07-21,PUT,21.0,4450.23,4440.0,31.5,32.1,32.0,0.08995,31.8,0.9977012424076959,ATM
2023-06-30,2023-07-21,PUT,21.0,4450.23,4445.0,33.4,34.0,27.0,0.08914,33.7,0.9988247798428397,ATM
2023-06-30,2023-07-21,PUT,21.0,4450.23,4450.0,35.3,36.0,6241.0,0.08811,35.65,0.9999483172779835,ATM
2023-06-30,2023-07-21,PUT,21.0,4450.23,4455.0,35.4,40.0,66.0,0.0862,37.7,1.0010718547131272,ATM
2023-06-30,2023-07-21,PUT,21.0,4450.23,4460.0,39.5,40.3,149.0,0.08568,39.9,1.0021953921482711,ATM
2023-06-30,2023-07-21,PUT,21.0,4450.23,4465.0,41.8,42.6,13.0,0.08479,42.2,1.0033189295834148,ATM
2023-06-30,2023-07-21,PUT,21.0,4450.23,4470.0,44.3,49.0,75.0,0.08891,46.65,1.0044424670185588,ATM
2023-06-30,2023-07-21,PUT,21.0,4450.23,4475.0,44.6,50.1,566.0,0.0837,47.35,1.0055660044537025,ATM
2023-06-30,2023-07-21,PUT,21.0,4450.23,4480.0,49.5,50.3,8.0,0.08275,49.9,1.0066895418888462,ATM
2023-06-30,2023-07-21,PUT,21.0,4450.23,4485.0,52.2,53.1,25.0,0.08169,52.650000000000006,1.0078130793239901,ATM
2023-06-30,2023-07-21,PUT,21.0,4450.23,4490.0,55.1,56.1,2.0,0.08027,55.6,1.0089366167591338,ATM
2023-06-30,2023-07-21,PUT,21.0,4450.23,4495.0,58.1,59.1,1.0,0.07965,58.6,1.0100601541942777,ITM
2023-06-30,2023-07-21,PUT,21.0,4450.23,4500.0,61.3,62.2,6.0,0.07838,61.75,1.0111836916294215,ITM
2023-06-30,2023-07-21,PUT,21.0,4450.23,4505.0,64.4,65.5,2.0,0.07735,64.95,1.0123072290645654,ITM
2023-06-30,2023-07-21,PUT,21.0,4450.23,4510.0,63.3,71.9,4.0,0.07434,67.6,1.013430766499709,ITM
2023-06-30,2023-07-21,PUT,21.0,4450.23,4520.0,71.9,78.7,1.0,0.07344,75.30000000000001,1.0156778413699967,ITM
2023-06-30,2023-07-21,PUT,21.0,4450.23,4525.0,75.5,82.3,1.0,0.07151,78.9,1.0168013788051404,ITM
2023-06-30,2023-07-24,PUT,24.0,4450.23,3600.0,0.9,1.0,15.0,0.34119,0.95,0.8089469533035372,OTM
2023-06-30,2023-07-24,PUT,24.0,4450.23,3650.0,1.0,1.1,30.0,0.32483,1.05,0.8201823276549752,OTM
2023-06-30,2023-07-24,PUT,24.0,4450.23,3700.0,1.1,1.25,7.0,0.31019,1.175,0.8314177020064132,OTM
2023-06-30,2023-07-24,PUT,24.0,4450.23,3750.0,1.2,1.35,1.0,0.29316,1.275,0.8426530763578512,OTM
2023-06-30,2023-07-24,PUT,24.0,4450.23,3800.0,1.35,1.5,3.0,0.27796,1.425,0.8538884507092893,OTM
2023-06-30,2023-07-24,PUT,24.0,4450.23,3850.0,1.5,1.65,1.0,0.26123,1.575,0.8651238250607273,OTM
2023-06-30,2023-07-24,PUT,24.0,4450.23,3900.0,1.65,1.8,200.0,0.24447,1.725,0.8763591994121653,OTM
2023-06-30,2023-07-24,PUT,24.0,4450.23,3950.0,1.85,2.0,2.0,0.22798,1.925,0.8875945737636033,OTM
2023-06-30,2023-07-24,PUT,24.0,4450.23,4000.0,2.1,2.25,1.0,0.21116,2.175,0.8988299481150414,OTM
2023-06-30,2023-07-24,PUT,24.0,4450.23,4050.0,2.4,2.55,8.0,0.19466,2.4749999999999996,0.9100653224664793,OTM
2023-06-30,2023-07-24,PUT,24.0,4450.23,4080.0,2.65,2.75,24.0,0.18541,2.7,0.9168065470773421,OTM
2023-06-30,2023-07-24,PUT,24.0,4450.23,4090.0,2.7,2.85,1.0,0.18178,2.7750000000000004,0.9190536219476297,OTM
2023-06-30,2023-07-24,PUT,24.0,4450.23,4100.0,2.85,2.95,65.0,0.17891,2.9000000000000004,0.9213006968179174,OTM
2023-06-30,2023-07-24,PUT,24.0,4450.23,4125.0,3.1,3.3,4.0,0.17155,3.2,0.9269183839936364,OTM
2023-06-30,2023-07-24,PUT,24.0,4450.23,4130.0,3.2,3.4,1.0,0.16962,3.3,0.9280419214287802,OTM
2023-06-30,2023-07-24,PUT,24.0,4450.23,4150.0,3.5,3.7,8.0,0.16364,3.6,0.9325360711693553,OTM
2023-06-30,2023-07-24,PUT,24.0,4450.23,4165.0,3.8,4.0,15.0,0.15946,3.9,0.9359066834747868,OTM
2023-06-30,2023-07-24,PUT,24.0,4450.23,4175.0,4.0,4.2,7.0,0.15686,4.1,0.9381537583450744,OTM
2023-06-30,2023-07-24,PUT,24.0,4450.23,4180.0,4.0,4.3,2.0,0.15508,4.15,0.9392772957802182,OTM
2023-06-30,2023-07-24,PUT,24.0,4450.23,4190.0,4.3,4.5,5.0,0.15193,4.4,0.9415243706505058,OTM
2023-06-30,2023-07-24,PUT,24.0,4450.23,4200.0,4.6,4.8,17.0,0.14954,4.699999999999999,0.9437714455207934,OTM
2023-06-30,2023-07-24,PUT,24.0,4450.23,4210.0,4.8,5.1,2.0,0.14663,4.949999999999999,0.946018520391081,OTM
2023-06-30,2023-07-24,PUT,24.0,4450.23,4215.0,5.0,5.2,3.0,0.14547,5.1,0.9471420578262248,OTM
2023-06-30,2023-07-24,PUT,24.0,4450.23,4220.0,5.1,5.4,2.0,0.14343,5.25,0.9482655952613686,OTM
2023-06-30,2023-07-24,PUT,24.0,4450.23,4225.0,5.3,5.6,1.0,0.14305,5.449999999999999,0.9493891326965124,OTM
2023-06-30,2023-07-24,PUT,24.0,4450.23,4230.0,5.5,5.7,1.0,0.14131,5.6,0.9505126701316562,OTM
2023-06-30,2023-07-24,PUT,24.0,4450.23,4235.0,5.7,5.9,8.0,0.14015,5.800000000000001,0.9516362075668,OTM
2023-06-30,2023-07-24,PUT,24.0,4450.23,4240.0,5.9,6.1,4.0,0.13827,6.0,0.9527597450019438,OTM
2023-06-30,2023-07-24,PUT,24.0,4450.23,4250.0,6.3,6.6,54.0,0.13551,6.449999999999999,0.9550068198722315,OTM
2023-06-30,2023-07-24,PUT,24.0,4450.23,4260.0,6.7,7.0,10.0,0.13348,6.85,0.957253894742519,OTM
2023-06-30,2023-07-24,PUT,24.0,4450.23,4270.0,7.2,7.5,1.0,0.13034,7.35,0.9595009696128066,OTM
2023-06-30,2023-07-24,PUT,24.0,4450.23,4275.0,7.5,7.8,5.0,0.12965,7.65,0.9606245070479504,OTM
2023-06-30,2023-07-24,PUT,24.0,4450.23,4280.0,7.8,8.1,8.0,0.12741,7.949999999999999,0.9617480444830943,OTM
2023-06-30,2023-07-24,PUT,24.0,4450.23,4290.0,8.4,8.7,81.0,0.12481,8.55,0.9639951193533818,OTM
2023-06-30,2023-07-24,PUT,24.0,4450.23,4295.0,8.7,9.1,15.0,0.12355,8.899999999999999,0.9651186567885256,OTM
2023-06-30,2023-07-24,PUT,24.0,4450.23,4300.0,9.0,9.5,12.0,0.12276,9.25,0.9662421942236694,OTM
2023-06-30,2023-07-24,PUT,24.0,4450.23,4305.0,9.5,9.8,2.0,0.12151,9.65,0.9673657316588132,OTM
2023-06-30,2023-07-24,PUT,24.0,4450.23,4310.0,9.8,10.2,21.0,0.12,10.0,0.968489269093957,OTM
2023-06-30,2023-07-24,PUT,24.0,4450.23,4315.0,10.2,10.7,3.0,0.11903,10.45,0.9696128065291009,OTM
2023-06-30,2023-07-24,PUT,24.0,4450.23,4320.0,10.2,11.5,7.0,0.11788,10.85,0.9707363439642447,OTM
2023-06-30,2023-07-24,PUT,24.0,4450.23,4325.0,10.6,12.0,8.0,0.11615,11.3,0.9718598813993884,OTM
2023-06-30,2023-07-24,PUT,24.0,4450.23,4330.0,11.6,12.1,2.0,0.11508,11.85,0.9729834188345322,OTM
2023-06-30,2023-07-24,PUT,24.0,4450.23,4340.0,12.7,13.0,79.0,0.11262,12.85,0.9752304937048198,OTM
2023-06-30,2023-07-24,PUT,24.0,4450.23,4345.0,13.2,13.7,29.0,0.11093,13.45,0.9763540311399637,OTM
2023-06-30,2023-07-24,PUT,24.0,4450.23,4350.0,13.2,14.8,14.0,0.1099,14.0,0.9774775685751075,OTM
2023-06-30,2023-07-24,PUT,24.0,4450.23,4355.0,14.5,15.0,23.0,0.10867,14.75,0.9786011060102513,OTM
2023-06-30,2023-07-24,PUT,24.0,4450.23,4360.0,15.2,15.6,23.0,0.10771,15.399999999999999,0.979724643445395,OTM
2023-06-30,2023-07-24,PUT,24.0,4450.23,4365.0,15.8,16.4,1.0,0.10622,16.1,0.9808481808805388,OTM
2023-06-30,2023-07-24,PUT,24.0,4450.23,4370.0,16.7,17.0,4.0,0.10479,16.85,0.9819717183156826,OTM
2023-06-30,2023-07-24,PUT,24.0,4450.23,4375.0,17.5,17.9,2.0,0.10437,17.7,0.9830952557508265,OTM
2023-06-30,2023-07-24,PUT,24.0,4450.23,4380.0,18.3,18.9,2.0,0.10263,18.6,0.9842187931859703,OTM
2023-06-30,2023-07-24,PUT,24.0,4450.23,4385.0,19.2,19.8,17.0,0.10185,19.5,0.9853423306211141,OTM
2023-06-30,2023-07-24,PUT,24.0,4450.23,4390.0,19.2,21.5,5.0,0.09984,20.35,0.9864658680562579,OTM
2023-06-30,2023-07-24,PUT,24.0,4450.23,4395.0,20.2,22.6,39.0,0.09891,21.4,0.9875894054914016,OTM
2023-06-30,2023-07-24,PUT,24.0,4450.23,4400.0,22.4,23.7,4.0,0.09959,23.049999999999997,0.9887129429265454,OTM
2023-06-30,2023-07-24,PUT,24.0,4450.23,4405.0,23.6,24.2,23.0,0.09742,23.9,0.9898364803616893,OTM
2023-06-30,2023-07-24,PUT,24.0,4450.23,4410.0,24.8,26.2,10.0,0.09781,25.5,0.9909600177968331,ATM
2023-06-30,2023-07-24,PUT,24.0,4450.23,4415.0,24.7,28.1,4.0,0.09527,26.4,0.9920835552319769,ATM
2023-06-30,2023-07-24,PUT,24.0,4450.23,4420.0,27.5,28.0,23.0,0.0941,27.75,0.9932070926671207,ATM
2023-06-30,2023-07-24,PUT,24.0,4450.23,4425.0,27.4,30.5,5.0,0.09293,28.95,0.9943306301022645,ATM
2023-06-30,2023-07-24,PUT,24.0,4450.23,4430.0,30.6,31.2,10.0,0.09274,30.9,0.9954541675374082,ATM
2023-06-30,2023-07-24,PUT,24.0,4450.23,4440.0,34.0,34.5,8.0,0.09095,34.25,0.9977012424076959,ATM
2023-06-30,2023-07-24,PUT,24.0,4450.23,4445.0,35.6,36.2,9.0,0.08959,35.900000000000006,0.9988247798428397,ATM
2023-06-30,2023-07-24,PUT,24.0,4450.23,4450.0,35.7,40.0,13.0,0.08807,37.85,0.9999483172779835,ATM
2023-06-30,2023-07-24,PUT,24.0,4450.23,4455.0,39.8,40.4,12.0,0.0879,40.099999999999994,1.0010718547131272,ATM
2023-06-30,2023-07-24,PUT,24.0,4450.23,4460.0,41.9,42.5,31.0,0.08634,42.2,1.0021953921482711,ATM
2023-06-30,2023-07-24,PUT,24.0,4450.23,4470.0,44.1,48.2,3.0,0.0834,46.150000000000006,1.0044424670185588,ATM
2023-06-30,2023-07-24,PUT,24.0,4450.23,4475.0,49.2,49.9,1.0,0.08471,49.55,1.0055660044537025,ATM
2023-06-30,2023-07-24,PUT,24.0,4450.23,4480.0,51.7,52.3,6.0,0.08328,52.0,1.0066895418888462,ATM
2023-06-30,2023-07-24,PUT,24.0,4450.23,4490.0,55.8,59.6,2.0,0.08172,57.7,1.0089366167591338,ATM
2023-06-30,2023-07-24,PUT,24.0,4450.23,4500.0,60.0,67.0,6.0,0.07937,63.5,1.0111836916294215,ITM
2023-06-30,2023-07-25,PUT,25.0,4450.23,3600.0,0.95,1.1,8.0,0.33727,1.025,0.8089469533035372,OTM
2023-06-30,2023-07-25,PUT,25.0,4450.23,3650.0,1.05,1.2,11.0,0.3217,1.125,0.8201823276549752,OTM
2023-06-30,2023-07-25,PUT,25.0,4450.23,3700.0,1.2,1.3,101.0,0.30697,1.25,0.8314177020064132,OTM
2023-06-30,2023-07-25,PUT,25.0,4450.23,3750.0,1.3,1.45,25.0,0.29013,1.375,0.8426530763578512,OTM
2023-06-30,2023-07-25,PUT,25.0,4450.23,3800.0,1.45,1.6,9.0,0.27522,1.525,0.8538884507092893,OTM
2023-06-30,2023-07-25,PUT,25.0,4450.23,3850.0,1.6,1.75,1.0,0.25846,1.675,0.8651238250607273,OTM
2023-06-30,2023-07-25,PUT,25.0,4450.23,3900.0,1.75,1.9,60.0,0.24175,1.825,0.8763591994121653,OTM
2023-06-30,2023-07-25,PUT,25.0,4450.23,3950.0,2.0,2.15,1.0,0.22643,2.075,0.8875945737636033,OTM
2023-06-30,2023-07-25,PUT,25.0,4450.23,4000.0,2.25,2.4,2.0,0.20966,2.325,0.8988299481150414,OTM
2023-06-30,2023-07-25,PUT,25.0,4450.23,4025.0,2.4,2.55,2.0,0.20137,2.4749999999999996,0.9044476352907603,OTM
2023-06-30,2023-07-25,PUT,25.0,4450.23,4050.0,2.6,2.75,2.0,0.19397,2.675,0.9100653224664793,OTM
2023-06-30,2023-07-25,PUT,25.0,4450.23,4075.0,2.85,3.0,25.0,0.18678,2.925,0.9156830096421984,OTM
2023-06-30,2023-07-25,PUT,25.0,4450.23,4100.0,3.1,3.3,10.0,0.17893,3.2,0.9213006968179174,OTM
2023-06-30,2023-07-25,PUT,25.0,4450.23,4125.0,3.5,3.7,4.0,0.1724,3.6,0.9269183839936364,OTM
2023-06-30,2023-07-25,PUT,25.0,4450.23,4150.0,3.9,4.1,22.0,0.16472,4.0,0.9325360711693553,OTM
2023-06-30,2023-07-25,PUT,25.0,4450.23,4170.0,4.3,4.5,1.0,0.15849,4.4,0.9370302209099306,OTM
2023-06-30,2023-07-25,PUT,25.0,4450.23,4175.0,4.4,4.7,4.0,0.1578,4.550000000000001,0.9381537583450744,OTM
2023-06-30,2023-07-25,PUT,25.0,4450.23,4180.0,4.6,4.8,2.0,0.15609,4.699999999999999,0.9392772957802182,OTM
2023-06-30,2023-07-25,PUT,25.0,4450.23,4190.0,4.8,5.1,17.0,0.15387,4.949999999999999,0.9415243706505058,OTM
2023-06-30,2023-07-25,PUT,25.0,4450.23,4200.0,5.1,5.4,803.0,0.15033,5.25,0.9437714455207934,OTM
2023-06-30,2023-07-25,PUT,25.0,4450.23,4205.0,5.2,5.5,15.0,0.14936,5.35,0.9448949829559372,OTM
2023-06-30,2023-07-25,PUT,25.0,4450.23,4210.0,5.4,5.7,1.0,0.14811,5.550000000000001,0.946018520391081,OTM
2023-06-30,2023-07-25,PUT,25.0,4450.23,4220.0,5.8,6.0,2.0,0.1453,5.9,0.9482655952613686,OTM
2023-06-30,2023-07-25,PUT,25.0,4450.23,4225.0,5.9,6.2,6.0,0.14385,6.050000000000001,0.9493891326965124,OTM
2023-06-30,2023-07-25,PUT,25.0,4450.23,4235.0,6.3,6.6,1.0,0.14111,6.449999999999999,0.9516362075668,OTM
2023-06-30,2023-07-25,PUT,25.0,4450.23,4240.0,6.5,6.8,16.0,0.14,6.65,0.9527597450019438,OTM
2023-06-30,2023-07-25,PUT,25.0,4450.23,4250.0,7.0,7.3,17.0,0.13762,7.15,0.9550068198722315,OTM
2023-06-30,2023-07-25,PUT,25.0,4450.23,4255.0,7.2,7.5,16.0,0.13588,7.35,0.9561303573073752,OTM
2023-06-30,2023-07-25,PUT,25.0,4450.23,4260.0,7.5,7.8,71.0,0.13427,7.65,0.957253894742519,OTM
2023-06-30,2023-07-25,PUT,25.0,4450.23,4265.0,7.8,8.1,1.0,0.13382,7.949999999999999,0.9583774321776628,OTM
2023-06-30,2023-07-25,PUT,25.0,4450.23,4270.0,8.0,8.3,3.0,0.13157,8.15,0.9595009696128066,OTM
2023-06-30,2023-07-25,PUT,25.0,4450.23,4275.0,8.3,8.6,11.0,0.13082,8.45,0.9606245070479504,OTM
2023-06-30,2023-07-25,PUT,25.0,4450.23,4280.0,8.6,9.0,15.0,0.12981,8.8,0.9617480444830943,OTM
2023-06-30,2023-07-25,PUT,25.0,4450.23,4285.0,9.0,9.3,1.0,0.12826,9.15,0.9628715819182381,OTM
2023-06-30,2023-07-25,PUT,25.0,4450.23,4290.0,9.2,9.6,1.0,0.12664,9.399999999999999,0.9639951193533818,OTM
2023-06-30,2023-07-25,PUT,25.0,4450.23,4295.0,9.6,9.9,38.0,0.12524,9.75,0.9651186567885256,OTM
2023-06-30,2023-07-25,PUT,25.0,4450.23,4300.0,9.9,10.4,22.0,0.12425,10.15,0.9662421942236694,OTM
2023-06-30,2023-07-25,PUT,25.0,4450.23,4305.0,10.3,10.8,1.0,0.12333,10.55,0.9673657316588132,OTM
2023-06-30,2023-07-25,PUT,25.0,4450.23,4310.0,10.7,11.2,3.0,0.12116,10.95,0.968489269093957,OTM
2023-06-30,2023-07-25,PUT,25.0,4450.23,4315.0,11.2,11.6,14.0,0.12063,11.399999999999999,0.9696128065291009,OTM
2023-06-30,2023-07-25,PUT,25.0,4450.23,4320.0,11.6,12.1,5.0,0.11926,11.85,0.9707363439642447,OTM
2023-06-30,2023-07-25,PUT,25.0,4450.23,4325.0,12.2,13.0,1.0,0.11906,12.6,0.9718598813993884,OTM
2023-06-30,2023-07-25,PUT,25.0,4450.23,4330.0,12.1,13.5,1.0,0.11687,12.8,0.9729834188345322,OTM
2023-06-30,2023-07-25,PUT,25.0,4450.23,4335.0,13.2,13.5,7.0,0.11547,13.35,0.974106956269676,OTM
2023-06-30,2023-07-25,PUT,25.0,4450.23,4340.0,13.1,14.7,40.0,0.11354,13.899999999999999,0.9752304937048198,OTM
2023-06-30,2023-07-25,PUT,25.0,4450.23,4345.0,14.2,14.8,1.0,0.11238,14.5,0.9763540311399637,OTM
2023-06-30,2023-07-25,PUT,25.0,4450.23,4350.0,14.9,15.5,4.0,0.11141,15.2,0.9774775685751075,OTM
2023-06-30,2023-07-25,PUT,25.0,4450.23,4355.0,15.6,16.0,4.0,0.11072,15.8,0.9786011060102513,OTM
2023-06-30,2023-07-25,PUT,25.0,4450.23,4360.0,16.2,16.8,33.0,0.10944,16.5,0.979724643445395,OTM
2023-06-30,2023-07-25,PUT,25.0,4450.23,4365.0,17.0,17.4,2.0,0.10794,17.2,0.9808481808805388,OTM
2023-06-30,2023-07-25,PUT,25.0,4450.23,4370.0,17.8,18.4,9.0,0.10659,18.1,0.9819717183156826,OTM
2023-06-30,2023-07-25,PUT,25.0,4450.23,4375.0,18.6,19.2,5.0,0.10524,18.9,0.9830952557508265,OTM
2023-06-30,2023-07-25,PUT,25.0,4450.23,4380.0,18.6,20.7,1.0,0.10415,19.65,0.9842187931859703,OTM
2023-06-30,2023-07-25,PUT,25.0,4450.23,4390.0,21.5,22.1,23.0,0.1029,21.8,0.9864658680562579,OTM
2023-06-30,2023-07-25,PUT,25.0,4450.23,4395.0,22.5,23.1,2.0,0.10178,22.8,0.9875894054914016,OTM
2023-06-30,2023-07-25,PUT,25.0,4450.23,4400.0,22.4,25.0,38.0,0.09956,23.7,0.9887129429265454,OTM
2023-06-30,2023-07-25,PUT,25.0,4450.23,4405.0,23.6,26.2,21.0,0.09829,24.9,0.9898364803616893,OTM
2023-06-30,2023-07-25,PUT,25.0,4450.23,4410.0,26.1,26.7,62.0,0.09795,26.4,0.9909600177968331,ATM
2023-06-30,2023-07-25,PUT,25.0,4450.23,4415.0,27.4,28.0,3.0,0.09698,27.7,0.9920835552319769,ATM
2023-06-30,2023-07-25,PUT,25.0,4450.23,4420.0,28.8,29.4,3.0,0.0961,29.1,0.9932070926671207,ATM
2023-06-30,2023-07-25,PUT,25.0,4450.23,4425.0,30.3,30.9,6.0,0.09549,30.6,0.9943306301022645,ATM
2023-06-30,2023-07-25,PUT,25.0,4450.23,4430.0,31.8,32.3,3.0,0.09375,32.05,0.9954541675374082,ATM
2023-06-30,2023-07-25,PUT,25.0,4450.23,4435.0,33.5,34.2,9.0,0.09322,33.85,0.996577704972552,ATM
2023-06-30,2023-07-25,PUT,25.0,4450.23,4440.0,33.1,36.9,7.0,0.09149,35.0,0.9977012424076959,ATM
2023-06-30,2023-07-25,PUT,25.0,4450.23,4445.0,37.1,37.8,8.0,0.0915,37.45,0.9988247798428397,ATM
2023-06-30,2023-07-25,PUT,25.0,4450.23,4450.0,39.0,39.7,8.0,0.0908,39.35,0.9999483172779835,ATM
2023-06-30,2023-07-25,PUT,25.0,4450.23,4455.0,41.1,41.8,7.0,0.08991,41.45,1.0010718547131272,ATM
2023-06-30,2023-07-25,PUT,25.0,4450.23,4460.0,43.2,43.9,8.0,0.08864,43.55,1.0021953921482711,ATM
2023-06-30,2023-07-25,PUT,25.0,4450.23,4470.0,47.9,48.6,5.0,0.08681,48.25,1.0044424670185588,ATM
2023-06-30,2023-07-25,PUT,25.0,4450.23,4475.0,50.3,51.0,7.0,0.08581,50.65,1.0055660044537025,ATM
2023-06-30,2023-07-25,PUT,25.0,4450.23,4480.0,52.9,53.3,1.0,0.08501,53.099999999999994,1.0066895418888462,ATM
2023-06-30,2023-07-25,PUT,25.0,4450.23,4500.0,62.5,66.6,2.0,0.08147,64.55,1.0111836916294215,ITM
2023-06-30,2023-07-25,PUT,25.0,4450.23,4525.0,78.5,82.9,4.0,0.07497,80.7,1.0168013788051404,ITM
2023-06-30,2023-07-26,PUT,26.0,4450.23,3600.0,1.1,1.2,15.0,0.33613,1.15,0.8089469533035372,OTM
2023-06-30,2023-07-26,PUT,26.0,4450.23,3650.0,1.2,1.35,26.0,0.32096,1.275,0.8201823276549752,OTM
2023-06-30,2023-07-26,PUT,26.0,4450.23,3700.0,1.35,1.45,20.0,0.30546,1.4,0.8314177020064132,OTM
2023-06-30,2023-07-26,PUT,26.0,4450.23,3750.0,1.45,1.6,1.0,0.28927,1.525,0.8426530763578512,OTM
2023-06-30,2023-07-26,PUT,26.0,4450.23,3900.0,2.05,2.15,101.0,0.24209,2.0999999999999996,0.8763591994121653,OTM
2023-06-30,2023-07-26,PUT,26.0,4450.23,3950.0,2.25,2.4,3.0,0.22592,2.325,0.8875945737636033,OTM
2023-06-30,2023-07-26,PUT,26.0,4450.23,4000.0,2.6,2.75,281.0,0.2114,2.675,0.8988299481150414,OTM
2023-06-30,2023-07-26,PUT,26.0,4450.23,4050.0,3.0,3.2,8.0,0.19538,3.1,0.9100653224664793,OTM
2023-06-30,2023-07-26,PUT,26.0,4450.23,4100.0,3.6,3.9,9.0,0.18142,3.75,0.9213006968179174,OTM
2023-06-30,2023-07-26,PUT,26.0,4450.23,4125.0,4.1,4.3,1.0,0.17367,4.199999999999999,0.9269183839936364,OTM
2023-06-30,2023-07-26,PUT,26.0,4450.23,4150.0,4.6,4.9,15.0,0.16756,4.75,0.9325360711693553,OTM
2023-06-30,2023-07-26,PUT,26.0,4450.23,4175.0,5.3,5.5,2.0,0.161,5.4,0.9381537583450744,OTM
2023-06-30,2023-07-26,PUT,26.0,4450.23,4180.0,5.4,5.7,3.0,0.15951,5.550000000000001,0.9392772957802182,OTM
2023-06-30,2023-07-26,PUT,26.0,4450.23,4190.0,5.7,6.0,2.0,0.15645,5.85,0.9415243706505058,OTM
2023-06-30,2023-07-26,PUT,26.0,4450.23,4200.0,6.1,6.4,22.0,0.15429,6.25,0.9437714455207934,OTM
2023-06-30,2023-07-26,PUT,26.0,4450.23,4210.0,6.5,6.7,1.0,0.15122,6.6,0.946018520391081,OTM
2023-06-30,2023-07-26,PUT,26.0,4450.23,4220.0,6.9,7.2,1.0,0.14941,7.050000000000001,0.9482655952613686,OTM
2023-06-30,2023-07-26,PUT,26.0,4450.23,4225.0,7.1,7.4,1.0,0.14762,7.25,0.9493891326965124,OTM
2023-06-30,2023-07-26,PUT,26.0,4450.23,4230.0,7.3,7.5,2.0,0.1466,7.4,0.9505126701316562,OTM
2023-06-30,2023-07-26,PUT,26.0,4450.23,4240.0,7.8,8.1,7.0,0.14388,7.949999999999999,0.9527597450019438,OTM
2023-06-30,2023-07-26,PUT,26.0,4450.23,4250.0,8.3,8.6,35.0,0.14164,8.45,0.9550068198722315,OTM
2023-06-30,2023-07-26,PUT,26.0,4450.23,4260.0,8.9,9.1,1.0,0.13861,9.0,0.957253894742519,OTM
2023-06-30,2023-07-26,PUT,26.0,4450.23,4270.0,9.6,9.9,1.0,0.13642,9.75,0.9595009696128066,OTM
2023-06-30,2023-07-26,PUT,26.0,4450.23,4275.0,9.8,10.1,2.0,0.13517,9.95,0.9606245070479504,OTM
2023-06-30,2023-07-26,PUT,26.0,4450.23,4280.0,10.2,10.6,1.0,0.13342,10.399999999999999,0.9617480444830943,OTM
2023-06-30,2023-07-26,PUT,26.0,4450.23,4290.0,10.9,11.3,1.0,0.13132,11.100000000000001,0.9639951193533818,OTM
2023-06-30,2023-07-26,PUT,26.0,4450.23,4300.0,11.7,12.2,40.0,0.12894,11.95,0.9662421942236694,OTM
2023-06-30,2023-07-26,PUT,26.0,4450.23,4310.0,12.2,13.5,1.0,0.12594,12.85,0.968489269093957,OTM
2023-06-30,2023-07-26,PUT,26.0,4450.23,4320.0,13.1,14.6,3.0,0.12437,13.85,0.9707363439642447,OTM
2023-06-30,2023-07-26,PUT,26.0,4450.23,4325.0,13.6,15.2,2.0,0.12311,14.399999999999999,0.9718598813993884,OTM
2023-06-30,2023-07-26,PUT,26.0,4450.23,4330.0,14.2,15.8,49.0,0.12202,15.0,0.9729834188345322,OTM
2023-06-30,2023-07-26,PUT,26.0,4450.23,4335.0,15.3,15.9,1.0,0.12053,15.600000000000001,0.974106956269676,OTM
2023-06-30,2023-07-26,PUT,26.0,4450.23,4340.0,16.0,16.4,2.0,0.11947,16.2,0.9752304937048198,OTM
2023-06-30,2023-07-26,PUT,26.0,4450.23,4350.0,17.3,17.9,35.0,0.11695,17.6,0.9774775685751075,OTM
2023-06-30,2023-07-26,PUT,26.0,4450.23,4355.0,18.1,18.5,12.0,0.11549,18.3,0.9786011060102513,OTM
2023-06-30,2023-07-26,PUT,26.0,4450.23,4360.0,18.0,20.0,4.0,0.1141,19.0,0.979724643445395,OTM
2023-06-30,2023-07-26,PUT,26.0,4450.23,4370.0,20.4,21.0,3.0,0.11182,20.7,0.9819717183156826,OTM
2023-06-30,2023-07-26,PUT,26.0,4450.23,4375.0,20.5,22.6,3.0,0.11043,21.55,0.9830952557508265,OTM
2023-06-30,2023-07-26,PUT,26.0,4450.23,4380.0,21.4,24.0,11.0,0.11037,22.7,0.9842187931859703,OTM
2023-06-30,2023-07-26,PUT,26.0,4450.23,4385.0,23.4,23.8,6.0,0.10938,23.6,0.9853423306211141,OTM
2023-06-30,2023-07-26,PUT,26.0,4450.23,4390.0,23.3,26.2,1.0,0.10856,24.75,0.9864658680562579,OTM
2023-06-30,2023-07-26,PUT,26.0,4450.23,4395.0,25.6,26.0,18.0,0.10668,25.8,0.9875894054914016,OTM
2023-06-30,2023-07-26,PUT,26.0,4450.23,4400.0,26.7,27.2,835.0,0.10553,26.95,0.9887129429265454,OTM
2023-06-30,2023-07-26,PUT,26.0,4450.23,4405.0,28.0,28.6,25.0,0.10495,28.3,0.9898364803616893,OTM
2023-06-30,2023-07-26,PUT,26.0,4450.23,4410.0,29.3,29.9,10.0,0.10437,29.6,0.9909600177968331,ATM
2023-06-30,2023-07-26,PUT,26.0,4450.23,4420.0,30.6,34.2,11.0,0.10175,32.400000000000006,0.9932070926671207,ATM
2023-06-30,2023-07-26,PUT,26.0,4450.23,4425.0,33.5,34.0,10.0,0.10103,33.75,0.9943306301022645,ATM
2023-06-30,2023-07-26,PUT,26.0,4450.23,4430.0,33.5,37.5,1.0,0.09961,35.5,0.9954541675374082,ATM
2023-06-30,2023-07-26,PUT,26.0,4450.23,4435.0,36.6,37.2,9.0,0.09794,36.900000000000006,0.996577704972552,ATM
2023-06-30,2023-07-26,PUT,26.0,4450.23,4440.0,36.8,40.3,13.0,0.09677,38.55,0.9977012424076959,ATM
2023-06-30,2023-07-26,PUT,26.0,4450.23,4445.0,40.5,41.2,8.0,0.0969,40.85,0.9988247798428397,ATM
2023-06-30,2023-07-26,PUT,26.0,4450.23,4450.0,40.3,44.5,20.0,0.09592,42.4,0.9999483172779835,ATM
2023-06-30,2023-07-26,PUT,26.0,4450.23,4460.0,44.3,48.4,1.0,0.09334,46.349999999999994,1.0021953921482711,ATM
2023-06-30,2023-07-26,PUT,26.0,4450.23,4475.0,53.6,54.1,12.0,0.09225,53.85,1.0055660044537025,ATM
2023-06-30,2023-07-26,PUT,26.0,4450.23,4480.0,56.2,56.6,11.0,0.09077,56.400000000000006,1.0066895418888462,ATM
2023-06-30,2023-07-27,PUT,27.0,4450.23,3600.0,1.15,1.25,15.0,0.33226,1.2,0.8089469533035372,OTM
2023-06-30,2023-07-27,PUT,27.0,4450.23,3700.0,1.4,1.55,4.0,0.30235,1.475,0.8314177020064132,OTM
2023-06-30,2023-07-27,PUT,27.0,4450.23,3750.0,1.55,1.7,1.0,0.28682,1.625,0.8426530763578512,OTM
2023-06-30,2023-07-27,PUT,27.0,4450.23,3850.0,1.95,2.05,1.0,0.25599,2.0,0.8651238250607273,OTM
2023-06-30,2023-07-27,PUT,27.0,4450.23,4100.0,4.0,4.3,46.0,0.18228,4.15,0.9213006968179174,OTM
2023-06-30,2023-07-27,PUT,27.0,4450.23,4150.0,5.1,5.4,1.0,0.1687,5.25,0.9325360711693553,OTM
2023-06-30,2023-07-27,PUT,27.0,4450.23,4160.0,5.4,5.7,10.0,0.16601,5.550000000000001,0.934783146039643,OTM
2023-06-30,2023-07-27,PUT,27.0,4450.23,4210.0,7.1,7.4,45.0,0.15255,7.25,0.946018520391081,OTM
2023-06-30,2023-07-27,PUT,27.0,4450.23,4240.0,8.6,8.9,2.0,0.14607,8.75,0.9527597450019438,OTM
2023-06-30,2023-07-27,PUT,27.0,4450.23,4250.0,9.2,9.5,1.0,0.14319,9.35,0.9550068198722315,OTM
2023-06-30,2023-07-27,PUT,27.0,4450.23,4260.0,9.8,10.1,1.0,0.14077,9.95,0.957253894742519,OTM
2023-06-30,2023-07-27,PUT,27.0,4450.23,4275.0,10.7,11.1,2.0,0.13685,10.899999999999999,0.9606245070479504,OTM
2023-06-30,2023-07-27,PUT,27.0,4450.23,4280.0,11.1,11.5,2.0,0.13549,11.3,0.9617480444830943,OTM
2023-06-30,2023-07-27,PUT,27.0,4450.23,4290.0,11.9,12.3,3.0,0.13349,12.100000000000001,0.9639951193533818,OTM
2023-06-30,2023-07-27,PUT,27.0,4450.23,4300.0,12.7,13.2,1.0,0.13041,12.95,0.9662421942236694,OTM
2023-06-30,2023-07-27,PUT,27.0,4450.23,4310.0,13.2,14.2,6.0,0.12773,13.7,0.968489269093957,OTM
2023-06-30,2023-07-27,PUT,27.0,4450.23,4320.0,14.7,15.2,51.0,0.12618,14.95,0.9707363439642447,OTM
2023-06-30,2023-07-27,PUT,27.0,4450.23,4325.0,15.3,15.8,2.0,0.12464,15.55,0.9718598813993884,OTM
2023-06-30,2023-07-27,PUT,27.0,4450.23,4330.0,15.3,16.9,14.0,0.12326,16.1,0.9729834188345322,OTM
2023-06-30,2023-07-27,PUT,27.0,4450.23,4340.0,17.1,17.7,48.0,0.12096,17.4,0.9752304937048198,OTM
2023-06-30,2023-07-27,PUT,27.0,4450.23,4350.0,18.6,19.0,1.0,0.11907,18.8,0.9774775685751075,OTM
2023-06-30,2023-07-27,PUT,27.0,4450.23,4360.0,20.1,20.6,2.0,0.11653,20.35,0.979724643445395,OTM
2023-06-30,2023-07-27,PUT,27.0,4450.23,4370.0,21.8,22.2,14.0,0.11463,22.0,0.9819717183156826,OTM
2023-06-30,2023-07-27,PUT,27.0,4450.23,4375.0,22.7,23.3,12.0,0.11347,23.0,0.9830952557508265,OTM
2023-06-30,2023-07-27,PUT,27.0,4450.23,4380.0,23.6,24.3,1.0,0.11256,23.950000000000003,0.9842187931859703,OTM
2023-06-30,2023-07-27,PUT,27.0,4450.23,4385.0,24.6,25.3,1.0,0.11103,24.950000000000003,0.9853423306211141,OTM
2023-06-30,2023-07-27,PUT,27.0,4450.23,4390.0,25.7,26.3,14.0,0.1099,26.0,0.9864658680562579,OTM
2023-06-30,2023-07-27,PUT,27.0,4450.23,4400.0,28.0,29.4,1.0,0.10878,28.7,0.9887129429265454,OTM
2023-06-30,2023-07-27,PUT,27.0,4450.23,4410.0,30.5,31.1,1.0,0.10599,30.8,0.9909600177968331,ATM
2023-06-30,2023-07-27,PUT,27.0,4450.23,4415.0,31.8,32.4,18.0,0.10499,32.1,0.9920835552319769,ATM
2023-06-30,2023-07-27,PUT,27.0,4450.23,4420.0,33.3,34.0,1.0,0.10404,33.65,0.9932070926671207,ATM
2023-06-30,2023-07-27,PUT,27.0,4450.23,4425.0,34.8,35.4,2100.0,0.10261,35.099999999999994,0.9943306301022645,ATM
2023-06-30,2023-07-27,PUT,27.0,4450.23,4450.0,43.6,44.3,3.0,0.0988,43.95,0.9999483172779835,ATM
2023-06-30,2023-07-27,PUT,27.0,4450.23,4475.0,54.4,55.0,101.0,0.09353,54.7,1.0055660044537025,ATM
2023-06-30,2023-07-27,PUT,27.0,4450.23,4500.0,64.7,70.2,1.0,0.08778,67.45,1.0111836916294215,ITM
2023-06-30,2023-07-28,PUT,28.0,4450.23,3600.0,1.25,1.35,38.0,0.32968,1.3,0.8089469533035372,OTM
2023-06-30,2023-07-28,PUT,28.0,4450.23,3650.0,1.35,1.5,402.0,0.31533,1.425,0.8201823276549752,OTM
2023-06-30,2023-07-28,PUT,28.0,4450.23,3700.0,1.5,1.65,135.0,0.30028,1.575,0.8314177020064132,OTM
2023-06-30,2023-07-28,PUT,28.0,4450.23,3725.0,1.6,1.7,3.0,0.29252,1.65,0.8370353891821323,OTM
2023-06-30,2023-07-28,PUT,28.0,4450.23,3750.0,1.65,1.8,20.0,0.28432,1.725,0.8426530763578512,OTM
2023-06-30,2023-07-28,PUT,28.0,4450.23,3775.0,1.75,1.9,6.0,0.27749,1.825,0.8482707635335702,OTM
2023-06-30,2023-07-28,PUT,28.0,4450.23,3790.0,1.8,1.95,5.0,0.27288,1.875,0.8516413758390017,OTM
2023-06-30,2023-07-28,PUT,28.0,4450.23,3800.0,1.85,2.0,26.0,0.26993,1.925,0.8538884507092893,OTM
2023-06-30,2023-07-28,PUT,28.0,4450.23,3810.0,1.9,2.05,1.0,0.26663,1.9749999999999999,0.8561355255795768,OTM
2023-06-30,2023-07-28,PUT,28.0,4450.23,3820.0,1.95,2.1,1.0,0.26388,2.025,0.8583826004498645,OTM
2023-06-30,2023-07-28,PUT,28.0,4450.23,3825.0,1.95,2.1,1.0,0.26193,2.025,0.8595061378850083,OTM
2023-06-30,2023-07-28,PUT,28.0,4450.23,3830.0,2.0,2.1,5.0,0.26052,2.05,0.8606296753201521,OTM
2023-06-30,2023-07-28,PUT,28.0,4450.23,3850.0,2.1,2.2,18.0,0.25512,2.1500000000000004,0.8651238250607273,OTM
2023-06-30,2023-07-28,PUT,28.0,4450.23,3860.0,2.15,2.25,8.0,0.25188,2.2,0.8673708999310149,OTM
2023-06-30,2023-07-28,PUT,28.0,4450.23,3870.0,2.15,2.3,1.0,0.24875,2.2249999999999996,0.8696179748013025,OTM
2023-06-30,2023-07-28,PUT,28.0,4450.23,3875.0,2.2,2.35,100.0,0.24734,2.2750000000000004,0.8707415122364462,OTM
2023-06-30,2023-07-28,PUT,28.0,4450.23,3880.0,2.25,2.35,11.0,0.24534,2.3,0.8718650496715901,OTM
2023-06-30,2023-07-28,PUT,28.0,4450.23,3890.0,2.3,2.4,4.0,0.24244,2.3499999999999996,0.8741121245418777,OTM
2023-06-30,2023-07-28,PUT,28.0,4450.23,3900.0,2.35,2.5,4.0,0.23993,2.425,0.8763591994121653,OTM
2023-06-30,2023-07-28,PUT,28.0,4450.23,3920.0,2.45,2.6,3.0,0.23374,2.5250000000000004,0.8808533491527405,OTM
2023-06-30,2023-07-28,PUT,28.0,4450.23,3925.0,2.5,2.65,6.0,0.23191,2.575,0.8819768865878843,OTM
2023-06-30,2023-07-28,PUT,28.0,4450.23,3930.0,2.55,2.65,1.0,0.23088,2.5999999999999996,0.8831004240230281,OTM
2023-06-30,2023-07-28,PUT,28.0,4450.23,3940.0,2.6,2.75,10.0,0.22837,2.675,0.8853474988933158,OTM
2023-06-30,2023-07-28,PUT,28.0,4450.23,3950.0,2.7,2.8,10.0,0.22486,2.75,0.8875945737636033,OTM
2023-06-30,2023-07-28,PUT,28.0,4450.23,3960.0,2.75,2.85,7.0,0.22158,2.8,0.8898416486338909,OTM
2023-06-30,2023-07-28,PUT,28.0,4450.23,3970.0,2.85,2.95,7.0,0.21944,2.9000000000000004,0.8920887235041786,OTM
2023-06-30,2023-07-28,PUT,28.0,4450.23,3975.0,2.9,3.0,63.0,0.21735,2.95,0.8932122609393224,OTM
2023-06-30,2023-07-28,PUT,28.0,4450.23,3980.0,2.9,3.1,1.0,0.21642,3.0,0.8943357983744661,OTM
2023-06-30,2023-07-28,PUT,28.0,4450.23,3990.0,3.0,3.1,48.0,0.2127,3.05,0.8965828732447537,OTM
2023-06-30,2023-07-28,PUT,28.0,4450.23,4000.0,3.1,3.2,533.0,0.20952,3.1500000000000004,0.8988299481150414,OTM
2023-06-30,2023-07-28,PUT,28.0,4450.23,4010.0,3.2,3.3,57.0,0.2074,3.25,0.901077022985329,OTM
2023-06-30,2023-07-28,PUT,28.0,4450.23,4020.0,3.3,3.4,62.0,0.20456,3.3499999999999996,0.9033240978556165,OTM
2023-06-30,2023-07-28,PUT,28.0,4450.23,4025.0,3.3,3.5,271.0,0.20233,3.4,0.9044476352907603,OTM
2023-06-30,2023-07-28,PUT,28.0,4450.23,4030.0,3.4,3.6,1.0,0.20178,3.5,0.9055711727259041,OTM
2023-06-30,2023-07-28,PUT,28.0,4450.23,4040.0,3.5,3.7,5.0,0.19839,3.6,0.9078182475961918,OTM
2023-06-30,2023-07-28,PUT,28.0,4450.23,4050.0,3.7,3.8,424.0,0.19639,3.75,0.9100653224664793,OTM
2023-06-30,2023-07-28,PUT,28.0,4450.23,4060.0,3.8,4.0,4.0,0.19288,3.9,0.912312397336767,OTM
2023-06-30,2023-07-28,PUT,28.0,4450.23,4070.0,4.0,4.1,1.0,0.19062,4.05,0.9145594722070546,OTM
2023-06-30,2023-07-28,PUT,28.0,4450.23,4075.0,4.0,4.2,5.0,0.18911,4.1,0.9156830096421984,OTM
2023-06-30,2023-07-28,PUT,28.0,4450.23,4080.0,4.1,4.3,2.0,0.18721,4.199999999999999,0.9168065470773421,OTM
2023-06-30,2023-07-28,PUT,28.0,4450.23,4085.0,4.2,4.4,6.0,0.18676,4.300000000000001,0.9179300845124859,OTM
2023-06-30,2023-07-28,PUT,28.0,4450.23,4090.0,4.3,4.5,65.0,0.18547,4.4,0.9190536219476297,OTM
2023-06-30,2023-07-28,PUT,28.0,4450.23,4095.0,4.4,4.6,5.0,0.1844,4.5,0.9201771593827736,OTM
2023-06-30,2023-07-28,PUT,28.0,4450.23,4100.0,4.5,4.7,410.0,0.18303,4.6,0.9213006968179174,OTM
2023-06-30,2023-07-28,PUT,28.0,4450.23,4105.0,4.6,4.8,18.0,0.18102,4.699999999999999,0.9224242342530612,OTM
2023-06-30,2023-07-28,PUT,28.0,4450.23,4110.0,4.7,4.9,2.0,0.18012,4.800000000000001,0.923547771688205,OTM
2023-06-30,2023-07-28,PUT,28.0,4450.23,4115.0,4.8,5.0,3.0,0.17822,4.9,0.9246713091233487,OTM
2023-06-30,2023-07-28,PUT,28.0,4450.23,4120.0,4.9,5.1,36.0,0.17737,5.0,0.9257948465584925,OTM
2023-06-30,2023-07-28,PUT,28.0,4450.23,4125.0,5.0,5.2,5.0,0.17586,5.1,0.9269183839936364,OTM
2023-06-30,2023-07-28,PUT,28.0,4450.23,4130.0,5.2,5.4,13.0,0.1751,5.300000000000001,0.9280419214287802,OTM
2023-06-30,2023-07-28,PUT,28.0,4450.23,4135.0,5.3,5.5,1.0,0.17339,5.4,0.929165458863924,OTM
2023-06-30,2023-07-28,PUT,28.0,4450.23,4140.0,5.4,5.6,13.0,0.17191,5.5,0.9302889962990678,OTM
2023-06-30,2023-07-28,PUT,28.0,4450.23,4145.0,5.5,5.8,2.0,0.17108,5.65,0.9314125337342116,OTM
2023-06-30,2023-07-28,PUT,28.0,4450.23,4150.0,5.7,5.9,65.0,0.16992,5.800000000000001,0.9325360711693553,OTM
2023-06-30,2023-07-28,PUT,28.0,4450.23,4155.0,5.9,6.1,3.0,0.16877,6.0,0.9336596086044991,OTM
2023-06-30,2023-07-28,PUT,28.0,4450.23,4160.0,6.0,6.2,15.0,0.16685,6.1,0.934783146039643,OTM
2023-06-30,2023-07-28,PUT,28.0,4450.23,4165.0,6.2,6.4,3.0,0.16561,6.300000000000001,0.9359066834747868,OTM
2023-06-30,2023-07-28,PUT,28.0,4450.23,4170.0,6.3,6.5,21.0,0.16422,6.4,0.9370302209099306,OTM
2023-06-30,2023-07-28,PUT,28.0,4450.23,4175.0,6.5,6.7,48.0,0.16344,6.6,0.9381537583450744,OTM
2023-06-30,2023-07-28,PUT,28.0,4450.23,4180.0,6.6,6.9,56.0,0.16192,6.75,0.9392772957802182,OTM
2023-06-30,2023-07-28,PUT,28.0,4450.23,4185.0,6.9,7.1,5.0,0.16055,7.0,0.9404008332153619,OTM
2023-06-30,2023-07-28,PUT,28.0,4450.23,4190.0,7.1,7.3,28.0,0.16007,7.199999999999999,0.9415243706505058,OTM
2023-06-30,2023-07-28,PUT,28.0,4450.23,4195.0,7.2,7.5,1.0,0.15766,7.35,0.9426479080856496,OTM
2023-06-30,2023-07-28,PUT,28.0,4450.23,4200.0,7.4,7.7,136.0,0.15728,7.550000000000001,0.9437714455207934,OTM
2023-06-30,2023-07-28,PUT,28.0,4450.23,4205.0,7.6,7.9,27.0,0.15594,7.75,0.9448949829559372,OTM
2023-06-30,2023-07-28,PUT,28.0,4450.23,4210.0,7.9,8.1,47.0,0.1539,8.0,0.946018520391081,OTM
2023-06-30,2023-07-28,PUT,28.0,4450.23,4215.0,8.1,8.4,139.0,0.15359,8.25,0.9471420578262248,OTM
2023-06-30,2023-07-28,PUT,28.0,4450.23,4220.0,8.3,8.6,17.0,0.1517,8.45,0.9482655952613686,OTM
2023-06-30,2023-07-28,PUT,28.0,4450.23,4225.0,8.6,8.9,46.0,0.15115,8.75,0.9493891326965124,OTM
2023-06-30,2023-07-28,PUT,28.0,4450.23,4230.0,8.9,9.1,133.0,0.14961,9.0,0.9505126701316562,OTM
2023-06-30,2023-07-28,PUT,28.0,4450.23,4235.0,9.2,9.4,17.0,0.148,9.3,0.9516362075668,OTM
2023-06-30,2023-07-28,PUT,28.0,4450.23,4240.0,9.4,9.7,77.0,0.14704,9.55,0.9527597450019438,OTM
2023-06-30,2023-07-28,PUT,28.0,4450.23,4245.0,9.7,10.0,6.0,0.14614,9.85,0.9538832824370876,OTM
2023-06-30,2023-07-28,PUT,28.0,4450.23,4250.0,10.1,10.3,31.0,0.14439,10.2,0.9550068198722315,OTM
2023-06-30,2023-07-28,PUT,28.0,4450.23,4255.0,10.4,10.6,88.0,0.14363,10.5,0.9561303573073752,OTM
2023-06-30,2023-07-28,PUT,28.0,4450.23,4260.0,10.7,11.0,117.0,0.14208,10.85,0.957253894742519,OTM
2023-06-30,2023-07-28,PUT,28.0,4450.23,4265.0,11.0,11.3,71.0,0.14084,11.15,0.9583774321776628,OTM
2023-06-30,2023-07-28,PUT,28.0,4450.23,4270.0,11.3,11.7,32.0,0.1396,11.5,0.9595009696128066,OTM
2023-06-30,2023-07-28,PUT,28.0,4450.23,4275.0,11.8,12.1,79.0,0.13857,11.95,0.9606245070479504,OTM
2023-06-30,2023-07-28,PUT,28.0,4450.23,4280.0,12.2,12.5,114.0,0.13753,12.35,0.9617480444830943,OTM
2023-06-30,2023-07-28,PUT,28.0,4450.23,4285.0,12.5,12.9,74.0,0.13634,12.7,0.9628715819182381,OTM
2023-06-30,2023-07-28,PUT,28.0,4450.23,4290.0,12.9,13.3,107.0,0.13472,13.100000000000001,0.9639951193533818,OTM
2023-06-30,2023-07-28,PUT,28.0,4450.23,4295.0,13.4,13.7,5.0,0.13383,13.55,0.9651186567885256,OTM
2023-06-30,2023-07-28,PUT,28.0,4450.23,4300.0,13.8,14.2,57.0,0.13251,14.0,0.9662421942236694,OTM
2023-06-30,2023-07-28,PUT,28.0,4450.23,4305.0,14.4,14.7,11.0,0.1312,14.55,0.9673657316588132,OTM
2023-06-30,2023-07-28,PUT,28.0,4450.23,4310.0,14.9,15.2,31.0,0.13002,15.05,0.968489269093957,OTM
2023-06-30,2023-07-28,PUT,28.0,4450.23,4315.0,15.4,15.8,2.0,0.12892,15.600000000000001,0.9696128065291009,OTM
2023-06-30,2023-07-28,PUT,28.0,4450.23,4320.0,16.0,16.4,17.0,0.12747,16.2,0.9707363439642447,OTM
2023-06-30,2023-07-28,PUT,28.0,4450.23,4325.0,16.5,17.0,6.0,0.12636,16.75,0.9718598813993884,OTM
2023-06-30,2023-07-28,PUT,28.0,4450.23,4330.0,17.1,17.6,33.0,0.12514,17.35,0.9729834188345322,OTM
2023-06-30,2023-07-28,PUT,28.0,4450.23,4335.0,17.7,18.2,4.0,0.12456,17.95,0.974106956269676,OTM
2023-06-30,2023-07-28,PUT,28.0,4450.23,4340.0,17.7,18.9,16.0,0.12162,18.299999999999997,0.9752304937048198,OTM
2023-06-30,2023-07-28,PUT,28.0,4450.23,4345.0,19.1,19.6,28.0,0.12158,19.35,0.9763540311399637,OTM
2023-06-30,2023-07-28,PUT,28.0,4450.23,4350.0,19.8,20.3,188.0,0.12082,20.05,0.9774775685751075,OTM
2023-06-30,2023-07-28,PUT,28.0,4450.23,4355.0,19.8,21.6,21.0,0.11932,20.700000000000003,0.9786011060102513,OTM
2023-06-30,2023-07-28,PUT,28.0,4450.23,4360.0,21.4,22.5,21.0,0.11954,21.95,0.979724643445395,OTM
2023-06-30,2023-07-28,PUT,28.0,4450.23,4365.0,21.3,22.8,30.0,0.11662,22.05,0.9808481808805388,OTM
2023-06-30,2023-07-28,PUT,28.0,4450.23,4370.0,23.1,23.6,99.0,0.11608,23.35,0.9819717183156826,OTM
2023-06-30,2023-07-28,PUT,28.0,4450.23,4375.0,23.0,25.2,155.0,0.11443,24.1,0.9830952557508265,OTM
2023-06-30,2023-07-28,PUT,28.0,4450.23,4380.0,25.1,25.6,71.0,0.11435,25.35,0.9842187931859703,OTM
2023-06-30,2023-07-28,PUT,28.0,4450.23,4385.0,24.9,26.7,53.0,0.11164,25.799999999999997,0.9853423306211141,OTM
2023-06-30,2023-07-28,PUT,28.0,4450.23,4390.0,27.2,27.7,2.0,0.1123,27.45,0.9864658680562579,OTM
2023-06-30,2023-07-28,PUT,28.0,4450.23,4395.0,28.3,28.8,172.0,0.11071,28.55,0.9875894054914016,OTM
2023-06-30,2023-07-28,PUT,28.0,4450.23,4400.0,29.5,30.8,17.0,0.11106,30.15,0.9887129429265454,OTM
2023-06-30,2023-07-28,PUT,28.0,4450.23,4405.0,30.7,31.2,2.0,0.10826,30.95,0.9898364803616893,OTM
2023-06-30,2023-07-28,PUT,28.0,4450.23,4410.0,32.0,32.7,48.0,0.10733,32.35,0.9909600177968331,ATM
2023-06-30,2023-07-28,PUT,28.0,4450.23,4415.0,33.4,34.1,85.0,0.10633,33.75,0.9920835552319769,ATM
2023-06-30,2023-07-28,PUT,28.0,4450.23,4420.0,34.9,35.3,80.0,0.10515,35.099999999999994,0.9932070926671207,ATM
2023-06-30,2023-07-28,PUT,28.0,4450.23,4425.0,36.4,36.9,70.0,0.10443,36.65,0.9943306301022645,ATM
2023-06-30,2023-07-28,PUT,28.0,4450.23,4430.0,38.0,38.6,46.0,0.10393,38.3,0.9954541675374082,ATM
2023-06-30,2023-07-28,PUT,28.0,4450.23,4435.0,39.6,40.1,81.0,0.10275,39.85,0.996577704972552,ATM
2023-06-30,2023-07-28,PUT,28.0,4450.23,4440.0,41.4,42.1,107.0,0.10184,41.75,0.9977012424076959,ATM
2023-06-30,2023-07-28,PUT,28.0,4450.23,4445.0,43.2,43.9,99.0,0.10075,43.55,0.9988247798428397,ATM
2023-06-30,2023-07-28,PUT,28.0,4450.23,4450.0,44.8,46.0,266.0,0.10016,45.4,0.9999483172779835,ATM
2023-06-30,2023-07-28,PUT,28.0,4450.23,4455.0,47.1,47.5,72.0,0.09937,47.3,1.0010718547131272,ATM
2023-06-30,2023-07-28,PUT,28.0,4450.23,4460.0,49.2,49.6,5.0,0.09802,49.400000000000006,1.0021953921482711,ATM
2023-06-30,2023-07-28,PUT,28.0,4450.23,4465.0,51.3,51.7,71.0,0.09736,51.5,1.0033189295834148,ATM
2023-06-30,2023-07-28,PUT,28.0,4450.23,4470.0,51.1,55.2,4.0,0.09535,53.150000000000006,1.0044424670185588,ATM
2023-06-30,2023-07-28,PUT,28.0,4450.23,4475.0,56.1,56.8,5.0,0.09622,56.45,1.0055660044537025,ATM
2023-06-30,2023-07-28,PUT,28.0,4450.23,4480.0,57.6,59.7,23.0,0.09507,58.650000000000006,1.0066895418888462,ATM
2023-06-30,2023-07-28,PUT,28.0,4450.23,4485.0,61.0,61.3,6.0,0.09412,61.15,1.0078130793239901,ATM
2023-06-30,2023-07-28,PUT,28.0,4450.23,4490.0,63.3,63.9,1.0,0.09197,63.599999999999994,1.0089366167591338,ATM
2023-06-30,2023-07-28,PUT,28.0,4450.23,4500.0,68.9,69.5,20.0,0.09027,69.2,1.0111836916294215,ITM
2023-06-30,2023-07-28,PUT,28.0,4450.23,4505.0,69.7,75.4,6.0,0.09032,72.55000000000001,1.0123072290645654,ITM
2023-06-30,2023-07-28,PUT,28.0,4450.23,4510.0,73.3,77.2,12.0,0.08906,75.25,1.013430766499709,ITM
2023-06-30,2023-07-28,PUT,28.0,4450.23,4515.0,77.8,78.6,7.0,0.08781,78.19999999999999,1.0145543039348528,ITM
2023-06-30,2023-07-28,PUT,28.0,4450.23,4520.0,81.0,81.6,8.0,0.08615,81.3,1.0156778413699967,ITM
2023-06-30,2023-07-28,PUT,28.0,4450.23,4525.0,80.8,88.3,3.0,0.08523,84.55,1.0168013788051404,ITM
2023-06-30,2023-07-28,PUT,28.0,4450.23,4530.0,84.1,91.7,1.0,0.08436,87.9,1.0179249162402844,ITM
2023-06-30,2023-07-28,PUT,28.0,4450.23,4550.0,97.9,105.7,74.0,0.07447,101.80000000000001,1.0224190659808594,ITM
2023-06-30,2023-07-31,PUT,31.0,4450.23,3570.0,1.2,1.3,1.0,0.32324,1.25,0.8022057286926744,OTM
2023-06-30,2023-07-31,PUT,31.0,4450.23,3575.0,1.2,1.35,20.0,0.32259,1.275,0.8033292661278182,OTM
2023-06-30,2023-07-31,PUT,31.0,4450.23,3580.0,1.25,1.35,37.0,0.32115,1.3,0.804452803562962,OTM
2023-06-30,2023-07-31,PUT,31.0,4450.23,3590.0,1.25,1.35,2.0,0.31797,1.3,0.8066998784332496,OTM
2023-06-30,2023-07-31,PUT,31.0,4450.23,3600.0,1.3,1.4,6.0,0.31553,1.35,0.8089469533035372,OTM
2023-06-30,2023-07-31,PUT,31.0,4450.23,3610.0,1.3,1.45,7.0,0.31324,1.375,0.8111940281738248,OTM
2023-06-30,2023-07-31,PUT,31.0,4450.23,3620.0,1.35,1.45,2.0,0.3098,1.4,0.8134411030441124,OTM
2023-06-30,2023-07-31,PUT,31.0,4450.23,3625.0,1.35,1.45,21.0,0.30853,1.4,0.8145646404792563,OTM
2023-06-30,2023-07-31,PUT,31.0,4450.23,3630.0,1.35,1.5,1.0,0.30688,1.425,0.8156881779144,OTM
2023-06-30,2023-07-31,PUT,31.0,4450.23,3640.0,1.4,1.5,10.0,0.3038,1.45,0.8179352527846876,OTM
2023-06-30,2023-07-31,PUT,31.0,4450.23,3650.0,1.45,1.55,52.0,0.30209,1.5,0.8201823276549752,OTM
2023-06-30,2023-07-31,PUT,31.0,4450.23,3655.0,1.45,1.55,12.0,0.30034,1.5,0.821305865090119,OTM
2023-06-30,2023-07-31,PUT,31.0,4450.23,3660.0,1.45,1.6,25.0,0.2994,1.525,0.8224294025252629,OTM
2023-06-30,2023-07-31,PUT,31.0,4450.23,3665.0,1.5,1.6,4.0,0.29738,1.55,0.8235529399604066,OTM
2023-06-30,2023-07-31,PUT,31.0,4450.23,3670.0,1.5,1.6,57.0,0.29596,1.55,0.8246764773955504,OTM
2023-06-30,2023-07-31,PUT,31.0,4450.23,3675.0,1.5,1.6,3.0,0.29423,1.55,0.8258000148306942,OTM
2023-06-30,2023-07-31,PUT,31.0,4450.23,3680.0,1.5,1.65,2.0,0.29335,1.575,0.826923552265838,OTM
2023-06-30,2023-07-31,PUT,31.0,4450.23,3685.0,1.55,1.65,1.0,0.29165,1.6,0.8280470897009818,OTM
2023-06-30,2023-07-31,PUT,31.0,4450.23,3690.0,1.55,1.65,20.0,0.28983,1.6,0.8291706271361257,OTM
2023-06-30,2023-07-31,PUT,31.0,4450.23,3695.0,1.55,1.7,1.0,0.28881,1.625,0.8302941645712695,OTM
2023-06-30,2023-07-31,PUT,31.0,4450.23,3700.0,1.6,1.7,1427.0,0.28723,1.65,0.8314177020064132,OTM
2023-06-30,2023-07-31,PUT,31.0,4450.23,3705.0,1.6,1.7,1.0,0.28562,1.65,0.832541239441557,OTM
2023-06-30,2023-07-31,PUT,31.0,4450.23,3710.0,1.6,1.75,19.0,0.28404,1.675,0.8336647768767008,OTM
2023-06-30,2023-07-31,PUT,31.0,4450.23,3715.0,1.65,1.75,1.0,0.28264,1.7,0.8347883143118446,OTM
2023-06-30,2023-07-31,PUT,31.0,4450.23,3720.0,1.65,1.75,6.0,0.28107,1.7,0.8359118517469885,OTM
2023-06-30,2023-07-31,PUT,31.0,4450.23,3725.0,1.65,1.8,20.0,0.28055,1.725,0.8370353891821323,OTM
2023-06-30,2023-07-31,PUT,31.0,4450.23,3730.0,1.7,1.8,1.0,0.27859,1.75,0.8381589266172761,OTM
2023-06-30,2023-07-31,PUT,31.0,4450.23,3735.0,1.7,1.8,32.0,0.27657,1.75,0.8392824640524198,OTM
2023-06-30,2023-07-31,PUT,31.0,4450.23,3740.0,1.75,1.85,55.0,0.27626,1.8,0.8404060014875636,OTM
2023-06-30,2023-07-31,PUT,31.0,4450.23,3745.0,1.75,1.85,1.0,0.2743,1.8,0.8415295389227074,OTM
2023-06-30,2023-07-31,PUT,31.0,4450.23,3750.0,1.75,1.9,25.0,0.27314,1.825,0.8426530763578512,OTM
2023-06-30,2023-07-31,PUT,31.0,4450.23,3755.0,1.8,1.9,115.0,0.27162,1.85,0.8437766137929951,OTM
2023-06-30,2023-07-31,PUT,31.0,4450.23,3760.0,1.8,1.9,8.0,0.27036,1.85,0.8449001512281389,OTM
2023-06-30,2023-07-31,PUT,31.0,4450.23,3765.0,1.8,1.95,27.0,0.26826,1.875,0.8460236886632827,OTM
2023-06-30,2023-07-31,PUT,31.0,4450.23,3770.0,1.85,1.95,1.0,0.26763,1.9,0.8471472260984264,OTM
2023-06-30,2023-07-31,PUT,31.0,4450.23,3775.0,1.85,2.0,16.0,0.26633,1.925,0.8482707635335702,OTM
2023-06-30,2023-07-31,PUT,31.0,4450.23,3780.0,1.9,2.0,1.0,0.26492,1.95,0.849394300968714,OTM
2023-06-30,2023-07-31,PUT,31.0,4450.23,3785.0,1.9,2.0,2.0,0.2632,1.95,0.8505178384038579,OTM
2023-06-30,2023-07-31,PUT,31.0,4450.23,3790.0,1.95,2.05,6.0,0.26186,2.0,0.8516413758390017,OTM
2023-06-30,2023-07-31,PUT,31.0,4450.23,3795.0,1.95,2.05,20.0,0.26025,2.0,0.8527649132741455,OTM
2023-06-30,2023-07-31,PUT,31.0,4450.23,3800.0,1.95,2.1,655.0,0.25921,2.025,0.8538884507092893,OTM
2023-06-30,2023-07-31,PUT,31.0,4450.23,3805.0,2.0,2.1,4.0,0.25759,2.05,0.855011988144433,OTM
2023-06-30,2023-07-31,PUT,31.0,4450.23,3810.0,2.0,2.15,4.0,0.25564,2.075,0.8561355255795768,OTM
2023-06-30,2023-07-31,PUT,31.0,4450.23,3815.0,2.05,2.15,1.0,0.25471,2.0999999999999996,0.8572590630147207,OTM
2023-06-30,2023-07-31,PUT,31.0,4450.23,3820.0,2.05,2.15,7.0,0.25295,2.0999999999999996,0.8583826004498645,OTM
2023-06-30,2023-07-31,PUT,31.0,4450.23,3825.0,2.1,2.2,9.0,0.25217,2.1500000000000004,0.8595061378850083,OTM
2023-06-30,2023-07-31,PUT,31.0,4450.23,3830.0,2.1,2.2,32.0,0.24973,2.1500000000000004,0.8606296753201521,OTM
2023-06-30,2023-07-31,PUT,31.0,4450.23,3835.0,2.15,2.25,1.0,0.24947,2.2,0.8617532127552959,OTM
2023-06-30,2023-07-31,PUT,31.0,4450.23,3840.0,2.15,2.25,1.0,0.24721,2.2,0.8628767501904396,OTM
2023-06-30,2023-07-31,PUT,31.0,4450.23,3845.0,2.2,2.3,27.0,0.24601,2.25,0.8640002876255835,OTM
2023-06-30,2023-07-31,PUT,31.0,4450.23,3850.0,2.2,2.3,25.0,0.2443,2.25,0.8651238250607273,OTM
2023-06-30,2023-07-31,PUT,31.0,4450.23,3855.0,2.25,2.35,5.0,0.24286,2.3,0.8662473624958711,OTM
2023-06-30,2023-07-31,PUT,31.0,4450.23,3860.0,2.25,2.4,10.0,0.242,2.325,0.8673708999310149,OTM
2023-06-30,2023-07-31,PUT,31.0,4450.23,3865.0,2.3,2.4,46.0,0.24063,2.3499999999999996,0.8684944373661587,OTM
2023-06-30,2023-07-31,PUT,31.0,4450.23,3870.0,2.3,2.45,4.0,0.23905,2.375,0.8696179748013025,OTM
2023-06-30,2023-07-31,PUT,31.0,4450.23,3875.0,2.35,2.45,3.0,0.23696,2.4000000000000004,0.8707415122364462,OTM
2023-06-30,2023-07-31,PUT,31.0,4450.23,3880.0,2.4,2.5,1.0,0.23662,2.45,0.8718650496715901,OTM
2023-06-30,2023-07-31,PUT,31.0,4450.23,3885.0,2.4,2.5,1.0,0.23493,2.45,0.8729885871067339,OTM
2023-06-30,2023-07-31,PUT,31.0,4450.23,3890.0,2.45,2.55,57.0,0.23384,2.5,0.8741121245418777,OTM
2023-06-30,2023-07-31,PUT,31.0,4450.23,3895.0,2.45,2.6,20.0,0.23198,2.5250000000000004,0.8752356619770215,OTM
2023-06-30,2023-07-31,PUT,31.0,4450.23,3900.0,2.5,2.6,323.0,0.23039,2.55,0.8763591994121653,OTM
2023-06-30,2023-07-31,PUT,31.0,4450.23,3905.0,2.55,2.65,2.0,0.22965,2.5999999999999996,0.8774827368473092,OTM
2023-06-30,2023-07-31,PUT,31.0,4450.23,3910.0,2.55,2.7,1.0,0.22741,2.625,0.8786062742824529,OTM
2023-06-30,2023-07-31,PUT,31.0,4450.23,3915.0,2.6,2.7,28.0,0.2262,2.6500000000000004,0.8797298117175967,OTM
2023-06-30,2023-07-31,PUT,31.0,4450.23,3920.0,2.65,2.75,2.0,0.22464,2.7,0.8808533491527405,OTM
2023-06-30,2023-07-31,PUT,31.0,4450.23,3925.0,2.65,2.8,14.0,0.22296,2.7249999999999996,0.8819768865878843,OTM
2023-06-30,2023-07-31,PUT,31.0,4450.23,3930.0,2.7,2.85,8.0,0.22184,2.7750000000000004,0.8831004240230281,OTM
2023-06-30,2023-07-31,PUT,31.0,4450.23,3935.0,2.75,2.85,3.0,0.22082,2.8,0.884223961458172,OTM
2023-06-30,2023-07-31,PUT,31.0,4450.23,3940.0,2.8,2.9,17.0,0.21934,2.8499999999999996,0.8853474988933158,OTM
2023-06-30,2023-07-31,PUT,31.0,4450.23,3945.0,2.85,2.95,28.0,0.21831,2.9000000000000004,0.8864710363284595,OTM
2023-06-30,2023-07-31,PUT,31.0,4450.23,3950.0,2.85,3.0,175.0,0.21661,2.925,0.8875945737636033,OTM
2023-06-30,2023-07-31,PUT,31.0,4450.23,3955.0,2.9,3.1,2.0,0.21577,3.0,0.8887181111987471,OTM
2023-06-30,2023-07-31,PUT,31.0,4450.23,3960.0,2.95,3.1,1.0,0.21413,3.0250000000000004,0.8898416486338909,OTM
2023-06-30,2023-07-31,PUT,31.0,4450.23,3965.0,3.0,3.1,6.0,0.21207,3.05,0.8909651860690347,OTM
2023-06-30,2023-07-31,PUT,31.0,4450.23,3970.0,3.0,3.2,5.0,0.21064,3.1,0.8920887235041786,OTM
2023-06-30,2023-07-31,PUT,31.0,4450.23,3975.0,3.1,3.2,9.0,0.20958,3.1500000000000004,0.8932122609393224,OTM
2023-06-30,2023-07-31,PUT,31.0,4450.23,3980.0,3.1,3.3,39.0,0.20804,3.2,0.8943357983744661,OTM
2023-06-30,2023-07-31,PUT,31.0,4450.23,3985.0,3.2,3.3,26.0,0.20678,3.25,0.8954593358096099,OTM
2023-06-30,2023-07-31,PUT,31.0,4450.23,3990.0,3.2,3.4,4.0,0.20589,3.3,0.8965828732447537,OTM
2023-06-30,2023-07-31,PUT,31.0,4450.23,3995.0,3.3,3.4,20.0,0.20406,3.3499999999999996,0.8977064106798975,OTM
2023-06-30,2023-07-31,PUT,31.0,4450.23,4000.0,3.3,3.5,382.0,0.20251,3.4,0.8988299481150414,OTM
2023-06-30,2023-07-31,PUT,31.0,4450.23,4005.0,3.4,3.6,10.0,0.20191,3.5,0.8999534855501852,OTM
2023-06-30,2023-07-31,PUT,31.0,4450.23,4010.0,3.4,3.6,6.0,0.20007,3.5,0.901077022985329,OTM
2023-06-30,2023-07-31,PUT,31.0,4450.23,4015.0,3.5,3.7,1.0,0.19883,3.6,0.9022005604204727,OTM
2023-06-30,2023-07-31,PUT,31.0,4450.23,4020.0,3.6,3.7,9.0,0.19714,3.6500000000000004,0.9033240978556165,OTM
2023-06-30,2023-07-31,PUT,31.0,4450.23,4025.0,3.6,3.8,45.0,0.1958,3.7,0.9044476352907603,OTM
2023-06-30,2023-07-31,PUT,31.0,4450.23,4030.0,3.7,3.9,6.0,0.19468,3.8,0.9055711727259041,OTM
2023-06-30,2023-07-31,PUT,31.0,4450.23,4035.0,3.8,3.9,5.0,0.19326,3.8499999999999996,0.906694710161048,OTM
2023-06-30,2023-07-31,PUT,31.0,4450.23,4040.0,3.8,4.0,2.0,0.19238,3.9,0.9078182475961918,OTM
2023-06-30,2023-07-31,PUT,31.0,4450.23,4045.0,3.9,4.1,3.0,0.19064,4.0,0.9089417850313356,OTM
2023-06-30,2023-07-31,PUT,31.0,4450.23,4050.0,4.0,4.2,504.0,0.18981,4.1,0.9100653224664793,OTM
2023-06-30,2023-07-31,PUT,31.0,4450.23,4055.0,4.1,4.2,155.0,0.18833,4.15,0.9111888599016231,OTM
2023-06-30,2023-07-31,PUT,31.0,4450.23,4060.0,4.2,4.3,28.0,0.18707,4.25,0.912312397336767,OTM
2023-06-30,2023-07-31,PUT,31.0,4450.23,4065.0,4.2,4.4,2.0,0.18548,4.300000000000001,0.9134359347719108,OTM
2023-06-30,2023-07-31,PUT,31.0,4450.23,4070.0,4.3,4.5,10.0,0.18409,4.4,0.9145594722070546,OTM
2023-06-30,2023-07-31,PUT,31.0,4450.23,4075.0,4.4,4.6,3.0,0.18314,4.5,0.9156830096421984,OTM
2023-06-30,2023-07-31,PUT,31.0,4450.23,4080.0,4.5,4.7,6.0,0.18235,4.6,0.9168065470773421,OTM
2023-06-30,2023-07-31,PUT,31.0,4450.23,4085.0,4.6,4.8,28.0,0.18086,4.699999999999999,0.9179300845124859,OTM
2023-06-30,2023-07-31,PUT,31.0,4450.23,4090.0,4.7,4.9,43.0,0.17996,4.800000000000001,0.9190536219476297,OTM
2023-06-30,2023-07-31,PUT,31.0,4450.23,4095.0,4.8,5.0,14.0,0.17803,4.9,0.9201771593827736,OTM
2023-06-30,2023-07-31,PUT,31.0,4450.23,4100.0,4.9,5.1,25.0,0.17719,5.0,0.9213006968179174,OTM
2023-06-30,2023-07-31,PUT,31.0,4450.23,4105.0,5.1,5.2,10.0,0.1761,5.15,0.9224242342530612,OTM
2023-06-30,2023-07-31,PUT,31.0,4450.23,4110.0,5.1,5.4,58.0,0.17416,5.25,0.923547771688205,OTM
2023-06-30,2023-07-31,PUT,31.0,4450.23,4115.0,5.3,5.5,68.0,0.1737,5.4,0.9246713091233487,OTM
2023-06-30,2023-07-31,PUT,31.0,4450.23,4120.0,5.4,5.6,2.0,0.172,5.5,0.9257948465584925,OTM
2023-06-30,2023-07-31,PUT,31.0,4450.23,4125.0,5.5,5.7,113.0,0.17044,5.6,0.9269183839936364,OTM
2023-06-30,2023-07-31,PUT,31.0,4450.23,4130.0,5.7,5.9,14.0,0.16952,5.800000000000001,0.9280419214287802,OTM
2023-06-30,2023-07-31,PUT,31.0,4450.23,4135.0,5.8,6.0,7.0,0.16845,5.9,0.929165458863924,OTM
2023-06-30,2023-07-31,PUT,31.0,4450.23,4140.0,5.9,6.2,3.0,0.16773,6.050000000000001,0.9302889962990678,OTM
2023-06-30,2023-07-31,PUT,31.0,4450.23,4145.0,6.1,6.3,20.0,0.16628,6.199999999999999,0.9314125337342116,OTM
2023-06-30,2023-07-31,PUT,31.0,4450.23,4150.0,6.3,6.5,58.0,0.16532,6.4,0.9325360711693553,OTM
2023-06-30,2023-07-31,PUT,31.0,4450.23,4155.0,6.4,6.6,20.0,0.1637,6.5,0.9336596086044991,OTM
2023-06-30,2023-07-31,PUT,31.0,4450.23,4160.0,6.6,6.8,85.0,0.16275,6.699999999999999,0.934783146039643,OTM
2023-06-30,2023-07-31,PUT,31.0,4450.23,4165.0,6.8,7.0,5.0,0.1615,6.9,0.9359066834747868,OTM
2023-06-30,2023-07-31,PUT,31.0,4450.23,4170.0,6.9,7.2,53.0,0.15999,7.050000000000001,0.9370302209099306,OTM
2023-06-30,2023-07-31,PUT,31.0,4450.23,4175.0,7.1,7.3,21.0,0.15914,7.199999999999999,0.9381537583450744,OTM
2023-06-30,2023-07-31,PUT,31.0,4450.23,4180.0,7.3,7.6,12.0,0.15836,7.449999999999999,0.9392772957802182,OTM
2023-06-30,2023-07-31,PUT,31.0,4450.23,4185.0,7.5,7.8,7.0,0.15625,7.65,0.9404008332153619,OTM
2023-06-30,2023-07-31,PUT,31.0,4450.23,4190.0,7.7,8.0,26.0,0.15582,7.85,0.9415243706505058,OTM
2023-06-30,2023-07-31,PUT,31.0,4450.23,4195.0,8.0,8.2,1.0,0.15402,8.1,0.9426479080856496,OTM
2023-06-30,2023-07-31,PUT,31.0,4450.23,4200.0,8.2,8.4,2315.0,0.15348,8.3,0.9437714455207934,OTM
2023-06-30,2023-07-31,PUT,31.0,4450.23,4205.0,8.4,8.6,101.0,0.15201,8.5,0.9448949829559372,OTM
2023-06-30,2023-07-31,PUT,31.0,4450.23,4210.0,8.7,8.9,31.0,0.15135,8.8,0.946018520391081,OTM
2023-06-30,2023-07-31,PUT,31.0,4450.23,4215.0,8.9,9.1,2.0,0.14952,9.0,0.9471420578262248,OTM
2023-06-30,2023-07-31,PUT,31.0,4450.23,4220.0,9.2,9.4,6.0,0.14858,9.3,0.9482655952613686,OTM
2023-06-30,2023-07-31,PUT,31.0,4450.23,4225.0,9.4,9.7,17.0,0.14695,9.55,0.9493891326965124,OTM
2023-06-30,2023-07-31,PUT,31.0,4450.23,4230.0,9.7,10.0,153.0,0.14603,9.85,0.9505126701316562,OTM
2023-06-30,2023-07-31,PUT,31.0,4450.23,4235.0,10.0,10.2,3.0,0.14451,10.1,0.9516362075668,OTM
2023-06-30,2023-07-31,PUT,31.0,4450.23,4240.0,10.3,10.5,1.0,0.14321,10.4,0.9527597450019438,OTM
2023-06-30,2023-07-31,PUT,31.0,4450.23,4245.0,10.6,10.9,4.0,0.14296,10.75,0.9538832824370876,OTM
2023-06-30,2023-07-31,PUT,31.0,4450.23,4250.0,10.9,11.2,42.0,0.14174,11.05,0.9550068198722315,OTM
2023-06-30,2023-07-31,PUT,31.0,4450.23,4255.0,11.3,11.5,13.0,0.14018,11.4,0.9561303573073752,OTM
2023-06-30,2023-07-31,PUT,31.0,4450.23,4260.0,11.6,11.9,117.0,0.13855,11.75,0.957253894742519,OTM
2023-06-30,2023-07-31,PUT,31.0,4450.23,4265.0,12.0,12.2,46.0,0.13808,12.1,0.9583774321776628,OTM
2023-06-30,2023-07-31,PUT,31.0,4450.23,4270.0,12.2,12.6,6.0,0.13647,12.399999999999999,0.9595009696128066,OTM
2023-06-30,2023-07-31,PUT,31.0,4450.23,4275.0,12.6,13.0,8.0,0.13547,12.8,0.9606245070479504,OTM
2023-06-30,2023-07-31,PUT,31.0,4450.23,4280.0,13.1,13.5,62.0,0.13395,13.3,0.9617480444830943,OTM
2023-06-30,2023-07-31,PUT,31.0,4450.23,4285.0,13.6,13.9,1.0,0.13347,13.75,0.9628715819182381,OTM
2023-06-30,2023-07-31,PUT,31.0,4450.23,4290.0,13.9,14.3,38.0,0.13186,14.100000000000001,0.9639951193533818,OTM
2023-06-30,2023-07-31,PUT,31.0,4450.23,4295.0,14.3,14.8,23.0,0.13059,14.55,0.9651186567885256,OTM
2023-06-30,2023-07-31,PUT,31.0,4450.23,4300.0,14.8,15.3,634.0,0.12928,15.05,0.9662421942236694,OTM
2023-06-30,2023-07-31,PUT,31.0,4450.23,4305.0,15.1,15.8,5.0,0.12758,15.45,0.9673657316588132,OTM
2023-06-30,2023-07-31,PUT,31.0,4450.23,4310.0,16.0,16.3,43.0,0.12782,16.15,0.968489269093957,OTM
2023-06-30,2023-07-31,PUT,31.0,4450.23,4315.0,16.3,16.9,49.0,0.12618,16.6,0.9696128065291009,OTM
2023-06-30,2023-07-31,PUT,31.0,4450.23,4320.0,17.1,17.5,65.0,0.12558,17.3,0.9707363439642447,OTM
2023-06-30,2023-07-31,PUT,31.0,4450.23,4325.0,17.3,18.6,9.0,0.12439,17.950000000000003,0.9718598813993884,OTM
2023-06-30,2023-07-31,PUT,31.0,4450.23,4330.0,18.3,18.7,1.0,0.12256,18.5,0.9729834188345322,OTM
2023-06-30,2023-07-31,PUT,31.0,4450.23,4335.0,18.9,19.4,65.0,0.12177,19.15,0.974106956269676,OTM
2023-06-30,2023-07-31,PUT,31.0,4450.23,4340.0,19.7,20.1,118.0,0.12031,19.9,0.9752304937048198,OTM
2023-06-30,2023-07-31,PUT,31.0,4450.23,4345.0,20.2,20.8,51.0,0.11935,20.5,0.9763540311399637,OTM
2023-06-30,2023-07-31,PUT,31.0,4450.23,4350.0,21.0,21.6,636.0,0.11835,21.3,0.9774775685751075,OTM
2023-06-30,2023-07-31,PUT,31.0,4450.23,4355.0,21.8,22.2,4.0,0.11694,22.0,0.9786011060102513,OTM
2023-06-30,2023-07-31,PUT,31.0,4450.23,4360.0,22.7,23.1,35.0,0.1158,22.9,0.979724643445395,OTM
2023-06-30,2023-07-31,PUT,31.0,4450.23,4365.0,23.5,24.0,8.0,0.11496,23.75,0.9808481808805388,OTM
2023-06-30,2023-07-31,PUT,31.0,4450.23,4370.0,24.5,24.9,8.0,0.11375,24.7,0.9819717183156826,OTM
2023-06-30,2023-07-31,PUT,31.0,4450.23,4375.0,25.4,25.8,27.0,0.11287,25.6,0.9830952557508265,OTM
2023-06-30,2023-07-31,PUT,31.0,4450.23,4380.0,25.2,27.5,9.0,0.11073,26.35,0.9842187931859703,OTM
2023-06-30,2023-07-31,PUT,31.0,4450.23,4385.0,27.3,27.9,3.0,0.11075,27.6,0.9853423306211141,OTM
2023-06-30,2023-07-31,PUT,31.0,4450.23,4390.0,28.5,28.9,20.0,0.10999,28.7,0.9864658680562579,OTM
2023-06-30,2023-07-31,PUT,31.0,4450.23,4395.0,29.7,30.1,37.0,0.10846,29.9,0.9875894054914016,OTM
2023-06-30,2023-07-31,PUT,31.0,4450.23,4400.0,30.9,31.3,301.0,0.10775,31.1,0.9887129429265454,OTM
2023-06-30,2023-07-31,PUT,31.0,4450.23,4405.0,32.0,32.7,8.0,0.10717,32.35,0.9898364803616893,OTM
2023-06-30,2023-07-31,PUT,31.0,4450.23,4410.0,33.3,34.8,28.0,0.10666,34.05,0.9909600177968331,ATM
2023-06-30,2023-07-31,PUT,31.0,4450.23,4415.0,34.7,35.3,7.0,0.10449,35.0,0.9920835552319769,ATM
2023-06-30,2023-07-31,PUT,31.0,4450.23,4420.0,36.2,36.8,25.0,0.10358,36.5,0.9932070926671207,ATM
2023-06-30,2023-07-31,PUT,31.0,4450.23,4425.0,37.7,38.4,1616.0,0.10274,38.05,0.9943306301022645,ATM
2023-06-30,2023-07-31,PUT,31.0,4450.23,4430.0,39.3,39.7,456.0,0.10181,39.5,0.9954541675374082,ATM
2023-06-30,2023-07-31,PUT,31.0,4450.23,4435.0,40.9,41.3,27.0,0.10059,41.099999999999994,0.996577704972552,ATM
2023-06-30,2023-07-31,PUT,31.0,4450.23,4440.0,40.8,44.3,43.0,0.09919,42.55,0.9977012424076959,ATM
2023-06-30,2023-07-31,PUT,31.0,4450.23,4445.0,44.5,46.1,2.0,0.10031,45.3,0.9988247798428397,ATM
2023-06-30,2023-07-31,PUT,31.0,4450.23,4450.0,46.4,46.8,163.0,0.09777,46.599999999999994,0.9999483172779835,ATM
2023-06-30,2023-07-31,PUT,31.0,4450.23,4455.0,46.2,50.4,18.0,0.09698,48.3,1.0010718547131272,ATM
2023-06-30,2023-07-31,PUT,31.0,4450.23,4460.0,50.5,51.2,14.0,0.09706,50.85,1.0021953921482711,ATM
2023-06-30,2023-07-31,PUT,31.0,4450.23,4465.0,52.6,53.3,2.0,0.09588,52.95,1.0033189295834148,ATM
2023-06-30,2023-07-31,PUT,31.0,4450.23,4470.0,52.3,56.4,3.0,0.09274,54.349999999999994,1.0044424670185588,ATM
2023-06-30,2023-07-31,PUT,31.0,4450.23,4475.0,54.5,58.6,52.0,0.09223,56.55,1.0055660044537025,ATM
2023-06-30,2023-07-31,PUT,31.0,4450.23,4480.0,59.6,60.0,2.0,0.09339,59.8,1.0066895418888462,ATM
2023-06-30,2023-07-31,PUT,31.0,4450.23,4485.0,62.1,62.6,3.0,0.09243,62.35,1.0078130793239901,ATM
2023-06-30,2023-07-31,PUT,31.0,4450.23,4490.0,62.8,66.8,2.0,0.09125,64.8,1.0089366167591338,ATM
2023-06-30,2023-07-31,PUT,31.0,4450.23,4495.0,67.1,67.7,15.0,0.09015,67.4,1.0100601541942777,ITM
2023-06-30,2023-07-31,PUT,31.0,4450.23,4500.0,68.6,72.3,27.0,0.0898,70.44999999999999,1.0111836916294215,ITM
2023-06-30,2023-07-31,PUT,31.0,4450.23,4505.0,71.4,75.2,5.0,0.0887,73.30000000000001,1.0123072290645654,ITM
2023-06-30,2023-07-31,PUT,31.0,4450.23,4515.0,78.9,79.4,5.0,0.08628,79.15,1.0145543039348528,ITM
2023-06-30,2023-07-31,PUT,31.0,4450.23,4520.0,80.3,84.5,1.0,0.08529,82.4,1.0156778413699967,ITM
2023-06-30,2023-07-31,PUT,31.0,4450.23,4525.0,81.7,89.1,3.0,0.08375,85.4,1.0168013788051404,ITM
2023-06-30,2023-07-31,PUT,31.0,4450.23,4530.0,84.9,92.5,1.0,0.08258,88.7,1.0179249162402844,ITM
2023-06-30,2023-07-31,PUT,31.0,4450.23,4535.0,90.2,94.4,2.0,0.08183,92.30000000000001,1.019048453675428,ITM
2023-06-30,2023-07-31,PUT,31.0,4450.23,4545.0,97.2,101.7,1.0,0.07889,99.45,1.0212955285457157,ITM
2023-06-30,2023-07-31,PUT,31.0,4450.23,4550.0,98.5,106.3,1.0,0.07406,102.4,1.0224190659808594,ITM
2023-06-30,2023-07-31,PUT,31.0,4450.23,4560.0,108.1,112.7,1.0,0.06962,110.4,1.024666140851147,ITM
2023-06-30,2023-08-01,PUT,32.0,4450.23,3650.0,1.5,1.65,34.0,0.29918,1.575,0.8201823276549752,OTM
2023-06-30,2023-08-01,PUT,32.0,4450.23,3700.0,1.7,1.8,8.0,0.28569,1.75,0.8314177020064132,OTM
2023-06-30,2023-08-01,PUT,32.0,4450.23,3750.0,1.9,2.05,1.0,0.27241,1.9749999999999999,0.8426530763578512,OTM
2023-06-30,2023-08-01,PUT,32.0,4450.23,3800.0,2.1,2.25,600.0,0.25717,2.175,0.8538884507092893,OTM
2023-06-30,2023-08-01,PUT,32.0,4450.23,3850.0,2.35,2.5,24.0,0.24322,2.425,0.8651238250607273,OTM
2023-06-30,2023-08-01,PUT,32.0,4450.23,3900.0,2.65,2.85,1.0,0.23017,2.75,0.8763591994121653,OTM
2023-06-30,2023-08-01,PUT,32.0,4450.23,3950.0,3.0,3.2,1.0,0.21503,3.1,0.8875945737636033,OTM
2023-06-30,2023-08-01,PUT,32.0,4450.23,4000.0,3.6,3.8,2.0,0.20277,3.7,0.8988299481150414,OTM
2023-06-30,2023-08-01,PUT,32.0,4450.23,4050.0,4.3,4.5,2.0,0.18981,4.4,0.9100653224664793,OTM
2023-06-30,2023-08-01,PUT,32.0,4450.23,4100.0,5.3,5.5,412.0,0.17742,5.4,0.9213006968179174,OTM
2023-06-30,2023-08-01,PUT,32.0,4450.23,4125.0,5.9,6.2,1.0,0.17156,6.050000000000001,0.9269183839936364,OTM
2023-06-30,2023-08-01,PUT,32.0,4450.23,4150.0,6.7,6.9,2.0,0.16468,6.800000000000001,0.9325360711693553,OTM
2023-06-30,2023-08-01,PUT,32.0,4450.23,4175.0,7.6,7.9,1.0,0.1591,7.75,0.9381537583450744,OTM
2023-06-30,2023-08-01,PUT,32.0,4450.23,4180.0,7.8,8.1,1.0,0.15781,7.949999999999999,0.9392772957802182,OTM
2023-06-30,2023-08-01,PUT,32.0,4450.23,4190.0,8.2,8.5,5.0,0.15511,8.35,0.9415243706505058,OTM
2023-06-30,2023-08-01,PUT,32.0,4450.23,4200.0,8.7,9.0,6.0,0.15375,8.85,0.9437714455207934,OTM
2023-06-30,2023-08-01,PUT,32.0,4450.23,4220.0,9.8,10.0,11.0,0.14887,9.9,0.9482655952613686,OTM
2023-06-30,2023-08-01,PUT,32.0,4450.23,4225.0,10.0,10.3,1.0,0.14712,10.15,0.9493891326965124,OTM
2023-06-30,2023-08-01,PUT,32.0,4450.23,4230.0,10.3,10.6,153.0,0.14684,10.45,0.9505126701316562,OTM
2023-06-30,2023-08-01,PUT,32.0,4450.23,4240.0,10.9,11.2,5.0,0.1439,11.05,0.9527597450019438,OTM
2023-06-30,2023-08-01,PUT,32.0,4450.23,4250.0,11.4,11.9,3.0,0.14151,11.65,0.9550068198722315,OTM
2023-06-30,2023-08-01,PUT,32.0,4450.23,4260.0,12.1,12.6,2.0,0.13964,12.35,0.957253894742519,OTM
2023-06-30,2023-08-01,PUT,32.0,4450.23,4270.0,12.9,13.4,10.0,0.13742,13.15,0.9595009696128066,OTM
2023-06-30,2023-08-01,PUT,32.0,4450.23,4275.0,13.3,13.8,3.0,0.13563,13.55,0.9606245070479504,OTM
2023-06-30,2023-08-01,PUT,32.0,4450.23,4280.0,13.8,14.2,7.0,0.13508,14.0,0.9617480444830943,OTM
2023-06-30,2023-08-01,PUT,32.0,4450.23,4300.0,15.6,16.1,4.0,0.12975,15.850000000000001,0.9662421942236694,OTM
2023-06-30,2023-08-01,PUT,32.0,4450.23,4310.0,16.7,17.2,5.0,0.12753,16.95,0.968489269093957,OTM
2023-06-30,2023-08-01,PUT,32.0,4450.23,4315.0,16.7,17.8,2.0,0.12608,17.25,0.9696128065291009,OTM
2023-06-30,2023-08-01,PUT,32.0,4450.23,4320.0,17.9,18.4,1.0,0.12616,18.15,0.9707363439642447,OTM
2023-06-30,2023-08-01,PUT,32.0,4450.23,4325.0,18.5,19.0,80.0,0.12415,18.75,0.9718598813993884,OTM
2023-06-30,2023-08-01,PUT,32.0,4450.23,4330.0,19.2,19.6,3.0,0.12359,19.4,0.9729834188345322,OTM
2023-06-30,2023-08-01,PUT,32.0,4450.23,4340.0,20.5,21.0,21.0,0.1214,20.75,0.9752304937048198,OTM
2023-06-30,2023-08-01,PUT,32.0,4450.23,4350.0,21.9,22.5,2.0,0.11881,22.2,0.9774775685751075,OTM
2023-06-30,2023-08-01,PUT,32.0,4450.23,4360.0,23.7,24.1,3.0,0.11718,23.9,0.979724643445395,OTM
2023-06-30,2023-08-01,PUT,32.0,4450.23,4370.0,25.4,26.0,1.0,0.11428,25.7,0.9819717183156826,OTM
2023-06-30,2023-08-01,PUT,32.0,4450.23,4375.0,26.3,27.0,5.0,0.11379,26.65,0.9830952557508265,OTM
2023-06-30,2023-08-01,PUT,32.0,4450.23,4380.0,27.3,27.9,8.0,0.11215,27.6,0.9842187931859703,OTM
2023-06-30,2023-08-01,PUT,32.0,4450.23,4385.0,28.3,29.0,8.0,0.11133,28.65,0.9853423306211141,OTM
2023-06-30,2023-08-01,PUT,32.0,4450.23,4390.0,29.5,30.1,2.0,0.11062,29.8,0.9864658680562579,OTM
2023-06-30,2023-08-01,PUT,32.0,4450.23,4400.0,31.8,32.4,52.0,0.10813,32.1,0.9887129429265454,OTM
2023-06-30,2023-08-01,PUT,32.0,4450.23,4410.0,34.4,35.0,1.0,0.10607,34.7,0.9909600177968331,ATM
2023-06-30,2023-08-01,PUT,32.0,4450.23,4420.0,37.2,37.7,6.0,0.10376,37.45,0.9932070926671207,ATM
2023-06-30,2023-08-01,PUT,32.0,4450.23,4425.0,37.0,40.9,1.0,0.10347,38.95,0.9943306301022645,ATM
2023-06-30,2023-08-01,PUT,32.0,4450.23,4430.0,40.3,40.8,1.0,0.10257,40.55,0.9954541675374082,ATM
2023-06-30,2023-08-01,PUT,32.0,4450.23,4435.0,41.9,42.6,2.0,0.10186,42.25,0.996577704972552,ATM
2023-06-30,2023-08-01,PUT,32.0,4450.23,4440.0,41.7,46.0,2.0,0.09996,43.85,0.9977012424076959,ATM
2023-06-30,2023-08-01,PUT,32.0,4450.23,4450.0,47.3,47.9,2.0,0.09868,47.599999999999994,0.9999483172779835,ATM
2023-06-30,2023-08-01,PUT,32.0,4450.23,4460.0,51.4,51.9,4.0,0.09646,51.65,1.0021953921482711,ATM
2023-06-30,2023-08-01,PUT,32.0,4450.23,4470.0,55.7,56.4,1.0,0.09577,56.05,1.0044424670185588,ATM
2023-06-30,2023-08-01,PUT,32.0,4450.23,4475.0,57.8,58.6,1.0,0.0946,58.2,1.0055660044537025,ATM
2023-06-30,2023-08-01,PUT,32.0,4450.23,4480.0,60.4,61.1,42.0,0.09409,60.75,1.0066895418888462,ATM
2023-06-30,2023-08-01,PUT,32.0,4450.23,4500.0,70.6,71.4,1.0,0.08937,71.0,1.0111836916294215,ITM
2023-06-30,2023-08-01,PUT,32.0,4450.23,4525.0,85.4,87.0,2.0,0.08529,86.2,1.0168013788051404,ITM
2023-06-30,2023-08-02,PUT,33.0,4450.23,4275.0,13.4,15.3,1.0,0.13698,14.350000000000001,0.9606245070479504,OTM
2023-06-30,2023-08-02,PUT,33.0,4450.23,4300.0,16.1,17.4,1.0,0.13108,16.75,0.9662421942236694,OTM
2023-06-30,2023-08-02,PUT,33.0,4450.23,4420.0,38.2,38.8,1.0,0.1055,38.5,0.9932070926671207,ATM
2023-06-30,2023-08-02,PUT,33.0,4450.23,4440.0,44.6,45.4,8.0,0.10164,45.0,0.9977012424076959,ATM
2023-06-30,2023-08-02,PUT,33.0,4450.23,4450.0,48.2,48.8,8.0,0.09974,48.5,0.9999483172779835,ATM
2023-06-30,2023-08-02,PUT,33.0,4450.23,4550.0,98.8,106.5,22.0,0.07464,102.65,1.0224190659808594,ITM
2023-06-30,2023-08-04,PUT,35.0,4450.23,3600.0,1.65,1.8,1339.0,0.30827,1.725,0.8089469533035372,OTM
2023-06-30,2023-08-04,PUT,35.0,4450.23,3650.0,1.85,1.95,24.0,0.2945,1.9,0.8201823276549752,OTM
2023-06-30,2023-08-04,PUT,35.0,4450.23,3700.0,2.05,2.15,33.0,0.28092,2.0999999999999996,0.8314177020064132,OTM
2023-06-30,2023-08-04,PUT,35.0,4450.23,3750.0,2.3,2.4,28.0,0.26809,2.3499999999999996,0.8426530763578512,OTM
2023-06-30,2023-08-04,PUT,35.0,4450.23,3800.0,2.55,2.65,380.0,0.25442,2.5999999999999996,0.8538884507092893,OTM
2023-06-30,2023-08-04,PUT,35.0,4450.23,3825.0,2.7,2.8,1.0,0.24793,2.75,0.8595061378850083,OTM
2023-06-30,2023-08-04,PUT,35.0,4450.23,3850.0,2.85,3.0,1350.0,0.24125,2.925,0.8651238250607273,OTM
2023-06-30,2023-08-04,PUT,35.0,4450.23,3870.0,3.0,3.2,20.0,0.23651,3.1,0.8696179748013025,OTM
2023-06-30,2023-08-04,PUT,35.0,4450.23,3875.0,3.0,3.2,10.0,0.23454,3.1,0.8707415122364462,OTM
2023-06-30,2023-08-04,PUT,35.0,4450.23,3890.0,3.2,3.3,1.0,0.23056,3.25,0.8741121245418777,OTM
2023-06-30,2023-08-04,PUT,35.0,4450.23,3900.0,3.2,3.4,68.0,0.22765,3.3,0.8763591994121653,OTM
2023-06-30,2023-08-04,PUT,35.0,4450.23,3910.0,3.3,3.5,5.0,0.22528,3.4,0.8786062742824529,OTM
2023-06-30,2023-08-04,PUT,35.0,4450.23,3920.0,3.4,3.6,1.0,0.22273,3.5,0.8808533491527405,OTM
2023-06-30,2023-08-04,PUT,35.0,4450.23,3925.0,3.5,3.7,1.0,0.2213,3.6,0.8819768865878843,OTM
2023-06-30,2023-08-04,PUT,35.0,4450.23,3930.0,3.5,3.7,1.0,0.22008,3.6,0.8831004240230281,OTM
2023-06-30,2023-08-04,PUT,35.0,4450.23,3940.0,3.6,3.8,4.0,0.21736,3.7,0.8853474988933158,OTM
2023-06-30,2023-08-04,PUT,35.0,4450.23,3950.0,3.8,3.9,38.0,0.21539,3.8499999999999996,0.8875945737636033,OTM
2023-06-30,2023-08-04,PUT,35.0,4450.23,3960.0,3.9,4.1,1.0,0.21307,4.0,0.8898416486338909,OTM
2023-06-30,2023-08-04,PUT,35.0,4450.23,3970.0,4.0,4.2,1.0,0.2102,4.1,0.8920887235041786,OTM
2023-06-30,2023-08-04,PUT,35.0,4450.23,3975.0,4.1,4.3,11.0,0.20874,4.199999999999999,0.8932122609393224,OTM
2023-06-30,2023-08-04,PUT,35.0,4450.23,3980.0,4.1,4.3,5.0,0.20708,4.199999999999999,0.8943357983744661,OTM
2023-06-30,2023-08-04,PUT,35.0,4450.23,3990.0,4.3,4.5,5.0,0.20535,4.4,0.8965828732447537,OTM
2023-06-30,2023-08-04,PUT,35.0,4450.23,4000.0,4.4,4.6,47.0,0.20255,4.5,0.8988299481150414,OTM
2023-06-30,2023-08-04,PUT,35.0,4450.23,4010.0,4.6,4.8,43.0,0.20038,4.699999999999999,0.901077022985329,OTM
2023-06-30,2023-08-04,PUT,35.0,4450.23,4020.0,4.8,5.0,1.0,0.19848,4.9,0.9033240978556165,OTM
2023-06-30,2023-08-04,PUT,35.0,4450.23,4025.0,4.9,5.1,601.0,0.19644,5.0,0.9044476352907603,OTM
2023-06-30,2023-08-04,PUT,35.0,4450.23,4030.0,5.0,5.2,5.0,0.19565,5.1,0.9055711727259041,OTM
2023-06-30,2023-08-04,PUT,35.0,4450.23,4040.0,5.2,5.4,2.0,0.19359,5.300000000000001,0.9078182475961918,OTM
2023-06-30,2023-08-04,PUT,35.0,4450.23,4050.0,5.3,5.6,27.0,0.19012,5.449999999999999,0.9100653224664793,OTM
2023-06-30,2023-08-04,PUT,35.0,4450.23,4060.0,5.6,5.8,2.0,0.18887,5.699999999999999,0.912312397336767,OTM
2023-06-30,2023-08-04,PUT,35.0,4450.23,4070.0,5.8,6.0,23.0,0.18574,5.9,0.9145594722070546,OTM
2023-06-30,2023-08-04,PUT,35.0,4450.23,4075.0,5.9,6.2,29.0,0.18512,6.050000000000001,0.9156830096421984,OTM
2023-06-30,2023-08-04,PUT,35.0,4450.23,4080.0,6.0,6.3,51.0,0.18314,6.15,0.9168065470773421,OTM
2023-06-30,2023-08-04,PUT,35.0,4450.23,4090.0,6.3,6.5,22.0,0.18152,6.4,0.9190536219476297,OTM
2023-06-30,2023-08-04,PUT,35.0,4450.23,4100.0,6.6,6.8,310.0,0.17908,6.699999999999999,0.9213006968179174,OTM
2023-06-30,2023-08-04,PUT,35.0,4450.23,4110.0,6.9,7.1,4.0,0.17624,7.0,0.923547771688205,OTM
2023-06-30,2023-08-04,PUT,35.0,4450.23,4115.0,7.0,7.3,62.0,0.1749,7.15,0.9246713091233487,OTM
2023-06-30,2023-08-04,PUT,35.0,4450.23,4120.0,7.2,7.5,4.0,0.17472,7.35,0.9257948465584925,OTM
2023-06-30,2023-08-04,PUT,35.0,4450.23,4125.0,7.4,7.6,59.0,0.17342,7.5,0.9269183839936364,OTM
2023-06-30,2023-08-04,PUT,35.0,4450.23,4130.0,7.6,7.8,1.0,0.17275,7.699999999999999,0.9280419214287802,OTM
2023-06-30,2023-08-04,PUT,35.0,4450.23,4135.0,7.7,8.0,2.0,0.17074,7.85,0.929165458863924,OTM
2023-06-30,2023-08-04,PUT,35.0,4450.23,4140.0,7.9,8.2,28.0,0.17003,8.05,0.9302889962990678,OTM
2023-06-30,2023-08-04,PUT,35.0,4450.23,4145.0,8.1,8.4,1.0,0.1693,8.25,0.9314125337342116,OTM
2023-06-30,2023-08-04,PUT,35.0,4450.23,4150.0,8.3,8.5,59.0,0.16753,8.4,0.9325360711693553,OTM
2023-06-30,2023-08-04,PUT,35.0,4450.23,4155.0,8.5,8.8,2.0,0.16663,8.65,0.9336596086044991,OTM
2023-06-30,2023-08-04,PUT,35.0,4450.23,4160.0,8.7,9.0,5.0,0.16566,8.85,0.934783146039643,OTM
2023-06-30,2023-08-04,PUT,35.0,4450.23,4170.0,9.1,9.4,5.0,0.1627,9.25,0.9370302209099306,OTM
2023-06-30,2023-08-04,PUT,35.0,4450.23,4175.0,9.4,9.6,16.0,0.16169,9.5,0.9381537583450744,OTM
2023-06-30,2023-08-04,PUT,35.0,4450.23,4180.0,9.6,9.9,7.0,0.16105,9.75,0.9392772957802182,OTM
2023-06-30,2023-08-04,PUT,35.0,4450.23,4185.0,9.8,10.1,1.0,0.15983,9.95,0.9404008332153619,OTM
2023-06-30,2023-08-04,PUT,35.0,4450.23,4190.0,10.1,10.4,7.0,0.15842,10.25,0.9415243706505058,OTM
2023-06-30,2023-08-04,PUT,35.0,4450.23,4195.0,10.3,10.6,1.0,0.15752,10.45,0.9426479080856496,OTM
2023-06-30,2023-08-04,PUT,35.0,4450.23,4200.0,10.6,10.9,122.0,0.15585,10.75,0.9437714455207934,OTM
2023-06-30,2023-08-04,PUT,35.0,4450.23,4205.0,10.9,11.2,1.0,0.15473,11.05,0.9448949829559372,OTM
2023-06-30,2023-08-04,PUT,35.0,4450.23,4210.0,11.2,11.4,6.0,0.15403,11.3,0.946018520391081,OTM
2023-06-30,2023-08-04,PUT,35.0,4450.23,4215.0,11.5,11.7,2.0,0.15277,11.6,0.9471420578262248,OTM
2023-06-30,2023-08-04,PUT,35.0,4450.23,4220.0,11.8,12.1,8.0,0.1518,11.95,0.9482655952613686,OTM
2023-06-30,2023-08-04,PUT,35.0,4450.23,4225.0,12.1,12.4,1373.0,0.15055,12.25,0.9493891326965124,OTM
2023-06-30,2023-08-04,PUT,35.0,4450.23,4230.0,12.3,12.7,39.0,0.14878,12.5,0.9505126701316562,OTM
2023-06-30,2023-08-04,PUT,35.0,4450.23,4235.0,12.7,13.0,1.0,0.14826,12.85,0.9516362075668,OTM
2023-06-30,2023-08-04,PUT,35.0,4450.23,4240.0,13.0,13.4,74.0,0.1472,13.2,0.9527597450019438,OTM
2023-06-30,2023-08-04,PUT,35.0,4450.23,4245.0,13.4,13.8,1.0,0.14584,13.600000000000001,0.9538832824370876,OTM
2023-06-30,2023-08-04,PUT,35.0,4450.23,4250.0,13.8,14.1,175.0,0.14445,13.95,0.9550068198722315,OTM
2023-06-30,2023-08-04,PUT,35.0,4450.23,4255.0,14.2,14.5,65.0,0.14374,14.35,0.9561303573073752,OTM
2023-06-30,2023-08-04,PUT,35.0,4450.23,4260.0,14.6,14.9,8.0,0.14274,14.75,0.957253894742519,OTM
2023-06-30,2023-08-04,PUT,35.0,4450.23,4265.0,15.0,15.4,6.0,0.14136,15.2,0.9583774321776628,OTM
2023-06-30,2023-08-04,PUT,35.0,4450.23,4270.0,15.4,15.8,9.0,0.14059,15.600000000000001,0.9595009696128066,OTM
2023-06-30,2023-08-04,PUT,35.0,4450.23,4275.0,15.9,16.2,2.0,0.13947,16.05,0.9606245070479504,OTM
2023-06-30,2023-08-04,PUT,35.0,4450.23,4280.0,15.8,16.7,6.0,0.13726,16.25,0.9617480444830943,OTM
2023-06-30,2023-08-04,PUT,35.0,4450.23,4285.0,16.8,17.2,3.0,0.1371,17.0,0.9628715819182381,OTM
2023-06-30,2023-08-04,PUT,35.0,4450.23,4290.0,16.7,17.7,11.0,0.13494,17.2,0.9639951193533818,OTM
2023-06-30,2023-08-04,PUT,35.0,4450.23,4295.0,17.2,18.2,1.0,0.13416,17.7,0.9651186567885256,OTM
2023-06-30,2023-08-04,PUT,35.0,4450.23,4300.0,18.4,18.7,606.0,0.13384,18.549999999999997,0.9662421942236694,OTM
2023-06-30,2023-08-04,PUT,35.0,4450.23,4305.0,18.3,19.3,1.0,0.13184,18.8,0.9673657316588132,OTM
2023-06-30,2023-08-04,PUT,35.0,4450.23,4310.0,19.5,19.9,2.0,0.13179,19.7,0.968489269093957,OTM
2023-06-30,2023-08-04,PUT,35.0,4450.23,4315.0,20.1,20.5,5.0,0.13011,20.3,0.9696128065291009,OTM
2023-06-30,2023-08-04,PUT,35.0,4450.23,4320.0,20.7,21.2,17.0,0.1295,20.95,0.9707363439642447,OTM
2023-06-30,2023-08-04,PUT,35.0,4450.23,4325.0,21.4,21.9,20.0,0.12833,21.65,0.9718598813993884,OTM
2023-06-30,2023-08-04,PUT,35.0,4450.23,4330.0,22.0,22.6,1.0,0.12717,22.3,0.9729834188345322,OTM
2023-06-30,2023-08-04,PUT,35.0,4450.23,4335.0,22.8,23.2,7.0,0.12554,23.0,0.974106956269676,OTM
2023-06-30,2023-08-04,PUT,35.0,4450.23,4340.0,23.5,23.9,27.0,0.12433,23.7,0.9752304937048198,OTM
2023-06-30,2023-08-04,PUT,35.0,4450.23,4345.0,24.2,24.8,3.0,0.12353,24.5,0.9763540311399637,OTM
2023-06-30,2023-08-04,PUT,35.0,4450.23,4350.0,25.0,25.6,170.0,0.12298,25.3,0.9774775685751075,OTM
2023-06-30,2023-08-04,PUT,35.0,4450.23,4355.0,25.9,26.3,1.0,0.12112,26.1,0.9786011060102513,OTM
2023-06-30,2023-08-04,PUT,35.0,4450.23,4360.0,26.7,27.3,18.0,0.12071,27.0,0.979724643445395,OTM
2023-06-30,2023-08-04,PUT,35.0,4450.23,4365.0,27.6,28.2,115.0,0.11977,27.9,0.9808481808805388,OTM
2023-06-30,2023-08-04,PUT,35.0,4450.23,4370.0,28.6,29.2,78.0,0.11871,28.9,0.9819717183156826,OTM
2023-06-30,2023-08-04,PUT,35.0,4450.23,4375.0,29.5,30.2,25.0,0.11719,29.85,0.9830952557508265,OTM
2023-06-30,2023-08-04,PUT,35.0,4450.23,4380.0,30.6,31.2,62.0,0.11623,30.9,0.9842187931859703,OTM
2023-06-30,2023-08-04,PUT,35.0,4450.23,4385.0,30.4,32.9,2.0,0.115,31.65,0.9853423306211141,OTM
2023-06-30,2023-08-04,PUT,35.0,4450.23,4390.0,32.6,33.2,21.0,0.11371,32.900000000000006,0.9864658680562579,OTM
2023-06-30,2023-08-04,PUT,35.0,4450.23,4395.0,33.8,34.4,3.0,0.11299,34.099999999999994,0.9875894054914016,OTM
2023-06-30,2023-08-04,PUT,35.0,4450.23,4400.0,35.1,35.8,216.0,0.11263,35.45,0.9887129429265454,OTM
2023-06-30,2023-08-04,PUT,35.0,4450.23,4405.0,36.4,36.9,40.0,0.11098,36.65,0.9898364803616893,OTM
2023-06-30,2023-08-04,PUT,35.0,4450.23,4410.0,37.7,38.3,18.0,0.10987,38.0,0.9909600177968331,ATM
2023-06-30,2023-08-04,PUT,35.0,4450.23,4415.0,39.1,39.7,45.0,0.10889,39.400000000000006,0.9920835552319769,ATM
2023-06-30,2023-08-04,PUT,35.0,4450.23,4420.0,40.5,41.2,65.0,0.10815,40.85,0.9932070926671207,ATM
2023-06-30,2023-08-04,PUT,35.0,4450.23,4425.0,42.0,42.6,10.0,0.10711,42.3,0.9943306301022645,ATM
2023-06-30,2023-08-04,PUT,35.0,4450.23,4430.0,43.5,44.2,56.0,0.10676,43.85,0.9954541675374082,ATM
2023-06-30,2023-08-04,PUT,35.0,4450.23,4435.0,45.2,45.7,11.0,0.10583,45.45,0.996577704972552,ATM
2023-06-30,2023-08-04,PUT,35.0,4450.23,4440.0,46.6,47.2,33.0,0.10429,46.900000000000006,0.9977012424076959,ATM
2023-06-30,2023-08-04,PUT,35.0,4450.23,4445.0,48.5,49.0,4.0,0.10275,48.75,0.9988247798428397,ATM
2023-06-30,2023-08-04,PUT,35.0,4450.23,4450.0,50.2,50.8,880.0,0.10246,50.5,0.9999483172779835,ATM
2023-06-30,2023-08-04,PUT,35.0,4450.23,4455.0,52.3,53.0,36.0,0.1015,52.65,1.0010718547131272,ATM
2023-06-30,2023-08-04,PUT,35.0,4450.23,4460.0,54.2,54.8,25.0,0.10089,54.5,1.0021953921482711,ATM
2023-06-30,2023-08-04,PUT,35.0,4450.23,4470.0,58.2,58.8,19.0,0.09876,58.5,1.0044424670185588,ATM
2023-06-30,2023-08-04,PUT,35.0,4450.23,4475.0,60.6,61.2,1.0,0.09801,60.900000000000006,1.0055660044537025,ATM
2023-06-30,2023-08-04,PUT,35.0,4450.23,4480.0,63.0,63.7,2.0,0.09761,63.35,1.0066895418888462,ATM
2023-06-30,2023-08-04,PUT,35.0,4450.23,4500.0,72.9,73.5,1.0,0.09279,73.2,1.0111836916294215,ITM
2023-06-30,2023-08-04,PUT,35.0,4450.23,4510.0,76.7,80.8,3.0,0.091,78.75,1.013430766499709,ITM
2023-06-30,2023-08-04,PUT,35.0,4450.23,4520.0,84.2,85.0,4.0,0.08961,84.6,1.0156778413699967,ITM
2023-06-30,2023-08-04,PUT,35.0,4450.23,4525.0,87.3,87.9,4.0,0.08764,87.6,1.0168013788051404,ITM
2023-06-30,2023-08-04,PUT,35.0,4450.23,4530.0,90.4,91.0,1.0,0.08699,90.7,1.0179249162402844,ITM
2023-06-30,2023-08-04,PUT,35.0,4450.23,4540.0,93.3,100.8,1.0,0.08316,97.05,1.020171991110572,ITM
2023-06-30,2023-08-04,PUT,35.0,4450.23,4550.0,99.9,106.5,11.0,0.07768,103.2,1.0224190659808594,ITM
2023-06-30,2023-08-11,PUT,42.0,4450.23,3600.0,2.2,2.35,17.0,0.29361,2.2750000000000004,0.8089469533035372,OTM
2023-06-30,2023-08-11,PUT,42.0,4450.23,3650.0,2.45,2.6,1.0,0.28182,2.5250000000000004,0.8201823276549752,OTM
2023-06-30,2023-08-11,PUT,42.0,4450.23,3700.0,2.75,2.85,39.0,0.26911,2.8,0.8314177020064132,OTM
2023-06-30,2023-08-11,PUT,42.0,4450.23,3750.0,3.0,3.2,5.0,0.25636,3.1,0.8426530763578512,OTM
2023-06-30,2023-08-11,PUT,42.0,4450.23,3800.0,3.4,3.6,302.0,0.24488,3.5,0.8538884507092893,OTM
2023-06-30,2023-08-11,PUT,42.0,4450.23,3850.0,3.9,4.1,104.0,0.23322,4.0,0.8651238250607273,OTM
2023-06-30,2023-08-11,PUT,42.0,4450.23,3900.0,4.5,4.7,8.0,0.2213,4.6,0.8763591994121653,OTM
2023-06-30,2023-08-11,PUT,42.0,4450.23,3925.0,4.8,5.0,196.0,0.21504,4.9,0.8819768865878843,OTM
2023-06-30,2023-08-11,PUT,42.0,4450.23,3950.0,5.2,5.5,11.0,0.20975,5.35,0.8875945737636033,OTM
2023-06-30,2023-08-11,PUT,42.0,4450.23,3975.0,5.7,5.9,5.0,0.20388,5.800000000000001,0.8932122609393224,OTM
2023-06-30,2023-08-11,PUT,42.0,4450.23,4000.0,6.2,6.4,74.0,0.19847,6.300000000000001,0.8988299481150414,OTM
2023-06-30,2023-08-11,PUT,42.0,4450.23,4010.0,6.4,6.6,1.0,0.1966,6.5,0.901077022985329,OTM
2023-06-30,2023-08-11,PUT,42.0,4450.23,4020.0,6.7,6.9,32.0,0.19419,6.800000000000001,0.9033240978556165,OTM
2023-06-30,2023-08-11,PUT,42.0,4450.23,4025.0,6.8,7.0,15.0,0.19302,6.9,0.9044476352907603,OTM
2023-06-30,2023-08-11,PUT,42.0,4450.23,4040.0,7.2,7.4,6.0,0.18993,7.300000000000001,0.9078182475961918,OTM
2023-06-30,2023-08-11,PUT,42.0,4450.23,4050.0,7.5,7.7,23.0,0.18763,7.6,0.9100653224664793,OTM
2023-06-30,2023-08-11,PUT,42.0,4450.23,4060.0,7.7,8.0,1.0,0.18523,7.85,0.912312397336767,OTM
2023-06-30,2023-08-11,PUT,42.0,4450.23,4070.0,8.1,8.3,1.0,0.18398,8.2,0.9145594722070546,OTM
2023-06-30,2023-08-11,PUT,42.0,4450.23,4075.0,8.2,8.5,40.0,0.18258,8.35,0.9156830096421984,OTM
2023-06-30,2023-08-11,PUT,42.0,4450.23,4080.0,8.4,8.6,1.0,0.18154,8.5,0.9168065470773421,OTM
2023-06-30,2023-08-11,PUT,42.0,4450.23,4090.0,8.7,9.0,94.0,0.17978,8.85,0.9190536219476297,OTM
2023-06-30,2023-08-11,PUT,42.0,4450.23,4100.0,9.1,9.4,22.0,0.1774,9.25,0.9213006968179174,OTM
2023-06-30,2023-08-11,PUT,42.0,4450.23,4110.0,9.5,9.7,12.0,0.17494,9.6,0.923547771688205,OTM
2023-06-30,2023-08-11,PUT,42.0,4450.23,4120.0,9.9,10.2,1.0,0.17336,10.05,0.9257948465584925,OTM
2023-06-30,2023-08-11,PUT,42.0,4450.23,4125.0,10.1,10.4,2.0,0.17156,10.25,0.9269183839936364,OTM
2023-06-30,2023-08-11,PUT,42.0,4450.23,4130.0,10.3,10.6,7.0,0.17123,10.45,0.9280419214287802,OTM
2023-06-30,2023-08-11,PUT,42.0,4450.23,4140.0,10.8,11.1,5.0,0.16877,10.95,0.9302889962990678,OTM
2023-06-30,2023-08-11,PUT,42.0,4450.23,4150.0,11.2,11.5,18.0,0.16686,11.35,0.9325360711693553,OTM
2023-06-30,2023-08-11,PUT,42.0,4450.23,4160.0,11.8,12.1,4.0,0.16482,11.95,0.934783146039643,OTM
2023-06-30,2023-08-11,PUT,42.0,4450.23,4170.0,12.3,12.6,7.0,0.1625,12.45,0.9370302209099306,OTM
2023-06-30,2023-08-11,PUT,42.0,4450.23,4175.0,12.6,12.9,322.0,0.16164,12.75,0.9381537583450744,OTM
2023-06-30,2023-08-11,PUT,42.0,4450.23,4180.0,12.9,13.2,1.0,0.16064,13.05,0.9392772957802182,OTM
2023-06-30,2023-08-11,PUT,42.0,4450.23,4190.0,13.5,13.8,3.0,0.15793,13.65,0.9415243706505058,OTM
2023-06-30,2023-08-11,PUT,42.0,4450.23,4200.0,14.0,14.4,25.0,0.15564,14.2,0.9437714455207934,OTM
2023-06-30,2023-08-11,PUT,42.0,4450.23,4210.0,14.8,15.1,7.0,0.15379,14.95,0.946018520391081,OTM
2023-06-30,2023-08-11,PUT,42.0,4450.23,4220.0,15.5,15.8,1.0,0.15172,15.65,0.9482655952613686,OTM
2023-06-30,2023-08-11,PUT,42.0,4450.23,4225.0,15.8,16.2,8.0,0.15073,16.0,0.9493891326965124,OTM
2023-06-30,2023-08-11,PUT,42.0,4450.23,4230.0,16.2,16.6,5.0,0.1497,16.4,0.9505126701316562,OTM
2023-06-30,2023-08-11,PUT,42.0,4450.23,4240.0,17.0,18.0,52.0,0.14787,17.5,0.9527597450019438,OTM
2023-06-30,2023-08-11,PUT,42.0,4450.23,4250.0,17.9,18.3,98.0,0.145,18.1,0.9550068198722315,OTM
2023-06-30,2023-08-11,PUT,42.0,4450.23,4260.0,18.2,19.2,4.0,0.14241,18.7,0.957253894742519,OTM
2023-06-30,2023-08-11,PUT,42.0,4450.23,4270.0,19.7,20.2,25.0,0.14148,19.95,0.9595009696128066,OTM
2023-06-30,2023-08-11,PUT,42.0,4450.23,4275.0,20.2,20.7,10.0,0.14013,20.45,0.9606245070479504,OTM
2023-06-30,2023-08-11,PUT,42.0,4450.23,4280.0,20.1,21.7,18.0,0.13886,20.9,0.9617480444830943,OTM
2023-06-30,2023-08-11,PUT,42.0,4450.23,4290.0,21.9,22.4,20.0,0.13716,22.15,0.9639951193533818,OTM
2023-06-30,2023-08-11,PUT,42.0,4450.23,4300.0,23.1,23.6,7.0,0.13496,23.35,0.9662421942236694,OTM
2023-06-30,2023-08-11,PUT,42.0,4450.23,4310.0,24.3,24.9,46.0,0.13298,24.6,0.968489269093957,OTM
2023-06-30,2023-08-11,PUT,42.0,4450.23,4320.0,25.7,26.2,2.0,0.13053,25.95,0.9707363439642447,OTM
2023-06-30,2023-08-11,PUT,42.0,4450.23,4325.0,26.4,27.0,4.0,0.12979,26.7,0.9718598813993884,OTM
2023-06-30,2023-08-11,PUT,42.0,4450.23,4330.0,27.1,27.7,19.0,0.12837,27.4,0.9729834188345322,OTM
2023-06-30,2023-08-11,PUT,42.0,4450.23,4340.0,28.6,29.2,1.0,0.12661,28.9,0.9752304937048198,OTM
2023-06-30,2023-08-11,PUT,42.0,4450.23,4350.0,30.4,30.8,8.0,0.12404,30.6,0.9774775685751075,OTM
2023-06-30,2023-08-11,PUT,42.0,4450.23,4360.0,32.1,32.8,2.0,0.1224,32.45,0.979724643445395,OTM
2023-06-30,2023-08-11,PUT,42.0,4450.23,4370.0,34.1,34.7,7.0,0.12035,34.400000000000006,0.9819717183156826,OTM
2023-06-30,2023-08-11,PUT,42.0,4450.23,4375.0,35.1,35.7,4.0,0.11975,35.400000000000006,0.9830952557508265,OTM
2023-06-30,2023-08-11,PUT,42.0,4450.23,4380.0,36.2,36.9,25.0,0.11829,36.55,0.9842187931859703,OTM
2023-06-30,2023-08-11,PUT,42.0,4450.23,4390.0,38.4,38.9,2.0,0.11622,38.65,0.9864658680562579,OTM
2023-06-30,2023-08-11,PUT,42.0,4450.23,4400.0,40.8,41.5,76.0,0.11439,41.15,0.9887129429265454,OTM
2023-06-30,2023-08-11,PUT,42.0,4450.23,4410.0,43.4,44.1,2.0,0.11191,43.75,0.9909600177968331,ATM
2023-06-30,2023-08-11,PUT,42.0,4450.23,4420.0,46.3,47.0,2.0,0.11034,46.65,0.9932070926671207,ATM
2023-06-30,2023-08-11,PUT,42.0,4450.23,4425.0,45.9,49.2,33.0,0.10842,47.55,0.9943306301022645,ATM
2023-06-30,2023-08-11,PUT,42.0,4450.23,4430.0,49.3,50.0,13.0,0.10857,49.65,0.9954541675374082,ATM
2023-06-30,2023-08-11,PUT,42.0,4450.23,4440.0,52.4,53.0,24.0,0.10695,52.7,0.9977012424076959,ATM
2023-06-30,2023-08-11,PUT,42.0,4450.23,4450.0,56.1,56.8,23.0,0.10498,56.45,0.9999483172779835,ATM
2023-06-30,2023-08-11,PUT,42.0,4450.23,4460.0,59.9,60.3,2.0,0.10316,60.099999999999994,1.0021953921482711,ATM
2023-06-30,2023-08-11,PUT,42.0,4450.23,4470.0,61.4,65.7,16.0,0.10065,63.55,1.0044424670185588,ATM
2023-06-30,2023-08-11,PUT,42.0,4450.23,4475.0,66.1,66.8,18.0,0.10077,66.44999999999999,1.0055660044537025,ATM
2023-06-30,2023-08-11,PUT,42.0,4450.23,4480.0,68.3,69.0,2.0,0.09922,68.65,1.0066895418888462,ATM
2023-06-30,2023-08-11,PUT,42.0,4450.23,4490.0,72.9,73.3,18.0,0.09752,73.1,1.0089366167591338,ATM
2023-06-30,2023-08-11,PUT,42.0,4450.23,4500.0,77.8,78.3,28.0,0.09584,78.05,1.0111836916294215,ITM
2023-06-30,2023-08-11,PUT,42.0,4450.23,4510.0,79.9,86.2,7.0,0.09343,83.05000000000001,1.013430766499709,ITM
2023-06-30,2023-08-11,PUT,42.0,4450.23,4525.0,88.1,94.9,6.0,0.09025,91.5,1.0168013788051404,ITM
2023-06-30,2023-08-11,PUT,42.0,4450.23,4530.0,90.9,97.9,2.0,0.08929,94.4,1.0179249162402844,ITM
2023-06-30,2023-08-11,PUT,42.0,4450.23,4540.0,96.9,103.0,2.0,0.08535,99.95,1.020171991110572,ITM
2023-06-30,2023-08-11,PUT,42.0,4450.23,4550.0,103.2,110.6,1.0,0.08389,106.9,1.0224190659808594,ITM
2023-06-30,2023-08-18,PUT,49.0,4450.23,3570.0,2.6,2.75,14.0,0.28823,2.675,0.8022057286926744,OTM
2023-06-30,2023-08-18,PUT,49.0,4450.23,3575.0,2.65,2.8,8.0,0.28818,2.7249999999999996,0.8033292661278182,OTM
2023-06-30,2023-08-18,PUT,49.0,4450.23,3580.0,2.65,2.85,10.0,0.28635,2.75,0.804452803562962,OTM
2023-06-30,2023-08-18,PUT,49.0,4450.23,3590.0,2.7,2.9,12.0,0.28421,2.8,0.8066998784332496,OTM
2023-06-30,2023-08-18,PUT,49.0,4450.23,3600.0,2.75,2.95,544.0,0.28234,2.85,0.8089469533035372,OTM
2023-06-30,2023-08-18,PUT,49.0,4450.23,3610.0,2.85,3.0,100.0,0.28015,2.925,0.8111940281738248,OTM
2023-06-30,2023-08-18,PUT,49.0,4450.23,3620.0,2.9,3.1,150.0,0.27797,3.0,0.8134411030441124,OTM
2023-06-30,2023-08-18,PUT,49.0,4450.23,3625.0,2.95,3.1,20.0,0.27663,3.0250000000000004,0.8145646404792563,OTM
2023-06-30,2023-08-18,PUT,49.0,4450.23,3630.0,2.95,3.1,2.0,0.27547,3.0250000000000004,0.8156881779144,OTM
2023-06-30,2023-08-18,PUT,49.0,4450.23,3640.0,3.0,3.2,1.0,0.27283,3.1,0.8179352527846876,OTM
2023-06-30,2023-08-18,PUT,49.0,4450.23,3650.0,3.1,3.3,7.0,0.27125,3.2,0.8201823276549752,OTM
2023-06-30,2023-08-18,PUT,49.0,4450.23,3660.0,3.1,3.3,8.0,0.2675,3.2,0.8224294025252629,OTM
2023-06-30,2023-08-18,PUT,49.0,4450.23,3670.0,3.2,3.4,10.0,0.26646,3.3,0.8246764773955504,OTM
2023-06-30,2023-08-18,PUT,49.0,4450.23,3675.0,3.2,3.4,182.0,0.26426,3.3,0.8258000148306942,OTM
2023-06-30,2023-08-18,PUT,49.0,4450.23,3680.0,3.3,3.5,1.0,0.26384,3.4,0.826923552265838,OTM
2023-06-30,2023-08-18,PUT,49.0,4450.23,3690.0,3.3,3.6,58.0,0.26123,3.45,0.8291706271361257,OTM
2023-06-30,2023-08-18,PUT,49.0,4450.23,3700.0,3.4,3.7,53.0,0.25961,3.55,0.8314177020064132,OTM
2023-06-30,2023-08-18,PUT,49.0,4450.23,3710.0,3.5,3.7,100.0,0.25662,3.6,0.8336647768767008,OTM
2023-06-30,2023-08-18,PUT,49.0,4450.23,3720.0,3.6,3.8,3.0,0.25464,3.7,0.8359118517469885,OTM
2023-06-30,2023-08-18,PUT,49.0,4450.23,3725.0,3.6,3.9,21.0,0.25366,3.75,0.8370353891821323,OTM
2023-06-30,2023-08-18,PUT,49.0,4450.23,3730.0,3.7,3.9,18.0,0.25299,3.8,0.8381589266172761,OTM
2023-06-30,2023-08-18,PUT,49.0,4450.23,3740.0,3.7,4.0,327.0,0.25034,3.85,0.8404060014875636,OTM
2023-06-30,2023-08-18,PUT,49.0,4450.23,3750.0,3.8,4.1,161.0,0.24779,3.9499999999999997,0.8426530763578512,OTM
2023-06-30,2023-08-18,PUT,49.0,4450.23,3760.0,3.9,4.2,103.0,0.24597,4.05,0.8449001512281389,OTM
2023-06-30,2023-08-18,PUT,49.0,4450.23,3770.0,4.0,4.3,24.0,0.24363,4.15,0.8471472260984264,OTM
2023-06-30,2023-08-18,PUT,49.0,4450.23,3775.0,4.1,4.3,1.0,0.24277,4.199999999999999,0.8482707635335702,OTM
2023-06-30,2023-08-18,PUT,49.0,4450.23,3780.0,4.1,4.4,1.0,0.24135,4.25,0.849394300968714,OTM
2023-06-30,2023-08-18,PUT,49.0,4450.23,3785.0,4.2,4.4,25.0,0.23991,4.300000000000001,0.8505178384038579,OTM
2023-06-30,2023-08-18,PUT,49.0,4450.23,3790.0,4.2,4.5,1.0,0.23903,4.35,0.8516413758390017,OTM
2023-06-30,2023-08-18,PUT,49.0,4450.23,3795.0,4.3,4.5,21.0,0.23828,4.4,0.8527649132741455,OTM
2023-06-30,2023-08-18,PUT,49.0,4450.23,3800.0,4.4,4.6,58.0,0.2371,4.5,0.8538884507092893,OTM
2023-06-30,2023-08-18,PUT,49.0,4450.23,3805.0,4.4,4.7,56.0,0.23611,4.550000000000001,0.855011988144433,OTM
2023-06-30,2023-08-18,PUT,49.0,4450.23,3810.0,4.5,4.7,1.0,0.2346,4.6,0.8561355255795768,OTM
2023-06-30,2023-08-18,PUT,49.0,4450.23,3815.0,4.5,4.8,50.0,0.23399,4.65,0.8572590630147207,OTM
2023-06-30,2023-08-18,PUT,49.0,4450.23,3820.0,4.6,4.8,28.0,0.23257,4.699999999999999,0.8583826004498645,OTM
2023-06-30,2023-08-18,PUT,49.0,4450.23,3825.0,4.7,4.9,143.0,0.2322,4.800000000000001,0.8595061378850083,OTM
2023-06-30,2023-08-18,PUT,49.0,4450.23,3830.0,4.7,5.0,28.0,0.23055,4.85,0.8606296753201521,OTM
2023-06-30,2023-08-18,PUT,49.0,4450.23,3835.0,4.8,5.0,55.0,0.22916,4.9,0.8617532127552959,OTM
2023-06-30,2023-08-18,PUT,49.0,4450.23,3840.0,4.9,5.1,19.0,0.22837,5.0,0.8628767501904396,OTM
2023-06-30,2023-08-18,PUT,49.0,4450.23,3845.0,4.9,5.2,5.0,0.22724,5.050000000000001,0.8640002876255835,OTM
2023-06-30,2023-08-18,PUT,49.0,4450.23,3850.0,5.0,5.2,20.0,0.2265,5.1,0.8651238250607273,OTM
2023-06-30,2023-08-18,PUT,49.0,4450.23,3855.0,5.1,5.3,1.0,0.22577,5.199999999999999,0.8662473624958711,OTM
2023-06-30,2023-08-18,PUT,49.0,4450.23,3860.0,5.1,5.4,3.0,0.22371,5.25,0.8673708999310149,OTM
2023-06-30,2023-08-18,PUT,49.0,4450.23,3865.0,5.2,5.4,27.0,0.22288,5.300000000000001,0.8684944373661587,OTM
2023-06-30,2023-08-18,PUT,49.0,4450.23,3870.0,5.3,5.5,4.0,0.2217,5.4,0.8696179748013025,OTM
2023-06-30,2023-08-18,PUT,49.0,4450.23,3875.0,5.4,5.6,687.0,0.22099,5.5,0.8707415122364462,OTM
2023-06-30,2023-08-18,PUT,49.0,4450.23,3880.0,5.4,5.7,16.0,0.21951,5.550000000000001,0.8718650496715901,OTM
2023-06-30,2023-08-18,PUT,49.0,4450.23,3885.0,5.5,5.8,15.0,0.21934,5.65,0.8729885871067339,OTM
2023-06-30,2023-08-18,PUT,49.0,4450.23,3890.0,5.6,5.8,1.0,0.21733,5.699999999999999,0.8741121245418777,OTM
2023-06-30,2023-08-18,PUT,49.0,4450.23,3895.0,5.7,5.9,315.0,0.21698,5.800000000000001,0.8752356619770215,OTM
2023-06-30,2023-08-18,PUT,49.0,4450.23,3900.0,5.8,6.0,1258.0,0.2161,5.9,0.8763591994121653,OTM
2023-06-30,2023-08-18,PUT,49.0,4450.23,3905.0,5.8,6.1,5.0,0.21478,5.949999999999999,0.8774827368473092,OTM
2023-06-30,2023-08-18,PUT,49.0,4450.23,3910.0,5.9,6.2,1.0,0.21345,6.050000000000001,0.8786062742824529,OTM
2023-06-30,2023-08-18,PUT,49.0,4450.23,3915.0,6.0,6.3,2.0,0.21262,6.15,0.8797298117175967,OTM
2023-06-30,2023-08-18,PUT,49.0,4450.23,3920.0,6.1,6.4,1.0,0.21156,6.25,0.8808533491527405,OTM
2023-06-30,2023-08-18,PUT,49.0,4450.23,3925.0,6.2,6.5,2.0,0.21002,6.35,0.8819768865878843,OTM
2023-06-30,2023-08-18,PUT,49.0,4450.23,3930.0,6.3,6.6,1.0,0.20934,6.449999999999999,0.8831004240230281,OTM
2023-06-30,2023-08-18,PUT,49.0,4450.23,3935.0,6.4,6.7,1.0,0.20882,6.550000000000001,0.884223961458172,OTM
2023-06-30,2023-08-18,PUT,49.0,4450.23,3940.0,6.5,6.8,1.0,0.20697,6.65,0.8853474988933158,OTM
2023-06-30,2023-08-18,PUT,49.0,4450.23,3945.0,6.6,6.9,22.0,0.20581,6.75,0.8864710363284595,OTM
2023-06-30,2023-08-18,PUT,49.0,4450.23,3950.0,6.7,7.0,1348.0,0.20491,6.85,0.8875945737636033,OTM
2023-06-30,2023-08-18,PUT,49.0,4450.23,3955.0,6.8,7.1,1.0,0.20366,6.949999999999999,0.8887181111987471,OTM
2023-06-30,2023-08-18,PUT,49.0,4450.23,3960.0,7.0,7.2,11.0,0.20289,7.1,0.8898416486338909,OTM
2023-06-30,2023-08-18,PUT,49.0,4450.23,3965.0,7.1,7.3,20.0,0.20191,7.199999999999999,0.8909651860690347,OTM
2023-06-30,2023-08-18,PUT,49.0,4450.23,3970.0,7.2,7.5,2.0,0.20095,7.35,0.8920887235041786,OTM
2023-06-30,2023-08-18,PUT,49.0,4450.23,3975.0,7.3,7.6,692.0,0.20034,7.449999999999999,0.8932122609393224,OTM
2023-06-30,2023-08-18,PUT,49.0,4450.23,3980.0,7.4,7.7,1.0,0.19855,7.550000000000001,0.8943357983744661,OTM
2023-06-30,2023-08-18,PUT,49.0,4450.23,3985.0,7.5,7.8,1.0,0.19821,7.65,0.8954593358096099,OTM
2023-06-30,2023-08-18,PUT,49.0,4450.23,3990.0,7.7,8.0,3.0,0.19697,7.85,0.8965828732447537,OTM
2023-06-30,2023-08-18,PUT,49.0,4450.23,3995.0,7.8,8.1,100.0,0.19584,7.949999999999999,0.8977064106798975,OTM
2023-06-30,2023-08-18,PUT,49.0,4450.23,4000.0,7.9,8.2,1425.0,0.19464,8.05,0.8988299481150414,OTM
2023-06-30,2023-08-18,PUT,49.0,4450.23,4005.0,8.1,8.4,5.0,0.19408,8.25,0.8999534855501852,OTM
2023-06-30,2023-08-18,PUT,49.0,4450.23,4010.0,8.2,8.5,16.0,0.19316,8.35,0.901077022985329,OTM
2023-06-30,2023-08-18,PUT,49.0,4450.23,4015.0,8.3,8.7,300.0,0.19147,8.5,0.9022005604204727,OTM
2023-06-30,2023-08-18,PUT,49.0,4450.23,4020.0,8.5,8.8,20.0,0.19094,8.65,0.9033240978556165,OTM
2023-06-30,2023-08-18,PUT,49.0,4450.23,4025.0,8.7,8.9,1.0,0.18991,8.8,0.9044476352907603,OTM
2023-06-30,2023-08-18,PUT,49.0,4450.23,4030.0,8.8,9.1,7.0,0.18891,8.95,0.9055711727259041,OTM
2023-06-30,2023-08-18,PUT,49.0,4450.23,4035.0,8.9,9.3,5.0,0.18802,9.100000000000001,0.906694710161048,OTM
2023-06-30,2023-08-18,PUT,49.0,4450.23,4040.0,9.1,9.5,2.0,0.1872,9.3,0.9078182475961918,OTM
2023-06-30,2023-08-18,PUT,49.0,4450.23,4045.0,9.3,9.6,1.0,0.18601,9.45,0.9089417850313356,OTM
2023-06-30,2023-08-18,PUT,49.0,4450.23,4050.0,9.5,9.8,39.0,0.18545,9.65,0.9100653224664793,OTM
2023-06-30,2023-08-18,PUT,49.0,4450.23,4055.0,9.6,10.0,150.0,0.18331,9.8,0.9111888599016231,OTM
2023-06-30,2023-08-18,PUT,49.0,4450.23,4060.0,9.8,10.2,2.0,0.18303,10.0,0.912312397336767,OTM
2023-06-30,2023-08-18,PUT,49.0,4450.23,4065.0,10.0,10.4,1.0,0.18211,10.2,0.9134359347719108,OTM
2023-06-30,2023-08-18,PUT,49.0,4450.23,4070.0,10.2,10.5,20.0,0.18083,10.35,0.9145594722070546,OTM
2023-06-30,2023-08-18,PUT,49.0,4450.23,4075.0,10.4,10.8,41.0,0.18046,10.600000000000001,0.9156830096421984,OTM
2023-06-30,2023-08-18,PUT,49.0,4450.23,4080.0,10.6,10.9,104.0,0.17864,10.75,0.9168065470773421,OTM
2023-06-30,2023-08-18,PUT,49.0,4450.23,4085.0,10.8,11.1,308.0,0.1781,10.95,0.9179300845124859,OTM
2023-06-30,2023-08-18,PUT,49.0,4450.23,4090.0,11.0,11.3,7.0,0.17673,11.15,0.9190536219476297,OTM
2023-06-30,2023-08-18,PUT,49.0,4450.23,4095.0,11.2,11.9,10.0,0.17699,11.55,0.9201771593827736,OTM
2023-06-30,2023-08-18,PUT,49.0,4450.23,4100.0,11.5,11.8,1326.0,0.17455,11.65,0.9213006968179174,OTM
2023-06-30,2023-08-18,PUT,49.0,4450.23,4105.0,11.7,12.0,1.0,0.17372,11.85,0.9224242342530612,OTM
2023-06-30,2023-08-18,PUT,49.0,4450.23,4110.0,11.9,12.2,4.0,0.17268,12.05,0.923547771688205,OTM
2023-06-30,2023-08-18,PUT,49.0,4450.23,4115.0,12.1,12.9,1.0,0.17292,12.5,0.9246713091233487,OTM
2023-06-30,2023-08-18,PUT,49.0,4450.23,4120.0,12.4,12.8,13.0,0.17114,12.600000000000001,0.9257948465584925,OTM
2023-06-30,2023-08-18,PUT,49.0,4450.23,4125.0,12.6,13.1,29.0,0.17043,12.85,0.9269183839936364,OTM
2023-06-30,2023-08-18,PUT,49.0,4450.23,4130.0,12.9,13.3,2.0,0.16885,13.100000000000001,0.9280419214287802,OTM
2023-06-30,2023-08-18,PUT,49.0,4450.23,4135.0,13.1,13.5,2.0,0.16827,13.3,0.929165458863924,OTM
2023-06-30,2023-08-18,PUT,49.0,4450.23,4140.0,13.3,13.8,36.0,0.16664,13.55,0.9302889962990678,OTM
2023-06-30,2023-08-18,PUT,49.0,4450.23,4145.0,13.7,14.1,43.0,0.16559,13.899999999999999,0.9314125337342116,OTM
2023-06-30,2023-08-18,PUT,49.0,4450.23,4150.0,14.0,14.4,291.0,0.16549,14.2,0.9325360711693553,OTM
2023-06-30,2023-08-18,PUT,49.0,4450.23,4155.0,14.2,14.6,8.0,0.16374,14.399999999999999,0.9336596086044991,OTM
2023-06-30,2023-08-18,PUT,49.0,4450.23,4160.0,14.6,15.0,341.0,0.16279,14.8,0.934783146039643,OTM
2023-06-30,2023-08-18,PUT,49.0,4450.23,4165.0,14.9,15.3,2.0,0.16235,15.100000000000001,0.9359066834747868,OTM
2023-06-30,2023-08-18,PUT,49.0,4450.23,4170.0,15.2,15.6,10.0,0.16133,15.399999999999999,0.9370302209099306,OTM
2023-06-30,2023-08-18,PUT,49.0,4450.23,4175.0,15.5,15.9,368.0,0.15983,15.7,0.9381537583450744,OTM
2023-06-30,2023-08-18,PUT,49.0,4450.23,4180.0,15.9,16.2,4.0,0.15857,16.05,0.9392772957802182,OTM
2023-06-30,2023-08-18,PUT,49.0,4450.23,4185.0,16.2,16.6,38.0,0.15822,16.4,0.9404008332153619,OTM
2023-06-30,2023-08-18,PUT,49.0,4450.23,4190.0,16.5,16.9,379.0,0.15647,16.7,0.9415243706505058,OTM
2023-06-30,2023-08-18,PUT,49.0,4450.23,4195.0,16.8,17.3,1.0,0.15591,17.05,0.9426479080856496,OTM
2023-06-30,2023-08-18,PUT,49.0,4450.23,4200.0,17.3,17.6,1595.0,0.15501,17.450000000000003,0.9437714455207934,OTM
2023-06-30,2023-08-18,PUT,49.0,4450.23,4205.0,17.7,18.0,153.0,0.15402,17.85,0.9448949829559372,OTM
2023-06-30,2023-08-18,PUT,49.0,4450.23,4210.0,17.9,18.4,4.0,0.15233,18.15,0.946018520391081,OTM
2023-06-30,2023-08-18,PUT,49.0,4450.23,4215.0,18.3,18.8,1.0,0.15198,18.55,0.9471420578262248,OTM
2023-06-30,2023-08-18,PUT,49.0,4450.23,4220.0,18.8,19.2,52.0,0.15137,19.0,0.9482655952613686,OTM
2023-06-30,2023-08-18,PUT,49.0,4450.23,4225.0,19.2,19.6,73.0,0.1503,19.4,0.9493891326965124,OTM
2023-06-30,2023-08-18,PUT,49.0,4450.23,4230.0,19.7,20.0,10.0,0.14938,19.85,0.9505126701316562,OTM
2023-06-30,2023-08-18,PUT,49.0,4450.23,4235.0,20.1,20.5,143.0,0.14773,20.3,0.9516362075668,OTM
2023-06-30,2023-08-18,PUT,49.0,4450.23,4240.0,20.5,21.0,5.0,0.14682,20.75,0.9527597450019438,OTM
2023-06-30,2023-08-18,PUT,49.0,4450.23,4245.0,21.0,21.4,3.0,0.14615,21.2,0.9538832824370876,OTM
2023-06-30,2023-08-18,PUT,49.0,4450.23,4250.0,21.5,21.9,1848.0,0.14535,21.7,0.9550068198722315,OTM
2023-06-30,2023-08-18,PUT,49.0,4450.23,4255.0,22.0,22.4,21.0,0.1438,22.2,0.9561303573073752,OTM
2023-06-30,2023-08-18,PUT,49.0,4450.23,4260.0,22.5,22.9,9.0,0.14256,22.7,0.957253894742519,OTM
2023-06-30,2023-08-18,PUT,49.0,4450.23,4265.0,23.0,23.4,1.0,0.14132,23.2,0.9583774321776628,OTM
2023-06-30,2023-08-18,PUT,49.0,4450.23,4270.0,23.5,24.0,2.0,0.14039,23.75,0.9595009696128066,OTM
2023-06-30,2023-08-18,PUT,49.0,4450.23,4275.0,24.1,24.5,247.0,0.13976,24.3,0.9606245070479504,OTM
2023-06-30,2023-08-18,PUT,49.0,4450.23,4280.0,24.7,25.1,9.0,0.13865,24.9,0.9617480444830943,OTM
2023-06-30,2023-08-18,PUT,49.0,4450.23,4285.0,25.2,25.7,2.0,0.13773,25.45,0.9628715819182381,OTM
2023-06-30,2023-08-18,PUT,49.0,4450.23,4290.0,25.8,26.3,260.0,0.13648,26.05,0.9639951193533818,OTM
2023-06-30,2023-08-18,PUT,49.0,4450.23,4295.0,26.5,27.0,2.0,0.136,26.75,0.9651186567885256,OTM
2023-06-30,2023-08-18,PUT,49.0,4450.23,4300.0,27.0,27.6,2321.0,0.13457,27.3,0.9662421942236694,OTM
2023-06-30,2023-08-18,PUT,49.0,4450.23,4305.0,27.8,28.3,40.0,0.13411,28.05,0.9673657316588132,OTM
2023-06-30,2023-08-18,PUT,49.0,4450.23,4310.0,28.5,29.0,50.0,0.13291,28.75,0.968489269093957,OTM
2023-06-30,2023-08-18,PUT,49.0,4450.23,4315.0,29.1,29.7,94.0,0.13149,29.4,0.9696128065291009,OTM
2023-06-30,2023-08-18,PUT,49.0,4450.23,4320.0,29.9,30.5,103.0,0.13128,30.2,0.9707363439642447,OTM
2023-06-30,2023-08-18,PUT,49.0,4450.23,4325.0,30.6,31.2,89.0,0.13005,30.9,0.9718598813993884,OTM
2023-06-30,2023-08-18,PUT,49.0,4450.23,4330.0,31.5,32.0,98.0,0.12864,31.75,0.9729834188345322,OTM
2023-06-30,2023-08-18,PUT,49.0,4450.23,4335.0,32.2,32.8,230.0,0.12814,32.5,0.974106956269676,OTM
2023-06-30,2023-08-18,PUT,49.0,4450.23,4340.0,33.0,33.6,9.0,0.12699,33.3,0.9752304937048198,OTM
2023-06-30,2023-08-18,PUT,49.0,4450.23,4345.0,33.9,35.5,3.0,0.12641,34.7,0.9763540311399637,OTM
2023-06-30,2023-08-18,PUT,49.0,4450.23,4350.0,34.8,35.4,1047.0,0.12537,35.099999999999994,0.9774775685751075,OTM
2023-06-30,2023-08-18,PUT,49.0,4450.23,4355.0,35.7,36.3,51.0,0.12372,36.0,0.9786011060102513,OTM
2023-06-30,2023-08-18,PUT,49.0,4450.23,4360.0,35.7,38.5,2.0,0.12274,37.1,0.979724643445395,OTM
2023-06-30,2023-08-18,PUT,49.0,4450.23,4365.0,37.6,38.2,2.0,0.1215,37.900000000000006,0.9808481808805388,OTM
2023-06-30,2023-08-18,PUT,49.0,4450.23,4370.0,38.6,39.3,20.0,0.1211,38.95,0.9819717183156826,OTM
2023-06-30,2023-08-18,PUT,49.0,4450.23,4375.0,39.7,40.4,3.0,0.11972,40.05,0.9830952557508265,OTM
2023-06-30,2023-08-18,PUT,49.0,4450.23,4380.0,39.5,42.6,19.0,0.11903,41.05,0.9842187931859703,OTM
2023-06-30,2023-08-18,PUT,49.0,4450.23,4385.0,41.9,42.6,21.0,0.11808,42.25,0.9853423306211141,OTM
2023-06-30,2023-08-18,PUT,49.0,4450.23,4390.0,42.0,45.1,200.0,0.11758,43.55,0.9864658680562579,OTM
2023-06-30,2023-08-18,PUT,49.0,4450.23,4395.0,44.3,44.9,36.0,0.11643,44.599999999999994,0.9875894054914016,OTM
2023-06-30,2023-08-18,PUT,49.0,4450.23,4400.0,44.4,47.7,1569.0,0.11604,46.05,0.9887129429265454,OTM
2023-06-30,2023-08-18,PUT,49.0,4450.23,4405.0,45.7,49.0,45.0,0.11459,47.35,0.9898364803616893,OTM
2023-06-30,2023-08-18,PUT,49.0,4450.23,4410.0,48.1,50.3,60.0,0.11484,49.2,0.9909600177968331,ATM
2023-06-30,2023-08-18,PUT,49.0,4450.23,4415.0,46.2,51.6,200.0,0.11105,48.900000000000006,0.9920835552319769,ATM
2023-06-30,2023-08-18,PUT,49.0,4450.23,4420.0,49.3,53.4,1.0,0.11161,51.349999999999994,0.9932070926671207,ATM
2023-06-30,2023-08-18,PUT,49.0,4450.23,4425.0,50.7,54.8,8.0,0.11023,52.75,0.9943306301022645,ATM
2023-06-30,2023-08-18,PUT,49.0,4450.23,4430.0,54.0,54.7,41.0,0.10963,54.35,0.9954541675374082,ATM
2023-06-30,2023-08-18,PUT,49.0,4450.23,4435.0,55.6,56.3,1.0,0.10899,55.95,0.996577704972552,ATM
2023-06-30,2023-08-18,PUT,49.0,4450.23,4440.0,57.2,57.8,5.0,0.10828,57.5,0.9977012424076959,ATM
2023-06-30,2023-08-18,PUT,49.0,4450.23,4445.0,56.8,61.3,27.0,0.1066,59.05,0.9988247798428397,ATM
2023-06-30,2023-08-18,PUT,49.0,4450.23,4450.0,60.7,61.3,494.0,0.10561,61.0,0.9999483172779835,ATM
2023-06-30,2023-08-18,PUT,49.0,4450.23,4455.0,62.3,64.9,1.0,0.10626,63.6,1.0010718547131272,ATM
2023-06-30,2023-08-18,PUT,49.0,4450.23,4460.0,64.2,65.1,16.0,0.10411,64.65,1.0021953921482711,ATM
2023-06-30,2023-08-18,PUT,49.0,4450.23,4465.0,66.1,67.0,1.0,0.10288,66.55,1.0033189295834148,ATM
2023-06-30,2023-08-18,PUT,49.0,4450.23,4470.0,68.0,69.1,16.0,0.10285,68.55,1.0044424670185588,ATM
2023-06-30,2023-08-18,PUT,49.0,4450.23,4475.0,70.2,71.1,190.0,0.10179,70.65,1.0055660044537025,ATM
2023-06-30,2023-08-18,PUT,49.0,4450.23,4480.0,72.2,73.3,5.0,0.1009,72.75,1.0066895418888462,ATM
2023-06-30,2023-08-18,PUT,49.0,4450.23,4485.0,74.4,75.5,11.0,0.10022,74.95,1.0078130793239901,ATM
2023-06-30,2023-08-18,PUT,49.0,4450.23,4490.0,76.7,77.8,4.0,0.09861,77.25,1.0089366167591338,ATM
2023-06-30,2023-08-18,PUT,49.0,4450.23,4495.0,79.0,80.1,28.0,0.09809,79.55,1.0100601541942777,ITM
2023-06-30,2023-08-18,PUT,49.0,4450.23,4500.0,81.5,82.5,100.0,0.09702,82.0,1.0111836916294215,ITM
2023-06-30,2023-08-18,PUT,49.0,4450.23,4505.0,83.9,85.0,1.0,0.09574,84.45,1.0123072290645654,ITM
2023-06-30,2023-08-18,PUT,49.0,4450.23,4510.0,86.5,87.6,1.0,0.09544,87.05,1.013430766499709,ITM
2023-06-30,2023-08-18,PUT,49.0,4450.23,4520.0,89.1,92.9,2.0,0.09122,91.0,1.0156778413699967,ITM
2023-06-30,2023-08-18,PUT,49.0,4450.23,4525.0,94.6,95.7,3.0,0.09247,95.15,1.0168013788051404,ITM
2023-06-30,2023-08-18,PUT,49.0,4450.23,4540.0,103.3,104.4,5.0,0.08899,103.85,1.020171991110572,ITM
2023-06-30,2023-08-18,PUT,49.0,4450.23,4550.0,109.5,110.6,1.0,0.08652,110.05,1.0224190659808594,ITM
2023-06-30,2023-08-18,PUT,49.0,4450.23,4560.0,115.9,117.3,1.0,0.08386,116.6,1.024666140851147,ITM
2023-06-30,2023-08-18,PUT,49.0,4450.23,4575.0,122.4,130.3,120.0,0.07479,126.35000000000001,1.0280367531565786,ITM
2023-06-30,2023-08-31,PUT,62.0,4450.23,3570.0,4.1,4.3,20.0,0.27711,4.199999999999999,0.8022057286926744,OTM
2023-06-30,2023-08-31,PUT,62.0,4450.23,3575.0,4.1,4.4,4.0,0.27598,4.25,0.8033292661278182,OTM
2023-06-30,2023-08-31,PUT,62.0,4450.23,3580.0,4.2,4.4,20.0,0.27567,4.300000000000001,0.804452803562962,OTM
2023-06-30,2023-08-31,PUT,62.0,4450.23,3590.0,4.3,4.5,2.0,0.27364,4.4,0.8066998784332496,OTM
2023-06-30,2023-08-31,PUT,62.0,4450.23,3600.0,4.4,4.6,22.0,0.27107,4.5,0.8089469533035372,OTM
2023-06-30,2023-08-31,PUT,62.0,4450.23,3610.0,4.4,4.7,1.0,0.2687,4.550000000000001,0.8111940281738248,OTM
2023-06-30,2023-08-31,PUT,62.0,4450.23,3620.0,4.5,4.8,10.0,0.26714,4.65,0.8134411030441124,OTM
2023-06-30,2023-08-31,PUT,62.0,4450.23,3625.0,4.6,4.8,1.0,0.26598,4.699999999999999,0.8145646404792563,OTM
2023-06-30,2023-08-31,PUT,62.0,4450.23,3630.0,4.6,4.9,2.0,0.26516,4.75,0.8156881779144,OTM
2023-06-30,2023-08-31,PUT,62.0,4450.23,3640.0,4.7,5.0,24.0,0.26285,4.85,0.8179352527846876,OTM
2023-06-30,2023-08-31,PUT,62.0,4450.23,3650.0,4.9,5.1,20.0,0.26158,5.0,0.8201823276549752,OTM
2023-06-30,2023-08-31,PUT,62.0,4450.23,3660.0,5.0,5.2,4.0,0.25886,5.1,0.8224294025252629,OTM
2023-06-30,2023-08-31,PUT,62.0,4450.23,3670.0,5.1,5.3,25.0,0.25728,5.199999999999999,0.8246764773955504,OTM
2023-06-30,2023-08-31,PUT,62.0,4450.23,3675.0,5.1,5.4,13.0,0.2559,5.25,0.8258000148306942,OTM
2023-06-30,2023-08-31,PUT,62.0,4450.23,3680.0,5.2,5.4,2.0,0.2547,5.300000000000001,0.826923552265838,OTM
2023-06-30,2023-08-31,PUT,62.0,4450.23,3690.0,5.3,5.5,1.0,0.25292,5.4,0.8291706271361257,OTM
2023-06-30,2023-08-31,PUT,62.0,4450.23,3700.0,5.5,5.7,8361.0,0.25171,5.6,0.8314177020064132,OTM
2023-06-30,2023-08-31,PUT,62.0,4450.23,3710.0,5.6,5.8,1.0,0.24923,5.699999999999999,0.8336647768767008,OTM
2023-06-30,2023-08-31,PUT,62.0,4450.23,3720.0,5.7,5.9,2.0,0.24651,5.800000000000001,0.8359118517469885,OTM
2023-06-30,2023-08-31,PUT,62.0,4450.23,3725.0,5.8,6.0,22.0,0.24627,5.9,0.8370353891821323,OTM
2023-06-30,2023-08-31,PUT,62.0,4450.23,3730.0,5.9,6.1,2.0,0.2453,6.0,0.8381589266172761,OTM
2023-06-30,2023-08-31,PUT,62.0,4450.23,3740.0,6.0,6.2,55.0,0.24312,6.1,0.8404060014875636,OTM
2023-06-30,2023-08-31,PUT,62.0,4450.23,3750.0,6.2,6.4,12.0,0.24181,6.300000000000001,0.8426530763578512,OTM
2023-06-30,2023-08-31,PUT,62.0,4450.23,3760.0,6.3,6.5,10.0,0.23882,6.4,0.8449001512281389,OTM
2023-06-30,2023-08-31,PUT,62.0,4450.23,3765.0,6.4,6.6,82.0,0.23896,6.5,0.8460236886632827,OTM
2023-06-30,2023-08-31,PUT,62.0,4450.23,3770.0,6.5,6.7,2.0,0.23787,6.6,0.8471472260984264,OTM
2023-06-30,2023-08-31,PUT,62.0,4450.23,3775.0,6.6,6.8,7.0,0.23678,6.699999999999999,0.8482707635335702,OTM
2023-06-30,2023-08-31,PUT,62.0,4450.23,3780.0,6.6,6.9,1.0,0.23554,6.75,0.849394300968714,OTM
2023-06-30,2023-08-31,PUT,62.0,4450.23,3790.0,6.8,7.0,55.0,0.2332,6.9,0.8516413758390017,OTM
2023-06-30,2023-08-31,PUT,62.0,4450.23,3795.0,6.9,7.1,1.0,0.23245,7.0,0.8527649132741455,OTM
2023-06-30,2023-08-31,PUT,62.0,4450.23,3800.0,7.0,7.2,6.0,0.23123,7.1,0.8538884507092893,OTM
2023-06-30,2023-08-31,PUT,62.0,4450.23,3810.0,7.2,7.4,1.0,0.23039,7.300000000000001,0.8561355255795768,OTM
2023-06-30,2023-08-31,PUT,62.0,4450.23,3815.0,7.3,7.5,39.0,0.22945,7.4,0.8572590630147207,OTM
2023-06-30,2023-08-31,PUT,62.0,4450.23,3820.0,7.4,7.6,10.0,0.22814,7.5,0.8583826004498645,OTM
2023-06-30,2023-08-31,PUT,62.0,4450.23,3825.0,7.5,7.7,1.0,0.22683,7.6,0.8595061378850083,OTM
2023-06-30,2023-08-31,PUT,62.0,4450.23,3830.0,7.6,7.8,1.0,0.22588,7.699999999999999,0.8606296753201521,OTM
2023-06-30,2023-08-31,PUT,62.0,4450.23,3835.0,7.7,7.9,12.0,0.22475,7.800000000000001,0.8617532127552959,OTM
2023-06-30,2023-08-31,PUT,62.0,4450.23,3840.0,7.8,8.0,2.0,0.22394,7.9,0.8628767501904396,OTM
2023-06-30,2023-08-31,PUT,62.0,4450.23,3850.0,8.0,8.2,20.0,0.22188,8.1,0.8651238250607273,OTM
2023-06-30,2023-08-31,PUT,62.0,4450.23,3855.0,8.1,8.3,2.0,0.22111,8.2,0.8662473624958711,OTM
2023-06-30,2023-08-31,PUT,62.0,4450.23,3860.0,8.2,8.5,1.0,0.22004,8.35,0.8673708999310149,OTM
2023-06-30,2023-08-31,PUT,62.0,4450.23,3870.0,8.4,8.7,4.0,0.21807,8.55,0.8696179748013025,OTM
2023-06-30,2023-08-31,PUT,62.0,4450.23,3875.0,8.5,8.8,8.0,0.2177,8.65,0.8707415122364462,OTM
2023-06-30,2023-08-31,PUT,62.0,4450.23,3880.0,8.6,8.9,2.0,0.21664,8.75,0.8718650496715901,OTM
2023-06-30,2023-08-31,PUT,62.0,4450.23,3885.0,8.8,9.1,1.0,0.2157,8.95,0.8729885871067339,OTM
2023-06-30,2023-08-31,PUT,62.0,4450.23,3890.0,9.0,9.2,1.0,0.21534,9.1,0.8741121245418777,OTM
2023-06-30,2023-08-31,PUT,62.0,4450.23,3900.0,9.2,9.5,33.0,0.21299,9.35,0.8763591994121653,OTM
2023-06-30,2023-08-31,PUT,62.0,4450.23,3905.0,9.3,9.6,2.0,0.21248,9.45,0.8774827368473092,OTM
2023-06-30,2023-08-31,PUT,62.0,4450.23,3910.0,9.4,9.7,22.0,0.21104,9.55,0.8786062742824529,OTM
2023-06-30,2023-08-31,PUT,62.0,4450.23,3915.0,9.6,9.9,20.0,0.20996,9.75,0.8797298117175967,OTM
2023-06-30,2023-08-31,PUT,62.0,4450.23,3920.0,9.7,10.0,1.0,0.2088,9.85,0.8808533491527405,OTM
2023-06-30,2023-08-31,PUT,62.0,4450.23,3925.0,10.0,10.2,33.0,0.20854,10.1,0.8819768865878843,OTM
2023-06-30,2023-08-31,PUT,62.0,4450.23,3930.0,10.1,10.3,2.0,0.20758,10.2,0.8831004240230281,OTM
2023-06-30,2023-08-31,PUT,62.0,4450.23,3935.0,10.2,10.5,1.0,0.20668,10.35,0.884223961458172,OTM
2023-06-30,2023-08-31,PUT,62.0,4450.23,3940.0,10.3,10.6,3.0,0.20523,10.45,0.8853474988933158,OTM
2023-06-30,2023-08-31,PUT,62.0,4450.23,3945.0,10.5,10.8,1.0,0.2051,10.65,0.8864710363284595,OTM
2023-06-30,2023-08-31,PUT,62.0,4450.23,3950.0,10.6,11.0,17.0,0.20395,10.8,0.8875945737636033,OTM
2023-06-30,2023-08-31,PUT,62.0,4450.23,3960.0,11.0,11.3,27.0,0.20162,11.15,0.8898416486338909,OTM
2023-06-30,2023-08-31,PUT,62.0,4450.23,3965.0,11.1,11.5,5.0,0.2007,11.3,0.8909651860690347,OTM
2023-06-30,2023-08-31,PUT,62.0,4450.23,3970.0,11.3,11.6,10.0,0.20025,11.45,0.8920887235041786,OTM
2023-06-30,2023-08-31,PUT,62.0,4450.23,3975.0,11.5,11.8,4.0,0.19905,11.65,0.8932122609393224,OTM
2023-06-30,2023-08-31,PUT,62.0,4450.23,3980.0,11.7,12.0,6.0,0.19831,11.85,0.8943357983744661,OTM
2023-06-30,2023-08-31,PUT,62.0,4450.23,3985.0,11.9,12.2,5.0,0.19709,12.05,0.8954593358096099,OTM
2023-06-30,2023-08-31,PUT,62.0,4450.23,3990.0,12.1,12.4,1.0,0.19703,12.25,0.8965828732447537,OTM
2023-06-30,2023-08-31,PUT,62.0,4450.23,3995.0,12.3,12.6,93.0,0.19546,12.45,0.8977064106798975,OTM
2023-06-30,2023-08-31,PUT,62.0,4450.23,4000.0,12.5,12.8,1601.0,0.19451,12.65,0.8988299481150414,OTM
2023-06-30,2023-08-31,PUT,62.0,4450.23,4005.0,12.7,13.0,27.0,0.19434,12.85,0.8999534855501852,OTM
2023-06-30,2023-08-31,PUT,62.0,4450.23,4010.0,12.9,13.2,5.0,0.1926,13.05,0.901077022985329,OTM
2023-06-30,2023-08-31,PUT,62.0,4450.23,4020.0,13.3,13.6,16.0,0.19133,13.45,0.9033240978556165,OTM
2023-06-30,2023-08-31,PUT,62.0,4450.23,4025.0,13.5,13.8,20.0,0.19004,13.65,0.9044476352907603,OTM
2023-06-30,2023-08-31,PUT,62.0,4450.23,4030.0,13.7,14.0,2.0,0.18916,13.85,0.9055711727259041,OTM
2023-06-30,2023-08-31,PUT,62.0,4450.23,4035.0,14.0,14.3,2.0,0.1889,14.15,0.906694710161048,OTM
2023-06-30,2023-08-31,PUT,62.0,4450.23,4040.0,14.1,14.5,2.0,0.18717,14.3,0.9078182475961918,OTM
2023-06-30,2023-08-31,PUT,62.0,4450.23,4045.0,14.5,14.7,3.0,0.1862,14.6,0.9089417850313356,OTM
2023-06-30,2023-08-31,PUT,62.0,4450.23,4050.0,14.7,15.0,11.0,0.18584,14.85,0.9100653224664793,OTM
2023-06-30,2023-08-31,PUT,62.0,4450.23,4055.0,14.9,15.2,1.0,0.18482,15.05,0.9111888599016231,OTM
2023-06-30,2023-08-31,PUT,62.0,4450.23,4060.0,15.2,15.5,2.0,0.18356,15.35,0.912312397336767,OTM
2023-06-30,2023-08-31,PUT,62.0,4450.23,4065.0,15.5,15.7,1.0,0.18282,15.6,0.9134359347719108,OTM
2023-06-30,2023-08-31,PUT,62.0,4450.23,4070.0,15.7,16.0,1.0,0.1817,15.85,0.9145594722070546,OTM
2023-06-30,2023-08-31,PUT,62.0,4450.23,4075.0,15.9,16.3,4.0,0.18154,16.1,0.9156830096421984,OTM
2023-06-30,2023-08-31,PUT,62.0,4450.23,4080.0,16.2,16.5,2.0,0.17981,16.35,0.9168065470773421,OTM
2023-06-30,2023-08-31,PUT,62.0,4450.23,4085.0,16.5,16.8,2.0,0.17923,16.65,0.9179300845124859,OTM
2023-06-30,2023-08-31,PUT,62.0,4450.23,4090.0,16.8,17.1,20.0,0.17889,16.950000000000003,0.9190536219476297,OTM
2023-06-30,2023-08-31,PUT,62.0,4450.23,4095.0,17.1,17.4,20.0,0.17783,17.25,0.9201771593827736,OTM
2023-06-30,2023-08-31,PUT,62.0,4450.23,4100.0,17.4,17.7,324.0,0.17621,17.549999999999997,0.9213006968179174,OTM
2023-06-30,2023-08-31,PUT,62.0,4450.23,4105.0,17.7,18.0,2.0,0.17612,17.85,0.9224242342530612,OTM
2023-06-30,2023-08-31,PUT,62.0,4450.23,4110.0,18.0,18.3,12.0,0.17465,18.15,0.923547771688205,OTM
2023-06-30,2023-08-31,PUT,62.0,4450.23,4115.0,18.3,18.6,1.0,0.17434,18.450000000000003,0.9246713091233487,OTM
2023-06-30,2023-08-31,PUT,62.0,4450.23,4120.0,18.6,18.9,10.0,0.17264,18.75,0.9257948465584925,OTM
2023-06-30,2023-08-31,PUT,62.0,4450.23,4125.0,18.8,19.2,19.0,0.17166,19.0,0.9269183839936364,OTM
2023-06-30,2023-08-31,PUT,62.0,4450.23,4130.0,19.3,19.6,1.0,0.17159,19.450000000000003,0.9280419214287802,OTM
2023-06-30,2023-08-31,PUT,62.0,4450.23,4135.0,19.4,19.9,40.0,0.17033,19.65,0.929165458863924,OTM
2023-06-30,2023-08-31,PUT,62.0,4450.23,4140.0,19.8,20.3,1.0,0.16902,20.05,0.9302889962990678,OTM
2023-06-30,2023-08-31,PUT,62.0,4450.23,4145.0,20.3,20.6,1.0,0.16876,20.450000000000003,0.9314125337342116,OTM
2023-06-30,2023-08-31,PUT,62.0,4450.23,4150.0,20.5,21.0,2.0,0.16736,20.75,0.9325360711693553,OTM
2023-06-30,2023-08-31,PUT,62.0,4450.23,4155.0,20.9,21.4,1.0,0.16681,21.15,0.9336596086044991,OTM
2023-06-30,2023-08-31,PUT,62.0,4450.23,4160.0,21.4,21.7,2.0,0.16511,21.549999999999997,0.934783146039643,OTM
2023-06-30,2023-08-31,PUT,62.0,4450.23,4165.0,21.8,22.1,4.0,0.16443,21.950000000000003,0.9359066834747868,OTM
2023-06-30,2023-08-31,PUT,62.0,4450.23,4170.0,22.0,22.5,1.0,0.16327,22.25,0.9370302209099306,OTM
2023-06-30,2023-08-31,PUT,62.0,4450.23,4175.0,22.3,22.9,3.0,0.16238,22.6,0.9381537583450744,OTM
2023-06-30,2023-08-31,PUT,62.0,4450.23,4180.0,22.8,23.3,22.0,0.16186,23.05,0.9392772957802182,OTM
2023-06-30,2023-08-31,PUT,62.0,4450.23,4185.0,23.1,23.8,1.0,0.16015,23.450000000000003,0.9404008332153619,OTM
2023-06-30,2023-08-31,PUT,62.0,4450.23,4190.0,23.7,24.2,4.0,0.1597,23.95,0.9415243706505058,OTM
2023-06-30,2023-08-31,PUT,62.0,4450.23,4195.0,24.1,24.6,1.0,0.15896,24.35,0.9426479080856496,OTM
2023-06-30,2023-08-31,PUT,62.0,4450.23,4200.0,24.6,25.1,4024.0,0.15768,24.85,0.9437714455207934,OTM
2023-06-30,2023-08-31,PUT,62.0,4450.23,4205.0,25.0,25.5,132.0,0.15658,25.25,0.9448949829559372,OTM
2023-06-30,2023-08-31,PUT,62.0,4450.23,4210.0,24.9,26.0,6.0,0.15596,25.45,0.946018520391081,OTM
2023-06-30,2023-08-31,PUT,62.0,4450.23,4215.0,25.8,26.5,1.0,0.15482,26.15,0.9471420578262248,OTM
2023-06-30,2023-08-31,PUT,62.0,4450.23,4220.0,26.4,27.0,2.0,0.15448,26.7,0.9482655952613686,OTM
2023-06-30,2023-08-31,PUT,62.0,4450.23,4225.0,26.9,27.5,4.0,0.15373,27.2,0.9493891326965124,OTM
2023-06-30,2023-08-31,PUT,62.0,4450.23,4230.0,26.8,28.0,1.0,0.15133,27.4,0.9505126701316562,OTM
2023-06-30,2023-08-31,PUT,62.0,4450.23,4235.0,28.0,28.5,1.0,0.15127,28.25,0.9516362075668,OTM
2023-06-30,2023-08-31,PUT,62.0,4450.23,4240.0,28.5,29.0,8.0,0.15018,28.75,0.9527597450019438,OTM
2023-06-30,2023-08-31,PUT,62.0,4450.23,4245.0,28.8,29.6,2.0,0.14899,29.200000000000003,0.9538832824370876,OTM
2023-06-30,2023-08-31,PUT,62.0,4450.23,4250.0,29.8,30.2,15.0,0.14855,30.0,0.9550068198722315,OTM
2023-06-30,2023-08-31,PUT,62.0,4450.23,4255.0,30.2,30.7,1.0,0.14769,30.45,0.9561303573073752,OTM
2023-06-30,2023-08-31,PUT,62.0,4450.23,4260.0,30.8,31.3,4.0,0.14693,31.05,0.957253894742519,OTM
2023-06-30,2023-08-31,PUT,62.0,4450.23,4265.0,31.4,31.9,3.0,0.14604,31.65,0.9583774321776628,OTM
2023-06-30,2023-08-31,PUT,62.0,4450.23,4270.0,32.0,32.5,1.0,0.14441,32.25,0.9595009696128066,OTM
2023-06-30,2023-08-31,PUT,62.0,4450.23,4275.0,32.8,33.2,45.0,0.14444,33.0,0.9606245070479504,OTM
2023-06-30,2023-08-31,PUT,62.0,4450.23,4280.0,32.4,33.9,1.0,0.14205,33.15,0.9617480444830943,OTM
2023-06-30,2023-08-31,PUT,62.0,4450.23,4285.0,33.1,34.5,5.0,0.14098,33.8,0.9628715819182381,OTM
2023-06-30,2023-08-31,PUT,62.0,4450.23,4290.0,34.6,35.2,30.0,0.14108,34.900000000000006,0.9639951193533818,OTM
2023-06-30,2023-08-31,PUT,62.0,4450.23,4295.0,35.5,35.9,1.0,0.14073,35.7,0.9651186567885256,OTM
2023-06-30,2023-08-31,PUT,62.0,4450.23,4300.0,36.2,36.6,25.0,0.139,36.400000000000006,0.9662421942236694,OTM
2023-06-30,2023-08-31,PUT,62.0,4450.23,4305.0,36.8,37.3,1.0,0.13832,37.05,0.9673657316588132,OTM
2023-06-30,2023-08-31,PUT,62.0,4450.23,4310.0,37.5,38.1,46.0,0.13686,37.8,0.968489269093957,OTM
2023-06-30,2023-08-31,PUT,62.0,4450.23,4315.0,37.3,38.8,1.0,0.13522,38.05,0.9696128065291009,OTM
2023-06-30,2023-08-31,PUT,62.0,4450.23,4320.0,38.0,39.6,1.0,0.13415,38.8,0.9707363439642447,OTM
2023-06-30,2023-08-31,PUT,62.0,4450.23,4325.0,40.1,40.5,27.0,0.13501,40.3,0.9718598813993884,OTM
2023-06-30,2023-08-31,PUT,62.0,4450.23,4330.0,40.7,41.3,5.0,0.13325,41.0,0.9729834188345322,OTM
2023-06-30,2023-08-31,PUT,62.0,4450.23,4335.0,41.6,42.2,2.0,0.13288,41.900000000000006,0.974106956269676,OTM
2023-06-30,2023-08-31,PUT,62.0,4450.23,4340.0,42.7,43.1,7.0,0.13186,42.900000000000006,0.9752304937048198,OTM
2023-06-30,2023-08-31,PUT,62.0,4450.23,4345.0,43.6,44.0,1.0,0.13102,43.8,0.9763540311399637,OTM
2023-06-30,2023-08-31,PUT,62.0,4450.23,4350.0,44.6,44.9,16.0,0.12956,44.75,0.9774775685751075,OTM
2023-06-30,2023-08-31,PUT,62.0,4450.23,4355.0,45.3,46.0,1.0,0.12911,45.65,0.9786011060102513,OTM
2023-06-30,2023-08-31,PUT,62.0,4450.23,4360.0,45.0,46.8,14.0,0.12696,45.9,0.979724643445395,OTM
2023-06-30,2023-08-31,PUT,62.0,4450.23,4365.0,47.3,48.0,1.0,0.12727,47.65,0.9808481808805388,OTM
2023-06-30,2023-08-31,PUT,62.0,4450.23,4370.0,47.0,49.0,2.0,0.12519,48.0,0.9819717183156826,OTM
2023-06-30,2023-08-31,PUT,62.0,4450.23,4375.0,48.1,50.0,30.0,0.12357,49.05,0.9830952557508265,OTM
2023-06-30,2023-08-31,PUT,62.0,4450.23,4380.0,50.7,51.1,6.0,0.12361,50.900000000000006,0.9842187931859703,OTM
2023-06-30,2023-08-31,PUT,62.0,4450.23,4385.0,51.6,52.3,1.0,0.12266,51.95,0.9853423306211141,OTM
2023-06-30,2023-08-31,PUT,62.0,4450.23,4390.0,53.0,53.5,16.0,0.12257,53.25,0.9864658680562579,OTM
2023-06-30,2023-08-31,PUT,62.0,4450.23,4395.0,52.6,54.7,24.0,0.11996,53.650000000000006,0.9875894054914016,OTM
2023-06-30,2023-08-31,PUT,62.0,4450.23,4400.0,55.3,56.0,76.0,0.12073,55.65,0.9887129429265454,OTM
2023-06-30,2023-08-31,PUT,62.0,4450.23,4405.0,55.0,57.1,1.0,0.11834,56.05,0.9898364803616893,OTM
2023-06-30,2023-08-31,PUT,62.0,4450.23,4410.0,58.0,58.5,10.0,0.11816,58.25,0.9909600177968331,ATM
2023-06-30,2023-08-31,PUT,62.0,4450.23,4415.0,59.2,59.9,6.0,0.11704,59.55,0.9920835552319769,ATM
2023-06-30,2023-08-31,PUT,62.0,4450.23,4420.0,60.8,61.3,2.0,0.11648,61.05,0.9932070926671207,ATM
2023-06-30,2023-08-31,PUT,62.0,4450.23,4425.0,60.3,62.7,18.0,0.11453,61.5,0.9943306301022645,ATM
2023-06-30,2023-08-31,PUT,62.0,4450.23,4430.0,63.5,64.2,5.0,0.11501,63.85,0.9954541675374082,ATM
2023-06-30,2023-08-31,PUT,62.0,4450.23,4435.0,65.0,65.8,3.0,0.11376,65.4,0.996577704972552,ATM
2023-06-30,2023-08-31,PUT,62.0,4450.23,4440.0,66.8,67.3,4.0,0.11345,67.05,0.9977012424076959,ATM
2023-06-30,2023-08-31,PUT,62.0,4450.23,4445.0,68.2,69.0,2.0,0.11219,68.6,0.9988247798428397,ATM
2023-06-30,2023-08-31,PUT,62.0,4450.23,4450.0,70.0,70.6,25.0,0.11104,70.3,0.9999483172779835,ATM
2023-06-30,2023-08-31,PUT,62.0,4450.23,4455.0,71.6,72.4,5.0,0.11034,72.0,1.0010718547131272,ATM
2023-06-30,2023-08-31,PUT,62.0,4450.23,4460.0,71.3,74.0,19.0,0.10798,72.65,1.0021953921482711,ATM
2023-06-30,2023-08-31,PUT,62.0,4450.23,4465.0,75.2,76.0,9.0,0.10852,75.6,1.0033189295834148,ATM
2023-06-30,2023-08-31,PUT,62.0,4450.23,4470.0,77.2,77.9,8.0,0.10792,77.55000000000001,1.0044424670185588,ATM
2023-06-30,2023-08-31,PUT,62.0,4450.23,4475.0,77.9,80.6,1.0,0.10661,79.25,1.0055660044537025,ATM
2023-06-30,2023-08-31,PUT,62.0,4450.23,4480.0,81.0,81.8,6.0,0.10557,81.4,1.0066895418888462,ATM
2023-06-30,2023-08-31,PUT,62.0,4450.23,4485.0,83.0,83.8,7.0,0.10453,83.4,1.0078130793239901,ATM
2023-06-30,2023-08-31,PUT,62.0,4450.23,4495.0,84.7,88.8,7.0,0.10226,86.75,1.0100601541942777,ITM
2023-06-30,2023-08-31,PUT,62.0,4450.23,4500.0,89.6,90.2,23.0,0.10175,89.9,1.0111836916294215,ITM
2023-06-30,2023-08-31,PUT,62.0,4450.23,4505.0,89.1,94.9,14.0,0.10076,92.0,1.0123072290645654,ITM
2023-06-30,2023-08-31,PUT,62.0,4450.23,4510.0,94.2,95.0,4.0,0.10061,94.6,1.013430766499709,ITM
2023-06-30,2023-08-31,PUT,62.0,4450.23,4520.0,99.0,99.8,5.0,0.09853,99.4,1.0156778413699967,ITM
2023-06-30,2023-08-31,PUT,62.0,4450.23,4540.0,109.4,110.1,6.0,0.09378,109.75,1.020171991110572,ITM
2023-06-30,2023-08-31,PUT,62.0,4450.23,4550.0,111.8,117.1,7.0,0.0899,114.44999999999999,1.0224190659808594,ITM
2023-06-30,2023-08-31,PUT,62.0,4450.23,4555.0,118.2,118.8,5.0,0.09045,118.5,1.0235426034160033,ITM
2023-06-30,2023-08-31,PUT,62.0,4450.23,4560.0,117.6,124.3,5.0,0.08861,120.94999999999999,1.024666140851147,ITM
2023-06-30,2023-08-31,PUT,62.0,4450.23,4565.0,124.2,124.8,4.0,0.0879,124.5,1.025789678286291,ITM
2023-06-30,2023-08-31,PUT,62.0,4450.23,4575.0,126.6,133.1,4.0,0.08243,129.85,1.0280367531565786,ITM
2023-06-30,2023-08-31,PUT,62.0,4450.23,4580.0,129.8,136.5,4.0,0.07976,133.15,1.0291602905917223,ITM
2023-06-30,2023-09-15,PUT,77.0,4450.23,3570.0,6.0,6.2,1.0,0.26665,6.1,0.8022057286926744,OTM
2023-06-30,2023-09-15,PUT,77.0,4450.23,3575.0,6.1,6.3,106.0,0.26637,6.199999999999999,0.8033292661278182,OTM
2023-06-30,2023-09-15,PUT,77.0,4450.23,3580.0,6.1,6.4,44.0,0.26519,6.25,0.804452803562962,OTM
2023-06-30,2023-09-15,PUT,77.0,4450.23,3590.0,6.3,6.5,6.0,0.26329,6.4,0.8066998784332496,OTM
2023-06-30,2023-09-15,PUT,77.0,4450.23,3600.0,6.3,6.6,65.0,0.26127,6.449999999999999,0.8089469533035372,OTM
2023-06-30,2023-09-15,PUT,77.0,4450.23,3610.0,6.5,6.8,9.0,0.25981,6.65,0.8111940281738248,OTM
2023-06-30,2023-09-15,PUT,77.0,4450.23,3620.0,6.7,6.9,3.0,0.25752,6.800000000000001,0.8134411030441124,OTM
2023-06-30,2023-09-15,PUT,77.0,4450.23,3625.0,6.7,7.0,4.0,0.25658,6.85,0.8145646404792563,OTM
2023-06-30,2023-09-15,PUT,77.0,4450.23,3630.0,6.8,7.0,1.0,0.25616,6.9,0.8156881779144,OTM
2023-06-30,2023-09-15,PUT,77.0,4450.23,3640.0,7.0,7.2,17.0,0.25455,7.1,0.8179352527846876,OTM
2023-06-30,2023-09-15,PUT,77.0,4450.23,3650.0,7.1,7.4,10.0,0.25273,7.25,0.8201823276549752,OTM
2023-06-30,2023-09-15,PUT,77.0,4450.23,3660.0,7.2,7.5,21.0,0.2506,7.35,0.8224294025252629,OTM
2023-06-30,2023-09-15,PUT,77.0,4450.23,3670.0,7.4,7.7,60.0,0.24826,7.550000000000001,0.8246764773955504,OTM
2023-06-30,2023-09-15,PUT,77.0,4450.23,3675.0,7.5,7.8,5.0,0.24816,7.65,0.8258000148306942,OTM
2023-06-30,2023-09-15,PUT,77.0,4450.23,3680.0,7.6,7.8,1.0,0.24668,7.699999999999999,0.826923552265838,OTM
2023-06-30,2023-09-15,PUT,77.0,4450.23,3690.0,7.8,8.1,15.0,0.24563,7.949999999999999,0.8291706271361257,OTM
2023-06-30,2023-09-15,PUT,77.0,4450.23,3700.0,8.0,8.2,97.0,0.24362,8.1,0.8314177020064132,OTM
2023-06-30,2023-09-15,PUT,77.0,4450.23,3710.0,8.2,8.4,10.0,0.24132,8.3,0.8336647768767008,OTM
2023-06-30,2023-09-15,PUT,77.0,4450.23,3720.0,8.4,8.6,10.0,0.23994,8.5,0.8359118517469885,OTM
2023-06-30,2023-09-15,PUT,77.0,4450.23,3725.0,8.4,8.7,92.0,0.23884,8.55,0.8370353891821323,OTM
2023-06-30,2023-09-15,PUT,77.0,4450.23,3730.0,8.5,8.8,11.0,0.238,8.65,0.8381589266172761,OTM
2023-06-30,2023-09-15,PUT,77.0,4450.23,3740.0,8.8,9.0,1.0,0.237,8.9,0.8404060014875636,OTM
2023-06-30,2023-09-15,PUT,77.0,4450.23,3750.0,9.0,9.2,8.0,0.23504,9.1,0.8426530763578512,OTM
2023-06-30,2023-09-15,PUT,77.0,4450.23,3760.0,9.2,9.5,8.0,0.23276,9.35,0.8449001512281389,OTM
2023-06-30,2023-09-15,PUT,77.0,4450.23,3770.0,9.4,9.6,1.0,0.23155,9.5,0.8471472260984264,OTM
2023-06-30,2023-09-15,PUT,77.0,4450.23,3775.0,9.5,9.7,3.0,0.23007,9.6,0.8482707635335702,OTM
2023-06-30,2023-09-15,PUT,77.0,4450.23,3780.0,9.6,9.9,200.0,0.22966,9.75,0.849394300968714,OTM
2023-06-30,2023-09-15,PUT,77.0,4450.23,3790.0,9.9,10.1,5.0,0.22828,10.0,0.8516413758390017,OTM
2023-06-30,2023-09-15,PUT,77.0,4450.23,3800.0,10.1,10.4,1050.0,0.22564,10.25,0.8538884507092893,OTM
2023-06-30,2023-09-15,PUT,77.0,4450.23,3810.0,10.4,10.7,2.0,0.22475,10.55,0.8561355255795768,OTM
2023-06-30,2023-09-15,PUT,77.0,4450.23,3820.0,10.6,10.9,1.0,0.22204,10.75,0.8583826004498645,OTM
2023-06-30,2023-09-15,PUT,77.0,4450.23,3825.0,10.8,11.1,10.0,0.2221,10.95,0.8595061378850083,OTM
2023-06-30,2023-09-15,PUT,77.0,4450.23,3830.0,10.9,11.2,69.0,0.22107,11.05,0.8606296753201521,OTM
2023-06-30,2023-09-15,PUT,77.0,4450.23,3840.0,11.2,11.4,1.0,0.21907,11.3,0.8628767501904396,OTM
2023-06-30,2023-09-15,PUT,77.0,4450.23,3850.0,11.5,11.7,9.0,0.21704,11.6,0.8651238250607273,OTM
2023-06-30,2023-09-15,PUT,77.0,4450.23,3860.0,11.7,12.1,54.0,0.2154,11.899999999999999,0.8673708999310149,OTM
2023-06-30,2023-09-15,PUT,77.0,4450.23,3870.0,12.1,12.4,2.0,0.21391,12.25,0.8696179748013025,OTM
2023-06-30,2023-09-15,PUT,77.0,4450.23,3875.0,12.3,12.6,6.0,0.21327,12.45,0.8707415122364462,OTM
2023-06-30,2023-09-15,PUT,77.0,4450.23,3880.0,12.4,12.8,1.0,0.21308,12.600000000000001,0.8718650496715901,OTM
2023-06-30,2023-09-15,PUT,77.0,4450.23,3885.0,12.6,12.9,41.0,0.21209,12.75,0.8729885871067339,OTM
2023-06-30,2023-09-15,PUT,77.0,4450.23,3890.0,12.8,13.1,1.0,0.21129,12.95,0.8741121245418777,OTM
2023-06-30,2023-09-15,PUT,77.0,4450.23,3895.0,13.0,13.2,2.0,0.20999,13.1,0.8752356619770215,OTM
2023-06-30,2023-09-15,PUT,77.0,4450.23,3900.0,13.2,13.4,143.0,0.20909,13.3,0.8763591994121653,OTM
2023-06-30,2023-09-15,PUT,77.0,4450.23,3905.0,13.3,13.6,3.0,0.20832,13.45,0.8774827368473092,OTM
2023-06-30,2023-09-15,PUT,77.0,4450.23,3910.0,13.5,13.8,10.0,0.20758,13.65,0.8786062742824529,OTM
2023-06-30,2023-09-15,PUT,77.0,4450.23,3915.0,13.7,14.0,6.0,0.2066,13.85,0.8797298117175967,OTM
2023-06-30,2023-09-15,PUT,77.0,4450.23,3920.0,13.9,14.2,10.0,0.20548,14.05,0.8808533491527405,OTM
2023-06-30,2023-09-15,PUT,77.0,4450.23,3925.0,14.1,14.4,7.0,0.20524,14.25,0.8819768865878843,OTM
2023-06-30,2023-09-15,PUT,77.0,4450.23,3930.0,14.3,14.5,62.0,0.20439,14.4,0.8831004240230281,OTM
2023-06-30,2023-09-15,PUT,77.0,4450.23,3935.0,14.5,14.7,20.0,0.20337,14.6,0.884223961458172,OTM
2023-06-30,2023-09-15,PUT,77.0,4450.23,3940.0,14.7,14.9,251.0,0.20283,14.8,0.8853474988933158,OTM
2023-06-30,2023-09-15,PUT,77.0,4450.23,3945.0,14.9,15.1,25.0,0.20166,15.0,0.8864710363284595,OTM
2023-06-30,2023-09-15,PUT,77.0,4450.23,3950.0,15.1,15.4,173.0,0.20116,15.25,0.8875945737636033,OTM
2023-06-30,2023-09-15,PUT,77.0,4450.23,3955.0,15.3,15.6,2.0,0.20048,15.45,0.8887181111987471,OTM
2023-06-30,2023-09-15,PUT,77.0,4450.23,3960.0,15.5,15.8,6.0,0.19924,15.65,0.8898416486338909,OTM
2023-06-30,2023-09-15,PUT,77.0,4450.23,3965.0,15.7,16.0,3.0,0.19778,15.85,0.8909651860690347,OTM
2023-06-30,2023-09-15,PUT,77.0,4450.23,3970.0,16.0,16.2,70.0,0.19707,16.1,0.8920887235041786,OTM
2023-06-30,2023-09-15,PUT,77.0,4450.23,3975.0,16.1,16.6,1.0,0.19671,16.35,0.8932122609393224,OTM
2023-06-30,2023-09-15,PUT,77.0,4450.23,3980.0,16.4,16.7,4.0,0.19569,16.549999999999997,0.8943357983744661,OTM
2023-06-30,2023-09-15,PUT,77.0,4450.23,3985.0,16.7,17.1,5.0,0.19561,16.9,0.8954593358096099,OTM
2023-06-30,2023-09-15,PUT,77.0,4450.23,3990.0,16.9,17.2,15.0,0.19436,17.049999999999997,0.8965828732447537,OTM
2023-06-30,2023-09-15,PUT,77.0,4450.23,3995.0,17.1,17.4,2.0,0.19326,17.25,0.8977064106798975,OTM
2023-06-30,2023-09-15,PUT,77.0,4450.23,4000.0,17.3,17.7,1757.0,0.19277,17.5,0.8988299481150414,OTM
2023-06-30,2023-09-15,PUT,77.0,4450.23,4005.0,17.6,17.9,40.0,0.19147,17.75,0.8999534855501852,OTM
2023-06-30,2023-09-15,PUT,77.0,4450.23,4010.0,17.9,18.2,70.0,0.19061,18.049999999999997,0.901077022985329,OTM
2023-06-30,2023-09-15,PUT,77.0,4450.23,4015.0,18.1,18.5,4.0,0.1895,18.3,0.9022005604204727,OTM
2023-06-30,2023-09-15,PUT,77.0,4450.23,4020.0,18.3,18.7,1.0,0.18919,18.5,0.9033240978556165,OTM
2023-06-30,2023-09-15,PUT,77.0,4450.23,4025.0,18.6,19.0,302.0,0.18822,18.8,0.9044476352907603,OTM
2023-06-30,2023-09-15,PUT,77.0,4450.23,4030.0,18.8,19.4,1.0,0.18777,19.1,0.9055711727259041,OTM
2023-06-30,2023-09-15,PUT,77.0,4450.23,4035.0,19.1,19.6,4.0,0.18658,19.35,0.906694710161048,OTM
2023-06-30,2023-09-15,PUT,77.0,4450.23,4040.0,19.4,19.9,6.0,0.18611,19.65,0.9078182475961918,OTM
2023-06-30,2023-09-15,PUT,77.0,4450.23,4045.0,19.7,20.1,22.0,0.18439,19.9,0.9089417850313356,OTM
2023-06-30,2023-09-15,PUT,77.0,4450.23,4050.0,20.0,20.5,47.0,0.18445,20.25,0.9100653224664793,OTM
2023-06-30,2023-09-15,PUT,77.0,4450.23,4055.0,20.3,20.8,14.0,0.18366,20.55,0.9111888599016231,OTM
2023-06-30,2023-09-15,PUT,77.0,4450.23,4060.0,20.6,21.1,8.0,0.18182,20.85,0.912312397336767,OTM
2023-06-30,2023-09-15,PUT,77.0,4450.23,4065.0,20.9,21.4,18.0,0.18197,21.15,0.9134359347719108,OTM
2023-06-30,2023-09-15,PUT,77.0,4450.23,4070.0,21.3,21.7,2.0,0.18045,21.5,0.9145594722070546,OTM
2023-06-30,2023-09-15,PUT,77.0,4450.23,4075.0,21.6,22.0,30.0,0.1802,21.8,0.9156830096421984,OTM
2023-06-30,2023-09-15,PUT,77.0,4450.23,4080.0,21.8,22.5,4.0,0.17878,22.15,0.9168065470773421,OTM
2023-06-30,2023-09-15,PUT,77.0,4450.23,4085.0,22.3,22.7,9.0,0.17815,22.5,0.9179300845124859,OTM
2023-06-30,2023-09-15,PUT,77.0,4450.23,4090.0,22.6,23.0,10.0,0.17756,22.8,0.9190536219476297,OTM
2023-06-30,2023-09-15,PUT,77.0,4450.23,4095.0,22.9,23.4,1.0,0.17612,23.15,0.9201771593827736,OTM
2023-06-30,2023-09-15,PUT,77.0,4450.23,4100.0,22.4,24.5,489.0,0.17542,23.45,0.9213006968179174,OTM
2023-06-30,2023-09-15,PUT,77.0,4450.23,4105.0,23.7,24.1,36.0,0.1752,23.9,0.9224242342530612,OTM
2023-06-30,2023-09-15,PUT,77.0,4450.23,4110.0,24.0,24.4,1.0,0.17359,24.2,0.923547771688205,OTM
2023-06-30,2023-09-15,PUT,77.0,4450.23,4115.0,24.4,24.8,467.0,0.17258,24.6,0.9246713091233487,OTM
2023-06-30,2023-09-15,PUT,77.0,4450.23,4120.0,24.8,25.2,25.0,0.17179,25.0,0.9257948465584925,OTM
2023-06-30,2023-09-15,PUT,77.0,4450.23,4125.0,25.2,25.6,220.0,0.17173,25.4,0.9269183839936364,OTM
2023-06-30,2023-09-15,PUT,77.0,4450.23,4130.0,25.5,26.0,1.0,0.17014,25.75,0.9280419214287802,OTM
2023-06-30,2023-09-15,PUT,77.0,4450.23,4135.0,25.9,26.3,153.0,0.16972,26.1,0.929165458863924,OTM
2023-06-30,2023-09-15,PUT,77.0,4450.23,4140.0,26.4,26.8,1.0,0.16923,26.6,0.9302889962990678,OTM
2023-06-30,2023-09-15,PUT,77.0,4450.23,4145.0,26.8,27.2,1.0,0.1685,27.0,0.9314125337342116,OTM
2023-06-30,2023-09-15,PUT,77.0,4450.23,4150.0,27.2,27.6,515.0,0.16755,27.4,0.9325360711693553,OTM
2023-06-30,2023-09-15,PUT,77.0,4450.23,4155.0,27.6,28.0,98.0,0.16623,27.8,0.9336596086044991,OTM
2023-06-30,2023-09-15,PUT,77.0,4450.23,4160.0,28.1,28.5,340.0,0.16552,28.3,0.934783146039643,OTM
2023-06-30,2023-09-15,PUT,77.0,4450.23,4165.0,28.5,28.9,136.0,0.16487,28.7,0.9359066834747868,OTM
2023-06-30,2023-09-15,PUT,77.0,4450.23,4170.0,28.9,29.4,2.0,0.1634,29.15,0.9370302209099306,OTM
2023-06-30,2023-09-15,PUT,77.0,4450.23,4175.0,28.2,30.4,724.0,0.16236,29.299999999999997,0.9381537583450744,OTM
2023-06-30,2023-09-15,PUT,77.0,4450.23,4180.0,29.9,30.4,3.0,0.16225,30.15,0.9392772957802182,OTM
2023-06-30,2023-09-15,PUT,77.0,4450.23,4185.0,30.4,30.8,59.0,0.16134,30.6,0.9404008332153619,OTM
2023-06-30,2023-09-15,PUT,77.0,4450.23,4190.0,30.8,31.3,3.0,0.16019,31.05,0.9415243706505058,OTM
2023-06-30,2023-09-15,PUT,77.0,4450.23,4195.0,31.3,31.8,22.0,0.15906,31.55,0.9426479080856496,OTM
2023-06-30,2023-09-15,PUT,77.0,4450.23,4200.0,31.9,32.3,3530.0,0.1583,32.099999999999994,0.9437714455207934,OTM
2023-06-30,2023-09-15,PUT,77.0,4450.23,4205.0,32.4,32.9,2.0,0.15726,32.65,0.9448949829559372,OTM
2023-06-30,2023-09-15,PUT,77.0,4450.23,4210.0,32.9,33.4,21.0,0.15641,33.15,0.946018520391081,OTM
2023-06-30,2023-09-15,PUT,77.0,4450.23,4215.0,33.4,33.9,2.0,0.15577,33.65,0.9471420578262248,OTM
2023-06-30,2023-09-15,PUT,77.0,4450.23,4220.0,34.1,34.5,4.0,0.15512,34.3,0.9482655952613686,OTM
2023-06-30,2023-09-15,PUT,77.0,4450.23,4225.0,34.5,35.1,14.0,0.15362,34.8,0.9493891326965124,OTM
2023-06-30,2023-09-15,PUT,77.0,4450.23,4230.0,35.1,35.6,50.0,0.15314,35.35,0.9505126701316562,OTM
2023-06-30,2023-09-15,PUT,77.0,4450.23,4235.0,35.7,36.3,4.0,0.15236,36.0,0.9516362075668,OTM
2023-06-30,2023-09-15,PUT,77.0,4450.23,4240.0,36.3,36.8,23.0,0.15176,36.55,0.9527597450019438,OTM
2023-06-30,2023-09-15,PUT,77.0,4450.23,4245.0,36.9,37.4,1.0,0.15028,37.15,0.9538832824370876,OTM
2023-06-30,2023-09-15,PUT,77.0,4450.23,4250.0,37.5,38.1,1626.0,0.15007,37.8,0.9550068198722315,OTM
2023-06-30,2023-09-15,PUT,77.0,4450.23,4255.0,38.1,38.7,1.0,0.14863,38.400000000000006,0.9561303573073752,OTM
2023-06-30,2023-09-15,PUT,77.0,4450.23,4260.0,38.8,39.2,15.0,0.14793,39.0,0.957253894742519,OTM
2023-06-30,2023-09-15,PUT,77.0,4450.23,4265.0,39.5,40.0,1.0,0.14722,39.75,0.9583774321776628,OTM
2023-06-30,2023-09-15,PUT,77.0,4450.23,4270.0,40.2,40.7,1.0,0.14594,40.45,0.9595009696128066,OTM
2023-06-30,2023-09-15,PUT,77.0,4450.23,4275.0,40.8,41.4,211.0,0.14545,41.099999999999994,0.9606245070479504,OTM
2023-06-30,2023-09-15,PUT,77.0,4450.23,4280.0,41.5,42.1,59.0,0.14451,41.8,0.9617480444830943,OTM
2023-06-30,2023-09-15,PUT,77.0,4450.23,4285.0,42.2,42.8,44.0,0.14334,42.5,0.9628715819182381,OTM
2023-06-30,2023-09-15,PUT,77.0,4450.23,4290.0,43.0,43.5,2.0,0.1427,43.25,0.9639951193533818,OTM
2023-06-30,2023-09-15,PUT,77.0,4450.23,4295.0,43.7,44.3,19.0,0.14144,44.0,0.9651186567885256,OTM
2023-06-30,2023-09-15,PUT,77.0,4450.23,4300.0,44.5,45.1,946.0,0.14138,44.8,0.9662421942236694,OTM
2023-06-30,2023-09-15,PUT,77.0,4450.23,4305.0,45.2,45.9,1.0,0.13944,45.55,0.9673657316588132,OTM
2023-06-30,2023-09-15,PUT,77.0,4450.23,4310.0,46.1,46.7,555.0,0.13883,46.400000000000006,0.968489269093957,OTM
2023-06-30,2023-09-15,PUT,77.0,4450.23,4315.0,46.8,47.5,1.0,0.13859,47.15,0.9696128065291009,OTM
2023-06-30,2023-09-15,PUT,77.0,4450.23,4320.0,47.7,49.0,3.0,0.13782,48.35,0.9707363439642447,OTM
2023-06-30,2023-09-15,PUT,77.0,4450.23,4325.0,47.9,49.8,2.0,0.13637,48.849999999999994,0.9718598813993884,OTM
2023-06-30,2023-09-15,PUT,77.0,4450.23,4330.0,49.5,50.1,30.0,0.13549,49.8,0.9729834188345322,OTM
2023-06-30,2023-09-15,PUT,77.0,4450.23,4335.0,49.7,51.7,5.0,0.13466,50.7,0.974106956269676,OTM
2023-06-30,2023-09-15,PUT,77.0,4450.23,4340.0,51.3,51.9,12.0,0.13404,51.599999999999994,0.9752304937048198,OTM
2023-06-30,2023-09-15,PUT,77.0,4450.23,4345.0,52.2,52.8,8.0,0.1324,52.5,0.9763540311399637,OTM
2023-06-30,2023-09-15,PUT,77.0,4450.23,4350.0,53.2,53.8,325.0,0.13156,53.5,0.9774775685751075,OTM
2023-06-30,2023-09-15,PUT,77.0,4450.23,4355.0,54.2,54.8,1.0,0.13079,54.5,0.9786011060102513,OTM
2023-06-30,2023-09-15,PUT,77.0,4450.23,4360.0,55.2,55.9,32.0,0.13025,55.55,0.979724643445395,OTM
2023-06-30,2023-09-15,PUT,77.0,4450.23,4365.0,56.2,57.7,80.0,0.12988,56.95,0.9808481808805388,OTM
2023-06-30,2023-09-15,PUT,77.0,4450.23,4370.0,57.4,58.0,24.0,0.12847,57.7,0.9819717183156826,OTM
2023-06-30,2023-09-15,PUT,77.0,4450.23,4375.0,57.6,59.9,36.0,0.12751,58.75,0.9830952557508265,OTM
2023-06-30,2023-09-15,PUT,77.0,4450.23,4380.0,59.6,60.2,3.0,0.12648,59.900000000000006,0.9842187931859703,OTM
2023-06-30,2023-09-15,PUT,77.0,4450.23,4385.0,60.6,62.2,1446.0,0.12627,61.400000000000006,0.9853423306211141,OTM
2023-06-30,2023-09-15,PUT,77.0,4450.23,4390.0,60.9,63.4,126.0,0.12491,62.15,0.9864658680562579,OTM
2023-06-30,2023-09-15,PUT,77.0,4450.23,4395.0,62.1,63.7,2.0,0.12308,62.900000000000006,0.9875894054914016,OTM
2023-06-30,2023-09-15,PUT,77.0,4450.23,4400.0,64.3,65.0,1058.0,0.12296,64.65,0.9887129429265454,OTM
2023-06-30,2023-09-15,PUT,77.0,4450.23,4405.0,65.5,66.2,924.0,0.12193,65.85,0.9898364803616893,OTM
2023-06-30,2023-09-15,PUT,77.0,4450.23,4410.0,66.9,67.5,952.0,0.12141,67.2,0.9909600177968331,ATM
2023-06-30,2023-09-15,PUT,77.0,4450.23,4415.0,68.2,68.9,176.0,0.11992,68.55000000000001,0.9920835552319769,ATM
2023-06-30,2023-09-15,PUT,77.0,4450.23,4420.0,69.6,70.3,637.0,0.1197,69.94999999999999,0.9932070926671207,ATM
2023-06-30,2023-09-15,PUT,77.0,4450.23,4425.0,70.9,71.7,1.0,0.11894,71.30000000000001,0.9943306301022645,ATM
2023-06-30,2023-09-15,PUT,77.0,4450.23,4430.0,72.4,73.1,4.0,0.11816,72.75,0.9954541675374082,ATM
2023-06-30,2023-09-15,PUT,77.0,4450.23,4435.0,73.9,74.6,15.0,0.11636,74.25,0.996577704972552,ATM
2023-06-30,2023-09-15,PUT,77.0,4450.23,4440.0,75.4,76.1,11.0,0.11596,75.75,0.9977012424076959,ATM
2023-06-30,2023-09-15,PUT,77.0,4450.23,4445.0,77.0,77.7,9.0,0.11519,77.35,0.9988247798428397,ATM
2023-06-30,2023-09-15,PUT,77.0,4450.23,4450.0,78.6,79.3,5187.0,0.11391,78.94999999999999,0.9999483172779835,ATM
2023-06-30,2023-09-15,PUT,77.0,4450.23,4455.0,79.0,82.1,1.0,0.11275,80.55,1.0010718547131272,ATM
2023-06-30,2023-09-15,PUT,77.0,4450.23,4460.0,81.9,82.6,2.0,0.11208,82.25,1.0021953921482711,ATM
2023-06-30,2023-09-15,PUT,77.0,4450.23,4465.0,83.6,84.4,387.0,0.11133,84.0,1.0033189295834148,ATM
2023-06-30,2023-09-15,PUT,77.0,4450.23,4470.0,85.4,86.1,1.0,0.11091,85.75,1.0044424670185588,ATM
2023-06-30,2023-09-15,PUT,77.0,4450.23,4475.0,85.9,89.3,703.0,0.11013,87.6,1.0055660044537025,ATM
2023-06-30,2023-09-15,PUT,77.0,4450.23,4480.0,89.0,89.8,1768.0,0.10896,89.4,1.0066895418888462,ATM
2023-06-30,2023-09-15,PUT,77.0,4450.23,4485.0,90.9,91.8,2271.0,0.10755,91.35,1.0078130793239901,ATM
2023-06-30,2023-09-15,PUT,77.0,4450.23,4490.0,93.0,93.8,4196.0,0.10655,93.4,1.0089366167591338,ATM
2023-06-30,2023-09-15,PUT,77.0,4450.23,4495.0,95.1,95.9,2782.0,0.10602,95.5,1.0100601541942777,ITM
2023-06-30,2023-09-15,PUT,77.0,4450.23,4500.0,97.1,97.9,340.0,0.10501,97.5,1.0111836916294215,ITM
2023-06-30,2023-09-15,PUT,77.0,4450.23,4510.0,101.3,102.2,1.0,0.10296,101.75,1.013430766499709,ITM
2023-06-30,2023-09-15,PUT,77.0,4450.23,4520.0,104.3,108.9,1.0,0.10191,106.6,1.0156778413699967,ITM
2023-06-30,2023-09-15,PUT,77.0,4450.23,4525.0,107.8,109.9,1.0,0.10069,108.85,1.0168013788051404,ITM
2023-06-30,2023-09-15,PUT,77.0,4450.23,4530.0,108.5,115.7,1.0,0.1004,112.1,1.0179249162402844,ITM
2023-06-30,2023-09-15,PUT,77.0,4450.23,4535.0,111.4,114.1,18.0,0.09768,112.75,1.019048453675428,ITM
2023-06-30,2023-09-15,PUT,77.0,4450.23,4540.0,113.7,119.4,1.0,0.09851,116.55000000000001,1.020171991110572,ITM
2023-06-30,2023-09-15,PUT,77.0,4450.23,4550.0,120.7,121.9,353.0,0.09566,121.30000000000001,1.0224190659808594,ITM
2023-06-30,2023-09-15,PUT,77.0,4450.23,4575.0,134.7,135.8,3.0,0.08815,135.25,1.0280367531565786,ITM
2023-06-30,2023-09-15,PUT,77.0,4450.23,4600.0,150.2,151.3,2.0,0.07649,150.75,1.0336544403322976,ITM
2023-06-30,2023-09-29,PUT,91.0,4450.23,3570.0,8.2,8.5,46.0,0.26159,8.35,0.8022057286926744,OTM
2023-06-30,2023-09-29,PUT,91.0,4450.23,3575.0,8.3,8.6,41.0,0.26049,8.45,0.8033292661278182,OTM
2023-06-30,2023-09-29,PUT,91.0,4450.23,3580.0,8.4,8.7,20.0,0.25984,8.55,0.804452803562962,OTM
2023-06-30,2023-09-29,PUT,91.0,4450.23,3585.0,8.5,8.8,10.0,0.25904,8.65,0.8055763409981058,OTM
2023-06-30,2023-09-29,PUT,91.0,4450.23,3590.0,8.6,8.9,12.0,0.25815,8.75,0.8066998784332496,OTM
2023-06-30,2023-09-29,PUT,91.0,4450.23,3595.0,8.7,9.0,2.0,0.25728,8.85,0.8078234158683933,OTM
2023-06-30,2023-09-29,PUT,91.0,4450.23,3600.0,8.8,9.1,3.0,0.25663,8.95,0.8089469533035372,OTM
2023-06-30,2023-09-29,PUT,91.0,4450.23,3605.0,8.9,9.2,22.0,0.25581,9.05,0.810070490738681,OTM
2023-06-30,2023-09-29,PUT,91.0,4450.23,3610.0,9.0,9.3,2.0,0.25574,9.15,0.8111940281738248,OTM
2023-06-30,2023-09-29,PUT,91.0,4450.23,3615.0,9.1,9.4,3.0,0.25456,9.25,0.8123175656089686,OTM
2023-06-30,2023-09-29,PUT,91.0,4450.23,3620.0,9.1,9.5,4.0,0.25354,9.3,0.8134411030441124,OTM
2023-06-30,2023-09-29,PUT,91.0,4450.23,3625.0,9.2,9.6,51.0,0.25254,9.399999999999999,0.8145646404792563,OTM
2023-06-30,2023-09-29,PUT,91.0,4450.23,3630.0,9.3,9.7,4.0,0.252,9.5,0.8156881779144,OTM
2023-06-30,2023-09-29,PUT,91.0,4450.23,3635.0,9.5,9.8,1.0,0.25164,9.65,0.8168117153495438,OTM
2023-06-30,2023-09-29,PUT,91.0,4450.23,3640.0,9.6,9.9,12.0,0.25021,9.75,0.8179352527846876,OTM
2023-06-30,2023-09-29,PUT,91.0,4450.23,3645.0,9.7,10.0,2.0,0.25,9.85,0.8190587902198314,OTM
2023-06-30,2023-09-29,PUT,91.0,4450.23,3650.0,9.8,10.1,3004.0,0.24883,9.95,0.8201823276549752,OTM
2023-06-30,2023-09-29,PUT,91.0,4450.23,3655.0,9.9,10.2,10.0,0.24826,10.05,0.821305865090119,OTM
2023-06-30,2023-09-29,PUT,91.0,4450.23,3660.0,10.0,10.3,2.0,0.24725,10.15,0.8224294025252629,OTM
2023-06-30,2023-09-29,PUT,91.0,4450.23,3665.0,10.1,10.4,18.0,0.24585,10.25,0.8235529399604066,OTM
2023-06-30,2023-09-29,PUT,91.0,4450.23,3670.0,10.2,10.5,4.0,0.24518,10.35,0.8246764773955504,OTM
2023-06-30,2023-09-29,PUT,91.0,4450.23,3675.0,10.3,10.7,1.0,0.24444,10.5,0.8258000148306942,OTM
2023-06-30,2023-09-29,PUT,91.0,4450.23,3680.0,10.4,10.8,4.0,0.24335,10.600000000000001,0.826923552265838,OTM
2023-06-30,2023-09-29,PUT,91.0,4450.23,3685.0,10.6,10.9,18.0,0.24316,10.75,0.8280470897009818,OTM
2023-06-30,2023-09-29,PUT,91.0,4450.23,3690.0,10.7,11.0,1.0,0.24243,10.85,0.8291706271361257,OTM
2023-06-30,2023-09-29,PUT,91.0,4450.23,3695.0,10.8,11.2,1.0,0.24139,11.0,0.8302941645712695,OTM
2023-06-30,2023-09-29,PUT,91.0,4450.23,3700.0,10.9,11.3,2.0,0.2408,11.100000000000001,0.8314177020064132,OTM
2023-06-30,2023-09-29,PUT,91.0,4450.23,3705.0,11.0,11.5,8.0,0.2397,11.25,0.832541239441557,OTM
2023-06-30,2023-09-29,PUT,91.0,4450.23,3710.0,11.2,11.6,3.0,0.23936,11.399999999999999,0.8336647768767008,OTM
2023-06-30,2023-09-29,PUT,91.0,4450.23,3715.0,11.3,11.7,3.0,0.23864,11.5,0.8347883143118446,OTM
2023-06-30,2023-09-29,PUT,91.0,4450.23,3720.0,11.5,11.8,1.0,0.23763,11.65,0.8359118517469885,OTM
2023-06-30,2023-09-29,PUT,91.0,4450.23,3725.0,11.6,11.9,65.0,0.23635,11.75,0.8370353891821323,OTM
2023-06-30,2023-09-29,PUT,91.0,4450.23,3730.0,11.7,12.1,6.0,0.23566,11.899999999999999,0.8381589266172761,OTM
2023-06-30,2023-09-29,PUT,91.0,4450.23,3735.0,11.8,12.2,1.0,0.23463,12.0,0.8392824640524198,OTM
2023-06-30,2023-09-29,PUT,91.0,4450.23,3740.0,12.0,12.3,56.0,0.23423,12.15,0.8404060014875636,OTM
2023-06-30,2023-09-29,PUT,91.0,4450.23,3745.0,12.1,12.5,54.0,0.23293,12.3,0.8415295389227074,OTM
2023-06-30,2023-09-29,PUT,91.0,4450.23,3750.0,12.3,12.7,261.0,0.23243,12.5,0.8426530763578512,OTM
2023-06-30,2023-09-29,PUT,91.0,4450.23,3755.0,12.4,12.8,55.0,0.23214,12.600000000000001,0.8437766137929951,OTM
2023-06-30,2023-09-29,PUT,91.0,4450.23,3760.0,12.6,13.0,2.0,0.23151,12.8,0.8449001512281389,OTM
2023-06-30,2023-09-29,PUT,91.0,4450.23,3765.0,12.7,13.1,56.0,0.23025,12.899999999999999,0.8460236886632827,OTM
2023-06-30,2023-09-29,PUT,91.0,4450.23,3770.0,12.9,13.3,134.0,0.23005,13.100000000000001,0.8471472260984264,OTM
2023-06-30,2023-09-29,PUT,91.0,4450.23,3775.0,13.0,13.5,160.0,0.22899,13.25,0.8482707635335702,OTM
2023-06-30,2023-09-29,PUT,91.0,4450.23,3780.0,13.2,13.6,1.0,0.22845,13.399999999999999,0.849394300968714,OTM
2023-06-30,2023-09-29,PUT,91.0,4450.23,3785.0,13.3,13.8,3.0,0.22675,13.55,0.8505178384038579,OTM
2023-06-30,2023-09-29,PUT,91.0,4450.23,3790.0,13.5,13.9,1.0,0.2265,13.7,0.8516413758390017,OTM
2023-06-30,2023-09-29,PUT,91.0,4450.23,3795.0,13.7,14.0,1.0,0.22604,13.85,0.8527649132741455,OTM
2023-06-30,2023-09-29,PUT,91.0,4450.23,3800.0,13.9,14.2,32.0,0.22468,14.05,0.8538884507092893,OTM
2023-06-30,2023-09-29,PUT,91.0,4450.23,3805.0,14.0,14.4,1.0,0.22373,14.2,0.855011988144433,OTM
2023-06-30,2023-09-29,PUT,91.0,4450.23,3810.0,14.1,14.6,1.0,0.2231,14.35,0.8561355255795768,OTM
2023-06-30,2023-09-29,PUT,91.0,4450.23,3815.0,14.3,14.8,1.0,0.22275,14.55,0.8572590630147207,OTM
2023-06-30,2023-09-29,PUT,91.0,4450.23,3820.0,14.5,15.0,6.0,0.22221,14.75,0.8583826004498645,OTM
2023-06-30,2023-09-29,PUT,91.0,4450.23,3825.0,14.7,15.2,2.0,0.22121,14.95,0.8595061378850083,OTM
2023-06-30,2023-09-29,PUT,91.0,4450.23,3830.0,14.9,15.3,1.0,0.21972,15.100000000000001,0.8606296753201521,OTM
2023-06-30,2023-09-29,PUT,91.0,4450.23,3835.0,15.0,15.5,6.0,0.21894,15.25,0.8617532127552959,OTM
2023-06-30,2023-09-29,PUT,91.0,4450.23,3840.0,15.2,15.7,2.0,0.21827,15.45,0.8628767501904396,OTM
2023-06-30,2023-09-29,PUT,91.0,4450.23,3845.0,15.4,15.9,8.0,0.2179,15.65,0.8640002876255835,OTM
2023-06-30,2023-09-29,PUT,91.0,4450.23,3850.0,15.6,16.1,1220.0,0.21691,15.850000000000001,0.8651238250607273,OTM
2023-06-30,2023-09-29,PUT,91.0,4450.23,3855.0,15.8,16.3,4.0,0.2165,16.05,0.8662473624958711,OTM
2023-06-30,2023-09-29,PUT,91.0,4450.23,3860.0,16.0,16.4,2.0,0.2157,16.2,0.8673708999310149,OTM
2023-06-30,2023-09-29,PUT,91.0,4450.23,3865.0,16.2,16.7,1.0,0.21512,16.45,0.8684944373661587,OTM
2023-06-30,2023-09-29,PUT,91.0,4450.23,3870.0,16.4,16.8,1.0,0.21331,16.6,0.8696179748013025,OTM
2023-06-30,2023-09-29,PUT,91.0,4450.23,3875.0,16.6,17.0,2.0,0.21278,16.8,0.8707415122364462,OTM
2023-06-30,2023-09-29,PUT,91.0,4450.23,3880.0,16.9,17.2,1.0,0.21253,17.049999999999997,0.8718650496715901,OTM
2023-06-30,2023-09-29,PUT,91.0,4450.23,3885.0,17.0,17.5,15.0,0.21158,17.25,0.8729885871067339,OTM
2023-06-30,2023-09-29,PUT,91.0,4450.23,3890.0,17.3,17.8,2.0,0.21118,17.55,0.8741121245418777,OTM
2023-06-30,2023-09-29,PUT,91.0,4450.23,3895.0,17.5,17.9,1.0,0.21024,17.7,0.8752356619770215,OTM
2023-06-30,2023-09-29,PUT,91.0,4450.23,3900.0,17.7,18.1,12.0,0.20918,17.9,0.8763591994121653,OTM
2023-06-30,2023-09-29,PUT,91.0,4450.23,3905.0,17.9,18.4,15.0,0.20811,18.15,0.8774827368473092,OTM
2023-06-30,2023-09-29,PUT,91.0,4450.23,3910.0,18.1,18.6,1.0,0.20766,18.35,0.8786062742824529,OTM
2023-06-30,2023-09-29,PUT,91.0,4450.23,3915.0,18.4,18.8,1.0,0.20726,18.6,0.8797298117175967,OTM
2023-06-30,2023-09-29,PUT,91.0,4450.23,3920.0,18.6,19.1,1.0,0.20635,18.85,0.8808533491527405,OTM
2023-06-30,2023-09-29,PUT,91.0,4450.23,3925.0,18.9,19.3,21.0,0.2057,19.1,0.8819768865878843,OTM
2023-06-30,2023-09-29,PUT,91.0,4450.23,3930.0,19.1,19.6,1.0,0.20425,19.35,0.8831004240230281,OTM
2023-06-30,2023-09-29,PUT,91.0,4450.23,3935.0,19.3,19.8,1.0,0.2039,19.55,0.884223961458172,OTM
2023-06-30,2023-09-29,PUT,91.0,4450.23,3940.0,19.6,20.0,2.0,0.20323,19.8,0.8853474988933158,OTM
2023-06-30,2023-09-29,PUT,91.0,4450.23,3945.0,19.9,20.3,2.0,0.20262,20.1,0.8864710363284595,OTM
2023-06-30,2023-09-29,PUT,91.0,4450.23,3950.0,20.1,20.6,27.0,0.20124,20.35,0.8875945737636033,OTM
2023-06-30,2023-09-29,PUT,91.0,4450.23,3955.0,20.4,20.8,2.0,0.20056,20.6,0.8887181111987471,OTM
2023-06-30,2023-09-29,PUT,91.0,4450.23,3960.0,20.6,21.1,1.0,0.20016,20.85,0.8898416486338909,OTM
2023-06-30,2023-09-29,PUT,91.0,4450.23,3965.0,20.9,21.4,1.0,0.19907,21.15,0.8909651860690347,OTM
2023-06-30,2023-09-29,PUT,91.0,4450.23,3970.0,21.2,21.6,1.0,0.19843,21.4,0.8920887235041786,OTM
2023-06-30,2023-09-29,PUT,91.0,4450.23,3975.0,21.5,21.9,1.0,0.19731,21.7,0.8932122609393224,OTM
2023-06-30,2023-09-29,PUT,91.0,4450.23,3980.0,21.7,22.2,1.0,0.19613,21.95,0.8943357983744661,OTM
2023-06-30,2023-09-29,PUT,91.0,4450.23,3985.0,22.0,22.5,5.0,0.19588,22.25,0.8954593358096099,OTM
2023-06-30,2023-09-29,PUT,91.0,4450.23,3990.0,22.3,22.8,32.0,0.1953,22.55,0.8965828732447537,OTM
2023-06-30,2023-09-29,PUT,91.0,4450.23,3995.0,22.6,23.2,1.0,0.19452,22.9,0.8977064106798975,OTM
2023-06-30,2023-09-29,PUT,91.0,4450.23,4000.0,22.9,23.4,24.0,0.1939,23.15,0.8988299481150414,OTM
2023-06-30,2023-09-29,PUT,91.0,4450.23,4005.0,23.2,23.7,1.0,0.19303,23.45,0.8999534855501852,OTM
2023-06-30,2023-09-29,PUT,91.0,4450.23,4010.0,23.6,24.0,1.0,0.1916,23.8,0.901077022985329,OTM
2023-06-30,2023-09-29,PUT,91.0,4450.23,4015.0,23.8,24.3,1.0,0.19158,24.05,0.9022005604204727,OTM
2023-06-30,2023-09-29,PUT,91.0,4450.23,4020.0,24.2,24.6,2.0,0.1902,24.4,0.9033240978556165,OTM
2023-06-30,2023-09-29,PUT,91.0,4450.23,4025.0,24.5,24.9,1153.0,0.19007,24.7,0.9044476352907603,OTM
2023-06-30,2023-09-29,PUT,91.0,4450.23,4030.0,24.8,25.4,6.0,0.18887,25.1,0.9055711727259041,OTM
2023-06-30,2023-09-29,PUT,91.0,4450.23,4035.0,25.1,25.6,2.0,0.18843,25.35,0.906694710161048,OTM
2023-06-30,2023-09-29,PUT,91.0,4450.23,4040.0,25.5,25.9,3.0,0.1871,25.7,0.9078182475961918,OTM
2023-06-30,2023-09-29,PUT,91.0,4450.23,4045.0,25.8,26.3,3.0,0.18642,26.05,0.9089417850313356,OTM
2023-06-30,2023-09-29,PUT,91.0,4450.23,4050.0,26.2,26.6,9.0,0.18557,26.4,0.9100653224664793,OTM
2023-06-30,2023-09-29,PUT,91.0,4450.23,4055.0,26.5,27.0,1.0,0.18505,26.75,0.9111888599016231,OTM
2023-06-30,2023-09-29,PUT,91.0,4450.23,4060.0,26.4,27.3,10.0,0.18396,26.85,0.912312397336767,OTM
2023-06-30,2023-09-29,PUT,91.0,4450.23,4065.0,26.5,27.7,1.0,0.18218,27.1,0.9134359347719108,OTM
2023-06-30,2023-09-29,PUT,91.0,4450.23,4070.0,27.1,28.1,1.0,0.18167,27.6,0.9145594722070546,OTM
2023-06-30,2023-09-29,PUT,91.0,4450.23,4075.0,28.0,28.5,1.0,0.1813,28.25,0.9156830096421984,OTM
2023-06-30,2023-09-29,PUT,91.0,4450.23,4080.0,27.7,28.8,2.0,0.17978,28.25,0.9168065470773421,OTM
2023-06-30,2023-09-29,PUT,91.0,4450.23,4085.0,28.3,29.2,1.0,0.17943,28.75,0.9179300845124859,OTM
2023-06-30,2023-09-29,PUT,91.0,4450.23,4090.0,28.7,29.6,2.0,0.17871,29.15,0.9190536219476297,OTM
2023-06-30,2023-09-29,PUT,91.0,4450.23,4095.0,29.1,30.0,2.0,0.17774,29.55,0.9201771593827736,OTM
2023-06-30,2023-09-29,PUT,91.0,4450.23,4100.0,29.5,30.4,100.0,0.17714,29.95,0.9213006968179174,OTM
2023-06-30,2023-09-29,PUT,91.0,4450.23,4105.0,30.4,30.8,14.0,0.17711,30.6,0.9224242342530612,OTM
2023-06-30,2023-09-29,PUT,91.0,4450.23,4110.0,30.8,31.3,10.0,0.17632,31.05,0.923547771688205,OTM
2023-06-30,2023-09-29,PUT,91.0,4450.23,4115.0,30.7,31.7,1.0,0.17492,31.2,0.9246713091233487,OTM
2023-06-30,2023-09-29,PUT,91.0,4450.23,4120.0,30.9,32.1,1.0,0.17392,31.5,0.9257948465584925,OTM
2023-06-30,2023-09-29,PUT,91.0,4450.23,4125.0,31.3,32.6,1.0,0.17333,31.950000000000003,0.9269183839936364,OTM
2023-06-30,2023-09-29,PUT,91.0,4450.23,4130.0,31.8,33.0,10.0,0.17246,32.4,0.9280419214287802,OTM
2023-06-30,2023-09-29,PUT,91.0,4450.23,4135.0,33.0,33.5,10.0,0.17221,33.25,0.929165458863924,OTM
2023-06-30,2023-09-29,PUT,91.0,4450.23,4140.0,32.7,34.0,10.0,0.1707,33.35,0.9302889962990678,OTM
2023-06-30,2023-09-29,PUT,91.0,4450.23,4145.0,33.1,34.4,1.0,0.16987,33.75,0.9314125337342116,OTM
2023-06-30,2023-09-29,PUT,91.0,4450.23,4150.0,33.7,34.9,105.0,0.16913,34.3,0.9325360711693553,OTM
2023-06-30,2023-09-29,PUT,91.0,4450.23,4155.0,34.1,35.4,5.0,0.16776,34.75,0.9336596086044991,OTM
2023-06-30,2023-09-29,PUT,91.0,4450.23,4160.0,35.5,35.9,10.0,0.16837,35.7,0.934783146039643,OTM
2023-06-30,2023-09-29,PUT,91.0,4450.23,4165.0,36.0,36.4,1.0,0.16715,36.2,0.9359066834747868,OTM
2023-06-30,2023-09-29,PUT,91.0,4450.23,4170.0,36.4,36.9,2.0,0.16628,36.65,0.9370302209099306,OTM
2023-06-30,2023-09-29,PUT,91.0,4450.23,4175.0,36.0,37.5,20.0,0.16495,36.75,0.9381537583450744,OTM
2023-06-30,2023-09-29,PUT,91.0,4450.23,4180.0,37.5,38.0,7.0,0.16486,37.75,0.9392772957802182,OTM
2023-06-30,2023-09-29,PUT,91.0,4450.23,4185.0,37.1,38.5,9.0,0.16332,37.8,0.9404008332153619,OTM
2023-06-30,2023-09-29,PUT,91.0,4450.23,4190.0,38.6,39.1,4.0,0.16268,38.85,0.9415243706505058,OTM
2023-06-30,2023-09-29,PUT,91.0,4450.23,4195.0,39.2,39.7,124.0,0.1621,39.45,0.9426479080856496,OTM
2023-06-30,2023-09-29,PUT,91.0,4450.23,4200.0,38.7,40.2,74.0,0.16074,39.45,0.9437714455207934,OTM
2023-06-30,2023-09-29,PUT,91.0,4450.23,4205.0,40.3,40.8,1.0,0.1604,40.55,0.9448949829559372,OTM
2023-06-30,2023-09-29,PUT,91.0,4450.23,4210.0,40.9,41.4,2.0,0.15933,41.15,0.946018520391081,OTM
2023-06-30,2023-09-29,PUT,91.0,4450.23,4215.0,41.5,42.0,39001.0,0.1588,41.75,0.9471420578262248,OTM
2023-06-30,2023-09-29,PUT,91.0,4450.23,4220.0,42.1,42.6,52.0,0.15837,42.35,0.9482655952613686,OTM
2023-06-30,2023-09-29,PUT,91.0,4450.23,4225.0,41.8,43.9,3.0,0.15698,42.849999999999994,0.9493891326965124,OTM
2023-06-30,2023-09-29,PUT,91.0,4450.23,4230.0,43.3,43.8,3.0,0.15643,43.55,0.9505126701316562,OTM
2023-06-30,2023-09-29,PUT,91.0,4450.23,4235.0,44.0,44.5,445.0,0.15607,44.25,0.9516362075668,OTM
2023-06-30,2023-09-29,PUT,91.0,4450.23,4240.0,43.7,45.2,25.0,0.15435,44.45,0.9527597450019438,OTM
2023-06-30,2023-09-29,PUT,91.0,4450.23,4245.0,45.3,45.8,1.0,0.15434,45.55,0.9538832824370876,OTM
2023-06-30,2023-09-29,PUT,91.0,4450.23,4250.0,46.0,46.5,140.0,0.15279,46.25,0.9550068198722315,OTM
2023-06-30,2023-09-29,PUT,91.0,4450.23,4255.0,46.6,47.2,42.0,0.15196,46.900000000000006,0.9561303573073752,OTM
2023-06-30,2023-09-29,PUT,91.0,4450.23,4260.0,46.1,47.9,3.0,0.15077,47.0,0.957253894742519,OTM
2023-06-30,2023-09-29,PUT,91.0,4450.23,4265.0,46.8,48.6,5.0,0.14974,47.7,0.9583774321776628,OTM
2023-06-30,2023-09-29,PUT,91.0,4450.23,4270.0,48.8,49.4,1.0,0.14977,49.099999999999994,0.9595009696128066,OTM
2023-06-30,2023-09-29,PUT,91.0,4450.23,4275.0,49.5,50.0,8.0,0.14876,49.75,0.9606245070479504,OTM
2023-06-30,2023-09-29,PUT,91.0,4450.23,4280.0,50.3,50.8,10.0,0.14775,50.55,0.9617480444830943,OTM
2023-06-30,2023-09-29,PUT,91.0,4450.23,4285.0,49.7,51.7,2.0,0.14652,50.7,0.9628715819182381,OTM
2023-06-30,2023-09-29,PUT,91.0,4450.23,4290.0,50.4,52.3,4.0,0.14589,51.349999999999994,0.9639951193533818,OTM
2023-06-30,2023-09-29,PUT,91.0,4450.23,4295.0,52.6,53.1,2.0,0.14528,52.85,0.9651186567885256,OTM
2023-06-30,2023-09-29,PUT,91.0,4450.23,4300.0,52.0,54.0,214.0,0.1436,53.0,0.9662421942236694,OTM
2023-06-30,2023-09-29,PUT,91.0,4450.23,4305.0,54.3,54.8,24.0,0.14381,54.55,0.9673657316588132,OTM
2023-06-30,2023-09-29,PUT,91.0,4450.23,4310.0,54.0,55.8,1.0,0.1419,54.9,0.968489269093957,OTM
2023-06-30,2023-09-29,PUT,91.0,4450.23,4315.0,54.9,56.5,6.0,0.14113,55.7,0.9696128065291009,OTM
2023-06-30,2023-09-29,PUT,91.0,4450.23,4320.0,56.9,57.4,1.0,0.14093,57.15,0.9707363439642447,OTM
2023-06-30,2023-09-29,PUT,91.0,4450.23,4325.0,56.2,58.4,2.0,0.13991,57.3,0.9718598813993884,OTM
2023-06-30,2023-09-29,PUT,91.0,4450.23,4330.0,58.7,59.3,25.0,0.1392,59.0,0.9729834188345322,OTM
2023-06-30,2023-09-29,PUT,91.0,4450.23,4340.0,60.5,61.0,3.0,0.13758,60.75,0.9752304937048198,OTM
2023-06-30,2023-09-29,PUT,91.0,4450.23,4345.0,59.9,62.2,6.0,0.1361,61.05,0.9763540311399637,OTM
2023-06-30,2023-09-29,PUT,91.0,4450.23,4350.0,60.9,63.2,609.0,0.13482,62.05,0.9774775685751075,OTM
2023-06-30,2023-09-29,PUT,91.0,4450.23,4355.0,63.6,64.1,2.0,0.13561,63.849999999999994,0.9786011060102513,OTM
2023-06-30,2023-09-29,PUT,91.0,4450.23,4360.0,64.6,65.1,2.0,0.13396,64.85,0.979724643445395,OTM
2023-06-30,2023-09-29,PUT,91.0,4450.23,4365.0,63.9,66.2,1.0,0.13209,65.05,0.9808481808805388,OTM
2023-06-30,2023-09-29,PUT,91.0,4450.23,4370.0,65.3,67.4,9.0,0.13196,66.35,0.9819717183156826,OTM
2023-06-30,2023-09-29,PUT,91.0,4450.23,4375.0,67.9,68.4,2.0,0.13223,68.15,0.9830952557508265,OTM
2023-06-30,2023-09-29,PUT,91.0,4450.23,4380.0,67.1,69.5,4.0,0.12934,68.3,0.9842187931859703,OTM
2023-06-30,2023-09-29,PUT,91.0,4450.23,4385.0,70.0,70.6,249.0,0.13043,70.3,0.9853423306211141,OTM
2023-06-30,2023-09-29,PUT,91.0,4450.23,4390.0,71.2,71.8,67.0,0.12886,71.5,0.9864658680562579,OTM
2023-06-30,2023-09-29,PUT,91.0,4450.23,4395.0,72.4,73.3,5.0,0.1283,72.85,0.9875894054914016,OTM
2023-06-30,2023-09-29,PUT,91.0,4450.23,4400.0,73.7,74.3,63.0,0.12768,74.0,0.9887129429265454,OTM
2023-06-30,2023-09-29,PUT,91.0,4450.23,4405.0,74.9,75.5,2.0,0.12627,75.2,0.9898364803616893,OTM
2023-06-30,2023-09-29,PUT,91.0,4450.23,4410.0,74.2,76.8,34.0,0.12466,75.5,0.9909600177968331,ATM
2023-06-30,2023-09-29,PUT,91.0,4450.23,4415.0,77.5,78.1,1.0,0.12485,77.8,0.9920835552319769,ATM
2023-06-30,2023-09-29,PUT,91.0,4450.23,4420.0,78.9,79.5,4.0,0.12382,79.2,0.9932070926671207,ATM
2023-06-30,2023-09-29,PUT,91.0,4450.23,4425.0,80.2,80.9,55.0,0.12282,80.55000000000001,0.9943306301022645,ATM
2023-06-30,2023-09-29,PUT,91.0,4450.23,4430.0,81.6,82.4,2.0,0.12199,82.0,0.9954541675374082,ATM
2023-06-30,2023-09-29,PUT,91.0,4450.23,4435.0,83.0,83.9,5.0,0.12133,83.45,0.996577704972552,ATM
2023-06-30,2023-09-29,PUT,91.0,4450.23,4440.0,84.6,85.5,4.0,0.12053,85.05,0.9977012424076959,ATM
2023-06-30,2023-09-29,PUT,91.0,4450.23,4445.0,86.1,87.0,17.0,0.11963,86.55,0.9988247798428397,ATM
2023-06-30,2023-09-29,PUT,91.0,4450.23,4450.0,87.5,88.3,213.0,0.11821,87.9,0.9999483172779835,ATM
2023-06-30,2023-09-29,PUT,91.0,4450.23,4455.0,89.2,90.1,1.0,0.11834,89.65,1.0010718547131272,ATM
2023-06-30,2023-09-29,PUT,91.0,4450.23,4460.0,90.7,91.7,4.0,0.11653,91.2,1.0021953921482711,ATM
2023-06-30,2023-09-29,PUT,91.0,4450.23,4465.0,92.4,93.1,9.0,0.11645,92.75,1.0033189295834148,ATM
2023-06-30,2023-09-29,PUT,91.0,4450.23,4470.0,94.1,95.0,16.0,0.11526,94.55,1.0044424670185588,ATM
2023-06-30,2023-09-29,PUT,91.0,4450.23,4475.0,95.8,96.5,11.0,0.11371,96.15,1.0055660044537025,ATM
2023-06-30,2023-09-29,PUT,91.0,4450.23,4480.0,97.6,98.5,7.0,0.1133,98.05,1.0066895418888462,ATM
2023-06-30,2023-09-29,PUT,91.0,4450.23,4485.0,99.4,100.3,15.0,0.11263,99.85,1.0078130793239901,ATM
2023-06-30,2023-09-29,PUT,91.0,4450.23,4490.0,101.2,102.0,1.0,0.11117,101.6,1.0089366167591338,ATM
2023-06-30,2023-09-29,PUT,91.0,4450.23,4495.0,103.1,103.9,50.0,0.11106,103.5,1.0100601541942777,ITM
2023-06-30,2023-09-29,PUT,91.0,4450.23,4500.0,105.1,106.0,127.0,0.10985,105.55,1.0111836916294215,ITM
2023-06-30,2023-09-29,PUT,91.0,4450.23,4505.0,107.0,108.0,31.0,0.10907,107.5,1.0123072290645654,ITM
2023-06-30,2023-09-29,PUT,91.0,4450.23,4510.0,109.2,110.1,16.0,0.10821,109.65,1.013430766499709,ITM
2023-06-30,2023-09-29,PUT,91.0,4450.23,4515.0,111.1,112.1,5.0,0.10726,111.6,1.0145543039348528,ITM
2023-06-30,2023-09-29,PUT,91.0,4450.23,4525.0,115.5,116.4,1.0,0.1054,115.95,1.0168013788051404,ITM
2023-06-30,2023-09-29,PUT,91.0,4450.23,4530.0,117.7,118.5,5.0,0.1041,118.1,1.0179249162402844,ITM
2023-06-30,2023-09-29,PUT,91.0,4450.23,4535.0,120.0,120.8,5.0,0.10283,120.4,1.019048453675428,ITM
2023-06-30,2023-09-29,PUT,91.0,4450.23,4540.0,122.4,123.3,28.0,0.10221,122.85,1.020171991110572,ITM
2023-06-30,2023-09-29,PUT,91.0,4450.23,4545.0,124.7,125.5,1.0,0.10071,125.1,1.0212955285457157,ITM
2023-06-30,2023-09-29,PUT,91.0,4450.23,4550.0,127.2,128.0,250.0,0.09987,127.6,1.0224190659808594,ITM
2023-06-30,2023-09-29,PUT,91.0,4450.23,4555.0,127.5,131.7,3.0,0.09853,129.6,1.0235426034160033,ITM
2023-06-30,2023-09-29,PUT,91.0,4450.23,4560.0,132.2,134.3,2.0,0.09884,133.25,1.024666140851147,ITM
2023-06-30,2023-09-29,PUT,91.0,4450.23,4565.0,132.5,136.9,3.0,0.0957,134.7,1.025789678286291,ITM
2023-06-30,2023-09-29,PUT,91.0,4450.23,4570.0,135.0,140.9,5.0,0.09505,137.95,1.0269132157214347,ITM
2023-06-30,2023-09-29,PUT,91.0,4450.23,4575.0,140.2,141.0,18.0,0.09413,140.6,1.0280367531565786,ITM
2023-06-30,2023-09-29,PUT,91.0,4450.23,4585.0,143.2,147.7,10.0,0.08959,145.45,1.030283828026866,ITM
2023-06-30,2023-09-29,PUT,91.0,4450.23,4590.0,146.2,150.7,5.0,0.0881,148.45,1.03140736546201,ITM
2023-06-30,2023-09-29,PUT,91.0,4450.23,4595.0,149.0,155.1,10.0,0.08754,152.05,1.0325309028971537,ITM
2023-06-30,2023-09-29,PUT,91.0,4450.23,4600.0,154.4,155.3,7.0,0.08505,154.85000000000002,1.0336544403322976,ITM
2023-06-30,2023-10-20,PUT,112.0,4450.23,3570.0,11.9,12.2,3.0,0.25595,12.05,0.8022057286926744,OTM
2023-06-30,2023-10-20,PUT,112.0,4450.23,3575.0,12.0,12.3,71.0,0.25517,12.15,0.8033292661278182,OTM
2023-06-30,2023-10-20,PUT,112.0,4450.23,3580.0,12.1,12.5,15.0,0.25419,12.3,0.804452803562962,OTM
2023-06-30,2023-10-20,PUT,112.0,4450.23,3590.0,12.4,12.7,1.0,0.25282,12.55,0.8066998784332496,OTM
2023-06-30,2023-10-20,PUT,112.0,4450.23,3600.0,12.6,13.0,86.0,0.25116,12.8,0.8089469533035372,OTM
2023-06-30,2023-10-20,PUT,112.0,4450.23,3610.0,12.9,13.2,1.0,0.24959,13.05,0.8111940281738248,OTM
2023-06-30,2023-10-20,PUT,112.0,4450.23,3620.0,13.1,13.5,2.0,0.24839,13.3,0.8134411030441124,OTM
2023-06-30,2023-10-20,PUT,112.0,4450.23,3625.0,13.2,13.6,2.0,0.24756,13.399999999999999,0.8145646404792563,OTM
2023-06-30,2023-10-20,PUT,112.0,4450.23,3630.0,13.4,13.8,3.0,0.2472,13.600000000000001,0.8156881779144,OTM
2023-06-30,2023-10-20,PUT,112.0,4450.23,3640.0,13.7,14.0,4.0,0.24529,13.85,0.8179352527846876,OTM
2023-06-30,2023-10-20,PUT,112.0,4450.23,3650.0,13.9,14.3,165.0,0.24425,14.100000000000001,0.8201823276549752,OTM
2023-06-30,2023-10-20,PUT,112.0,4450.23,3660.0,14.2,14.6,2.0,0.24222,14.399999999999999,0.8224294025252629,OTM
2023-06-30,2023-10-20,PUT,112.0,4450.23,3670.0,14.5,14.9,102.0,0.24118,14.7,0.8246764773955504,OTM
2023-06-30,2023-10-20,PUT,112.0,4450.23,3675.0,14.7,15.1,1.0,0.24054,14.899999999999999,0.8258000148306942,OTM
2023-06-30,2023-10-20,PUT,112.0,4450.23,3680.0,14.8,15.2,1.0,0.23951,15.0,0.826923552265838,OTM
2023-06-30,2023-10-20,PUT,112.0,4450.23,3690.0,15.1,15.5,128.0,0.23815,15.3,0.8291706271361257,OTM
2023-06-30,2023-10-20,PUT,112.0,4450.23,3700.0,15.5,15.8,20.0,0.23685,15.65,0.8314177020064132,OTM
2023-06-30,2023-10-20,PUT,112.0,4450.23,3710.0,15.8,16.2,9.0,0.23549,16.0,0.8336647768767008,OTM
2023-06-30,2023-10-20,PUT,112.0,4450.23,3720.0,16.1,16.5,6.0,0.23314,16.3,0.8359118517469885,OTM
2023-06-30,2023-10-20,PUT,112.0,4450.23,3725.0,16.3,16.7,39.0,0.23315,16.5,0.8370353891821323,OTM
2023-06-30,2023-10-20,PUT,112.0,4450.23,3730.0,16.5,16.9,10.0,0.2318,16.7,0.8381589266172761,OTM
2023-06-30,2023-10-20,PUT,112.0,4450.23,3740.0,16.8,17.2,2.0,0.23052,17.0,0.8404060014875636,OTM
2023-06-30,2023-10-20,PUT,112.0,4450.23,3750.0,17.2,17.6,6.0,0.22925,17.4,0.8426530763578512,OTM
2023-06-30,2023-10-20,PUT,112.0,4450.23,3760.0,17.6,18.0,80.0,0.22819,17.8,0.8449001512281389,OTM
2023-06-30,2023-10-20,PUT,112.0,4450.23,3770.0,17.9,18.4,59.0,0.22649,18.15,0.8471472260984264,OTM
2023-06-30,2023-10-20,PUT,112.0,4450.23,3775.0,18.1,18.6,7.0,0.22525,18.35,0.8482707635335702,OTM
2023-06-30,2023-10-20,PUT,112.0,4450.23,3780.0,18.3,18.8,57.0,0.2243,18.55,0.849394300968714,OTM
2023-06-30,2023-10-20,PUT,112.0,4450.23,3790.0,18.7,19.2,5.0,0.22286,18.95,0.8516413758390017,OTM
2023-06-30,2023-10-20,PUT,112.0,4450.23,3800.0,19.1,19.6,9.0,0.22145,19.35,0.8538884507092893,OTM
2023-06-30,2023-10-20,PUT,112.0,4450.23,3810.0,19.5,20.0,59.0,0.22051,19.75,0.8561355255795768,OTM
2023-06-30,2023-10-20,PUT,112.0,4450.23,3820.0,20.0,20.5,59.0,0.21928,20.25,0.8583826004498645,OTM
2023-06-30,2023-10-20,PUT,112.0,4450.23,3825.0,20.2,20.7,3.0,0.21834,20.45,0.8595061378850083,OTM
2023-06-30,2023-10-20,PUT,112.0,4450.23,3830.0,20.4,20.9,4.0,0.21751,20.65,0.8606296753201521,OTM
2023-06-30,2023-10-20,PUT,112.0,4450.23,3840.0,20.9,21.4,10.0,0.21618,21.15,0.8628767501904396,OTM
2023-06-30,2023-10-20,PUT,112.0,4450.23,3850.0,21.4,21.8,6.0,0.21472,21.6,0.8651238250607273,OTM
2023-06-30,2023-10-20,PUT,112.0,4450.23,3860.0,21.8,22.3,30.0,0.2133,22.05,0.8673708999310149,OTM
2023-06-30,2023-10-20,PUT,112.0,4450.23,3870.0,22.3,22.8,20.0,0.21109,22.55,0.8696179748013025,OTM
2023-06-30,2023-10-20,PUT,112.0,4450.23,3875.0,22.6,23.1,2.0,0.21131,22.85,0.8707415122364462,OTM
2023-06-30,2023-10-20,PUT,112.0,4450.23,3880.0,22.8,23.3,20.0,0.20977,23.05,0.8718650496715901,OTM
2023-06-30,2023-10-20,PUT,112.0,4450.23,3890.0,23.4,23.9,155.0,0.20893,23.65,0.8741121245418777,OTM
2023-06-30,2023-10-20,PUT,112.0,4450.23,3900.0,23.9,24.4,65.0,0.2074,24.15,0.8763591994121653,OTM
2023-06-30,2023-10-20,PUT,112.0,4450.23,3910.0,24.5,25.0,59.0,0.20622,24.75,0.8786062742824529,OTM
2023-06-30,2023-10-20,PUT,112.0,4450.23,3920.0,25.0,25.5,24.0,0.20412,25.25,0.8808533491527405,OTM
2023-06-30,2023-10-20,PUT,112.0,4450.23,3925.0,25.3,25.8,2.0,0.20339,25.55,0.8819768865878843,OTM
2023-06-30,2023-10-20,PUT,112.0,4450.23,3930.0,25.5,26.1,5.0,0.20287,25.8,0.8831004240230281,OTM
2023-06-30,2023-10-20,PUT,112.0,4450.23,3940.0,26.2,26.7,6.0,0.20181,26.45,0.8853474988933158,OTM
2023-06-30,2023-10-20,PUT,112.0,4450.23,3950.0,26.8,27.4,5.0,0.1998,27.1,0.8875945737636033,OTM
2023-06-30,2023-10-20,PUT,112.0,4450.23,3960.0,27.4,28.3,8.0,0.19925,27.85,0.8898416486338909,OTM
2023-06-30,2023-10-20,PUT,112.0,4450.23,3970.0,28.1,28.7,10.0,0.19661,28.4,0.8920887235041786,OTM
2023-06-30,2023-10-20,PUT,112.0,4450.23,3975.0,28.4,28.9,167.0,0.19617,28.65,0.8932122609393224,OTM
2023-06-30,2023-10-20,PUT,112.0,4450.23,3980.0,28.8,29.4,1.0,0.1955,29.1,0.8943357983744661,OTM
2023-06-30,2023-10-20,PUT,112.0,4450.23,3990.0,29.5,30.0,12.0,0.19381,29.75,0.8965828732447537,OTM
2023-06-30,2023-10-20,PUT,112.0,4450.23,4000.0,30.2,30.7,602.0,0.19324,30.45,0.8988299481150414,OTM
2023-06-30,2023-10-20,PUT,112.0,4450.23,4010.0,30.9,31.4,138.0,0.19159,31.15,0.901077022985329,OTM
2023-06-30,2023-10-20,PUT,112.0,4450.23,4020.0,31.5,32.1,24.0,0.18969,31.8,0.9033240978556165,OTM
2023-06-30,2023-10-20,PUT,112.0,4450.23,4025.0,32.0,32.6,97.0,0.18923,32.3,0.9044476352907603,OTM
2023-06-30,2023-10-20,PUT,112.0,4450.23,4030.0,32.3,32.9,30.0,0.1878,32.599999999999994,0.9055711727259041,OTM
2023-06-30,2023-10-20,PUT,112.0,4450.23,4040.0,33.0,33.7,10.0,0.18706,33.35,0.9078182475961918,OTM
2023-06-30,2023-10-20,PUT,112.0,4450.23,4050.0,33.9,34.6,99.0,0.18529,34.25,0.9100653224664793,OTM
2023-06-30,2023-10-20,PUT,112.0,4450.23,4060.0,34.8,35.3,5.0,0.18338,35.05,0.912312397336767,OTM
2023-06-30,2023-10-20,PUT,112.0,4450.23,4070.0,35.5,36.2,40.0,0.1824,35.85,0.9145594722070546,OTM
2023-06-30,2023-10-20,PUT,112.0,4450.23,4075.0,36.0,36.6,103.0,0.18176,36.3,0.9156830096421984,OTM
2023-06-30,2023-10-20,PUT,112.0,4450.23,4080.0,36.5,37.1,40.0,0.18103,36.8,0.9168065470773421,OTM
2023-06-30,2023-10-20,PUT,112.0,4450.23,4090.0,37.3,38.0,48.0,0.17881,37.65,0.9190536219476297,OTM
2023-06-30,2023-10-20,PUT,112.0,4450.23,4100.0,38.3,38.9,1870.0,0.17768,38.599999999999994,0.9213006968179174,OTM
2023-06-30,2023-10-20,PUT,112.0,4450.23,4110.0,39.1,39.8,1.0,0.17616,39.45,0.923547771688205,OTM
2023-06-30,2023-10-20,PUT,112.0,4450.23,4115.0,39.7,40.3,1.0,0.17592,40.0,0.9246713091233487,OTM
2023-06-30,2023-10-20,PUT,112.0,4450.23,4120.0,40.2,40.7,11.0,0.17453,40.45,0.9257948465584925,OTM
2023-06-30,2023-10-20,PUT,112.0,4450.23,4125.0,40.7,41.3,3.0,0.17387,41.0,0.9269183839936364,OTM
2023-06-30,2023-10-20,PUT,112.0,4450.23,4130.0,41.1,41.8,5.0,0.17352,41.45,0.9280419214287802,OTM
2023-06-30,2023-10-20,PUT,112.0,4450.23,4140.0,42.1,42.8,3.0,0.17181,42.45,0.9302889962990678,OTM
2023-06-30,2023-10-20,PUT,112.0,4450.23,4145.0,42.1,43.3,4.0,0.1705,42.7,0.9314125337342116,OTM
2023-06-30,2023-10-20,PUT,112.0,4450.23,4150.0,43.1,43.9,37.0,0.17025,43.5,0.9325360711693553,OTM
2023-06-30,2023-10-20,PUT,112.0,4450.23,4155.0,43.7,44.4,10.0,0.16912,44.05,0.9336596086044991,OTM
2023-06-30,2023-10-20,PUT,112.0,4450.23,4160.0,44.3,44.9,4.0,0.16856,44.599999999999994,0.934783146039643,OTM
2023-06-30,2023-10-20,PUT,112.0,4450.23,4165.0,44.8,45.5,34.0,0.16782,45.15,0.9359066834747868,OTM
2023-06-30,2023-10-20,PUT,112.0,4450.23,4170.0,45.3,46.1,13.0,0.16685,45.7,0.9370302209099306,OTM
2023-06-30,2023-10-20,PUT,112.0,4450.23,4175.0,45.8,46.6,601.0,0.16571,46.2,0.9381537583450744,OTM
2023-06-30,2023-10-20,PUT,112.0,4450.23,4180.0,46.5,47.2,33.0,0.16582,46.85,0.9392772957802182,OTM
2023-06-30,2023-10-20,PUT,112.0,4450.23,4190.0,47.6,48.5,1.0,0.1643,48.05,0.9415243706505058,OTM
2023-06-30,2023-10-20,PUT,112.0,4450.23,4195.0,48.2,49.1,5.0,0.16369,48.650000000000006,0.9426479080856496,OTM
2023-06-30,2023-10-20,PUT,112.0,4450.23,4200.0,48.9,49.6,384.0,0.16298,49.25,0.9437714455207934,OTM
2023-06-30,2023-10-20,PUT,112.0,4450.23,4205.0,49.5,50.3,12.0,0.16135,49.9,0.9448949829559372,OTM
2023-06-30,2023-10-20,PUT,112.0,4450.23,4210.0,50.1,50.9,75.0,0.16075,50.5,0.946018520391081,OTM
2023-06-30,2023-10-20,PUT,112.0,4450.23,4215.0,50.7,51.6,1.0,0.16026,51.150000000000006,0.9471420578262248,OTM
2023-06-30,2023-10-20,PUT,112.0,4450.23,4220.0,51.4,52.3,4.0,0.15915,51.849999999999994,0.9482655952613686,OTM
2023-06-30,2023-10-20,PUT,112.0,4450.23,4225.0,52.0,52.9,2.0,0.15826,52.45,0.9493891326965124,OTM
2023-06-30,2023-10-20,PUT,112.0,4450.23,4230.0,52.7,53.6,1.0,0.1575,53.150000000000006,0.9505126701316562,OTM
2023-06-30,2023-10-20,PUT,112.0,4450.23,4235.0,53.5,54.3,20.0,0.15665,53.9,0.9516362075668,OTM
2023-06-30,2023-10-20,PUT,112.0,4450.23,4240.0,54.2,55.0,12.0,0.15595,54.6,0.9527597450019438,OTM
2023-06-30,2023-10-20,PUT,112.0,4450.23,4245.0,54.8,55.7,12.0,0.15579,55.25,0.9538832824370876,OTM
2023-06-30,2023-10-20,PUT,112.0,4450.23,4250.0,55.5,56.4,33.0,0.15464,55.95,0.9550068198722315,OTM
2023-06-30,2023-10-20,PUT,112.0,4450.23,4255.0,56.3,57.2,84.0,0.15412,56.75,0.9561303573073752,OTM
2023-06-30,2023-10-20,PUT,112.0,4450.23,4260.0,57.0,57.9,1.0,0.15316,57.45,0.957253894742519,OTM
2023-06-30,2023-10-20,PUT,112.0,4450.23,4270.0,58.5,59.5,70.0,0.15153,59.0,0.9595009696128066,OTM
2023-06-30,2023-10-20,PUT,112.0,4450.23,4275.0,59.4,60.2,89.0,0.15032,59.8,0.9606245070479504,OTM
2023-06-30,2023-10-20,PUT,112.0,4450.23,4280.0,60.1,61.0,1.0,0.1499,60.55,0.9617480444830943,OTM
2023-06-30,2023-10-20,PUT,112.0,4450.23,4290.0,61.7,62.7,6.0,0.14879,62.2,0.9639951193533818,OTM
2023-06-30,2023-10-20,PUT,112.0,4450.23,4300.0,63.4,64.4,890.0,0.14683,63.900000000000006,0.9662421942236694,OTM
2023-06-30,2023-10-20,PUT,112.0,4450.23,4305.0,64.3,65.3,2.0,0.1458,64.8,0.9673657316588132,OTM
2023-06-30,2023-10-20,PUT,112.0,4450.23,4310.0,65.2,66.2,45.0,0.14552,65.7,0.968489269093957,OTM
2023-06-30,2023-10-20,PUT,112.0,4450.23,4315.0,66.1,67.1,1.0,0.14497,66.6,0.9696128065291009,OTM
2023-06-30,2023-10-20,PUT,112.0,4450.23,4320.0,67.0,68.0,1.0,0.14347,67.5,0.9707363439642447,OTM
2023-06-30,2023-10-20,PUT,112.0,4450.23,4325.0,67.9,68.9,44.0,0.1429,68.4,0.9718598813993884,OTM
2023-06-30,2023-10-20,PUT,112.0,4450.23,4330.0,68.9,69.9,1.0,0.14194,69.4,0.9729834188345322,OTM
2023-06-30,2023-10-20,PUT,112.0,4450.23,4340.0,70.8,71.8,27.0,0.14008,71.3,0.9752304937048198,OTM
2023-06-30,2023-10-20,PUT,112.0,4450.23,4345.0,71.8,72.8,9.0,0.14012,72.3,0.9763540311399637,OTM
2023-06-30,2023-10-20,PUT,112.0,4450.23,4350.0,72.8,73.8,592.0,0.13928,73.3,0.9774775685751075,OTM
2023-06-30,2023-10-20,PUT,112.0,4450.23,4355.0,73.9,74.9,3.0,0.13786,74.4,0.9786011060102513,OTM
2023-06-30,2023-10-20,PUT,112.0,4450.23,4360.0,74.9,76.0,30.0,0.13755,75.45,0.979724643445395,OTM
2023-06-30,2023-10-20,PUT,112.0,4450.23,4365.0,76.0,77.0,1.0,0.13626,76.5,0.9808481808805388,OTM
2023-06-30,2023-10-20,PUT,112.0,4450.23,4370.0,77.1,78.2,1.0,0.1354,77.65,0.9819717183156826,OTM
2023-06-30,2023-10-20,PUT,112.0,4450.23,4375.0,78.2,79.3,198.0,0.13518,78.75,0.9830952557508265,OTM
2023-06-30,2023-10-20,PUT,112.0,4450.23,4380.0,78.4,80.3,2.0,0.13327,79.35,0.9842187931859703,OTM
2023-06-30,2023-10-20,PUT,112.0,4450.23,4385.0,80.5,81.6,8.0,0.13366,81.05,0.9853423306211141,OTM
2023-06-30,2023-10-20,PUT,112.0,4450.23,4390.0,81.7,82.8,16.0,0.13286,82.25,0.9864658680562579,OTM
2023-06-30,2023-10-20,PUT,112.0,4450.23,4400.0,84.1,85.2,7.0,0.13096,84.65,0.9887129429265454,OTM
2023-06-30,2023-10-20,PUT,112.0,4450.23,4405.0,85.3,86.4,3.0,0.13016,85.85,0.9898364803616893,OTM
2023-06-30,2023-10-20,PUT,112.0,4450.23,4410.0,86.7,87.7,44.0,0.12896,87.2,0.9909600177968331,ATM
2023-06-30,2023-10-20,PUT,112.0,4450.23,4415.0,88.0,89.0,18.0,0.12806,88.5,0.9920835552319769,ATM
2023-06-30,2023-10-20,PUT,112.0,4450.23,4420.0,89.3,90.5,4.0,0.12711,89.9,0.9932070926671207,ATM
2023-06-30,2023-10-20,PUT,112.0,4450.23,4425.0,90.6,91.8,600.0,0.1271,91.19999999999999,0.9943306301022645,ATM
2023-06-30,2023-10-20,PUT,112.0,4450.23,4430.0,91.8,93.2,63.0,0.12553,92.5,0.9954541675374082,ATM
2023-06-30,2023-10-20,PUT,112.0,4450.23,4435.0,92.2,95.6,2.0,0.12457,93.9,0.996577704972552,ATM
2023-06-30,2023-10-20,PUT,112.0,4450.23,4440.0,94.9,96.0,19.0,0.124,95.45,0.9977012424076959,ATM
2023-06-30,2023-10-20,PUT,112.0,4450.23,4445.0,96.3,97.4,22.0,0.12324,96.85,0.9988247798428397,ATM
2023-06-30,2023-10-20,PUT,112.0,4450.23,4450.0,97.9,99.0,255.0,0.12232,98.45,0.9999483172779835,ATM
2023-06-30,2023-10-20,PUT,112.0,4450.23,4455.0,99.1,100.5,61.0,0.12145,99.8,1.0010718547131272,ATM
2023-06-30,2023-10-20,PUT,112.0,4450.23,4460.0,100.9,102.0,2.0,0.12127,101.45,1.0021953921482711,ATM
2023-06-30,2023-10-20,PUT,112.0,4450.23,4470.0,104.0,105.3,1.0,0.11945,104.65,1.0044424670185588,ATM
2023-06-30,2023-10-20,PUT,112.0,4450.23,4475.0,105.6,107.0,1.0,0.11792,106.3,1.0055660044537025,ATM
2023-06-30,2023-10-20,PUT,112.0,4450.23,4480.0,107.2,108.6,2.0,0.11701,107.9,1.0066895418888462,ATM
2023-06-30,2023-10-20,PUT,112.0,4450.23,4485.0,108.9,110.3,46.0,0.11677,109.6,1.0078130793239901,ATM
2023-06-30,2023-10-20,PUT,112.0,4450.23,4500.0,114.2,115.8,1374.0,0.11388,115.0,1.0111836916294215,ITM
2023-06-30,2023-10-20,PUT,112.0,4450.23,4510.0,118.4,119.5,21.0,0.11204,118.95,1.013430766499709,ITM
2023-06-30,2023-10-20,PUT,112.0,4450.23,4515.0,119.9,121.3,25.0,0.11128,120.6,1.0145543039348528,ITM
2023-06-30,2023-10-20,PUT,112.0,4450.23,4525.0,122.7,126.9,43.0,0.1098,124.80000000000001,1.0168013788051404,ITM
2023-06-30,2023-10-20,PUT,112.0,4450.23,4530.0,125.9,127.7,1.0,0.10861,126.80000000000001,1.0179249162402844,ITM
2023-06-30,2023-10-20,PUT,112.0,4450.23,4545.0,132.3,134.2,2.0,0.10506,133.25,1.0212955285457157,ITM
2023-06-30,2023-10-20,PUT,112.0,4450.23,4550.0,134.6,136.5,4.0,0.10478,135.55,1.0224190659808594,ITM
2023-06-30,2023-10-20,PUT,112.0,4450.23,4555.0,136.8,138.7,1.0,0.10359,137.75,1.0235426034160033,ITM
2023-06-30,2023-10-20,PUT,112.0,4450.23,4560.0,139.3,141.1,1.0,0.102,140.2,1.024666140851147,ITM
2023-06-30,2023-10-20,PUT,112.0,4450.23,4600.0,159.3,161.2,1.0,0.09079,160.25,1.0336544403322976,ITM
2023-06-30,2023-10-20,PUT,112.0,4450.23,4610.0,165.1,166.9,1.0,0.08736,166.0,1.0359015152025852,ITM
2023-06-30,2023-10-31,PUT,123.0,4450.23,3575.0,13.8,14.3,2.0,0.25219,14.05,0.8033292661278182,OTM
2023-06-30,2023-10-31,PUT,123.0,4450.23,3600.0,14.7,15.0,16.0,0.24841,14.85,0.8089469533035372,OTM
2023-06-30,2023-10-31,PUT,123.0,4450.23,3625.0,15.3,15.7,1.0,0.24484,15.5,0.8145646404792563,OTM
2023-06-30,2023-10-31,PUT,123.0,4450.23,3650.0,16.1,16.5,82.0,0.24152,16.3,0.8201823276549752,OTM
2023-06-30,2023-10-31,PUT,123.0,4450.23,3660.0,16.4,16.9,4.0,0.24044,16.65,0.8224294025252629,OTM
2023-06-30,2023-10-31,PUT,123.0,4450.23,3670.0,16.8,17.2,1.0,0.23829,17.0,0.8246764773955504,OTM
2023-06-30,2023-10-31,PUT,123.0,4450.23,3675.0,17.0,17.4,2.0,0.23838,17.2,0.8258000148306942,OTM
2023-06-30,2023-10-31,PUT,123.0,4450.23,3680.0,17.0,17.5,1.0,0.23655,17.25,0.826923552265838,OTM
2023-06-30,2023-10-31,PUT,123.0,4450.23,3690.0,17.4,17.9,2.0,0.23599,17.65,0.8291706271361257,OTM
2023-06-30,2023-10-31,PUT,123.0,4450.23,3700.0,17.7,18.3,9.0,0.23446,18.0,0.8314177020064132,OTM
2023-06-30,2023-10-31,PUT,123.0,4450.23,3710.0,18.1,18.6,1.0,0.23324,18.35,0.8336647768767008,OTM
2023-06-30,2023-10-31,PUT,123.0,4450.23,3720.0,18.5,19.0,2.0,0.23095,18.75,0.8359118517469885,OTM
2023-06-30,2023-10-31,PUT,123.0,4450.23,3725.0,18.7,19.2,26.0,0.23097,18.95,0.8370353891821323,OTM
2023-06-30,2023-10-31,PUT,123.0,4450.23,3730.0,18.9,19.4,1.0,0.23053,19.15,0.8381589266172761,OTM
2023-06-30,2023-10-31,PUT,123.0,4450.23,3740.0,19.2,19.8,13.0,0.22827,19.5,0.8404060014875636,OTM
2023-06-30,2023-10-31,PUT,123.0,4450.23,3750.0,19.8,20.2,11.0,0.22789,20.0,0.8426530763578512,OTM
2023-06-30,2023-10-31,PUT,123.0,4450.23,3760.0,20.2,20.6,1.0,0.22565,20.4,0.8449001512281389,OTM
2023-06-30,2023-10-31,PUT,123.0,4450.23,3770.0,20.5,21.0,4.0,0.2248,20.75,0.8471472260984264,OTM
2023-06-30,2023-10-31,PUT,123.0,4450.23,3775.0,20.8,21.2,2.0,0.22375,21.0,0.8482707635335702,OTM
2023-06-30,2023-10-31,PUT,123.0,4450.23,3780.0,20.9,21.4,4.0,0.22238,21.15,0.849394300968714,OTM
2023-06-30,2023-10-31,PUT,123.0,4450.23,3790.0,21.3,21.9,2.0,0.22145,21.6,0.8516413758390017,OTM
2023-06-30,2023-10-31,PUT,123.0,4450.23,3800.0,21.8,22.3,1.0,0.2202,22.05,0.8538884507092893,OTM
2023-06-30,2023-10-31,PUT,123.0,4450.23,3810.0,22.3,22.8,1.0,0.2188,22.55,0.8561355255795768,OTM
2023-06-30,2023-10-31,PUT,123.0,4450.23,3820.0,22.7,23.3,28.0,0.21708,23.0,0.8583826004498645,OTM
2023-06-30,2023-10-31,PUT,123.0,4450.23,3825.0,23.0,23.5,100.0,0.21682,23.25,0.8595061378850083,OTM
2023-06-30,2023-10-31,PUT,123.0,4450.23,3830.0,23.2,23.8,2.0,0.21609,23.5,0.8606296753201521,OTM
2023-06-30,2023-10-31,PUT,123.0,4450.23,3840.0,23.7,24.3,1.0,0.21425,24.0,0.8628767501904396,OTM
2023-06-30,2023-10-31,PUT,123.0,4450.23,3850.0,24.2,24.8,66.0,0.21334,24.5,0.8651238250607273,OTM
2023-06-30,2023-10-31,PUT,123.0,4450.23,3860.0,24.7,25.3,3.0,0.21153,25.0,0.8673708999310149,OTM
2023-06-30,2023-10-31,PUT,123.0,4450.23,3870.0,25.3,25.9,12.0,0.20992,25.6,0.8696179748013025,OTM
2023-06-30,2023-10-31,PUT,123.0,4450.23,3875.0,25.5,26.1,43.0,0.20956,25.8,0.8707415122364462,OTM
2023-06-30,2023-10-31,PUT,123.0,4450.23,3880.0,25.8,26.4,2.0,0.20919,26.1,0.8718650496715901,OTM
2023-06-30,2023-10-31,PUT,123.0,4450.23,3890.0,26.4,27.0,2.0,0.20749,26.7,0.8741121245418777,OTM
2023-06-30,2023-10-31,PUT,123.0,4450.23,3900.0,27.0,27.6,245.0,0.20554,27.3,0.8763591994121653,OTM
2023-06-30,2023-10-31,PUT,123.0,4450.23,3910.0,27.5,28.2,1.0,0.20435,27.85,0.8786062742824529,OTM
2023-06-30,2023-10-31,PUT,123.0,4450.23,3920.0,28.1,28.8,1.0,0.20263,28.450000000000003,0.8808533491527405,OTM
2023-06-30,2023-10-31,PUT,123.0,4450.23,3925.0,28.5,29.1,2.0,0.20229,28.8,0.8819768865878843,OTM
2023-06-30,2023-10-31,PUT,123.0,4450.23,3930.0,28.8,29.4,10.0,0.20193,29.1,0.8831004240230281,OTM
2023-06-30,2023-10-31,PUT,123.0,4450.23,3940.0,29.4,30.1,2.0,0.20003,29.75,0.8853474988933158,OTM
2023-06-30,2023-10-31,PUT,123.0,4450.23,3950.0,30.1,30.7,5.0,0.19876,30.4,0.8875945737636033,OTM
2023-06-30,2023-10-31,PUT,123.0,4450.23,3960.0,30.7,31.4,4.0,0.19712,31.049999999999997,0.8898416486338909,OTM
2023-06-30,2023-10-31,PUT,123.0,4450.23,3970.0,31.4,32.1,2.0,0.19571,31.75,0.8920887235041786,OTM
2023-06-30,2023-10-31,PUT,123.0,4450.23,3975.0,31.8,32.4,3.0,0.19519,32.1,0.8932122609393224,OTM
2023-06-30,2023-10-31,PUT,123.0,4450.23,3980.0,32.1,32.8,8.0,0.19441,32.45,0.8943357983744661,OTM
2023-06-30,2023-10-31,PUT,123.0,4450.23,3990.0,32.8,33.5,4.0,0.19341,33.15,0.8965828732447537,OTM
2023-06-30,2023-10-31,PUT,123.0,4450.23,4000.0,33.6,34.3,63.0,0.19164,33.95,0.8988299481150414,OTM
2023-06-30,2023-10-31,PUT,123.0,4450.23,4010.0,34.5,35.0,29.0,0.19046,34.75,0.901077022985329,OTM
2023-06-30,2023-10-31,PUT,123.0,4450.23,4020.0,35.3,35.8,1.0,0.18894,35.55,0.9033240978556165,OTM
2023-06-30,2023-10-31,PUT,123.0,4450.23,4025.0,35.7,36.2,1.0,0.18869,35.95,0.9044476352907603,OTM
2023-06-30,2023-10-31,PUT,123.0,4450.23,4030.0,36.1,36.6,15.0,0.18738,36.35,0.9055711727259041,OTM
2023-06-30,2023-10-31,PUT,123.0,4450.23,4040.0,35.9,38.0,2.0,0.18546,36.95,0.9078182475961918,OTM
2023-06-30,2023-10-31,PUT,123.0,4450.23,4050.0,36.8,38.3,96.0,0.18368,37.55,0.9100653224664793,OTM
2023-06-30,2023-10-31,PUT,123.0,4450.23,4060.0,37.6,39.2,1.0,0.18213,38.400000000000006,0.912312397336767,OTM
2023-06-30,2023-10-31,PUT,123.0,4450.23,4070.0,39.4,40.1,1.0,0.18205,39.75,0.9145594722070546,OTM
2023-06-30,2023-10-31,PUT,123.0,4450.23,4075.0,39.9,40.5,6.0,0.18146,40.2,0.9156830096421984,OTM
2023-06-30,2023-10-31,PUT,123.0,4450.23,4080.0,40.3,41.0,1.0,0.18015,40.65,0.9168065470773421,OTM
2023-06-30,2023-10-31,PUT,123.0,4450.23,4090.0,41.2,42.0,22.0,0.1786,41.6,0.9190536219476297,OTM
2023-06-30,2023-10-31,PUT,123.0,4450.23,4100.0,42.2,42.9,1.0,0.17736,42.55,0.9213006968179174,OTM
2023-06-30,2023-10-31,PUT,123.0,4450.23,4110.0,43.2,43.9,5.0,0.17625,43.55,0.923547771688205,OTM
2023-06-30,2023-10-31,PUT,123.0,4450.23,4120.0,44.2,45.0,1.0,0.1747,44.6,0.9257948465584925,OTM
2023-06-30,2023-10-31,PUT,123.0,4450.23,4125.0,44.8,45.5,2.0,0.17335,45.15,0.9269183839936364,OTM
2023-06-30,2023-10-31,PUT,123.0,4450.23,4130.0,44.2,46.0,1.0,0.17223,45.1,0.9280419214287802,OTM
2023-06-30,2023-10-31,PUT,123.0,4450.23,4140.0,45.3,47.1,1.0,0.17075,46.2,0.9302889962990678,OTM
2023-06-30,2023-10-31,PUT,123.0,4450.23,4150.0,47.4,48.2,52.0,0.16973,47.8,0.9325360711693553,OTM
2023-06-30,2023-10-31,PUT,123.0,4450.23,4160.0,48.6,49.3,1.0,0.16879,48.95,0.934783146039643,OTM
2023-06-30,2023-10-31,PUT,123.0,4450.23,4170.0,49.8,50.5,3.0,0.16701,50.15,0.9370302209099306,OTM
2023-06-30,2023-10-31,PUT,123.0,4450.23,4175.0,50.3,51.1,1.0,0.1666,50.7,0.9381537583450744,OTM
2023-06-30,2023-10-31,PUT,123.0,4450.23,4180.0,51.0,51.7,2.0,0.16587,51.35,0.9392772957802182,OTM
2023-06-30,2023-10-31,PUT,123.0,4450.23,4190.0,51.0,53.0,5.0,0.1636,52.0,0.9415243706505058,OTM
2023-06-30,2023-10-31,PUT,123.0,4450.23,4200.0,52.3,54.3,2.0,0.16204,53.3,0.9437714455207934,OTM
2023-06-30,2023-10-31,PUT,123.0,4450.23,4210.0,53.5,55.6,5.0,0.16011,54.55,0.946018520391081,OTM
2023-06-30,2023-10-31,PUT,123.0,4450.23,4220.0,56.0,57.0,1.0,0.15973,56.5,0.9482655952613686,OTM
2023-06-30,2023-10-31,PUT,123.0,4450.23,4225.0,56.9,57.6,3.0,0.15939,57.25,0.9493891326965124,OTM
2023-06-30,2023-10-31,PUT,123.0,4450.23,4230.0,57.6,58.3,4.0,0.15842,57.95,0.9505126701316562,OTM
2023-06-30,2023-10-31,PUT,123.0,4450.23,4240.0,59.1,59.8,5.0,0.15684,59.45,0.9527597450019438,OTM
2023-06-30,2023-10-31,PUT,123.0,4450.23,4250.0,60.5,61.2,1.0,0.15569,60.85,0.9550068198722315,OTM
2023-06-30,2023-10-31,PUT,123.0,4450.23,4260.0,61.9,62.8,12.0,0.154,62.349999999999994,0.957253894742519,OTM
2023-06-30,2023-10-31,PUT,123.0,4450.23,4270.0,63.6,64.4,1.0,0.15231,64.0,0.9595009696128066,OTM
2023-06-30,2023-10-31,PUT,123.0,4450.23,4275.0,64.5,65.2,205.0,0.15111,64.85,0.9606245070479504,OTM
2023-06-30,2023-10-31,PUT,123.0,4450.23,4280.0,65.1,66.0,1.0,0.15095,65.55,0.9617480444830943,OTM
2023-06-30,2023-10-31,PUT,123.0,4450.23,4290.0,66.7,67.7,12.0,0.14924,67.2,0.9639951193533818,OTM
2023-06-30,2023-10-31,PUT,123.0,4450.23,4300.0,68.5,69.4,3.0,0.14807,68.95,0.9662421942236694,OTM
2023-06-30,2023-10-31,PUT,123.0,4450.23,4310.0,70.5,71.2,5.0,0.14608,70.85,0.968489269093957,OTM
2023-06-30,2023-10-31,PUT,123.0,4450.23,4320.0,72.4,73.1,17.0,0.14485,72.75,0.9707363439642447,OTM
2023-06-30,2023-10-31,PUT,123.0,4450.23,4325.0,73.2,74.0,2.0,0.14375,73.6,0.9718598813993884,OTM
2023-06-30,2023-10-31,PUT,123.0,4450.23,4330.0,74.3,75.0,86.0,0.14349,74.65,0.9729834188345322,OTM
2023-06-30,2023-10-31,PUT,123.0,4450.23,4340.0,74.4,77.8,100.0,0.14053,76.1,0.9752304937048198,OTM
2023-06-30,2023-10-31,PUT,123.0,4450.23,4350.0,78.0,79.1,4.0,0.13977,78.55,0.9774775685751075,OTM
2023-06-30,2023-10-31,PUT,123.0,4450.23,4360.0,80.4,81.2,2.0,0.1387,80.80000000000001,0.979724643445395,OTM
2023-06-30,2023-10-31,PUT,123.0,4450.23,4370.0,82.6,83.4,1.0,0.13739,83.0,0.9819717183156826,OTM
2023-06-30,2023-10-31,PUT,123.0,4450.23,4380.0,84.6,85.7,1.0,0.13565,85.15,0.9842187931859703,OTM
2023-06-30,2023-10-31,PUT,123.0,4450.23,4390.0,87.3,88.1,45.0,0.13409,87.69999999999999,0.9864658680562579,OTM
2023-06-30,2023-10-31,PUT,123.0,4450.23,4400.0,87.7,91.7,7.0,0.13214,89.7,0.9887129429265454,OTM
2023-06-30,2023-10-31,PUT,123.0,4450.23,4410.0,90.1,94.2,10.0,0.13033,92.15,0.9909600177968331,ATM
2023-06-30,2023-10-31,PUT,123.0,4450.23,4420.0,94.8,96.9,30.0,0.12977,95.85,0.9932070926671207,ATM
2023-06-30,2023-10-31,PUT,123.0,4450.23,4425.0,94.0,98.2,43.0,0.12814,96.1,0.9943306301022645,ATM
2023-06-30,2023-10-31,PUT,123.0,4450.23,4430.0,97.5,99.6,10.0,0.12824,98.55,0.9954541675374082,ATM
2023-06-30,2023-10-31,PUT,123.0,4450.23,4440.0,98.0,102.4,7.0,0.12565,100.2,0.9977012424076959,ATM
2023-06-30,2023-10-31,PUT,123.0,4450.23,4450.0,100.9,105.3,315.0,0.12387,103.1,0.9999483172779835,ATM
2023-06-30,2023-10-31,PUT,123.0,4450.23,4460.0,106.3,107.0,2.0,0.12194,106.65,1.0021953921482711,ATM
2023-06-30,2023-10-31,PUT,123.0,4450.23,4470.0,107.0,111.5,3.0,0.12048,109.25,1.0044424670185588,ATM
2023-06-30,2023-10-31,PUT,123.0,4450.23,4475.0,108.5,113.2,2.0,0.11934,110.85,1.0055660044537025,ATM
2023-06-30,2023-10-31,PUT,123.0,4450.23,4480.0,112.7,113.4,7.0,0.11934,113.05000000000001,1.0066895418888462,ATM
2023-06-30,2023-10-31,PUT,123.0,4450.23,4490.0,116.1,116.8,3.0,0.11743,116.44999999999999,1.0089366167591338,ATM
2023-06-30,2023-10-31,PUT,123.0,4450.23,4500.0,116.9,121.8,1.0,0.11522,119.35,1.0111836916294215,ITM
2023-06-30,2023-10-31,PUT,123.0,4450.23,4510.0,123.3,124.0,3.0,0.11398,123.65,1.013430766499709,ITM
2023-06-30,2023-10-31,PUT,123.0,4450.23,4520.0,124.2,130.2,6.0,0.11205,127.19999999999999,1.0156778413699967,ITM
2023-06-30,2023-10-31,PUT,123.0,4450.23,4525.0,126.2,132.2,3.0,0.11082,129.2,1.0168013788051404,ITM
2023-06-30,2023-10-31,PUT,123.0,4450.23,4530.0,131.1,131.8,3.0,0.11019,131.45,1.0179249162402844,ITM
2023-06-30,2023-10-31,PUT,123.0,4450.23,4540.0,132.1,138.4,1.0,0.10778,135.25,1.020171991110572,ITM
2023-06-30,2023-10-31,PUT,123.0,4450.23,4560.0,140.7,147.3,9.0,0.10439,144.0,1.024666140851147,ITM
2023-06-30,2023-10-31,PUT,123.0,4450.23,4570.0,148.4,149.5,9.0,0.10213,148.95,1.0269132157214347,ITM
2023-06-30,2023-10-31,PUT,123.0,4450.23,4580.0,149.9,156.8,2.0,0.09906,153.35000000000002,1.0291602905917223,ITM
2023-06-30,2023-10-31,PUT,123.0,4450.23,4590.0,155.7,160.9,2.0,0.09614,158.3,1.03140736546201,ITM
2023-06-30,2023-10-31,PUT,123.0,4450.23,4600.0,163.4,164.4,1.0,0.0938,163.9,1.0336544403322976,ITM
2023-06-30,2023-11-17,PUT,140.04,4450.23,3570.0,17.1,17.6,2.0,0.24978,17.35,0.8022057286926744,OTM
2023-06-30,2023-11-17,PUT,140.04,4450.23,3575.0,17.4,17.7,12.0,0.24943,17.549999999999997,0.8033292661278182,OTM
2023-06-30,2023-11-17,PUT,140.04,4450.23,3580.0,17.6,17.9,2.0,0.24939,17.75,0.804452803562962,OTM
2023-06-30,2023-11-17,PUT,140.04,4450.23,3590.0,17.9,18.2,4.0,0.24727,18.049999999999997,0.8066998784332496,OTM
2023-06-30,2023-11-17,PUT,140.04,4450.23,3600.0,18.2,18.6,8.0,0.24608,18.4,0.8089469533035372,OTM
2023-06-30,2023-11-17,PUT,140.04,4450.23,3610.0,18.5,18.9,4.0,0.24481,18.7,0.8111940281738248,OTM
2023-06-30,2023-11-17,PUT,140.04,4450.23,3620.0,18.9,19.3,6.0,0.24339,19.1,0.8134411030441124,OTM
2023-06-30,2023-11-17,PUT,140.04,4450.23,3625.0,19.1,19.5,82.0,0.24321,19.3,0.8145646404792563,OTM
2023-06-30,2023-11-17,PUT,140.04,4450.23,3630.0,19.2,19.6,14.0,0.24174,19.4,0.8156881779144,OTM
2023-06-30,2023-11-17,PUT,140.04,4450.23,3640.0,19.6,20.0,2.0,0.2405,19.8,0.8179352527846876,OTM
2023-06-30,2023-11-17,PUT,140.04,4450.23,3650.0,20.0,20.4,110.0,0.2396,20.2,0.8201823276549752,OTM
2023-06-30,2023-11-17,PUT,140.04,4450.23,3660.0,20.3,20.8,1.0,0.23857,20.55,0.8224294025252629,OTM
2023-06-30,2023-11-17,PUT,140.04,4450.23,3670.0,20.7,21.2,1.0,0.23628,20.95,0.8246764773955504,OTM
2023-06-30,2023-11-17,PUT,140.04,4450.23,3675.0,20.9,21.3,6.0,0.23542,21.1,0.8258000148306942,OTM
2023-06-30,2023-11-17,PUT,140.04,4450.23,3680.0,21.1,21.5,1.0,0.23484,21.3,0.826923552265838,OTM
2023-06-30,2023-11-17,PUT,140.04,4450.23,3690.0,21.5,22.0,2.0,0.2339,21.75,0.8291706271361257,OTM
2023-06-30,2023-11-17,PUT,140.04,4450.23,3700.0,22.0,22.4,13.0,0.23241,22.2,0.8314177020064132,OTM
2023-06-30,2023-11-17,PUT,140.04,4450.23,3710.0,22.3,22.8,1.0,0.23112,22.55,0.8336647768767008,OTM
2023-06-30,2023-11-17,PUT,140.04,4450.23,3720.0,22.8,23.2,3.0,0.23011,23.0,0.8359118517469885,OTM
2023-06-30,2023-11-17,PUT,140.04,4450.23,3725.0,23.0,23.5,2.0,0.22953,23.25,0.8370353891821323,OTM
2023-06-30,2023-11-17,PUT,140.04,4450.23,3730.0,23.2,23.7,4.0,0.22835,23.45,0.8381589266172761,OTM
2023-06-30,2023-11-17,PUT,140.04,4450.23,3740.0,23.7,24.1,4.0,0.22681,23.9,0.8404060014875636,OTM
2023-06-30,2023-11-17,PUT,140.04,4450.23,3750.0,24.2,24.6,6.0,0.22577,24.4,0.8426530763578512,OTM
2023-06-30,2023-11-17,PUT,140.04,4450.23,3760.0,24.6,25.1,4.0,0.22412,24.85,0.8449001512281389,OTM
2023-06-30,2023-11-17,PUT,140.04,4450.23,3770.0,25.1,25.6,2.0,0.2232,25.35,0.8471472260984264,OTM
2023-06-30,2023-11-17,PUT,140.04,4450.23,3775.0,25.4,25.8,185.0,0.22296,25.6,0.8482707635335702,OTM
2023-06-30,2023-11-17,PUT,140.04,4450.23,3780.0,25.6,26.1,3.0,0.22158,25.85,0.849394300968714,OTM
2023-06-30,2023-11-17,PUT,140.04,4450.23,3790.0,26.1,26.6,3.0,0.22073,26.35,0.8516413758390017,OTM
2023-06-30,2023-11-17,PUT,140.04,4450.23,3800.0,26.6,27.1,51.0,0.21937,26.85,0.8538884507092893,OTM
2023-06-30,2023-11-17,PUT,140.04,4450.23,3810.0,27.1,27.7,1.0,0.21766,27.4,0.8561355255795768,OTM
2023-06-30,2023-11-17,PUT,140.04,4450.23,3820.0,27.7,28.2,1.0,0.21648,27.95,0.8583826004498645,OTM
2023-06-30,2023-11-17,PUT,140.04,4450.23,3825.0,27.9,28.5,6.0,0.21523,28.2,0.8595061378850083,OTM
2023-06-30,2023-11-17,PUT,140.04,4450.23,3830.0,28.2,28.8,8.0,0.21468,28.5,0.8606296753201521,OTM
2023-06-30,2023-11-17,PUT,140.04,4450.23,3840.0,28.8,29.3,1.0,0.2138,29.05,0.8628767501904396,OTM
2023-06-30,2023-11-17,PUT,140.04,4450.23,3850.0,29.4,30.0,4.0,0.21225,29.7,0.8651238250607273,OTM
2023-06-30,2023-11-17,PUT,140.04,4450.23,3860.0,29.7,30.8,2.0,0.21122,30.25,0.8673708999310149,OTM
2023-06-30,2023-11-17,PUT,140.04,4450.23,3870.0,30.4,31.4,4.0,0.20978,30.9,0.8696179748013025,OTM
2023-06-30,2023-11-17,PUT,140.04,4450.23,3875.0,30.9,32.0,1.0,0.20997,31.45,0.8707415122364462,OTM
2023-06-30,2023-11-17,PUT,140.04,4450.23,3880.0,31.2,31.8,3.0,0.20812,31.5,0.8718650496715901,OTM
2023-06-30,2023-11-17,PUT,140.04,4450.23,3890.0,31.9,32.6,3.0,0.20715,32.25,0.8741121245418777,OTM
2023-06-30,2023-11-17,PUT,140.04,4450.23,3900.0,32.5,33.1,54.0,0.2054,32.8,0.8763591994121653,OTM
2023-06-30,2023-11-17,PUT,140.04,4450.23,3910.0,32.2,34.1,1.0,0.20423,33.150000000000006,0.8786062742824529,OTM
2023-06-30,2023-11-17,PUT,140.04,4450.23,3920.0,33.9,34.5,2.0,0.20333,34.2,0.8808533491527405,OTM
2023-06-30,2023-11-17,PUT,140.04,4450.23,3925.0,34.0,34.8,4.0,0.20197,34.4,0.8819768865878843,OTM
2023-06-30,2023-11-17,PUT,140.04,4450.23,3930.0,34.6,35.2,1.0,0.20145,34.900000000000006,0.8831004240230281,OTM
2023-06-30,2023-11-17,PUT,140.04,4450.23,3940.0,35.2,36.1,2.0,0.20045,35.650000000000006,0.8853474988933158,OTM
2023-06-30,2023-11-17,PUT,140.04,4450.23,3950.0,36.0,36.6,2.0,0.19937,36.3,0.8875945737636033,OTM
2023-06-30,2023-11-17,PUT,140.04,4450.23,3960.0,36.8,38.0,1.0,0.19827,37.4,0.8898416486338909,OTM
2023-06-30,2023-11-17,PUT,140.04,4450.23,3970.0,37.5,38.3,12.0,0.1961,37.9,0.8920887235041786,OTM
2023-06-30,2023-11-17,PUT,140.04,4450.23,3975.0,36.8,39.2,35.0,0.19525,38.0,0.8932122609393224,OTM
2023-06-30,2023-11-17,PUT,140.04,4450.23,3980.0,38.3,39.6,1.0,0.19558,38.95,0.8943357983744661,OTM
2023-06-30,2023-11-17,PUT,140.04,4450.23,3990.0,39.1,39.8,8.0,0.19379,39.45,0.8965828732447537,OTM
2023-06-30,2023-11-17,PUT,140.04,4450.23,4000.0,39.9,40.8,166.0,0.1925,40.349999999999994,0.8988299481150414,OTM
2023-06-30,2023-11-17,PUT,140.04,4450.23,4010.0,40.8,41.6,6.0,0.19131,41.2,0.901077022985329,OTM
2023-06-30,2023-11-17,PUT,140.04,4450.23,4020.0,41.7,42.5,3.0,0.18948,42.1,0.9033240978556165,OTM
2023-06-30,2023-11-17,PUT,140.04,4450.23,4025.0,42.1,42.8,1.0,0.18902,42.45,0.9044476352907603,OTM
2023-06-30,2023-11-17,PUT,140.04,4450.23,4030.0,42.6,43.2,35.0,0.18771,42.900000000000006,0.9055711727259041,OTM
2023-06-30,2023-11-17,PUT,140.04,4450.23,4040.0,43.5,44.2,4.0,0.18676,43.85,0.9078182475961918,OTM
2023-06-30,2023-11-17,PUT,140.04,4450.23,4050.0,44.1,45.2,284.0,0.18549,44.650000000000006,0.9100653224664793,OTM
2023-06-30,2023-11-17,PUT,140.04,4450.23,4060.0,45.3,46.1,2.0,0.18397,45.7,0.912312397336767,OTM
2023-06-30,2023-11-17,PUT,140.04,4450.23,4070.0,46.3,47.7,2.0,0.18367,47.0,0.9145594722070546,OTM
2023-06-30,2023-11-17,PUT,140.04,4450.23,4075.0,46.5,47.7,1.0,0.18171,47.1,0.9156830096421984,OTM
2023-06-30,2023-11-17,PUT,140.04,4450.23,4080.0,47.3,48.7,4.0,0.18189,48.0,0.9168065470773421,OTM
2023-06-30,2023-11-17,PUT,140.04,4450.23,4090.0,48.4,49.8,1.0,0.18024,49.099999999999994,0.9190536219476297,OTM
2023-06-30,2023-11-17,PUT,140.04,4450.23,4100.0,49.4,50.3,4.0,0.17825,49.849999999999994,0.9213006968179174,OTM
2023-06-30,2023-11-17,PUT,140.04,4450.23,4110.0,50.4,51.4,3.0,0.17703,50.9,0.923547771688205,OTM
2023-06-30,2023-11-17,PUT,140.04,4450.23,4120.0,51.5,52.5,2.0,0.17591,52.0,0.9257948465584925,OTM
2023-06-30,2023-11-17,PUT,140.04,4450.23,4125.0,52.1,53.0,8.0,0.17565,52.55,0.9269183839936364,OTM
2023-06-30,2023-11-17,PUT,140.04,4450.23,4130.0,52.8,54.7,1.0,0.17542,53.75,0.9280419214287802,OTM
2023-06-30,2023-11-17,PUT,140.04,4450.23,4140.0,53.9,54.6,4.0,0.17313,54.25,0.9302889962990678,OTM
2023-06-30,2023-11-17,PUT,140.04,4450.23,4150.0,54.7,56.1,5.0,0.17157,55.400000000000006,0.9325360711693553,OTM
2023-06-30,2023-11-17,PUT,140.04,4450.23,4160.0,56.3,57.2,5.0,0.16997,56.75,0.934783146039643,OTM
2023-06-30,2023-11-17,PUT,140.04,4450.23,4170.0,57.5,58.4,5.0,0.1692,57.95,0.9370302209099306,OTM
2023-06-30,2023-11-17,PUT,140.04,4450.23,4175.0,58.2,59.0,117.0,0.16845,58.6,0.9381537583450744,OTM
2023-06-30,2023-11-17,PUT,140.04,4450.23,4180.0,58.5,59.7,200.0,0.16732,59.1,0.9392772957802182,OTM
2023-06-30,2023-11-17,PUT,140.04,4450.23,4190.0,60.2,62.4,2.0,0.16748,61.3,0.9415243706505058,OTM
2023-06-30,2023-11-17,PUT,140.04,4450.23,4200.0,61.2,62.4,101.0,0.16461,61.8,0.9437714455207934,OTM
2023-06-30,2023-11-17,PUT,140.04,4450.23,4210.0,62.6,63.8,1.0,0.16353,63.2,0.946018520391081,OTM
2023-06-30,2023-11-17,PUT,140.04,4450.23,4220.0,64.1,65.3,2.0,0.16157,64.69999999999999,0.9482655952613686,OTM
2023-06-30,2023-11-17,PUT,140.04,4450.23,4225.0,64.3,66.7,1.0,0.16144,65.5,0.9493891326965124,OTM
2023-06-30,2023-11-17,PUT,140.04,4450.23,4230.0,65.6,66.8,2.0,0.1605,66.19999999999999,0.9505126701316562,OTM
2023-06-30,2023-11-17,PUT,140.04,4450.23,4240.0,66.6,68.2,1.0,0.15897,67.4,0.9527597450019438,OTM
2023-06-30,2023-11-17,PUT,140.04,4450.23,4250.0,68.8,69.9,75.0,0.15766,69.35,0.9550068198722315,OTM
2023-06-30,2023-11-17,PUT,140.04,4450.23,4260.0,70.3,71.8,5.0,0.15601,71.05,0.957253894742519,OTM
2023-06-30,2023-11-17,PUT,140.04,4450.23,4270.0,71.9,73.2,2.0,0.15475,72.55000000000001,0.9595009696128066,OTM
2023-06-30,2023-11-17,PUT,140.04,4450.23,4275.0,73.0,74.1,6.0,0.15396,73.55,0.9606245070479504,OTM
2023-06-30,2023-11-17,PUT,140.04,4450.23,4280.0,73.7,75.8,2.0,0.15376,74.75,0.9617480444830943,OTM
2023-06-30,2023-11-17,PUT,140.04,4450.23,4290.0,75.6,76.6,3.0,0.15176,76.1,0.9639951193533818,OTM
2023-06-30,2023-11-17,PUT,140.04,4450.23,4300.0,77.3,78.8,61.0,0.15006,78.05,0.9662421942236694,OTM
2023-06-30,2023-11-17,PUT,140.04,4450.23,4310.0,76.9,81.0,2.0,0.14836,78.95,0.968489269093957,OTM
2023-06-30,2023-11-17,PUT,140.04,4450.23,4320.0,80.3,83.3,48.0,0.14719,81.8,0.9707363439642447,OTM
2023-06-30,2023-11-17,PUT,140.04,4450.23,4325.0,82.2,83.4,2.0,0.1472,82.80000000000001,0.9718598813993884,OTM
2023-06-30,2023-11-17,PUT,140.04,4450.23,4330.0,83.2,84.4,3.0,0.14622,83.80000000000001,0.9729834188345322,OTM
2023-06-30,2023-11-17,PUT,140.04,4450.23,4340.0,85.2,86.4,3.0,0.14475,85.80000000000001,0.9752304937048198,OTM
2023-06-30,2023-11-17,PUT,140.04,4450.23,4350.0,87.3,88.5,103.0,0.14314,87.9,0.9774775685751075,OTM
2023-06-30,2023-11-17,PUT,140.04,4450.23,4360.0,89.4,90.9,6.0,0.14168,90.15,0.979724643445395,OTM
2023-06-30,2023-11-17,PUT,140.04,4450.23,4370.0,89.0,93.7,1.0,0.13897,91.35,0.9819717183156826,OTM
2023-06-30,2023-11-17,PUT,140.04,4450.23,4375.0,92.8,94.0,1.0,0.13916,93.4,0.9830952557508265,OTM
2023-06-30,2023-11-17,PUT,140.04,4450.23,4380.0,94.0,95.2,1.0,0.1392,94.6,0.9842187931859703,OTM
2023-06-30,2023-11-17,PUT,140.04,4450.23,4390.0,93.5,98.9,3.0,0.13622,96.2,0.9864658680562579,OTM
2023-06-30,2023-11-17,PUT,140.04,4450.23,4400.0,98.8,100.4,8.0,0.13531,99.6,0.9887129429265454,OTM
2023-06-30,2023-11-17,PUT,140.04,4450.23,4410.0,101.2,103.0,1.0,0.13455,102.1,0.9909600177968331,ATM
2023-06-30,2023-11-17,PUT,140.04,4450.23,4420.0,102.8,106.4,1.0,0.13215,104.6,0.9932070926671207,ATM
2023-06-30,2023-11-17,PUT,140.04,4450.23,4425.0,104.0,107.6,64.0,0.13121,105.8,0.9943306301022645,ATM
2023-06-30,2023-11-17,PUT,140.04,4450.23,4430.0,103.4,108.4,2.0,0.12949,105.9,0.9954541675374082,ATM
2023-06-30,2023-11-17,PUT,140.04,4450.23,4440.0,109.4,111.7,15.0,0.12955,110.55000000000001,0.9977012424076959,ATM
2023-06-30,2023-11-17,PUT,140.04,4450.23,4450.0,112.4,113.7,1.0,0.12762,113.05000000000001,0.9999483172779835,ATM
2023-06-30,2023-11-17,PUT,140.04,4450.23,4460.0,115.5,117.0,7.0,0.12659,116.25,1.0021953921482711,ATM
2023-06-30,2023-11-17,PUT,140.04,4450.23,4470.0,118.5,119.8,46.0,0.1246,119.15,1.0044424670185588,ATM
2023-06-30,2023-11-17,PUT,140.04,4450.23,4475.0,120.1,121.4,2.0,0.1245,120.75,1.0055660044537025,ATM
2023-06-30,2023-11-17,PUT,140.04,4450.23,4480.0,120.4,124.4,1.0,0.12357,122.4,1.0066895418888462,ATM
2023-06-30,2023-11-17,PUT,140.04,4450.23,4490.0,124.9,127.4,2.0,0.12196,126.15,1.0089366167591338,ATM
2023-06-30,2023-11-17,PUT,140.04,4450.23,4500.0,126.6,130.3,4.0,0.11897,128.45,1.0111836916294215,ITM
2023-06-30,2023-11-17,PUT,140.04,4450.23,4520.0,135.4,138.3,45.0,0.11657,136.85000000000002,1.0156778413699967,ITM
2023-06-30,2023-11-17,PUT,140.04,4450.23,4525.0,135.6,140.2,3.0,0.11543,137.89999999999998,1.0168013788051404,ITM
2023-06-30,2023-11-17,PUT,140.04,4450.23,4550.0,145.9,150.3,20.0,0.11098,148.10000000000002,1.0224190659808594,ITM
2023-06-30,2023-11-17,PUT,140.04,4450.23,4600.0,169.9,171.9,1.0,0.09988,170.9,1.0336544403322976,ITM
2023-06-30,2023-11-17,PUT,140.04,4450.23,4625.0,180.4,185.0,1.0,0.09057,182.7,1.0392721275080166,ITM
2023-06-30,2023-11-30,PUT,153.04,4450.23,3575.0,19.4,19.9,1.0,0.24599,19.65,0.8033292661278182,OTM
2023-06-30,2023-11-30,PUT,153.04,4450.23,3600.0,20.3,20.8,1.0,0.24307,20.55,0.8089469533035372,OTM
2023-06-30,2023-11-30,PUT,153.04,4450.23,3625.0,21.2,21.8,3.0,0.23972,21.5,0.8145646404792563,OTM
2023-06-30,2023-11-30,PUT,153.04,4450.23,3650.0,22.2,22.8,38.0,0.23629,22.5,0.8201823276549752,OTM
2023-06-30,2023-11-30,PUT,153.04,4450.23,3675.0,23.3,23.9,2.0,0.23304,23.6,0.8258000148306942,OTM
2023-06-30,2023-11-30,PUT,153.04,4450.23,3690.0,23.9,24.5,2.0,0.23121,24.2,0.8291706271361257,OTM
2023-06-30,2023-11-30,PUT,153.04,4450.23,3700.0,24.3,24.9,100.0,0.23023,24.6,0.8314177020064132,OTM
2023-06-30,2023-11-30,PUT,153.04,4450.23,3710.0,24.8,25.4,1.0,0.229,25.1,0.8336647768767008,OTM
2023-06-30,2023-11-30,PUT,153.04,4450.23,3720.0,25.3,25.9,1.0,0.22693,25.6,0.8359118517469885,OTM
2023-06-30,2023-11-30,PUT,153.04,4450.23,3725.0,25.5,26.2,1.0,0.22699,25.85,0.8370353891821323,OTM
2023-06-30,2023-11-30,PUT,153.04,4450.23,3730.0,25.8,26.4,1.0,0.22574,26.1,0.8381589266172761,OTM
2023-06-30,2023-11-30,PUT,153.04,4450.23,3740.0,26.3,26.9,10.0,0.22484,26.6,0.8404060014875636,OTM
2023-06-30,2023-11-30,PUT,153.04,4450.23,3750.0,26.8,27.4,1.0,0.22391,27.1,0.8426530763578512,OTM
2023-06-30,2023-11-30,PUT,153.04,4450.23,3760.0,27.3,27.9,6.0,0.22184,27.6,0.8449001512281389,OTM
2023-06-30,2023-11-30,PUT,153.04,4450.23,3770.0,27.8,28.4,1.0,0.22054,28.1,0.8471472260984264,OTM
2023-06-30,2023-11-30,PUT,153.04,4450.23,3775.0,28.1,28.7,1.0,0.22002,28.4,0.8482707635335702,OTM
2023-06-30,2023-11-30,PUT,153.04,4450.23,3780.0,28.3,29.0,3.0,0.21976,28.65,0.849394300968714,OTM
2023-06-30,2023-11-30,PUT,153.04,4450.23,3790.0,28.9,29.5,1.0,0.21804,29.2,0.8516413758390017,OTM
2023-06-30,2023-11-30,PUT,153.04,4450.23,3800.0,29.4,30.1,6.0,0.21693,29.75,0.8538884507092893,OTM
2023-06-30,2023-11-30,PUT,153.04,4450.23,3810.0,30.0,30.7,10.0,0.21601,30.35,0.8561355255795768,OTM
2023-06-30,2023-11-30,PUT,153.04,4450.23,3820.0,30.6,31.3,2.0,0.21448,30.950000000000003,0.8583826004498645,OTM
2023-06-30,2023-11-30,PUT,153.04,4450.23,3825.0,30.9,31.6,10.0,0.21335,31.25,0.8595061378850083,OTM
2023-06-30,2023-11-30,PUT,153.04,4450.23,3830.0,31.2,31.9,8.0,0.21324,31.549999999999997,0.8606296753201521,OTM
2023-06-30,2023-11-30,PUT,153.04,4450.23,3840.0,31.0,32.4,10.0,0.21061,31.7,0.8628767501904396,OTM
2023-06-30,2023-11-30,PUT,153.04,4450.23,3850.0,32.4,33.1,102.0,0.21078,32.75,0.8651238250607273,OTM
2023-06-30,2023-11-30,PUT,153.04,4450.23,3860.0,33.1,33.8,1.0,0.20983,33.45,0.8673708999310149,OTM
2023-06-30,2023-11-30,PUT,153.04,4450.23,3870.0,33.7,34.4,2.0,0.20814,34.05,0.8696179748013025,OTM
2023-06-30,2023-11-30,PUT,153.04,4450.23,3875.0,34.1,34.7,2.0,0.20708,34.400000000000006,0.8707415122364462,OTM
2023-06-30,2023-11-30,PUT,153.04,4450.23,3880.0,34.4,35.1,4.0,0.20628,34.75,0.8718650496715901,OTM
2023-06-30,2023-11-30,PUT,153.04,4450.23,3890.0,35.0,35.8,3.0,0.20569,35.4,0.8741121245418777,OTM
2023-06-30,2023-11-30,PUT,153.04,4450.23,3900.0,35.7,36.5,10.0,0.20377,36.1,0.8763591994121653,OTM
2023-06-30,2023-11-30,PUT,153.04,4450.23,3910.0,36.5,37.2,4.0,0.20296,36.85,0.8786062742824529,OTM
2023-06-30,2023-11-30,PUT,153.04,4450.23,3920.0,37.2,37.9,1.0,0.20189,37.55,0.8808533491527405,OTM
2023-06-30,2023-11-30,PUT,153.04,4450.23,3925.0,37.6,38.3,3.0,0.20046,37.95,0.8819768865878843,OTM
2023-06-30,2023-11-30,PUT,153.04,4450.23,3930.0,37.9,38.7,2.0,0.19974,38.3,0.8831004240230281,OTM
2023-06-30,2023-11-30,PUT,153.04,4450.23,3940.0,38.7,39.4,9.0,0.19852,39.05,0.8853474988933158,OTM
2023-06-30,2023-11-30,PUT,153.04,4450.23,3950.0,39.5,40.4,9.0,0.198,39.95,0.8875945737636033,OTM
2023-06-30,2023-11-30,PUT,153.04,4450.23,3960.0,40.3,41.1,9.0,0.19682,40.7,0.8898416486338909,OTM
2023-06-30,2023-11-30,PUT,153.04,4450.23,3970.0,41.1,41.9,3.0,0.19538,41.5,0.8920887235041786,OTM
2023-06-30,2023-11-30,PUT,153.04,4450.23,3975.0,41.5,42.3,36.0,0.19451,41.9,0.8932122609393224,OTM
2023-06-30,2023-11-30,PUT,153.04,4450.23,3980.0,42.0,42.8,1.0,0.1939,42.4,0.8943357983744661,OTM
2023-06-30,2023-11-30,PUT,153.04,4450.23,3990.0,42.8,43.7,1.0,0.19236,43.25,0.8965828732447537,OTM
2023-06-30,2023-11-30,PUT,153.04,4450.23,4000.0,43.7,44.5,9.0,0.19111,44.1,0.8988299481150414,OTM
2023-06-30,2023-11-30,PUT,153.04,4450.23,4010.0,44.5,45.3,36.0,0.1902,44.9,0.901077022985329,OTM
2023-06-30,2023-11-30,PUT,153.04,4450.23,4020.0,44.5,46.4,2.0,0.18815,45.45,0.9033240978556165,OTM
2023-06-30,2023-11-30,PUT,153.04,4450.23,4025.0,44.9,46.9,1.0,0.18738,45.9,0.9044476352907603,OTM
2023-06-30,2023-11-30,PUT,153.04,4450.23,4030.0,46.4,47.2,1.0,0.18754,46.8,0.9055711727259041,OTM
2023-06-30,2023-11-30,PUT,153.04,4450.23,4040.0,46.3,48.2,1.0,0.18495,47.25,0.9078182475961918,OTM
2023-06-30,2023-11-30,PUT,153.04,4450.23,4050.0,48.4,49.3,12.0,0.18529,48.849999999999994,0.9100653224664793,OTM
2023-06-30,2023-11-30,PUT,153.04,4450.23,4060.0,49.4,50.3,9.0,0.18318,49.849999999999994,0.912312397336767,OTM
2023-06-30,2023-11-30,PUT,153.04,4450.23,4070.0,49.3,51.3,3.0,0.18122,50.3,0.9145594722070546,OTM
2023-06-30,2023-11-30,PUT,153.04,4450.23,4075.0,50.9,51.9,2.0,0.18191,51.4,0.9156830096421984,OTM
2023-06-30,2023-11-30,PUT,153.04,4450.23,4080.0,50.4,52.9,5.0,0.18029,51.65,0.9168065470773421,OTM
2023-06-30,2023-11-30,PUT,153.04,4450.23,4100.0,53.6,54.6,3.0,0.17781,54.1,0.9213006968179174,OTM
2023-06-30,2023-11-30,PUT,153.04,4450.23,4110.0,53.6,56.3,2.0,0.1763,54.95,0.923547771688205,OTM
2023-06-30,2023-11-30,PUT,153.04,4450.23,4120.0,54.8,56.9,28.0,0.17529,55.849999999999994,0.9257948465584925,OTM
2023-06-30,2023-11-30,PUT,153.04,4450.23,4125.0,56.5,57.4,19.0,0.17467,56.95,0.9269183839936364,OTM
2023-06-30,2023-11-30,PUT,153.04,4450.23,4130.0,57.1,58.0,1.0,0.17406,57.55,0.9280419214287802,OTM
2023-06-30,2023-11-30,PUT,153.04,4450.23,4140.0,58.3,59.2,1.0,0.17315,58.75,0.9302889962990678,OTM
2023-06-30,2023-11-30,PUT,153.04,4450.23,4150.0,59.5,60.4,1.0,0.171,59.95,0.9325360711693553,OTM
2023-06-30,2023-11-30,PUT,153.04,4450.23,4160.0,60.8,61.8,8.0,0.17005,61.3,0.934783146039643,OTM
2023-06-30,2023-11-30,PUT,153.04,4450.23,4170.0,62.1,63.2,3.0,0.16908,62.650000000000006,0.9370302209099306,OTM
2023-06-30,2023-11-30,PUT,153.04,4450.23,4175.0,62.8,63.8,1.0,0.16817,63.3,0.9381537583450744,OTM
2023-06-30,2023-11-30,PUT,153.04,4450.23,4180.0,62.2,64.5,1.0,0.16673,63.35,0.9392772957802182,OTM
2023-06-30,2023-11-30,PUT,153.04,4450.23,4190.0,64.8,65.8,2.0,0.16613,65.3,0.9415243706505058,OTM
2023-06-30,2023-11-30,PUT,153.04,4450.23,4200.0,64.9,68.0,2.0,0.1646,66.45,0.9437714455207934,OTM
2023-06-30,2023-11-30,PUT,153.04,4450.23,4220.0,69.0,70.2,2.0,0.16166,69.6,0.9482655952613686,OTM
2023-06-30,2023-11-30,PUT,153.04,4450.23,4225.0,69.9,71.0,20.0,0.16161,70.45,0.9493891326965124,OTM
2023-06-30,2023-11-30,PUT,153.04,4450.23,4230.0,70.7,71.7,1.0,0.16093,71.2,0.9505126701316562,OTM
2023-06-30,2023-11-30,PUT,153.04,4450.23,4240.0,72.3,73.3,1.0,0.15899,72.8,0.9527597450019438,OTM
2023-06-30,2023-11-30,PUT,153.04,4450.23,4250.0,73.9,74.9,1.0,0.1583,74.4,0.9550068198722315,OTM
2023-06-30,2023-11-30,PUT,153.04,4450.23,4260.0,75.6,76.6,3.0,0.15694,76.1,0.957253894742519,OTM
2023-06-30,2023-11-30,PUT,153.04,4450.23,4270.0,77.0,79.2,1.0,0.15539,78.1,0.9595009696128066,OTM
2023-06-30,2023-11-30,PUT,153.04,4450.23,4275.0,76.6,80.1,38.0,0.15409,78.35,0.9606245070479504,OTM
2023-06-30,2023-11-30,PUT,153.04,4450.23,4280.0,79.0,80.0,1.0,0.15407,79.5,0.9617480444830943,OTM
2023-06-30,2023-11-30,PUT,153.04,4450.23,4290.0,80.7,81.8,6.0,0.15186,81.25,0.9639951193533818,OTM
2023-06-30,2023-11-30,PUT,153.04,4450.23,4300.0,82.7,83.7,5.0,0.15096,83.2,0.9662421942236694,OTM
2023-06-30,2023-11-30,PUT,153.04,4450.23,4310.0,84.4,85.6,1.0,0.14916,85.0,0.968489269093957,OTM
2023-06-30,2023-11-30,PUT,153.04,4450.23,4320.0,86.6,87.5,1.0,0.14814,87.05,0.9707363439642447,OTM
2023-06-30,2023-11-30,PUT,153.04,4450.23,4325.0,85.9,88.5,80.0,0.14679,87.2,0.9718598813993884,OTM
2023-06-30,2023-11-30,PUT,153.04,4450.23,4340.0,90.2,91.6,3.0,0.14566,90.9,0.9752304937048198,OTM
2023-06-30,2023-11-30,PUT,153.04,4450.23,4350.0,91.0,93.7,5.0,0.14262,92.35,0.9774775685751075,OTM
2023-06-30,2023-11-30,PUT,153.04,4450.23,4360.0,94.7,95.9,4.0,0.14195,95.30000000000001,0.979724643445395,OTM
2023-06-30,2023-11-30,PUT,153.04,4450.23,4370.0,97.2,98.2,4.0,0.14083,97.7,0.9819717183156826,OTM
2023-06-30,2023-11-30,PUT,153.04,4450.23,4375.0,98.1,100.5,1.0,0.14058,99.3,0.9830952557508265,OTM
2023-06-30,2023-11-30,PUT,153.04,4450.23,4380.0,99.3,101.7,5.0,0.1398,100.5,0.9842187931859703,OTM
2023-06-30,2023-11-30,PUT,153.04,4450.23,4400.0,104.1,105.4,4.0,0.1367,104.75,0.9887129429265454,OTM
2023-06-30,2023-11-30,PUT,153.04,4450.23,4410.0,106.4,109.2,112.0,0.13525,107.80000000000001,0.9909600177968331,ATM
2023-06-30,2023-11-30,PUT,153.04,4450.23,4420.0,109.2,110.5,6.0,0.13328,109.85,0.9932070926671207,ATM
2023-06-30,2023-11-30,PUT,153.04,4450.23,4425.0,110.3,113.2,22.0,0.13389,111.75,0.9943306301022645,ATM
2023-06-30,2023-11-30,PUT,153.04,4450.23,4430.0,111.7,114.5,3.0,0.13248,113.1,0.9954541675374082,ATM
2023-06-30,2023-11-30,PUT,153.04,4450.23,4450.0,117.3,120.2,1.0,0.12911,118.75,0.9999483172779835,ATM
2023-06-30,2023-11-30,PUT,153.04,4450.23,4475.0,125.5,126.3,1.0,0.1252,125.9,1.0055660044537025,ATM
2023-06-30,2023-11-30,PUT,153.04,4450.23,4500.0,133.7,134.8,1.0,0.12161,134.25,1.0111836916294215,ITM
2023-06-30,2023-11-30,PUT,153.04,4450.23,4550.0,152.3,153.4,5.0,0.11307,152.85000000000002,1.0224190659808594,ITM
2023-06-30,2023-11-30,PUT,153.04,4450.23,4600.0,171.0,177.1,4.0,0.101,174.05,1.0336544403322976,ITM
2023-06-30,2023-12-15,PUT,168.04,4450.23,3575.0,22.3,22.7,185.0,0.24376,22.5,0.8033292661278182,OTM
2023-06-30,2023-12-15,PUT,168.04,4450.23,3600.0,23.4,23.7,479.0,0.24134,23.549999999999997,0.8089469533035372,OTM
2023-06-30,2023-12-15,PUT,168.04,4450.23,3625.0,24.4,24.8,10.0,0.23842,24.6,0.8145646404792563,OTM
2023-06-30,2023-12-15,PUT,168.04,4450.23,3650.0,25.5,25.9,92.0,0.23494,25.7,0.8201823276549752,OTM
2023-06-30,2023-12-15,PUT,168.04,4450.23,3675.0,26.6,27.1,1.0,0.23208,26.85,0.8258000148306942,OTM
2023-06-30,2023-12-15,PUT,168.04,4450.23,3700.0,27.8,28.3,92.0,0.22824,28.05,0.8314177020064132,OTM
2023-06-30,2023-12-15,PUT,168.04,4450.23,3710.0,28.4,28.8,367.0,0.22703,28.6,0.8336647768767008,OTM
2023-06-30,2023-12-15,PUT,168.04,4450.23,3720.0,28.9,29.3,6.0,0.22572,29.1,0.8359118517469885,OTM
2023-06-30,2023-12-15,PUT,168.04,4450.23,3725.0,29.1,29.6,52.0,0.22496,29.35,0.8370353891821323,OTM
2023-06-30,2023-12-15,PUT,168.04,4450.23,3740.0,29.9,30.4,5.0,0.22399,30.15,0.8404060014875636,OTM
2023-06-30,2023-12-15,PUT,168.04,4450.23,3750.0,30.5,31.0,52.0,0.22208,30.75,0.8426530763578512,OTM
2023-06-30,2023-12-15,PUT,168.04,4450.23,3760.0,31.0,31.5,2.0,0.22079,31.25,0.8449001512281389,OTM
2023-06-30,2023-12-15,PUT,168.04,4450.23,3775.0,31.9,32.4,152.0,0.21956,32.15,0.8482707635335702,OTM
2023-06-30,2023-12-15,PUT,168.04,4450.23,3780.0,32.2,32.8,1.0,0.21913,32.5,0.849394300968714,OTM
2023-06-30,2023-12-15,PUT,168.04,4450.23,3800.0,33.4,34.0,76.0,0.2163,33.7,0.8538884507092893,OTM
2023-06-30,2023-12-15,PUT,168.04,4450.23,3820.0,33.8,36.0,8.0,0.21365,34.9,0.8583826004498645,OTM
2023-06-30,2023-12-15,PUT,168.04,4450.23,3825.0,34.1,35.6,4.0,0.21201,34.85,0.8595061378850083,OTM
2023-06-30,2023-12-15,PUT,168.04,4450.23,3830.0,35.4,36.0,2.0,0.21222,35.7,0.8606296753201521,OTM
2023-06-30,2023-12-15,PUT,168.04,4450.23,3850.0,35.7,37.8,24.0,0.20917,36.75,0.8651238250607273,OTM
2023-06-30,2023-12-15,PUT,168.04,4450.23,3860.0,37.3,38.1,10.0,0.20875,37.7,0.8673708999310149,OTM
2023-06-30,2023-12-15,PUT,168.04,4450.23,3870.0,38.0,39.5,4.0,0.20817,38.75,0.8696179748013025,OTM
2023-06-30,2023-12-15,PUT,168.04,4450.23,3875.0,38.5,39.0,217.0,0.20731,38.75,0.8707415122364462,OTM
2023-06-30,2023-12-15,PUT,168.04,4450.23,3880.0,38.7,39.5,7.0,0.2062,39.1,0.8718650496715901,OTM
2023-06-30,2023-12-15,PUT,168.04,4450.23,3890.0,39.6,41.0,3.0,0.20552,40.3,0.8741121245418777,OTM
2023-06-30,2023-12-15,PUT,168.04,4450.23,3900.0,40.2,41.2,463.0,0.20387,40.7,0.8763591994121653,OTM
2023-06-30,2023-12-15,PUT,168.04,4450.23,3910.0,41.1,41.8,15.0,0.20252,41.45,0.8786062742824529,OTM
2023-06-30,2023-12-15,PUT,168.04,4450.23,3920.0,41.8,42.7,10.0,0.20171,42.25,0.8808533491527405,OTM
2023-06-30,2023-12-15,PUT,168.04,4450.23,3925.0,42.3,43.0,2.0,0.20085,42.65,0.8819768865878843,OTM
2023-06-30,2023-12-15,PUT,168.04,4450.23,3930.0,42.7,43.5,24.0,0.19988,43.1,0.8831004240230281,OTM
2023-06-30,2023-12-15,PUT,168.04,4450.23,3940.0,43.6,44.2,6.0,0.19892,43.900000000000006,0.8853474988933158,OTM
2023-06-30,2023-12-15,PUT,168.04,4450.23,3950.0,44.4,45.6,216.0,0.19841,45.0,0.8875945737636033,OTM
2023-06-30,2023-12-15,PUT,168.04,4450.23,3960.0,45.2,46.0,9.0,0.19658,45.6,0.8898416486338909,OTM
2023-06-30,2023-12-15,PUT,168.04,4450.23,3970.0,46.1,46.9,6.0,0.19573,46.5,0.8920887235041786,OTM
2023-06-30,2023-12-15,PUT,168.04,4450.23,3975.0,46.4,47.3,35.0,0.195,46.849999999999994,0.8932122609393224,OTM
2023-06-30,2023-12-15,PUT,168.04,4450.23,3980.0,47.1,47.8,1.0,0.19366,47.45,0.8943357983744661,OTM
2023-06-30,2023-12-15,PUT,168.04,4450.23,3990.0,46.7,49.2,4.0,0.19237,47.95,0.8965828732447537,OTM
2023-06-30,2023-12-15,PUT,168.04,4450.23,4000.0,49.1,49.6,137.0,0.19204,49.35,0.8988299481150414,OTM
2023-06-30,2023-12-15,PUT,168.04,4450.23,4010.0,49.7,50.6,3.0,0.19055,50.150000000000006,0.901077022985329,OTM
2023-06-30,2023-12-15,PUT,168.04,4450.23,4020.0,50.7,51.6,2.0,0.18927,51.150000000000006,0.9033240978556165,OTM
2023-06-30,2023-12-15,PUT,168.04,4450.23,4025.0,51.2,52.1,375.0,0.18848,51.650000000000006,0.9044476352907603,OTM
2023-06-30,2023-12-15,PUT,168.04,4450.23,4030.0,51.8,52.6,3.0,0.18776,52.2,0.9055711727259041,OTM
2023-06-30,2023-12-15,PUT,168.04,4450.23,4040.0,52.9,53.8,9.0,0.18708,53.349999999999994,0.9078182475961918,OTM
2023-06-30,2023-12-15,PUT,168.04,4450.23,4050.0,53.8,54.7,4.0,0.18565,54.25,0.9100653224664793,OTM
2023-06-30,2023-12-15,PUT,168.04,4450.23,4070.0,56.0,56.8,1.0,0.18281,56.4,0.9145594722070546,OTM
2023-06-30,2023-12-15,PUT,168.04,4450.23,4075.0,56.6,57.6,103.0,0.18193,57.1,0.9156830096421984,OTM
2023-06-30,2023-12-15,PUT,168.04,4450.23,4080.0,57.0,58.0,1.0,0.18155,57.5,0.9168065470773421,OTM
2023-06-30,2023-12-15,PUT,168.04,4450.23,4090.0,58.3,59.1,2.0,0.1799,58.7,0.9190536219476297,OTM
2023-06-30,2023-12-15,PUT,168.04,4450.23,4100.0,59.6,61.0,330.0,0.17982,60.3,0.9213006968179174,OTM
2023-06-30,2023-12-15,PUT,168.04,4450.23,4110.0,60.6,61.6,1.0,0.1772,61.1,0.923547771688205,OTM
2023-06-30,2023-12-15,PUT,168.04,4450.23,4120.0,62.0,62.8,7.0,0.17635,62.4,0.9257948465584925,OTM
2023-06-30,2023-12-15,PUT,168.04,4450.23,4125.0,62.4,63.4,49.0,0.17622,62.9,0.9269183839936364,OTM
2023-06-30,2023-12-15,PUT,168.04,4450.23,4130.0,63.1,64.1,1.0,0.17501,63.599999999999994,0.9280419214287802,OTM
2023-06-30,2023-12-15,PUT,168.04,4450.23,4140.0,64.5,65.5,2.0,0.17373,65.0,0.9302889962990678,OTM
2023-06-30,2023-12-15,PUT,168.04,4450.23,4150.0,65.7,66.8,3.0,0.17221,66.25,0.9325360711693553,OTM
2023-06-30,2023-12-15,PUT,168.04,4450.23,4160.0,67.0,68.0,17.0,0.17172,67.5,0.934783146039643,OTM
2023-06-30,2023-12-15,PUT,168.04,4450.23,4170.0,68.4,69.4,3.0,0.16962,68.9,0.9370302209099306,OTM
2023-06-30,2023-12-15,PUT,168.04,4450.23,4175.0,69.1,70.1,18.0,0.16916,69.6,0.9381537583450744,OTM
2023-06-30,2023-12-15,PUT,168.04,4450.23,4180.0,69.9,70.8,3.0,0.16832,70.35,0.9392772957802182,OTM
2023-06-30,2023-12-15,PUT,168.04,4450.23,4190.0,71.4,73.7,2.0,0.16842,72.55000000000001,0.9415243706505058,OTM
2023-06-30,2023-12-15,PUT,168.04,4450.23,4200.0,72.7,74.0,826.0,0.16594,73.35,0.9437714455207934,OTM
2023-06-30,2023-12-15,PUT,168.04,4450.23,4210.0,74.3,75.3,1.0,0.16519,74.8,0.946018520391081,OTM
2023-06-30,2023-12-15,PUT,168.04,4450.23,4220.0,75.8,77.1,15.0,0.16336,76.44999999999999,0.9482655952613686,OTM
2023-06-30,2023-12-15,PUT,168.04,4450.23,4225.0,76.6,77.8,2.0,0.16259,77.19999999999999,0.9493891326965124,OTM
2023-06-30,2023-12-15,PUT,168.04,4450.23,4230.0,77.4,78.7,2.0,0.16191,78.05000000000001,0.9505126701316562,OTM
2023-06-30,2023-12-15,PUT,168.04,4450.23,4240.0,79.0,80.1,12.0,0.16146,79.55,0.9527597450019438,OTM
2023-06-30,2023-12-15,PUT,168.04,4450.23,4250.0,80.7,82.0,197.0,0.15976,81.35,0.9550068198722315,OTM
2023-06-30,2023-12-15,PUT,168.04,4450.23,4260.0,82.5,83.5,1.0,0.15835,83.0,0.957253894742519,OTM
2023-06-30,2023-12-15,PUT,168.04,4450.23,4270.0,84.2,85.5,4.0,0.15731,84.85,0.9595009696128066,OTM
2023-06-30,2023-12-15,PUT,168.04,4450.23,4275.0,85.1,86.2,10.0,0.15669,85.65,0.9606245070479504,OTM
2023-06-30,2023-12-15,PUT,168.04,4450.23,4280.0,86.0,87.1,1.0,0.15579,86.55,0.9617480444830943,OTM
2023-06-30,2023-12-15,PUT,168.04,4450.23,4290.0,87.9,88.9,1.0,0.15489,88.4,0.9639951193533818,OTM
2023-06-30,2023-12-15,PUT,168.04,4450.23,4300.0,89.8,90.8,207.0,0.15316,90.3,0.9662421942236694,OTM
2023-06-30,2023-12-15,PUT,168.04,4450.23,4310.0,91.8,92.8,30.0,0.15193,92.3,0.968489269093957,OTM
2023-06-30,2023-12-15,PUT,168.04,4450.23,4320.0,93.8,94.8,6.0,0.15008,94.3,0.9707363439642447,OTM
2023-06-30,2023-12-15,PUT,168.04,4450.23,4325.0,94.8,96.5,3.0,0.15021,95.65,0.9718598813993884,OTM
2023-06-30,2023-12-15,PUT,168.04,4450.23,4330.0,95.8,96.8,3.0,0.14892,96.3,0.9729834188345322,OTM
2023-06-30,2023-12-15,PUT,168.04,4450.23,4340.0,97.2,99.7,8.0,0.14795,98.45,0.9752304937048198,OTM
2023-06-30,2023-12-15,PUT,168.04,4450.23,4350.0,97.5,102.3,57.0,0.14601,99.9,0.9774775685751075,OTM
2023-06-30,2023-12-15,PUT,168.04,4450.23,4360.0,102.2,104.1,6.0,0.1454,103.15,0.979724643445395,OTM
2023-06-30,2023-12-15,PUT,168.04,4450.23,4370.0,104.5,106.4,3.0,0.14346,105.45,0.9819717183156826,OTM
2023-06-30,2023-12-15,PUT,168.04,4450.23,4375.0,105.7,106.7,50.0,0.14273,106.2,0.9830952557508265,OTM
2023-06-30,2023-12-15,PUT,168.04,4450.23,4380.0,106.9,107.9,4.0,0.1418,107.4,0.9842187931859703,OTM
2023-06-30,2023-12-15,PUT,168.04,4450.23,4390.0,109.3,110.3,60.0,0.14093,109.8,0.9864658680562579,OTM
2023-06-30,2023-12-15,PUT,168.04,4450.23,4400.0,111.8,113.3,235.0,0.13913,112.55,0.9887129429265454,OTM
2023-06-30,2023-12-15,PUT,168.04,4450.23,4410.0,111.4,116.2,2.0,0.13726,113.80000000000001,0.9909600177968331,ATM
2023-06-30,2023-12-15,PUT,168.04,4450.23,4420.0,116.9,120.6,2.0,0.13745,118.75,0.9932070926671207,ATM
2023-06-30,2023-12-15,PUT,168.04,4450.23,4425.0,118.2,119.7,46.0,0.13579,118.95,0.9943306301022645,ATM
2023-06-30,2023-12-15,PUT,168.04,4450.23,4430.0,119.6,121.0,2.0,0.13541,120.3,0.9954541675374082,ATM
2023-06-30,2023-12-15,PUT,168.04,4450.23,4440.0,122.4,123.4,10.0,0.1335,122.9,0.9977012424076959,ATM
2023-06-30,2023-12-15,PUT,168.04,4450.23,4450.0,125.3,127.2,1052.0,0.13287,126.25,0.9999483172779835,ATM
2023-06-30,2023-12-15,PUT,168.04,4450.23,4460.0,128.2,129.6,58.0,0.131,128.89999999999998,1.0021953921482711,ATM
2023-06-30,2023-12-15,PUT,168.04,4450.23,4470.0,131.2,132.8,1.0,0.12973,132.0,1.0044424670185588,ATM
2023-06-30,2023-12-15,PUT,168.04,4450.23,4475.0,132.8,133.8,1.0,0.12846,133.3,1.0055660044537025,ATM
2023-06-30,2023-12-15,PUT,168.04,4450.23,4480.0,133.3,136.8,4.0,0.12803,135.05,1.0066895418888462,ATM
2023-06-30,2023-12-15,PUT,168.04,4450.23,4490.0,137.5,138.6,35.0,0.12553,138.05,1.0089366167591338,ATM
2023-06-30,2023-12-15,PUT,168.04,4450.23,4500.0,137.0,143.0,431.0,0.12313,140.0,1.0111836916294215,ITM
2023-06-30,2023-12-15,PUT,168.04,4450.23,4525.0,149.3,150.7,1153.0,0.12061,150.0,1.0168013788051404,ITM
2023-06-30,2023-12-15,PUT,168.04,4450.23,4550.0,158.8,160.2,162.0,0.11593,159.5,1.0224190659808594,ITM
2023-06-30,2023-12-15,PUT,168.04,4450.23,4560.0,158.3,166.1,2.0,0.11264,162.2,1.024666140851147,ITM
2023-06-30,2023-12-15,PUT,168.04,4450.23,4570.0,165.5,169.9,1.0,0.11254,167.7,1.0269132157214347,ITM
2023-06-30,2023-12-15,PUT,168.04,4450.23,4575.0,167.1,174.2,1.0,0.11271,170.64999999999998,1.0280367531565786,ITM
2023-06-30,2023-12-15,PUT,168.04,4450.23,4580.0,166.4,176.4,2.0,0.11026,171.4,1.0291602905917223,ITM
2023-06-30,2023-12-15,PUT,168.04,4450.23,4600.0,179.9,181.7,11.0,0.1058,180.8,1.0336544403322976,ITM
2023-06-30,2023-12-15,PUT,168.04,4450.23,4625.0,191.6,193.5,1.0,0.09951,192.55,1.0392721275080166,ITM
2023-06-30,2023-12-15,PUT,168.04,4450.23,4650.0,202.5,206.8,1.0,0.08948,204.65,1.0448898146837355,ITM
