[QUOTE_UNIXTIME],[QUOTE_READTIME],[QUOTE_DATE],[QUOTE_TIME_HOURS],[UNDERLYING_LAST],[EXPIRE_DATE],[EXPIRE_UNIX],[DTE],[C_DELTA],[C_GAMMA],[C_VEGA],[C_THETA],[C_RHO],[C_IV],[C_VOLUME],[C_LAST],[C_SIZE],[C_BID],[C_ASK],[STRIKE],[P_BID],[P_ASK],[P_SIZE],[P_LAST],[P_DELTA],[P_GAMMA],[P_VEGA],[P_THETA],[P_RHO],[P_IV],[P_VOLUME],[STRIKE_DISTANCE],[STRIKE_DISTANCE_PCT]
1692129600,2023-08-15 16:00,2023-08-15,16.0,4438.11,2023-09-08,1694203200,24.0,0.98123,0.00011,0.51259,-0.77629,2.33913,0.42518,,0.0,100 x 100,897.4,903.3,3550.0,1.1,1.25,1159 x 779,1.65,-0.00818,1e-05,0.25745,-0.17801,-0.02499,0.36811,24.0,888.1,0.2
1692129600,2023-08-15 16:00,2023-08-15,16.0,4438.11,2023-09-08,1694203200,24.0,0.99377,2e-05,0.16607,-0.46584,2.41334,0.32047,,0.0,15 x 115,843.4,852.2,3600.0,1.25,1.4,951 x 842,1.0,-0.00973,1e-05,0.29308,-0.1943,-0.02939,0.35347,94.0,838.1,0.189
1692129600,2023-08-15 16:00,2023-08-15,16.0,4438.11,2023-09-08,1694203200,24.0,0.97725,8e-05,0.60037,-0.81778,2.39534,0.38637,,0.0,5 x 5,800.1,802.1,3650.0,1.45,1.55,591 x 30,1.26,-0.01124,5e-05,0.33464,-0.21243,-0.03363,0.33914,50.0,788.1,0.178
1692129600,2023-08-15 16:00,2023-08-15,16.0,4438.11,2023-09-08,1694203200,24.0,0.97501,0.00011,0.66333,-0.84826,2.42048,0.36913,,0.0,5 x 5,750.4,752.8,3700.0,1.65,1.75,275 x 101,1.65,-0.01229,0.00013,0.38164,-0.23307,-0.03922,0.32372,5.0,738.1,0.166
1692129600,2023-08-15 16:00,2023-08-15,16.0,4438.11,2023-09-08,1694203200,24.0,0.98831,8e-05,0.32977,-0.56795,2.49669,0.29128,,0.0,15 x 115,694.6,703.4,3750.0,1.85,1.95,798 x 30,1.93,-0.01453,0.0001,0.43291,-0.25112,-0.04512,0.30822,35.0,688.1,0.155
1692129600,2023-08-15 16:00,2023-08-15,16.0,4438.11,2023-09-08,1694203200,24.0,0.9703,0.00014,0.75422,-0.8814,2.45809,0.33985,,0.0,5 x 5,676.3,678.2,3775.0,2.0,2.1,622 x 30,1.51,-0.0156,0.00014,0.46802,-0.26562,-0.04943,0.30115,40.0,663.1,0.149
1692129600,2023-08-15 16:00,2023-08-15,16.0,4438.11,2023-09-08,1694203200,24.0,0.96925,0.00019,0.79055,-0.89488,2.47063,0.33004,,0.0,5 x 5,651.6,653.4,3800.0,2.15,2.25,296 x 99,1.92,-0.01721,0.00011,0.50308,-0.27809,-0.05357,0.2932,25.0,638.1,0.144
1692129600,2023-08-15 16:00,2023-08-15,16.0,4438.11,2023-09-08,1694203200,24.0,0.96775,0.00015,0.8132,-0.89386,2.48428,0.31918,,0.0,5 x 5,626.5,628.7,3825.0,2.3,2.4,408 x 30,0.0,-0.01934,0.00018,0.54011,-0.29104,-0.05827,0.28574,,613.1,0.138
1692129600,2023-08-15 16:00,2023-08-15,16.0,4438.11,2023-09-08,1694203200,24.0,0.96557,0.00018,0.86802,-0.9187,2.49293,0.31127,,0.0,5 x 5,602.0,604.0,3850.0,2.5,2.6,194 x 331,2.3,-0.02081,0.00014,0.58506,-0.30806,-0.06396,0.27881,2.0,588.1,0.133
1692129600,2023-08-15 16:00,2023-08-15,16.0,4438.11,2023-09-08,1694203200,24.0,0.98023,0.00014,0.53628,-0.66839,2.55647,0.26049,3.0,605.3,15 x 115,570.9,579.7,3875.0,2.65,2.8,511 x 436,0.0,-0.02241,0.00019,0.62807,-0.32102,-0.07038,0.27087,,563.1,0.127
1692129600,2023-08-15 16:00,2023-08-15,16.0,4438.11,2023-09-08,1694203200,24.0,0.96029,0.00025,0.97373,-0.95515,2.51163,0.29412,,0.0,5 x 5,552.8,554.6,3900.0,2.9,3.0,276 x 98,2.15,-0.02464,0.00016,0.68056,-0.33851,-0.07713,0.26388,3.0,538.1,0.121
1692129600,2023-08-15 16:00,2023-08-15,16.0,4438.11,2023-09-08,1694203200,24.0,0.95904,0.00028,1.01007,-0.95728,2.523,0.28287,,0.0,5 x 5,527.8,529.9,3925.0,3.1,3.3,671 x 457,3.83,-0.02805,0.00018,0.73726,-0.3567,-0.08461,0.25572,7.0,513.1,0.116
1692129600,2023-08-15 16:00,2023-08-15,16.0,4438.11,2023-09-08,1694203200,24.0,0.95638,0.0003,1.06367,-0.98127,2.52412,0.2785,,0.0,5 x 5,513.4,515.1,3940.0,3.3,3.5,448 x 152,0.0,-0.02926,0.00026,0.78008,-0.3716,-0.09099,0.25238,,498.1,0.112
1692129600,2023-08-15 16:00,2023-08-15,16.0,4438.11,2023-09-08,1694203200,24.0,0.95472,0.00027,1.09371,-0.99118,2.52659,0.27575,,0.0,5 x 5,503.6,505.3,3950.0,3.4,3.6,706 x 584,3.1,-0.0308,0.00028,0.80432,-0.37799,-0.09443,0.2497,1.0,488.1,0.11
1692129600,2023-08-15 16:00,2023-08-15,16.0,4438.11,2023-09-08,1694203200,24.0,0.9629,0.00024,0.91394,-0.85799,2.56127,0.254,,0.0,100 x 115,489.6,495.9,3960.0,3.6,3.8,322 x 464,4.45,-0.03252,0.00027,0.84217,-0.39359,-0.09905,0.24752,1.0,478.1,0.108
1692129600,2023-08-15 16:00,2023-08-15,16.0,4438.11,2023-09-08,1694203200,24.0,0.95084,0.0003,1.15916,-1.01529,2.5297,0.2698,,0.0,5 x 5,483.8,486.0,3970.0,3.7,3.9,343 x 167,5.25,-0.03338,0.00023,0.86727,-0.39972,-0.10304,0.24389,1.0,468.1,0.105
1692129600,2023-08-15 16:00,2023-08-15,16.0,4438.11,2023-09-08,1694203200,24.0,0.95087,0.00034,1.16041,-1.00953,2.53326,0.26636,,0.0,5 x 5,479.0,480.7,3975.0,3.8,4.0,439 x 334,4.55,-0.0347,0.00025,0.8856,-0.40684,-0.10551,0.24315,7.0,463.1,0.104
1692129600,2023-08-15 16:00,2023-08-15,16.0,4438.11,2023-09-08,1694203200,24.0,0.95064,0.00029,1.17522,-1.01436,2.53404,0.26437,,0.0,5 x 5,474.1,475.8,3980.0,3.8,4.0,606 x 440,3.73,-0.03435,0.00024,0.89236,-0.40524,-0.10692,0.24065,13.0,458.1,0.103
1692129600,2023-08-15 16:00,2023-08-15,16.0,4438.11,2023-09-08,1694203200,24.0,0.94859,0.00037,1.20697,-1.02377,2.53539,0.261,,0.0,5 x 5,464.3,466.0,3990.0,4.0,4.2,205 x 584,0.0,-0.03691,0.00034,0.93106,-0.41917,-0.11192,0.23825,23.0,448.1,0.101
1692129600,2023-08-15 16:00,2023-08-15,16.0,4438.11,2023-09-08,1694203200,24.0,0.947,0.00038,1.23449,-1.02943,2.53772,0.25757,250.0,544.91,5 x 5,454.3,456.3,4000.0,4.2,4.4,322 x 299,4.2,-0.03842,0.00028,0.97028,-0.432,-0.11747,0.23617,6.0,438.1,0.099
1692129600,2023-08-15 16:00,2023-08-15,16.0,4438.11,2023-09-08,1694203200,24.0,0.94575,0.00032,1.26748,-1.03811,2.53922,0.2536,,0.0,5 x 5,444.6,446.4,4010.0,4.3,4.5,380 x 326,5.3,-0.03998,0.00034,0.99636,-0.43772,-0.12166,0.23272,1.0,428.1,0.096
1692129600,2023-08-15 16:00,2023-08-15,16.0,4438.11,2023-09-08,1694203200,24.0,0.94321,0.00034,1.31482,-1.05643,2.53802,0.2512,,0.0,5 x 5,434.8,436.9,4020.0,4.5,4.7,313 x 259,5.7,-0.04152,0.00037,1.03638,-0.44921,-0.128,0.23018,23.0,418.1,0.094
1692129600,2023-08-15 16:00,2023-08-15,16.0,4438.11,2023-09-08,1694203200,24.0,0.94304,0.00035,1.30733,-1.04356,2.5428,0.2474,1.0,447.76,5 x 5,429.6,431.8,4025.0,4.7,4.9,213 x 483,4.2,-0.04374,0.00035,1.06957,-0.46274,-0.13301,0.22924,1.0,413.1,0.093
1692129600,2023-08-15 16:00,2023-08-15,16.0,4438.11,2023-09-08,1694203200,24.0,0.94168,0.00044,1.34416,-1.0611,2.53986,0.24795,,0.0,5 x 5,425.1,426.9,4030.0,4.7,4.9,305 x 250,0.0,-0.0438,0.00038,1.077,-0.46113,-0.1343,0.22708,18.0,408.1,0.092
1692129600,2023-08-15 16:00,2023-08-15,16.0,4438.11,2023-09-08,1694203200,24.0,0.93826,0.0004,1.40156,-1.08455,2.53686,0.24539,,0.0,5 x 5,415.4,417.5,4040.0,4.9,5.1,310 x 234,0.0,-0.0457,0.0004,1.11737,-0.47271,-0.14085,0.22414,,398.1,0.09
1692129600,2023-08-15 16:00,2023-08-15,16.0,4438.11,2023-09-08,1694203200,24.0,0.9375,0.00046,1.41817,-1.0796,2.54061,0.23995,,0.0,5 x 5,405.1,407.8,4050.0,5.1,5.3,401 x 24,5.3,-0.04792,0.00036,1.15901,-0.48371,-0.14679,0.22107,1.0,388.1,0.087
1692129600,2023-08-15 16:00,2023-08-15,16.0,4438.11,2023-09-08,1694203200,24.0,0.93476,0.00044,1.46842,-1.09574,2.53912,0.23783,,0.0,5 x 5,395.7,397.9,4060.0,5.4,5.6,176 x 233,4.3,-0.05114,0.00043,1.21254,-0.50118,-0.15547,0.21877,1.0,378.1,0.085
1692129600,2023-08-15 16:00,2023-08-15,16.0,4438.11,2023-09-08,1694203200,24.0,0.9326,0.0005,1.49039,-1.09219,2.54143,0.23245,,0.0,5 x 5,385.7,388.0,4070.0,5.6,5.8,324 x 49,7.7,-0.05285,0.00044,1.25446,-0.51106,-0.16222,0.21584,1.0,368.1,0.083
1692129600,2023-08-15 16:00,2023-08-15,16.0,4438.11,2023-09-08,1694203200,24.0,0.9305,0.00052,1.52728,-1.10744,2.53842,0.23186,,0.0,5 x 5,381.1,383.2,4075.0,5.8,6.0,268 x 219,6.14,-0.05456,0.00043,1.28793,-0.52344,-0.1673,0.21526,5.0,363.1,0.082
1692129600,2023-08-15 16:00,2023-08-15,16.0,4438.11,2023-09-08,1694203200,24.0,0.9289,0.00049,1.56911,-1.12536,2.53426,0.23198,,0.0,5 x 5,376.7,378.3,4080.0,6.0,6.2,261 x 24,5.4,-0.05648,0.00051,1.31992,-0.53399,-0.17283,0.21445,10.0,358.1,0.081
1692129600,2023-08-15 16:00,2023-08-15,16.0,4438.11,2023-09-08,1694203200,24.0,0.9271,0.00048,1.59367,-1.12228,2.53719,0.22666,,0.0,5 x 5,366.5,368.6,4090.0,6.2,6.4,254 x 49,5.7,-0.05865,0.00046,1.36341,-0.54331,-0.18052,0.21169,40.0,348.1,0.078
1692129600,2023-08-15 16:00,2023-08-15,16.0,4438.11,2023-09-08,1694203200,24.0,0.92237,0.0005,1.66767,-1.1509,2.53042,0.22547,2.0,0.0,5 x 5,357.3,359.0,4100.0,6.6,6.8,321 x 24,6.7,-0.06269,0.00052,1.42971,-0.56421,-0.19156,0.20873,21.0,338.1,0.076
1692129600,2023-08-15 16:00,2023-08-15,16.0,4438.11,2023-09-08,1694203200,24.0,0.91894,0.00054,1.72464,-1.16587,2.52565,0.22269,,0.0,5 x 5,347.7,349.4,4110.0,6.9,7.1,116 x 148,6.5,-0.06571,0.0005,1.48516,-0.57808,-0.20053,0.20611,17.0,328.1,0.074
1692129600,2023-08-15 16:00,2023-08-15,16.0,4438.11,2023-09-08,1694203200,24.0,0.91654,0.0006,1.76522,-1.16974,2.52547,0.21826,,0.0,5 x 5,337.7,339.8,4120.0,7.4,7.6,69 x 74,9.45,-0.06997,0.00056,1.56163,-0.60237,-0.21409,0.20508,1.0,318.1,0.072
1692129600,2023-08-15 16:00,2023-08-15,16.0,4438.11,2023-09-08,1694203200,24.0,0.92999,0.00057,1.54026,-1.02193,2.57068,0.20012,,0.0,15 x 115,327.0,335.5,4125.0,7.4,7.7,339 x 195,7.0,-0.07151,0.00063,1.58004,-0.60276,-0.21796,0.20274,37.0,313.1,0.071
1692129600,2023-08-15 16:00,2023-08-15,16.0,4438.11,2023-09-08,1694203200,24.0,0.91185,0.00059,1.83573,-1.19135,2.5185,0.21531,,0.0,5 x 5,328.1,330.5,4130.0,7.6,7.9,266 x 188,7.3,-0.07363,0.00065,1.61335,-0.61168,-0.22374,0.2012,18.0,308.1,0.069
1692129600,2023-08-15 16:00,2023-08-15,16.0,4438.11,2023-09-08,1694203200,24.0,0.90707,0.00064,1.91034,-1.21539,2.51038,0.2134,,0.0,5 x 5,319.1,320.7,4140.0,8.1,8.3,12 x 112,7.1,-0.07806,0.00066,1.68521,-0.63107,-0.23648,0.19921,2.0,298.1,0.067
1692129600,2023-08-15 16:00,2023-08-15,16.0,4438.11,2023-09-08,1694203200,24.0,0.90323,0.00075,1.97708,-1.23179,2.50347,0.21021,,0.0,5 x 5,309.6,311.2,4150.0,8.5,8.7,349 x 24,6.92,-0.08197,0.00072,1.75293,-0.64663,-0.24949,0.19594,61.0,288.1,0.065
1692129600,2023-08-15 16:00,2023-08-15,16.0,4438.11,2023-09-08,1694203200,24.0,0.89757,0.00076,2.05562,-1.25492,2.4939,0.20777,,0.0,5 x 5,300.0,302.1,4160.0,9.1,9.5,147 x 142,7.78,-0.08731,0.00067,1.8482,-0.67753,-0.26705,0.19481,41.0,278.1,0.063
1692129600,2023-08-15 16:00,2023-08-15,16.0,4438.11,2023-09-08,1694203200,24.0,0.89113,0.00081,2.14792,-1.28605,2.48075,0.20616,85.0,319.8,5 x 5,290.7,293.1,4170.0,9.7,10.0,85 x 44,6.95,-0.09335,0.00076,1.92876,-0.69845,-0.28309,0.19304,21.0,268.1,0.06
1692129600,2023-08-15 16:00,2023-08-15,16.0,4438.11,2023-09-08,1694203200,24.0,0.89956,0.00082,2.02382,-1.19067,2.51116,0.19476,1.0,335.62,100 x 115,282.1,288.0,4175.0,9.8,10.1,301 x 113,9.01,-0.09461,0.0008,1.95507,-0.69927,-0.28827,0.1909,7.0,263.1,0.059
1692129600,2023-08-15 16:00,2023-08-15,16.0,4438.11,2023-09-08,1694203200,24.0,0.88878,0.00081,2.18153,-1.27592,2.48056,0.20062,,0.0,5 x 5,280.9,282.9,4180.0,10.3,10.6,84 x 43,11.7,-0.09895,0.00077,2.01493,-0.72054,-0.30042,0.1899,2.0,258.1,0.058
1692129600,2023-08-15 16:00,2023-08-15,16.0,4438.11,2023-09-08,1694203200,24.0,0.88233,0.00087,2.27852,-1.30515,2.46622,0.19949,,0.0,5 x 5,272.0,273.6,4190.0,10.7,11.0,235 x 67,10.57,-0.10286,0.00085,2.08384,-0.7305,-0.31381,0.18675,7.0,248.1,0.056
1692129600,2023-08-15 16:00,2023-08-15,16.0,4438.11,2023-09-08,1694203200,24.0,0.87548,0.00093,2.36172,-1.32416,2.45362,0.19662,1.0,314.06,5 x 5,262.7,264.3,4200.0,11.4,11.7,219 x 67,10.85,-0.11026,0.00089,2.17801,-0.75433,-0.33406,0.18509,22.0,238.1,0.054
1692129600,2023-08-15 16:00,2023-08-15,16.0,4438.11,2023-09-08,1694203200,24.0,0.86884,0.00092,2.45062,-1.34587,2.43993,0.19367,,0.0,5 x 5,253.2,255.4,4210.0,12.3,12.7,75 x 96,13.6,-0.11755,0.00095,2.28967,-0.78725,-0.35759,0.18357,7.0,228.1,0.051
1692129600,2023-08-15 16:00,2023-08-15,16.0,4438.11,2023-09-08,1694203200,24.0,0.86325,0.00103,2.52824,-1.35759,2.42758,0.19039,,0.0,5 x 5,243.9,245.9,4220.0,13.1,13.5,57 x 37,9.7,-0.12518,0.00101,2.38858,-0.81065,-0.38019,0.18129,12.0,218.1,0.049
1692129600,2023-08-15 16:00,2023-08-15,16.0,4438.11,2023-09-08,1694203200,24.0,0.85825,0.00097,2.59067,-1.37875,2.41547,0.19036,,0.0,5 x 5,239.7,241.5,4225.0,13.5,13.9,70 x 36,12.21,-0.12924,0.001,2.43827,-0.82127,-0.39097,0.18057,3.0,213.1,0.048
1692129600,2023-08-15 16:00,2023-08-15,16.0,4438.11,2023-09-08,1694203200,24.0,0.85464,0.001,2.62955,-1.38395,2.41014,0.18844,,0.0,5 x 5,234.8,237.0,4230.0,13.7,14.1,175 x 118,10.25,-0.13202,0.00104,2.47429,-0.82293,-0.39948,0.17763,20.0,208.1,0.047
1692129600,2023-08-15 16:00,2023-08-15,16.0,4438.11,2023-09-08,1694203200,24.0,0.8461,0.00113,2.7403,-1.41423,2.38756,0.18662,1.0,290.48,5 x 5,225.6,228.6,4240.0,14.7,15.0,47 x 62,16.01,-0.14054,0.00112,2.58311,-0.84814,-0.42467,0.17584,51.0,198.1,0.045
1692129600,2023-08-15 16:00,2023-08-15,16.0,4438.11,2023-09-08,1694203200,24.0,0.85009,0.00113,2.6918,-1.35563,2.40498,0.17918,,0.0,100 x 115,218.0,223.6,4245.0,15.4,15.8,50 x 85,14.27,-0.14579,0.00116,2.65208,-0.86955,-0.44184,0.17567,4.0,193.1,0.044
1692129600,2023-08-15 16:00,2023-08-15,16.0,4438.11,2023-09-08,1694203200,24.0,0.83862,0.00116,2.82341,-1.42334,2.37278,0.18304,1.0,349.9,5 x 5,216.7,218.9,4250.0,15.6,16.0,192 x 79,14.73,-0.14934,0.0012,2.68913,-0.8699,-0.4504,0.17352,4.0,188.1,0.042
1692129600,2023-08-15 16:00,2023-08-15,16.0,4438.11,2023-09-08,1694203200,24.0,0.83325,0.00122,2.88759,-1.44394,2.35864,0.18235,,0.0,5 x 5,212.7,214.5,4255.0,16.2,16.5,80 x 32,17.59,-0.15404,0.0012,2.74686,-0.88259,-0.46488,0.17324,50.0,183.1,0.041
1692129600,2023-08-15 16:00,2023-08-15,16.0,4438.11,2023-09-08,1694203200,24.0,0.82793,0.00125,2.93962,-1.4541,2.34781,0.18173,1.0,353.39,5 x 5,208.3,210.0,4260.0,17.0,17.4,46 x 79,13.66,-0.16093,0.00121,2.82096,-0.90657,-0.48405,0.173,88.0,178.1,0.04
1692129600,2023-08-15 16:00,2023-08-15,16.0,4438.11,2023-09-08,1694203200,24.0,0.82435,0.00121,2.98078,-1.45675,2.33892,0.17979,,0.0,5 x 5,203.6,205.4,4265.0,17.3,17.6,102 x 82,0.0,-0.16344,0.00127,2.86024,-0.90577,-0.49428,0.17058,10.0,173.1,0.039
1692129600,2023-08-15 16:00,2023-08-15,16.0,4438.11,2023-09-08,1694203200,24.0,0.81849,0.00127,3.04137,-1.47209,2.3254,0.17835,,0.0,5 x 5,199.5,201.0,4270.0,18.2,18.6,29 x 77,16.44,-0.1711,0.00131,2.93746,-0.93107,-0.5143,0.17074,7.0,168.1,0.038
1692129600,2023-08-15 16:00,2023-08-15,16.0,4438.11,2023-09-08,1694203200,24.0,0.81346,0.00126,3.09385,-1.48114,2.31276,0.17693,10.0,287.1,5 x 5,194.7,197.0,4275.0,18.8,19.2,43 x 29,13.63,-0.17633,0.0013,2.99483,-0.94235,-0.53012,0.16943,10.0,163.1,0.037
1692129600,2023-08-15 16:00,2023-08-15,16.0,4438.11,2023-09-08,1694203200,24.0,0.80818,0.00137,3.14836,-1.49171,2.29996,0.17584,,0.0,5 x 5,190.7,192.3,4280.0,19.1,19.5,116 x 147,17.3,-0.17997,0.00138,3.03696,-0.94212,-0.54165,0.16757,108.0,158.1,0.036
1692129600,2023-08-15 16:00,2023-08-15,16.0,4438.11,2023-09-08,1694203200,24.0,0.80198,0.00138,3.20971,-1.50869,2.28418,0.17575,1.0,259.35,5 x 5,186.3,188.4,4285.0,19.8,20.1,19 x 80,20.4,-0.18549,0.00135,3.0966,-0.95364,-0.55874,0.16651,1.0,153.1,0.035
1692129600,2023-08-15 16:00,2023-08-15,16.0,4438.11,2023-09-08,1694203200,24.0,0.79659,0.00135,3.26745,-1.52001,2.26881,0.17442,,0.0,5 x 5,182.0,184.2,4290.0,20.8,21.2,39 x 69,22.18,-0.19326,0.00145,3.17222,-0.97758,-0.58101,0.16712,53.0,148.1,0.033
1692129600,2023-08-15 16:00,2023-08-15,16.0,4438.11,2023-09-08,1694203200,24.0,0.79152,0.00144,3.30668,-1.51619,2.25969,0.17171,,0.0,6 x 6,177.5,179.3,4295.0,21.5,22.0,39 x 68,15.45,-0.19936,0.00148,3.23383,-0.98949,-0.59864,0.16602,5.0,143.1,0.032
1692129600,2023-08-15 16:00,2023-08-15,16.0,4438.11,2023-09-08,1694203200,24.0,0.7854,0.00143,3.37037,-1.53307,2.24211,0.17129,10.0,168.7,6 x 6,173.6,175.1,4300.0,22.3,22.8,25 x 37,23.71,-0.20624,0.0015,3.29588,-1.00198,-0.61813,0.16493,70.0,138.1,0.031
1692129600,2023-08-15 16:00,2023-08-15,16.0,4438.11,2023-09-08,1694203200,24.0,0.77949,0.00146,3.41655,-1.53417,2.22908,0.16973,,0.0,6 x 6,168.9,170.8,4305.0,22.9,23.5,12 x 43,22.46,-0.21194,0.00154,3.35223,-1.0091,-0.6349,0.16352,1.0,133.1,0.03
1692129600,2023-08-15 16:00,2023-08-15,16.0,4438.11,2023-09-08,1694203200,24.0,0.77383,0.00159,3.47442,-1.54471,2.21272,0.16828,,0.0,6 x 6,164.6,166.8,4310.0,23.8,24.3,12 x 40,16.07,-0.21908,0.00156,3.4146,-1.02116,-0.65475,0.16329,3.0,128.1,0.029
1692129600,2023-08-15 16:00,2023-08-15,16.0,4438.11,2023-09-08,1694203200,24.0,0.76527,0.00153,3.54173,-1.56449,2.19128,0.16848,,0.0,6 x 6,161.1,162.7,4315.0,24.6,25.1,11 x 39,23.75,-0.22554,0.00163,3.4744,-1.03002,-0.6744,0.16135,6.0,123.1,0.028
1692129600,2023-08-15 16:00,2023-08-15,16.0,4438.11,2023-09-08,1694203200,24.0,0.75863,0.00162,3.59477,-1.56916,2.17466,0.16653,30.0,152.3,6 x 6,156.9,158.4,4320.0,25.4,26.1,11 x 11,19.32,-0.23357,0.00163,3.53556,-1.04187,-0.69533,0.16035,1.0,118.1,0.027
1692129600,2023-08-15 16:00,2023-08-15,16.0,4438.11,2023-09-08,1694203200,24.0,0.7522,0.00164,3.65361,-1.58074,2.15521,0.16665,4.0,0.0,6 x 6,152.7,154.6,4325.0,26.3,26.9,11 x 35,21.85,-0.24052,0.00174,3.59424,-1.05016,-0.71565,0.15936,14.0,113.1,0.025
1692129600,2023-08-15 16:00,2023-08-15,16.0,4438.11,2023-09-08,1694203200,24.0,0.7447,0.00166,3.706,-1.58507,2.13757,0.16442,2.0,154.92,6 x 6,148.6,150.3,4330.0,26.9,27.2,14 x 67,20.9,-0.24617,0.00173,3.641,-1.0463,-0.73154,0.15747,76.0,108.1,0.024
1692129600,2023-08-15 16:00,2023-08-15,16.0,4438.11,2023-09-08,1694203200,24.0,0.73697,0.00171,3.76432,-1.59608,2.1169,0.16424,,0.0,6 x 6,144.6,146.5,4335.0,28.2,28.8,10 x 35,24.35,-0.25528,0.00176,3.71409,-1.06771,-0.759,0.15809,21.0,103.1,0.023
1692129600,2023-08-15 16:00,2023-08-15,16.0,4438.11,2023-09-08,1694203200,24.0,0.73431,0.00175,3.78472,-1.56222,2.11268,0.1592,2.0,146.72,100 x 115,137.6,142.4,4340.0,28.7,29.1,76 x 66,22.32,-0.26174,0.00185,3.75878,-1.06036,-0.77456,0.15556,70.0,98.1,0.022
1692129600,2023-08-15 16:00,2023-08-15,16.0,4438.11,2023-09-08,1694203200,24.0,0.7213,0.00183,3.87423,-1.61152,2.07574,0.16156,,0.0,6 x 14,136.8,138.5,4345.0,30.2,30.8,42 x 32,25.47,-0.27212,0.00183,3.83033,-1.08292,-0.80292,0.15563,10.0,93.1,0.021
1692129600,2023-08-15 16:00,2023-08-15,16.0,4438.11,2023-09-08,1694203200,24.0,0.71327,0.00178,3.92647,-1.615,2.05481,0.16021,3.0,149.36,16 x 16,133.1,134.2,4350.0,30.8,31.2,82 x 81,27.0,-0.27852,0.0019,3.8765,-1.07579,-0.82169,0.15366,14.0,88.1,0.02
1692129600,2023-08-15 16:00,2023-08-15,16.0,4438.11,2023-09-08,1694203200,24.0,0.70569,0.00191,3.97664,-1.61747,2.03394,0.15942,,0.0,7 x 15,128.7,130.6,4355.0,31.9,32.3,41 x 47,29.8,-0.28749,0.00197,3.93332,-1.08186,-0.84521,0.15287,25.0,83.1,0.019
1692129600,2023-08-15 16:00,2023-08-15,16.0,4438.11,2023-09-08,1694203200,24.0,0.69705,0.00194,4.02881,-1.62311,2.01036,0.15829,1.0,163.38,7 x 7,125.0,126.6,4360.0,33.5,34.1,9 x 29,30.35,-0.29807,0.00198,3.99883,-1.10145,-0.87415,0.15251,2.0,78.1,0.018
1692129600,2023-08-15 16:00,2023-08-15,16.0,4438.11,2023-09-08,1694203200,24.0,0.6892,0.00193,4.07749,-1.62471,1.98782,0.15705,22.0,157.93,7 x 15,121.1,122.7,4365.0,34.7,35.3,38 x 29,33.6,-0.30647,0.00204,4.05282,-1.10708,-0.89881,0.15229,16.0,73.1,0.016
1692129600,2023-08-15 16:00,2023-08-15,16.0,4438.11,2023-09-08,1694203200,24.0,0.67989,0.00202,4.1262,-1.6268,1.96409,0.15624,5.0,125.92,30 x 29,117.3,118.9,4370.0,35.9,36.4,8 x 28,37.73,-0.31633,0.00204,4.10401,-1.10994,-0.92325,0.15049,11.0,68.1,0.015
1692129600,2023-08-15 16:00,2023-08-15,16.0,4438.11,2023-09-08,1694203200,24.0,0.6738,0.00204,4.1592,-1.59887,1.94869,0.15209,2.0,127.87,100 x 115,110.9,115.2,4375.0,36.6,37.0,57 x 57,30.22,-0.32386,0.00209,4.14762,-1.09896,-0.94416,0.14835,4.0,63.1,0.014
1692129600,2023-08-15 16:00,2023-08-15,16.0,4438.11,2023-09-08,1694203200,24.0,0.6617,0.00209,4.219,-1.62833,1.91382,0.15368,1.0,108.36,26 x 4,110.3,110.8,4380.0,37.9,38.3,26 x 56,32.2,-0.33416,0.00214,4.19717,-1.10147,-0.97079,0.14779,8.0,58.1,0.013
1692129600,2023-08-15 16:00,2023-08-15,16.0,4438.11,2023-09-08,1694203200,24.0,0.65234,0.00208,4.26483,-1.6307,1.8878,0.15228,,0.0,27 x 4,106.7,107.2,4385.0,39.2,39.6,30 x 55,33.1,-0.34427,0.00219,4.24474,-1.10235,-0.99632,0.1465,7.0,53.1,0.012
1692129600,2023-08-15 16:00,2023-08-15,16.0,4438.11,2023-09-08,1694203200,24.0,0.64253,0.00215,4.30668,-1.62976,1.86111,0.15172,,0.0,27 x 4,103.1,103.5,4390.0,41.1,41.8,32 x 32,37.75,-0.35537,0.0022,4.29587,-1.11749,-1.02734,0.14648,4.0,48.1,0.011
1692129600,2023-08-15 16:00,2023-08-15,16.0,4438.11,2023-09-08,1694203200,24.0,0.6321,0.00221,4.34765,-1.62975,1.83274,0.15,,0.0,9 x 5,99.6,100.0,4395.0,42.6,43.3,31 x 24,26.5,-0.36662,0.00232,4.3386,-1.1183,-1.05503,0.14585,14.0,43.1,0.01
1692129600,2023-08-15 16:00,2023-08-15,16.0,4438.11,2023-09-08,1694203200,24.0,0.62148,0.00224,4.38664,-1.62724,1.8042,0.14968,3.0,92.6,26 x 7,96.0,96.5,4400.0,44.1,44.7,31 x 24,40.31,-0.37699,0.00226,4.37817,-1.11566,-1.08113,0.14515,25.0,38.1,0.009
1692129600,2023-08-15 16:00,2023-08-15,16.0,4438.11,2023-09-08,1694203200,24.0,0.61144,0.00228,4.42165,-1.62349,1.77544,0.14806,,0.0,29 x 5,92.5,93.0,4405.0,45.7,46.2,7 x 23,31.73,-0.38837,0.00236,4.41527,-1.11367,-1.10825,0.14417,9.0,33.1,0.007
1692129600,2023-08-15 16:00,2023-08-15,16.0,4438.11,2023-09-08,1694203200,24.0,0.60046,0.00225,4.45513,-1.62063,1.74477,0.14763,10.0,0.0,39 x 6,89.2,89.6,4410.0,47.2,47.8,23 x 23,40.9,-0.39965,0.00241,4.44863,-1.1087,-1.13576,0.14241,1.0,28.1,0.006
1692129600,2023-08-15 16:00,2023-08-15,16.0,4438.11,2023-09-08,1694203200,24.0,0.59098,0.00239,4.48169,-1.58902,1.71979,0.14342,,0.0,18 x 18,84.4,85.1,4415.0,48.9,49.6,29 x 22,48.7,-0.41176,0.00242,4.47995,-1.10774,-1.16356,0.14165,2.0,23.1,0.005
1692129600,2023-08-15 16:00,2023-08-15,16.0,4438.11,2023-09-08,1694203200,24.0,0.58014,0.00235,4.51043,-1.58459,1.68827,0.14225,1.0,128.66,19 x 19,81.2,81.8,4420.0,50.6,51.3,28 x 22,48.15,-0.4234,0.0025,4.50717,-1.1018,-1.19082,0.14122,28.0,18.1,0.004
1692129600,2023-08-15 16:00,2023-08-15,16.0,4438.11,2023-09-08,1694203200,24.0,0.56811,0.00239,4.53594,-1.57978,1.65465,0.14195,2.0,77.1,19 x 19,78.0,78.8,4425.0,52.4,52.9,6 x 21,49.8,-0.43468,0.00255,4.53025,-1.0931,-1.2186,0.13959,4.0,13.1,0.003
1692129600,2023-08-15 16:00,2023-08-15,16.0,4438.11,2023-09-08,1694203200,24.0,0.55651,0.00239,4.55705,-1.5696,1.62249,0.14098,1.0,73.73,20 x 26,74.8,75.4,4430.0,54.1,54.7,21 x 21,42.04,-0.44769,0.00257,4.55007,-1.08416,-1.24496,0.13834,20.0,8.1,0.002
1692129600,2023-08-15 16:00,2023-08-15,16.0,4438.11,2023-09-08,1694203200,24.0,0.5448,0.00248,4.57404,-1.55949,1.58804,0.13931,18.0,105.1,20 x 26,71.6,72.3,4435.0,55.2,55.6,20 x 8,46.95,-0.45993,0.0026,4.56473,-1.05631,-1.26925,0.13617,3.0,3.1,0.001
1692129600,2023-08-15 16:00,2023-08-15,16.0,4438.11,2023-09-08,1694203200,24.0,0.53232,0.0025,4.58814,-1.54912,1.55336,0.13829,12.0,75.99,21 x 27,68.6,69.3,4440.0,57.9,58.6,20 x 20,50.7,-0.47272,0.00264,4.57613,-1.06344,-1.2992,0.13683,1.0,1.9,0.0
1692129600,2023-08-15 16:00,2023-08-15,16.0,4438.11,2023-09-08,1694203200,24.0,0.51996,0.00252,4.59682,-1.53693,1.51848,0.13782,2.0,84.3,21 x 27,65.6,66.3,4445.0,59.0,59.5,13 x 26,52.0,-0.4858,0.00271,4.58167,-1.03197,-1.32291,0.13301,26.0,6.9,0.002
1692129600,2023-08-15 16:00,2023-08-15,16.0,4438.11,2023-09-08,1694203200,24.0,0.50685,0.00258,4.60198,-1.52365,1.4824,0.13634,7.0,61.2,29 x 29,62.6,63.4,4450.0,62.0,62.6,19 x 19,64.43,-0.49945,0.00267,4.58345,-1.03831,-1.35083,0.13421,26.0,11.9,0.003
1692129600,2023-08-15 16:00,2023-08-15,16.0,4438.11,2023-09-08,1694203200,24.0,0.49428,0.00249,4.6024,-1.5086,1.44636,0.1356,4.0,66.4,22 x 29,59.8,60.5,4455.0,64.1,64.8,18 x 18,46.67,-0.5132,0.00273,4.57904,-1.02305,-1.37661,0.13417,18.0,16.9,0.004
1692129600,2023-08-15 16:00,2023-08-15,16.0,4438.11,2023-09-08,1694203200,24.0,0.48154,0.0026,4.59903,-1.49213,1.40895,0.1345,6.0,65.8,23 x 30,57.0,57.7,4460.0,65.3,65.8,21 x 35,48.46,-0.52763,0.0028,4.56689,-0.98399,-1.3981,0.1297,17.0,21.9,0.005
1692129600,2023-08-15 16:00,2023-08-15,16.0,4438.11,2023-09-08,1694203200,24.0,0.46902,0.00255,4.58931,-1.47525,1.37258,0.13363,5.0,63.4,24 x 31,54.3,55.0,4465.0,67.5,68.0,30 x 7,69.45,-0.54194,0.00283,4.54919,-0.96533,-1.4213,0.12869,4.0,26.9,0.006
1692129600,2023-08-15 16:00,2023-08-15,16.0,4438.11,2023-09-08,1694203200,24.0,0.45648,0.00259,4.57621,-1.47547,1.33664,0.13459,23.0,50.33,40 x 13,52.7,53.1,4470.0,69.8,70.3,21 x 7,73.58,-0.5559,0.00287,4.52635,-0.94469,-1.44374,0.12827,115.0,31.9,0.007
1692129600,2023-08-15 16:00,2023-08-15,16.0,4438.11,2023-09-08,1694203200,24.0,0.44362,0.00253,4.5579,-1.45535,1.29873,0.13363,5.0,53.6,42 x 23,50.1,50.5,4475.0,72.2,72.6,18 x 7,74.2,-0.57135,0.00282,4.49569,-0.92219,-1.46378,0.12707,15.0,36.9,0.008
1692129600,2023-08-15 16:00,2023-08-15,16.0,4438.11,2023-09-08,1694203200,24.0,0.42842,0.00258,4.53149,-1.41381,1.25808,0.13134,1.0,52.9,34 x 34,46.5,47.2,4480.0,74.6,75.1,7 x 40,76.17,-0.58687,0.00289,4.45787,-0.8989,-1.4822,0.126,5.0,41.9,0.009
1692129600,2023-08-15 16:00,2023-08-15,16.0,4438.11,2023-09-08,1694203200,24.0,0.41504,0.00254,4.50148,-1.39251,1.21962,0.13043,14.0,59.27,27 x 35,44.1,44.8,4485.0,77.1,77.6,7 x 21,67.5,-0.60193,0.00293,4.41156,-0.87382,-1.49904,0.12454,2.0,46.9,0.011
1692129600,2023-08-15 16:00,2023-08-15,16.0,4438.11,2023-09-08,1694203200,24.0,0.40152,0.00254,4.46557,-1.36891,1.18081,0.12968,4.0,47.0,28 x 37,41.8,42.4,4490.0,79.7,80.2,6 x 38,72.0,-0.61703,0.0029,4.35746,-0.84717,-1.51373,0.12375,2.0,51.9,0.012
1692129600,2023-08-15 16:00,2023-08-15,16.0,4438.11,2023-09-08,1694203200,24.0,0.38877,0.00262,4.4241,-1.34192,1.14114,0.12877,17.0,59.1,38 x 38,39.4,40.1,4495.0,82.3,82.8,14 x 6,80.74,-0.63343,0.00289,4.29382,-0.81683,-1.52474,0.12172,1.0,56.9,0.013
1692129600,2023-08-15 16:00,2023-08-15,16.0,4438.11,2023-09-08,1694203200,24.0,0.37485,0.00253,4.37738,-1.3149,1.10198,0.12796,33.0,36.0,30 x 30,37.2,37.8,4500.0,85.1,85.5,6 x 16,86.72,-0.64925,0.00294,4.22188,-0.78629,-1.53348,0.1209,8.0,61.9,0.014
1692129600,2023-08-15 16:00,2023-08-15,16.0,4438.11,2023-09-08,1694203200,24.0,0.36141,0.00253,4.32551,-1.28739,1.06276,0.12667,1.0,34.75,32 x 42,35.1,35.7,4505.0,87.9,88.3,5 x 2,58.6,-0.66664,0.003,4.13836,-0.75314,-1.53806,0.11902,2.0,66.9,0.015
1692129600,2023-08-15 16:00,2023-08-15,16.0,4438.11,2023-09-08,1694203200,24.0,0.34728,0.00252,4.26712,-1.25764,1.02269,0.12628,14.0,33.7,33 x 43,33.0,33.6,4510.0,90.8,91.2,5 x 5,79.61,-0.68285,0.00299,4.04573,-0.71985,-1.53966,0.11827,1.0,71.9,0.016
1692129600,2023-08-15 16:00,2023-08-15,16.0,4438.11,2023-09-08,1694203200,24.0,0.33421,0.00254,4.20435,-1.22879,0.98412,0.12479,140.0,61.13,34 x 11,31.0,31.7,4515.0,93.7,94.2,4 x 4,86.89,-0.69988,0.00298,3.94065,-0.68251,-1.53523,0.11701,1.0,76.9,0.017
1692129600,2023-08-15 16:00,2023-08-15,16.0,4438.11,2023-09-08,1694203200,24.0,0.32329,0.00242,4.1474,-1.21466,0.95102,0.12583,1.0,34.8,48 x 108,29.9,30.3,4520.0,96.7,97.2,13 x 4,92.57,-0.71771,0.00301,3.82038,-0.64383,-1.52484,0.1152,1.0,81.9,0.018
1692129600,2023-08-15 16:00,2023-08-15,16.0,4438.11,2023-09-08,1694203200,24.0,0.30939,0.00249,4.07394,-1.1816,0.91224,0.12536,1.0,30.77,65 x 80,28.0,28.4,4525.0,99.0,101.1,6 x 6,76.5,-0.73571,0.00296,3.68654,-0.60213,-1.50839,0.11378,1.0,86.9,0.02
1692129600,2023-08-15 16:00,2023-08-15,16.0,4438.11,2023-09-08,1694203200,24.0,0.29605,0.0024,3.99617,-1.14748,0.87379,0.12382,17.0,26.1,65 x 76,26.2,26.6,4530.0,102.0,107.2,115 x 100,93.9,-0.74468,0.00288,3.61997,-0.60213,-1.51215,0.11619,120.0,91.9,0.021
1692129600,2023-08-15 16:00,2023-08-15,16.0,4438.11,2023-09-08,1694203200,24.0,0.28065,0.00235,3.89526,-1.09425,0.82779,0.12187,1.0,27.02,14 x 14,23.7,24.4,4535.0,105.7,107.1,26 x 26,94.47,-0.77494,0.00298,3.36048,-0.50942,-1.44784,0.11006,11.0,96.9,0.022
1692129600,2023-08-15 16:00,2023-08-15,16.0,4438.11,2023-09-08,1694203200,24.0,0.27006,0.00237,3.82604,-1.07884,0.79781,0.12258,3.0,25.0,70 x 81,22.9,23.2,4540.0,108.9,110.7,15 x 15,82.79,-0.79417,0.00293,3.17309,-0.46316,-1.40354,0.10855,2.0,101.9,0.023
1692129600,2023-08-15 16:00,2023-08-15,16.0,4438.11,2023-09-08,1694203200,24.0,0.25751,0.00231,3.73294,-1.04203,0.7607,0.12157,15.0,20.63,65 x 20,21.3,21.6,4545.0,112.3,114.4,5 x 5,87.29,-0.8136,0.003,2.97233,-0.4166,-1.34949,0.10693,2.0,106.9,0.024
1692129600,2023-08-15 16:00,2023-08-15,16.0,4438.11,2023-09-08,1694203200,24.0,0.2456,0.00224,3.638,-1.00725,0.72429,0.12127,24.0,20.48,68 x 130,19.8,20.2,4550.0,115.9,117.4,5 x 5,103.87,-0.83837,0.00297,2.68818,-0.35216,-1.2579,0.10332,2.0,111.9,0.025
1692129600,2023-08-15 16:00,2023-08-15,16.0,4438.11,2023-09-08,1694203200,24.0,0.23263,0.00217,3.53696,-0.96928,0.68755,0.11982,1.0,30.12,17 x 19,18.4,18.7,4555.0,119.3,121.5,5 x 5,93.47,-0.86101,0.00292,2.41267,-0.29789,-1.16117,0.10182,9.0,116.9,0.026
1692129600,2023-08-15 16:00,2023-08-15,16.0,4438.11,2023-09-08,1694203200,24.0,0.21783,0.00213,3.41107,-0.91733,0.64506,0.11778,2.0,18.38,19 x 19,16.5,17.1,4560.0,122.8,124.7,5 x 5,94.06,-0.89524,0.00296,1.93168,-0.20922,-0.96381,0.09698,48.0,121.9,0.027
1692129600,2023-08-15 16:00,2023-08-15,16.0,4438.11,2023-09-08,1694203200,24.0,0.20881,0.00211,3.32668,-0.89546,0.61791,0.11881,7.0,15.28,20 x 78,15.8,16.1,4565.0,127.0,128.5,5 x 5,113.42,-0.92548,0.00295,1.46302,-0.13915,-0.7564,0.09356,4.0,126.9,0.029
1692129600,2023-08-15 16:00,2023-08-15,16.0,4438.11,2023-09-11,1694462400,27.0,0.97667,0.00015,0.65552,-0.78076,2.64299,0.3948,,0.0,5 x 5,850.8,852.6,3600.0,1.45,1.55,250 x 30,1.85,-0.01004,9e-05,0.33735,-0.19325,-0.03544,0.3397,45.0,838.1,0.189
1692129600,2023-08-15 16:00,2023-08-15,16.0,4438.11,2023-09-11,1694462400,27.0,0.97453,0.00016,0.70449,-0.79815,2.67383,0.37525,,0.0,5 x 5,801.2,803.0,3650.0,1.6,1.75,546 x 267,1.25,-0.01177,9e-05,0.38083,-0.20828,-0.04118,0.325,4.0,788.1,0.178
1692129600,2023-08-15 16:00,2023-08-15,16.0,4438.11,2023-09-11,1694462400,27.0,0.9721,0.00011,0.75885,-0.8138,2.70465,0.35637,,0.0,5 x 5,751.6,753.4,3700.0,1.85,1.95,125 x 226,3.3,-0.01412,0.0001,0.43567,-0.22843,-0.04806,0.3106,2.0,738.1,0.166
1692129600,2023-08-15 16:00,2023-08-15,16.0,4438.11,2023-09-11,1694462400,27.0,0.96978,0.00019,0.82723,-0.83721,2.73216,0.33835,,0.0,5 x 5,702.1,703.9,3750.0,2.1,2.2,142 x 30,1.65,-0.01579,0.00015,0.49619,-0.24815,-0.05556,0.29592,28.0,688.1,0.155
1692129600,2023-08-15 16:00,2023-08-15,16.0,4438.11,2023-09-11,1694462400,27.0,0.96572,0.00014,0.9002,-0.85751,2.7587,0.31962,,0.0,5 x 5,652.6,654.4,3800.0,2.4,2.5,128 x 30,2.3,-0.01887,0.00017,0.57056,-0.27123,-0.06569,0.28215,1.0,638.1,0.144
1692129600,2023-08-15 16:00,2023-08-15,16.0,4438.11,2023-09-11,1694462400,27.0,0.96165,0.00022,0.99178,-0.88317,2.78226,0.30138,,0.0,5 x 5,603.2,605.0,3850.0,2.8,2.95,201 x 98,2.8,-0.02292,0.00019,0.66768,-0.30275,-0.07865,0.26816,11.0,588.1,0.133
1692129600,2023-08-15 16:00,2023-08-15,16.0,4438.11,2023-09-11,1694462400,27.0,0.95717,0.00029,1.1,-0.91303,2.8035,0.2835,,0.0,5 x 5,553.9,555.7,3900.0,3.2,3.4,274 x 177,7.25,-0.02678,0.00022,0.77147,-0.32986,-0.09407,0.25345,2.0,538.1,0.121
1692129600,2023-08-15 16:00,2023-08-15,16.0,4438.11,2023-09-11,1694462400,27.0,0.9512,0.00029,1.22924,-0.94482,2.82001,0.26662,,0.0,5 x 5,504.7,506.5,3950.0,3.8,4.0,406 x 30,3.7,-0.03301,0.00025,0.90673,-0.36793,-0.11364,0.23982,3.0,488.1,0.11
1692129600,2023-08-15 16:00,2023-08-15,16.0,4438.11,2023-09-11,1694462400,27.0,0.94267,0.00042,1.38866,-0.98378,2.82973,0.2491,,0.0,5 x 5,455.7,457.5,4000.0,4.6,4.9,378 x 269,4.3,-0.04167,0.00034,1.08623,-0.41611,-0.14186,0.22763,1.0,438.1,0.099
1692129600,2023-08-15 16:00,2023-08-15,16.0,4438.11,2023-09-11,1694462400,27.0,0.93862,0.0004,1.4747,-1.00096,2.83391,0.24049,,0.0,5 x 5,431.1,433.1,4025.0,5.1,5.4,312 x 222,0.0,-0.04652,0.00034,1.1885,-0.44203,-0.15832,0.22127,23.0,413.1,0.093
1692129600,2023-08-15 16:00,2023-08-15,16.0,4438.11,2023-09-11,1694462400,27.0,0.93198,0.00043,1.59702,-1.03489,2.83026,0.23421,,0.0,5 x 5,407.1,408.8,4050.0,5.7,6.0,272 x 158,5.75,-0.05235,0.00045,1.30633,-0.47151,-0.1777,0.21404,10.0,388.1,0.087
1692129600,2023-08-15 16:00,2023-08-15,16.0,4438.11,2023-09-11,1694462400,27.0,0.92532,0.00051,1.7173,-1.06287,2.82592,0.22627,,0.0,5 x 5,382.9,384.6,4075.0,6.4,6.7,264 x 65,4.96,-0.05821,0.00044,1.43891,-0.50388,-0.20127,0.20875,6.0,363.1,0.082
1692129600,2023-08-15 16:00,2023-08-15,16.0,4438.11,2023-09-11,1694462400,27.0,0.91745,0.00061,1.85043,-1.09309,2.8185,0.21848,,0.0,5 x 5,358.8,360.5,4100.0,7.3,7.5,125 x 24,7.5,-0.06641,0.0005,1.58987,-0.54117,-0.22892,0.20224,10.0,338.1,0.076
1692129600,2023-08-15 16:00,2023-08-15,16.0,4438.11,2023-09-11,1694462400,27.0,0.90879,0.00061,1.99727,-1.12253,2.8069,0.21112,,0.0,5 x 5,334.7,336.6,4125.0,8.3,8.5,72 x 24,5.9,-0.07568,0.00061,1.75936,-0.58068,-0.26092,0.1967,1.0,313.1,0.071
1692129600,2023-08-15 16:00,2023-08-15,16.0,4438.11,2023-09-11,1694462400,27.0,0.89785,0.00074,2.1711,-1.16153,2.78849,0.20393,,0.0,5 x 5,311.0,312.9,4150.0,9.4,9.8,201 x 160,9.6,-0.08776,0.00069,1.95034,-0.6239,-0.29902,0.19044,1.0,288.1,0.065
1692129600,2023-08-15 16:00,2023-08-15,16.0,4438.11,2023-09-11,1694462400,27.0,0.8842,0.00082,2.37011,-1.20551,2.76216,0.19691,,0.0,5 x 5,287.6,289.5,4175.0,11.0,11.4,42 x 131,7.7,-0.10167,0.00076,2.17713,-0.67796,-0.34583,0.18656,6.0,263.1,0.059
1692129600,2023-08-15 16:00,2023-08-15,16.0,4438.11,2023-09-11,1694462400,27.0,0.87026,0.00087,2.5801,-1.24646,2.7299,0.19111,21.0,288.8,5 x 5,264.4,266.2,4200.0,12.7,13.1,39 x 121,11.95,-0.11664,0.0009,2.4101,-0.72582,-0.39834,0.18096,4.0,238.1,0.054
1692129600,2023-08-15 16:00,2023-08-15,16.0,4438.11,2023-09-11,1694462400,27.0,0.86247,0.00095,2.67663,-1.2684,2.71342,0.188,,0.0,5 x 5,255.4,257.0,4210.0,13.4,13.9,57 x 115,12.65,-0.12416,0.00094,2.50703,-0.74554,-0.42142,0.17796,1.0,228.1,0.051
1692129600,2023-08-15 16:00,2023-08-15,16.0,4438.11,2023-09-11,1694462400,27.0,0.854,0.00101,2.7979,-1.30348,2.68847,0.18767,,0.0,5 x 5,246.2,248.9,4220.0,14.3,14.7,111 x 36,13.47,-0.13144,0.00097,2.61222,-0.76576,-0.44588,0.17596,3.0,218.1,0.049
1692129600,2023-08-15 16:00,2023-08-15,16.0,4438.11,2023-09-11,1694462400,27.0,0.85215,0.00106,2.8177,-1.29435,2.68776,0.18421,,0.0,5 x 5,241.7,243.3,4225.0,14.7,15.2,54 x 110,10.0,-0.13565,0.00104,2.66535,-0.77704,-0.45916,0.17499,2.0,213.1,0.048
1692129600,2023-08-15 16:00,2023-08-15,16.0,4438.11,2023-09-11,1694462400,27.0,0.84802,0.001,2.8686,-1.30494,2.67758,0.18358,,0.0,5 x 5,237.1,238.9,4230.0,15.2,15.7,53 x 107,10.3,-0.13923,0.00105,2.72042,-0.78763,-0.47333,0.17482,2.0,208.1,0.047
1692129600,2023-08-15 16:00,2023-08-15,16.0,4438.11,2023-09-11,1694462400,27.0,0.84006,0.00109,2.96733,-1.32166,2.65746,0.18106,,0.0,5 x 5,228.1,229.8,4240.0,16.2,16.6,54 x 103,14.22,-0.14736,0.0011,2.82915,-0.80823,-0.50094,0.1723,71.0,198.1,0.045
1692129600,2023-08-15 16:00,2023-08-15,16.0,4438.11,2023-09-11,1694462400,27.0,0.83194,0.00117,3.06724,-1.33823,2.63604,0.17861,2.0,0.0,5 x 5,218.1,221.8,4250.0,17.2,17.7,100 x 100,18.36,-0.15702,0.0012,2.94387,-0.8294,-0.53148,0.1697,1.0,188.1,0.042
1692129600,2023-08-15 16:00,2023-08-15,16.0,4438.11,2023-09-11,1694462400,27.0,0.82169,0.00121,3.18126,-1.36123,2.60972,0.17675,,0.0,5 x 5,210.4,212.1,4260.0,18.3,18.8,96 x 95,16.9,-0.16652,0.00121,3.05713,-0.84976,-0.56256,0.16826,13.0,178.1,0.04
1692129600,2023-08-15 16:00,2023-08-15,16.0,4438.11,2023-09-11,1694462400,27.0,0.81195,0.00128,3.28611,-1.37731,2.58439,0.17371,,0.0,5 x 5,201.5,203.3,4270.0,19.5,20.0,43 x 61,18.97,-0.1762,0.00123,3.17482,-0.86914,-0.5964,0.16656,10.0,168.1,0.038
1692129600,2023-08-15 16:00,2023-08-15,16.0,4438.11,2023-09-11,1694462400,27.0,0.80789,0.00133,3.33914,-1.38492,2.57056,0.17224,,0.0,5 x 5,197.2,198.8,4275.0,20.1,20.7,42 x 88,13.4,-0.182,0.00126,3.23537,-0.88004,-0.61362,0.16468,1.0,163.1,0.037
1692129600,2023-08-15 16:00,2023-08-15,16.0,4438.11,2023-09-11,1694462400,27.0,0.80264,0.00132,3.39447,-1.39333,2.5566,0.17111,,0.0,5 x 5,192.8,194.5,4280.0,20.8,21.3,41 x 59,19.3,-0.1878,0.00136,3.29568,-0.8898,-0.63128,0.16382,2.0,158.1,0.036
1692129600,2023-08-15 16:00,2023-08-15,16.0,4438.11,2023-09-11,1694462400,27.0,0.79091,0.0014,3.5086,-1.41132,2.52554,0.16895,2.0,215.76,6 x 6,184.1,186.1,4290.0,22.2,22.7,26 x 55,14.7,-0.199,0.00138,3.41861,-0.90924,-0.6696,0.16176,1.0,148.1,0.033
1692129600,2023-08-15 16:00,2023-08-15,16.0,4438.11,2023-09-11,1694462400,27.0,0.78584,0.00141,3.56342,-1.41887,2.50949,0.16759,3.0,211.52,6 x 6,179.9,181.7,4295.0,22.9,23.4,37 x 42,15.3,-0.20465,0.0014,3.47763,-0.91781,-0.68848,0.1607,7.0,143.1,0.032
1692129600,2023-08-15 16:00,2023-08-15,16.0,4438.11,2023-09-11,1694462400,27.0,0.7787,0.00146,3.6229,-1.42949,2.4919,0.16691,28.0,206.47,6 x 6,175.9,177.4,4300.0,23.6,24.2,12 x 53,16.81,-0.21103,0.00146,3.53893,-0.92719,-0.70855,0.16002,2.0,138.1,0.031
1692129600,2023-08-15 16:00,2023-08-15,16.0,4438.11,2023-09-11,1694462400,27.0,0.77298,0.00152,3.68036,-1.43794,2.47432,0.16648,,0.0,6 x 6,171.6,173.3,4305.0,24.4,25.0,52 x 52,16.1,-0.21761,0.00156,3.60096,-0.93672,-0.72958,0.15916,1.0,133.1,0.03
1692129600,2023-08-15 16:00,2023-08-15,16.0,4438.11,2023-09-11,1694462400,27.0,0.7673,0.0015,3.73042,-1.43969,2.45923,0.16426,6.0,184.44,6 x 6,167.1,169.0,4310.0,25.3,25.8,39 x 50,22.08,-0.22432,0.0016,3.66477,-0.94625,-0.75059,0.15868,1.0,128.1,0.029
1692129600,2023-08-15 16:00,2023-08-15,16.0,4438.11,2023-09-11,1694462400,27.0,0.75989,0.00158,3.79922,-1.4573,2.43498,0.16457,1.0,200.38,6 x 6,163.2,165.4,4315.0,26.1,26.7,49 x 49,26.95,-0.23136,0.00162,3.72614,-0.95521,-0.7724,0.15744,2.0,123.1,0.028
1692129600,2023-08-15 16:00,2023-08-15,16.0,4438.11,2023-09-11,1694462400,27.0,0.75335,0.00158,3.85063,-1.45963,2.418,0.16307,,0.0,6 x 6,159.2,160.8,4320.0,26.9,27.5,48 x 37,17.7,-0.23751,0.0016,3.78502,-0.96093,-0.79393,0.15614,2.0,118.1,0.027
1692129600,2023-08-15 16:00,2023-08-15,16.0,4438.11,2023-09-11,1694462400,27.0,0.74697,0.00157,3.90586,-1.46508,2.39861,0.16112,2.0,184.73,6 x 6,155.0,156.7,4325.0,27.8,28.5,46 x 46,19.67,-0.24505,0.00172,3.84821,-0.97069,-0.81723,0.15487,2.0,113.1,0.025
1692129600,2023-08-15 16:00,2023-08-15,16.0,4438.11,2023-09-11,1694462400,27.0,0.73967,0.00164,3.95942,-1.46906,2.37888,0.16053,,0.0,6 x 6,150.8,152.6,4330.0,28.7,29.4,10 x 45,18.9,-0.25215,0.00176,3.90786,-0.97666,-0.8401,0.15409,2.0,108.1,0.024
1692129600,2023-08-15 16:00,2023-08-15,16.0,4438.11,2023-09-11,1694462400,27.0,0.73247,0.0017,4.0175,-1.47733,2.35672,0.15971,,0.0,6 x 6,146.9,148.6,4335.0,29.3,29.8,34 x 50,0.0,-0.25837,0.00176,3.95593,-0.97262,-0.85869,0.15228,,103.1,0.023
1692129600,2023-08-15 16:00,2023-08-15,16.0,4438.11,2023-09-11,1694462400,27.0,0.72591,0.00175,4.069,-1.4773,2.33694,0.15795,,0.0,6 x 6,142.7,144.4,4340.0,30.7,31.3,42 x 32,32.51,-0.26806,0.00181,4.02658,-0.98994,-0.88822,0.15194,1.0,98.1,0.022
1692129600,2023-08-15 16:00,2023-08-15,16.0,4438.11,2023-09-11,1694462400,27.0,0.71755,0.00176,4.12549,-1.48529,2.3132,0.15674,12.0,177.14,6 x 6,138.8,140.6,4345.0,31.8,32.4,31 x 40,0.0,-0.27592,0.00181,4.08732,-0.99779,-0.91332,0.15103,,93.1,0.021
1692129600,2023-08-15 16:00,2023-08-15,16.0,4438.11,2023-09-11,1694462400,27.0,0.71048,0.00177,4.17936,-1.48978,2.28981,0.15612,,0.0,6 x 6,135.0,136.5,4350.0,32.8,33.5,39 x 39,21.5,-0.28477,0.00184,4.14491,-1.00231,-0.93899,0.15018,1.0,88.1,0.02
1692129600,2023-08-15 16:00,2023-08-15,16.0,4438.11,2023-09-11,1694462400,27.0,0.70185,0.00182,4.23251,-1.49309,2.26587,0.15469,1.0,146.67,7 x 7,131.0,132.7,4355.0,33.5,33.9,33 x 14,34.69,-0.29137,0.00187,4.19106,-0.99502,-0.95943,0.14796,1.0,83.1,0.019
1692129600,2023-08-15 16:00,2023-08-15,16.0,4438.11,2023-09-11,1694462400,27.0,0.69405,0.00191,4.28638,-1.49857,2.24082,0.15401,,0.0,7 x 7,127.2,128.9,4360.0,34.6,35.1,35 x 53,37.8,-0.30003,0.00193,4.24781,-0.99973,-0.98533,0.1475,8.0,78.1,0.018
1692129600,2023-08-15 16:00,2023-08-15,16.0,4438.11,2023-09-11,1694462400,27.0,0.68566,0.00186,4.33555,-1.49913,2.2163,0.15285,,0.0,7 x 7,123.3,125.0,4365.0,36.3,36.9,28 x 8,0.0,-0.30995,0.00196,4.31189,-1.0152,-1.01749,0.14767,,73.1,0.016
1692129600,2023-08-15 16:00,2023-08-15,16.0,4438.11,2023-09-11,1694462400,27.0,0.67671,0.00193,4.38627,-1.50249,2.18924,0.15119,,0.0,7 x 7,119.6,121.3,4370.0,37.6,38.1,28 x 8,0.0,-0.31949,0.00203,4.3653,-1.01947,-1.04452,0.14711,,68.1,0.015
1692129600,2023-08-15 16:00,2023-08-15,16.0,4438.11,2023-09-11,1694462400,27.0,0.66744,0.00199,4.43543,-1.50633,2.16168,0.15061,,0.0,7 x 7,116.0,117.6,4375.0,38.8,39.4,27 x 8,26.9,-0.32861,0.00202,4.41634,-1.0211,-1.07271,0.14553,312.0,63.1,0.014
1692129600,2023-08-15 16:00,2023-08-15,16.0,4438.11,2023-09-11,1694462400,27.0,0.65814,0.00198,4.48169,-1.50465,2.13469,0.14989,,0.0,4 x 4,112.7,113.2,4380.0,40.1,40.7,26 x 8,39.85,-0.33882,0.00213,4.46588,-1.02275,-1.09992,0.14474,2.0,58.1,0.013
1692129600,2023-08-15 16:00,2023-08-15,16.0,4438.11,2023-09-11,1694462400,27.0,0.64899,0.00207,4.52643,-1.50334,2.10557,0.14836,,0.0,4 x 4,109.0,109.6,4385.0,41.5,42.0,26 x 8,38.14,-0.34789,0.00213,4.51322,-1.02358,-1.12813,0.14426,1.0,53.1,0.012
1692129600,2023-08-15 16:00,2023-08-15,16.0,4438.11,2023-09-11,1694462400,27.0,0.64005,0.0021,4.57004,-1.50458,2.07638,0.14716,4.0,101.0,5 x 5,105.5,106.0,4390.0,42.8,43.4,25 x 7,28.7,-0.3582,0.00215,4.55745,-1.023,-1.15722,0.14246,7.0,48.1,0.011
1692129600,2023-08-15 16:00,2023-08-15,16.0,4438.11,2023-09-11,1694462400,27.0,0.63001,0.00213,4.61119,-1.50201,2.04618,0.14674,,0.0,5 x 5,101.8,102.5,4395.0,44.3,44.9,24 x 31,39.7,-0.36831,0.00219,4.6004,-1.02263,-1.18616,0.14138,3.0,43.1,0.01
1692129600,2023-08-15 16:00,2023-08-15,16.0,4438.11,2023-09-11,1694462400,27.0,0.61999,0.00211,4.64938,-1.49888,2.01523,0.14502,,0.0,5 x 5,98.3,98.9,4400.0,45.7,46.3,24 x 24,31.66,-0.37901,0.00222,4.6409,-1.01885,-1.21473,0.14072,1.0,38.1,0.009
1692129600,2023-08-15 16:00,2023-08-15,16.0,4438.11,2023-09-11,1694462400,27.0,0.60958,0.00213,4.68635,-1.49601,1.98372,0.1447,1.0,129.26,6 x 6,94.9,95.4,4405.0,47.3,47.9,23 x 7,33.27,-0.39021,0.00225,4.6783,-1.01784,-1.24431,0.13967,2.0,33.1,0.007
1692129600,2023-08-15 16:00,2023-08-15,16.0,4438.11,2023-09-11,1694462400,27.0,0.59922,0.00223,4.71952,-1.49237,1.95139,0.14328,,0.0,6 x 6,91.4,92.0,4410.0,48.9,49.5,23 x 30,34.37,-0.40046,0.00231,4.71342,-1.01491,-1.27352,0.13906,1.0,28.1,0.006
1692129600,2023-08-15 16:00,2023-08-15,16.0,4438.11,2023-09-11,1694462400,27.0,0.59043,0.00228,4.74711,-1.4667,1.92377,0.13941,1.0,133.6,18 x 18,86.8,87.6,4415.0,50.4,51.1,29 x 7,41.8,-0.41162,0.00239,4.74386,-1.00918,-1.30293,0.138,12.0,23.1,0.005
1692129600,2023-08-15 16:00,2023-08-15,16.0,4438.11,2023-09-11,1694462400,27.0,0.57958,0.00234,4.77574,-1.46098,1.88893,0.13914,,0.0,19 x 19,83.5,84.3,4420.0,52.2,52.8,22 x 6,33.02,-0.42383,0.00243,4.77213,-1.0047,-1.33254,0.13677,1.0,18.1,0.004
1692129600,2023-08-15 16:00,2023-08-15,16.0,4438.11,2023-09-11,1694462400,27.0,0.56844,0.00236,4.80169,-1.45339,1.85373,0.13781,,0.0,19 x 19,80.2,81.0,4425.0,53.8,54.6,27 x 27,50.85,-0.43505,0.00243,4.79559,-0.99656,-1.36238,0.13587,33.0,13.1,0.003
1692129600,2023-08-15 16:00,2023-08-15,16.0,4438.11,2023-09-11,1694462400,27.0,0.55639,0.00235,4.82267,-1.44311,1.81786,0.1365,4.0,132.3,20 x 6,77.0,77.6,4430.0,55.6,56.4,27 x 27,38.62,-0.4475,0.00246,4.81628,-0.98903,-1.3913,0.13504,1.0,8.1,0.002
1692129600,2023-08-15 16:00,2023-08-15,16.0,4438.11,2023-09-11,1694462400,27.0,0.54488,0.00231,4.84205,-1.45745,1.77881,0.13832,1.0,98.31,27 x 13,75.1,75.7,4435.0,57.5,58.3,20 x 20,47.85,-0.459,0.00245,4.83123,-0.98085,-1.4208,0.13382,2.0,3.1,0.001
1692129600,2023-08-15 16:00,2023-08-15,16.0,4438.11,2023-09-11,1694462400,27.0,0.53284,0.00242,4.85587,-1.42429,1.74403,0.13463,19.0,119.06,21 x 6,70.8,71.4,4440.0,59.5,60.2,20 x 20,41.29,-0.47216,0.00254,4.84284,-0.97138,-1.44991,0.13321,12.0,1.9,0.0
1692129600,2023-08-15 16:00,2023-08-15,16.0,4438.11,2023-09-11,1694462400,27.0,0.5213,0.00239,4.86592,-1.41342,1.70527,0.13347,16.0,116.09,21 x 6,67.8,68.4,4445.0,61.3,62.1,19 x 19,62.0,-0.48455,0.00257,4.84951,-0.95766,-1.47767,0.13135,1.0,6.9,0.002
1692129600,2023-08-15 16:00,2023-08-15,16.0,4438.11,2023-09-11,1694462400,27.0,0.50923,0.00243,4.87161,-1.40275,1.66712,0.13246,8.0,74.6,22 x 7,64.9,65.5,4450.0,63.5,64.2,19 x 19,58.07,-0.49735,0.00258,4.85078,-0.94787,-1.5061,0.13101,4.0,11.9,0.003
1692129600,2023-08-15 16:00,2023-08-15,16.0,4438.11,2023-09-11,1694462400,27.0,0.49674,0.00248,4.87338,-1.38974,1.62721,0.13155,17.0,100.58,22 x 7,62.0,62.6,4455.0,65.6,66.3,18 x 18,48.02,-0.51075,0.00264,4.84695,-0.93439,-1.53269,0.13003,2.0,16.9,0.004
1692129600,2023-08-15 16:00,2023-08-15,16.0,4438.11,2023-09-11,1694462400,27.0,0.48372,0.00244,4.86984,-1.37535,1.5876,0.13066,1.0,78.3,23 x 7,59.2,59.8,4460.0,66.7,67.3,7 x 7,0.0,-0.52492,0.00268,4.83472,-0.89895,-1.556,0.12641,,21.9,0.005
1692129600,2023-08-15 16:00,2023-08-15,16.0,4438.11,2023-09-11,1694462400,27.0,0.47158,0.00251,4.86078,-1.35866,1.5465,0.12986,1.0,72.24,24 x 7,56.4,57.0,4465.0,68.9,69.5,25 x 7,49.04,-0.53926,0.00273,4.81839,-0.8815,-1.58043,0.12578,1.0,26.9,0.006
1692129600,2023-08-15 16:00,2023-08-15,16.0,4438.11,2023-09-11,1694462400,27.0,0.45947,0.00243,4.8494,-1.36224,1.50821,0.1313,1.0,58.81,7 x 38,54.8,55.4,4470.0,71.2,71.7,7 x 7,53.48,-0.553,0.00272,4.79516,-0.86307,-1.60457,0.1241,1.0,31.9,0.007
1692129600,2023-08-15 16:00,2023-08-15,16.0,4438.11,2023-09-11,1694462400,27.0,0.4459,0.00247,4.82964,-1.3235,1.4639,0.12855,1.0,68.81,25 x 8,51.1,51.7,4475.0,73.5,74.1,22 x 7,55.08,-0.56765,0.00277,4.76577,-0.8447,-1.62686,0.12377,1.0,36.9,0.008
1692129600,2023-08-15 16:00,2023-08-15,16.0,4438.11,2023-09-11,1694462400,27.0,0.43322,0.00253,4.80536,-1.30605,1.42281,0.12763,18.0,87.26,26 x 8,48.7,49.2,4480.0,75.9,76.5,7 x 7,69.88,-0.58248,0.00275,4.72745,-0.82275,-1.6469,0.12258,1.0,41.9,0.009
1692129600,2023-08-15 16:00,2023-08-15,16.0,4438.11,2023-09-11,1694462400,27.0,0.41959,0.00249,4.77601,-1.28404,1.38043,0.12643,6.0,79.1,27 x 8,46.1,46.7,4485.0,78.4,78.9,7 x 7,0.0,-0.5973,0.00284,4.68243,-0.8001,-1.66428,0.12105,,46.9,0.011
1692129600,2023-08-15 16:00,2023-08-15,16.0,4438.11,2023-09-11,1694462400,27.0,0.40634,0.00249,4.74172,-1.26367,1.33795,0.12592,7.0,59.3,28 x 9,43.7,44.3,4490.0,80.9,81.5,6 x 6,69.79,-0.61301,0.00286,4.62814,-0.77598,-1.6799,0.12003,6.0,51.9,0.012
1692129600,2023-08-15 16:00,2023-08-15,16.0,4438.11,2023-09-11,1694462400,27.0,0.39553,0.00253,4.7061,-1.25911,1.30009,0.12715,1.0,57.02,8 x 17,42.3,42.8,4495.0,83.5,84.1,20 x 6,60.39,-0.62804,0.00283,4.56488,-0.74959,-1.69311,0.11821,2.0,56.9,0.013
1692129600,2023-08-15 16:00,2023-08-15,16.0,4438.11,2023-09-11,1694462400,27.0,0.38197,0.0025,4.66207,-1.23495,1.25831,0.12605,1.0,53.1,10 x 19,40.0,40.5,4500.0,86.2,86.8,6 x 6,60.86,-0.64374,0.00289,4.4933,-0.72328,-1.70248,0.11753,11.0,61.9,0.014
1692129600,2023-08-15 16:00,2023-08-15,16.0,4438.11,2023-09-11,1694462400,27.0,0.36728,0.00253,4.60309,-1.19191,1.20941,0.12292,,0.0,31 x 10,36.9,37.5,4505.0,89.0,89.6,5 x 5,74.13,-0.65955,0.00289,4.41102,-0.69492,-1.70829,0.11594,1.0,66.9,0.015
1692129600,2023-08-15 16:00,2023-08-15,16.0,4438.11,2023-09-11,1694462400,27.0,0.3535,0.00246,4.54617,-1.1658,1.16664,0.12193,1.0,45.73,33 x 10,34.8,35.4,4510.0,91.8,92.3,5 x 5,87.43,-0.67658,0.00289,4.31552,-0.66213,-1.70929,0.11478,3.0,71.9,0.016
1692129600,2023-08-15 16:00,2023-08-15,16.0,4438.11,2023-09-11,1694462400,27.0,0.34083,0.00248,4.48248,-1.13852,1.12282,0.12118,,0.0,34 x 11,32.8,33.3,4515.0,94.7,95.3,5 x 5,71.18,-0.69312,0.00287,4.21151,-0.63098,-1.70605,0.11378,1.0,76.9,0.017
1692129600,2023-08-15 16:00,2023-08-15,16.0,4438.11,2023-09-11,1694462400,27.0,0.32737,0.00246,4.41505,-1.11249,1.08101,0.12074,11.0,47.7,36 x 11,30.9,31.4,4520.0,97.7,98.3,4 x 4,73.97,-0.71026,0.00296,4.09423,-0.59762,-1.69742,0.11213,4.0,81.9,0.018
1692129600,2023-08-15 16:00,2023-08-15,16.0,4438.11,2023-09-11,1694462400,27.0,0.31452,0.00246,4.3408,-1.08309,1.03794,0.11985,3.0,47.5,36 x 12,29.0,29.5,4525.0,100.8,101.4,3 x 3,72.62,-0.72756,0.00294,3.96224,-0.56262,-1.6813,0.11123,4.0,86.9,0.02
1692129600,2023-08-15 16:00,2023-08-15,16.0,4438.11,2023-09-11,1694462400,27.0,0.30392,0.00236,4.27676,-1.06963,1.0029,0.12048,1.0,62.47,13 x 42,27.8,28.3,4530.0,103.3,105.1,6 x 6,79.47,-0.74593,0.0029,3.81176,-0.52331,-1.65671,0.10986,2.0,91.9,0.021
1692129600,2023-08-15 16:00,2023-08-15,16.0,4438.11,2023-09-11,1694462400,27.0,0.28796,0.00232,4.176,-1.02193,0.95296,0.11798,5.0,28.51,39 x 13,25.4,25.9,4535.0,106.5,108.5,6 x 6,83.32,-0.76412,0.00291,3.65101,-0.48632,-1.62551,0.10816,13.0,96.9,0.022
1692129600,2023-08-15 16:00,2023-08-15,16.0,4438.11,2023-09-11,1694462400,27.0,0.2782,0.00228,4.10734,-1.0096,0.92003,0.11937,23.0,34.58,14 x 83,24.4,24.9,4540.0,109.6,111.6,5 x 5,94.19,-0.78485,0.00292,3.44505,-0.43696,-1.57402,0.10567,6.0,101.9,0.023
1692129600,2023-08-15 16:00,2023-08-15,16.0,4438.11,2023-09-11,1694462400,27.0,0.26341,0.0023,3.99508,-0.96143,0.87076,0.11736,2.0,35.13,41 x 15,22.2,22.7,4545.0,112.9,114.7,5 x 5,84.62,-0.80742,0.00292,3.20894,-0.38674,-1.5055,0.10365,34.0,106.9,0.024
1692129600,2023-08-15 16:00,2023-08-15,16.0,4438.11,2023-09-11,1694462400,27.0,0.25291,0.00218,3.919,-0.9453,0.83889,0.11747,1.0,19.91,16 x 94,21.3,21.7,4550.0,116.6,118.1,5 x 5,90.97,-0.82835,0.00293,2.96773,-0.34056,-1.42914,0.10199,3.0,111.9,0.025
1692129600,2023-08-15 16:00,2023-08-15,16.0,4438.11,2023-09-11,1694462400,27.0,0.24119,0.00219,3.81675,-0.91181,0.79836,0.11658,2.0,31.74,16 x 41,19.8,20.2,4555.0,119.9,122.2,5 x 5,90.64,-0.84895,0.00289,2.7008,-0.29397,-1.33492,0.09984,27.0,116.9,0.026
1692129600,2023-08-15 16:00,2023-08-15,16.0,4438.11,2023-09-11,1694462400,27.0,0.22669,0.00215,3.69024,-0.86458,0.75143,0.11468,12.0,30.9,44 x 18,17.9,18.4,4560.0,123.6,125.6,5 x 5,73.36,-0.87632,0.00295,2.32404,-0.2325,-1.18393,0.09669,1.0,121.9,0.027
1692129600,2023-08-15 16:00,2023-08-15,16.0,4438.11,2023-09-11,1694462400,27.0,0.21498,0.00213,3.57947,-0.8318,0.71178,0.1142,,0.0,45 x 20,16.6,17.1,4565.0,127.0,128.9,5 x 5,122.3,-0.91854,0.00297,1.67163,-0.14007,-0.88274,0.09071,2.0,126.9,0.029
1692129600,2023-08-15 16:00,2023-08-15,16.0,4438.11,2023-09-12,1694548800,28.0,0.97751,0.0001,0.63372,-0.74291,2.74328,0.38322,,0.0,15 x 3,848.2,855.5,3600.0,1.55,1.65,316 x 30,1.15,-0.01059,3e-05,0.35855,-0.19656,-0.03892,0.33659,36.0,838.1,0.189
1692129600,2023-08-15 16:00,2023-08-15,16.0,4438.11,2023-09-12,1694548800,28.0,0.97566,0.00015,0.69794,-0.77173,2.77371,0.36694,,0.0,1 x 8,793.8,811.0,3650.0,1.75,1.85,410 x 30,0.0,-0.01227,9e-05,0.40647,-0.21398,-0.04472,0.32252,,788.1,0.178
1692129600,2023-08-15 16:00,2023-08-15,16.0,4438.11,2023-09-12,1694548800,28.0,0.96962,0.00013,0.82644,-0.84447,2.79313,0.35734,,0.0,15 x 15,749.1,758.0,3700.0,2.0,2.1,454 x 30,0.0,-0.01473,5e-05,0.46594,-0.23434,-0.05255,0.30839,,738.1,0.166
1692129600,2023-08-15 16:00,2023-08-15,16.0,4438.11,2023-09-12,1694548800,28.0,0.96707,0.00015,0.8957,-0.86519,2.82171,0.33896,,0.0,15 x 15,699.6,708.5,3750.0,2.3,2.4,151 x 30,0.0,-0.01736,0.00015,0.53486,-0.25719,-0.06234,0.29472,,688.1,0.155
1692129600,2023-08-15 16:00,2023-08-15,16.0,4438.11,2023-09-12,1694548800,28.0,0.96249,0.00019,1.00406,-0.90707,2.84393,0.3238,,0.0,3 x 3,652.4,657.4,3800.0,2.65,2.8,113 x 341,0.0,-0.02029,0.00013,0.62033,-0.28491,-0.07318,0.28198,1.0,638.1,0.144
1692129600,2023-08-15 16:00,2023-08-15,16.0,4438.11,2023-09-12,1694548800,28.0,0.95955,0.00026,1.06684,-0.90908,2.87274,0.30206,,0.0,15 x 15,600.8,609.6,3850.0,3.0,3.2,475 x 98,3.1,-0.02397,0.00017,0.71087,-0.31003,-0.0867,0.26737,20.0,588.1,0.133
1692129600,2023-08-15 16:00,2023-08-15,16.0,4438.11,2023-09-12,1694548800,28.0,0.95289,0.00024,1.21441,-0.96068,2.88707,0.28784,,0.0,3 x 3,553.8,558.8,3900.0,3.5,3.7,366 x 30,0.0,-0.02873,0.00021,0.82589,-0.34106,-0.10353,0.25342,,538.1,0.121
1692129600,2023-08-15 16:00,2023-08-15,16.0,4438.11,2023-09-12,1694548800,28.0,0.9469,0.00028,1.32435,-0.97585,2.9081,0.26843,,0.0,15 x 15,502.5,511.3,3950.0,4.2,4.4,347 x 30,0.0,-0.03498,0.00022,0.97672,-0.3824,-0.12643,0.24021,,488.1,0.11
1692129600,2023-08-15 16:00,2023-08-15,16.0,4438.11,2023-09-12,1694548800,28.0,0.93875,0.00041,1.49436,-1.01565,2.91631,0.2509,,0.0,15 x 15,453.6,462.4,4000.0,5.1,5.4,245 x 378,4.7,-0.04404,0.00031,1.16785,-0.43355,-0.15733,0.22813,26.0,438.1,0.099
1692129600,2023-08-15 16:00,2023-08-15,16.0,4438.11,2023-09-12,1694548800,28.0,0.92707,0.00048,1.70495,-1.06384,2.91563,0.23567,,0.0,15 x 15,405.0,413.8,4050.0,6.3,6.6,187 x 138,5.99,-0.05492,0.00045,1.39854,-0.48918,-0.19683,0.21515,1.0,388.1,0.087
1692129600,2023-08-15 16:00,2023-08-15,16.0,4438.11,2023-09-12,1694548800,28.0,0.91191,0.00058,1.97392,-1.12423,2.90082,0.22061,,0.0,15 x 15,357.0,365.6,4100.0,8.1,8.4,157 x 155,0.0,-0.07118,0.00057,1.70623,-0.56546,-0.25424,0.20437,,338.1,0.076
1692129600,2023-08-15 16:00,2023-08-15,16.0,4438.11,2023-09-12,1694548800,28.0,0.89194,0.00071,2.30329,-1.19201,2.8668,0.20603,,0.0,15 x 15,309.6,318.0,4150.0,10.4,10.8,137 x 136,9.59,-0.09276,0.00072,2.07452,-0.64611,-0.32788,0.19326,2.0,288.1,0.065
1692129600,2023-08-15 16:00,2023-08-15,16.0,4438.11,2023-09-12,1694548800,28.0,0.86589,0.00095,2.68191,-1.25505,2.81335,0.19099,,0.0,1 x 1,263.8,269.8,4200.0,13.7,14.1,37 x 113,13.57,-0.122,0.00089,2.52445,-0.73722,-0.42955,0.1819,3.0,238.1,0.054
1692129600,2023-08-15 16:00,2023-08-15,16.0,4438.11,2023-09-12,1694548800,28.0,0.82734,0.00117,3.17333,-1.34307,2.71457,0.17863,,0.0,1 x 1,218.8,224.5,4250.0,18.3,18.8,46 x 78,12.41,-0.16173,0.00117,3.05347,-0.8332,-0.56683,0.17134,31.0,188.1,0.042
1692129600,2023-08-15 16:00,2023-08-15,16.0,4438.11,2023-09-12,1694548800,28.0,0.77392,0.00144,3.73377,-1.43464,2.56272,0.16879,12.0,173.78,15 x 15,175.1,182.4,4300.0,24.9,25.5,52 x 40,22.25,-0.21564,0.00146,3.64785,-0.92599,-0.74923,0.16167,1.0,138.1,0.031
1692129600,2023-08-15 16:00,2023-08-15,16.0,4438.11,2023-09-12,1694548800,28.0,0.74189,0.00163,4.01137,-1.46764,2.46844,0.16293,15.0,177.97,15 x 15,154.5,161.6,4325.0,29.2,29.8,10 x 45,21.24,-0.24929,0.00168,3.9507,-0.96497,-0.85992,0.15673,2.0,113.1,0.025
1692129600,2023-08-15 16:00,2023-08-15,16.0,4438.11,2023-09-12,1694548800,28.0,0.7059,0.0017,4.28305,-1.49298,2.35618,0.15812,,0.0,3 x 3,136.4,140.0,4350.0,34.2,34.9,39 x 39,29.07,-0.2879,0.00182,4.24249,-0.9941,-0.98255,0.15162,1.0,88.1,0.02
1692129600,2023-08-15 16:00,2023-08-15,16.0,4438.11,2023-09-12,1694548800,28.0,0.66852,0.00194,4.51077,-1.46829,2.24146,0.14856,,0.0,8 x 8,116.5,118.2,4375.0,40.2,40.8,27 x 8,0.0,-0.33127,0.00201,4.50809,-1.00913,-1.11718,0.14652,,63.1,0.014
1692129600,2023-08-15 16:00,2023-08-15,16.0,4438.11,2023-09-12,1694548800,28.0,0.65709,0.00193,4.57078,-1.49334,2.20338,0.15058,,0.0,4 x 4,114.6,115.2,4380.0,41.5,42.1,26 x 8,0.0,-0.34096,0.00204,4.55595,-1.01027,-1.14563,0.14582,,58.1,0.013
1692129600,2023-08-15 16:00,2023-08-15,16.0,4438.11,2023-09-12,1694548800,28.0,0.63802,0.00206,4.6571,-1.49071,2.14455,0.14757,,0.0,5 x 5,107.3,107.9,4390.0,44.2,44.9,25 x 32,0.0,-0.35963,0.00218,4.6476,-1.00993,-1.20316,0.14388,,48.1,0.011
1692129600,2023-08-15 16:00,2023-08-15,16.0,4438.11,2023-09-12,1694548800,28.0,0.61923,0.00213,4.73651,-1.4875,2.08267,0.146,,0.0,5 x 5,100.3,100.8,4400.0,47.1,47.8,24 x 31,30.0,-0.38022,0.00218,4.72827,-1.00552,-1.26133,0.142,30.0,38.1,0.009
1692129600,2023-08-15 16:00,2023-08-15,16.0,4438.11,2023-09-12,1694548800,28.0,0.59868,0.00218,4.80509,-1.47917,2.0182,0.14347,,0.0,6 x 6,93.3,93.9,4410.0,50.2,50.9,30 x 30,0.0,-0.40161,0.00223,4.79949,-0.99917,-1.31998,0.13983,,28.1,0.006
1692129600,2023-08-15 16:00,2023-08-15,16.0,4438.11,2023-09-12,1694548800,28.0,0.57888,0.00229,4.86118,-1.44926,1.95489,0.1393,,0.0,19 x 19,85.5,86.2,4420.0,53.5,54.2,28 x 22,0.0,-0.42383,0.00236,4.85734,-0.98853,-1.37917,0.13745,23.0,18.1,0.004
1692129600,2023-08-15 16:00,2023-08-15,16.0,4438.11,2023-09-12,1694548800,28.0,0.56764,0.0023,4.88729,-1.4424,1.91932,0.13849,,0.0,19 x 19,82.2,83.0,4425.0,55.2,56.0,6 x 6,0.0,-0.43545,0.0024,4.88123,-0.98199,-1.40919,0.13673,,13.1,0.003
1692129600,2023-08-15 16:00,2023-08-15,16.0,4438.11,2023-09-12,1694548800,28.0,0.55664,0.00233,4.90911,-1.43303,1.88286,0.13731,,0.0,20 x 6,79.0,79.6,4430.0,57.0,57.8,21 x 21,49.39,-0.44737,0.00241,4.9009,-0.97435,-1.4385,0.13561,2.0,8.1,0.002
1692129600,2023-08-15 16:00,2023-08-15,16.0,4438.11,2023-09-12,1694548800,28.0,0.53432,0.0024,4.94158,-1.41485,1.80806,0.13559,1.0,82.42,21 x 6,72.8,73.4,4440.0,60.7,61.5,20 x 20,0.0,-0.47097,0.0025,4.92762,-0.95496,-1.49649,0.13409,,1.9,0.0
1692129600,2023-08-15 16:00,2023-08-15,16.0,4438.11,2023-09-12,1694548800,28.0,0.51039,0.00244,4.95811,-1.39309,1.73078,0.13379,6.0,87.9,22 x 7,66.8,67.4,4450.0,64.7,65.5,19 x 19,59.24,-0.4958,0.00253,4.93664,-0.93243,-1.55249,0.13227,11.0,11.9,0.003
1692129600,2023-08-15 16:00,2023-08-15,16.0,4438.11,2023-09-12,1694548800,28.0,0.48613,0.0024,4.95781,-1.36571,1.65013,0.13187,,0.0,23 x 7,61.1,61.7,4460.0,68.0,68.6,7 x 7,56.09,-0.52301,0.00259,4.9222,-0.88605,-1.60253,0.12761,1.0,21.9,0.005
1692129600,2023-08-15 16:00,2023-08-15,16.0,4438.11,2023-09-12,1694548800,28.0,0.46106,0.00244,4.93796,-1.3338,1.56841,0.13056,,0.0,24 x 7,55.6,56.2,4470.0,69.8,75.2,15 x 15,59.69,-0.55035,0.00273,4.88356,-0.84873,-1.65036,0.12482,1.0,31.9,0.007
1692129600,2023-08-15 16:00,2023-08-15,16.0,4438.11,2023-09-12,1694548800,28.0,0.44916,0.00247,4.92058,-1.31765,1.5267,0.12938,,0.0,25 x 8,53.0,53.6,4475.0,74.7,75.3,7 x 7,0.0,-0.56482,0.00268,4.85532,-0.83302,-1.67363,0.12455,,36.9,0.008
1692129600,2023-08-15 16:00,2023-08-15,16.0,4438.11,2023-09-12,1694548800,28.0,0.43622,0.00244,4.89836,-1.2989,1.48449,0.12864,,0.0,26 x 8,50.4,51.0,4480.0,77.0,77.8,7 x 7,0.0,-0.57895,0.00273,4.81943,-0.8132,-1.69387,0.12321,,41.9,0.009
1692129600,2023-08-15 16:00,2023-08-15,16.0,4438.11,2023-09-12,1694548800,28.0,0.4103,0.00242,4.83715,-1.25761,1.39864,0.12683,1.0,50.8,9 x 9,45.4,46.1,4490.0,82.1,82.6,6 x 6,61.89,-0.60867,0.00279,4.72395,-0.76786,-1.72748,0.12043,1.0,51.9,0.012
1692129600,2023-08-15 16:00,2023-08-15,16.0,4438.11,2023-09-12,1694548800,28.0,0.38518,0.00248,4.75482,-1.21392,1.31259,0.12517,,0.0,30 x 9,40.8,41.4,4500.0,87.3,88.0,6 x 6,0.0,-0.63921,0.00285,4.59499,-0.71847,-1.75088,0.11912,,61.9,0.014
1692129600,2023-08-15 16:00,2023-08-15,16.0,4438.11,2023-09-12,1694548800,28.0,0.36124,0.00245,4.65987,-1.1822,1.23217,0.12479,,0.0,10 x 20,37.3,37.8,4510.0,92.9,93.5,5 x 5,0.0,-0.67032,0.00282,4.42586,-0.66246,-1.76052,0.11661,,71.9,0.016
1692129600,2023-08-15 16:00,2023-08-15,16.0,4438.11,2023-09-12,1694548800,28.0,0.32061,0.00235,4.4535,-1.08516,1.09439,0.12035,23.0,41.32,35 x 12,30.5,31.0,4525.0,101.7,102.3,4 x 4,0.0,-0.72155,0.00282,4.0814,-0.56382,-1.7345,0.11183,,86.9,0.02
1692129600,2023-08-15 16:00,2023-08-15,16.0,4438.11,2023-09-12,1694548800,28.0,0.2597,0.00218,4.04186,-0.95074,0.89015,0.11829,2.0,25.2,15 x 15,22.5,23.0,4550.0,118.8,120.5,6 x 6,110.3,-0.80206,0.00282,3.32715,-0.40783,-1.58449,0.10746,2.0,111.9,0.025
1692129600,2023-08-15 16:00,2023-08-15,16.0,4438.11,2023-09-13,1694635200,29.0,0.97396,0.0001,0.74317,-0.81525,2.82381,0.39124,,0.0,15 x 15,849.0,857.9,3600.0,1.8,1.9,171 x 30,0.0,-0.01168,0.0001,0.40142,-0.21348,-0.04539,0.33783,,838.1,0.189
1692129600,2023-08-15 16:00,2023-08-15,16.0,4438.11,2023-09-13,1694635200,29.0,0.9706,0.0001,0.82643,-0.85488,2.85141,0.37611,,0.0,3 x 3,801.7,806.7,3650.0,2.0,2.15,470 x 279,1.6,-0.01392,8e-05,0.4539,-0.23191,-0.05162,0.32327,18.0,788.1,0.178
1692129600,2023-08-15 16:00,2023-08-15,16.0,4438.11,2023-09-13,1694635200,29.0,0.96929,0.00017,0.85928,-0.84983,2.88719,0.35343,,0.0,15 x 15,749.9,758.8,3700.0,2.3,2.4,320 x 30,2.21,-0.01663,6e-05,0.51692,-0.25212,-0.06087,0.3097,1.0,738.1,0.166
1692129600,2023-08-15 16:00,2023-08-15,16.0,4438.11,2023-09-13,1694635200,29.0,0.96585,0.00013,0.93874,-0.87599,2.91547,0.33598,,0.0,15 x 15,700.5,709.4,3750.0,2.6,2.7,388 x 30,0.0,-0.01875,0.00013,0.58696,-0.27398,-0.06993,0.29603,,688.1,0.155
1692129600,2023-08-15 16:00,2023-08-15,16.0,4438.11,2023-09-13,1694635200,29.0,0.96251,0.00016,1.02335,-0.89915,2.94234,0.31803,,0.0,15 x 15,651.1,660.0,3800.0,3.0,3.1,54 x 30,2.34,-0.02229,0.00013,0.67689,-0.30147,-0.08301,0.28224,2.0,638.1,0.144
1692129600,2023-08-15 16:00,2023-08-15,16.0,4438.11,2023-09-13,1694635200,29.0,0.95755,0.00022,1.1263,-0.92614,2.96537,0.30115,,0.0,15 x 15,601.8,610.7,3850.0,3.4,3.6,520 x 30,0.0,-0.02601,0.0002,0.77876,-0.32887,-0.09749,0.26821,,588.1,0.133
1692129600,2023-08-15 16:00,2023-08-15,16.0,4438.11,2023-09-13,1694635200,29.0,0.95193,0.00027,1.24547,-0.95594,2.98601,0.28436,,0.0,15 x 15,552.6,561.5,3900.0,4.0,4.2,420 x 30,3.2,-0.03217,0.00025,0.9074,-0.36411,-0.11768,0.25468,1.0,538.1,0.121
1692129600,2023-08-15 16:00,2023-08-15,16.0,4438.11,2023-09-13,1694635200,29.0,0.94488,0.00033,1.39489,-0.99336,2.99936,0.26735,,0.0,15 x 15,503.6,512.5,3950.0,4.8,5.0,367 x 129,4.86,-0.03884,0.00024,1.07003,-0.40854,-0.14277,0.24236,1.0,488.1,0.11
1692129600,2023-08-15 16:00,2023-08-15,16.0,4438.11,2023-09-13,1694635200,29.0,0.93527,0.00039,1.57828,-1.037,3.00651,0.25141,,0.0,15 x 15,454.9,463.7,4000.0,5.8,6.0,138 x 117,0.0,-0.04786,0.00039,1.26512,-0.45725,-0.1757,0.22921,,438.1,0.099
1692129600,2023-08-15 16:00,2023-08-15,16.0,4438.11,2023-09-13,1694635200,29.0,0.92224,0.00047,1.83036,-1.10447,2.99675,0.2383,,0.0,3 x 3,408.8,413.6,4050.0,7.1,7.4,265 x 133,7.4,-0.05962,0.00045,1.51087,-0.5161,-0.21961,0.21732,7.0,388.1,0.087
1692129600,2023-08-15 16:00,2023-08-15,16.0,4438.11,2023-09-13,1694635200,29.0,0.90633,0.00058,2.10277,-1.16099,2.98002,0.2227,,0.0,3 x 3,360.8,365.6,4100.0,9.1,9.4,83 x 171,9.2,-0.07672,0.00051,1.83224,-0.59275,-0.28207,0.20662,56.0,338.1,0.076
1692129600,2023-08-15 16:00,2023-08-15,16.0,4438.11,2023-09-13,1694635200,29.0,0.88731,0.00075,2.41992,-1.21671,2.9473,0.20756,,0.0,15 x 15,311.4,319.8,4150.0,11.6,12.0,43 x 134,11.7,-0.09913,0.0007,2.21001,-0.67315,-0.36209,0.19503,41.0,288.1,0.065
1692129600,2023-08-15 16:00,2023-08-15,16.0,4438.11,2023-09-13,1694635200,29.0,0.85725,0.00087,2.84737,-1.30357,2.87766,0.19568,5.0,301.76,3 x 3,267.3,271.8,4200.0,15.0,15.5,56 x 112,15.2,-0.12799,0.00087,2.65854,-0.7592,-0.46781,0.18452,7.0,238.1,0.054
1692129600,2023-08-15 16:00,2023-08-15,16.0,4438.11,2023-09-13,1694635200,29.0,0.81984,0.00114,3.31521,-1.37449,2.78093,0.18229,,0.0,15 x 15,220.4,228.2,4250.0,20.0,20.5,15 x 94,14.5,-0.16863,0.00112,3.19216,-0.85359,-0.61169,0.17429,79.0,188.1,0.042
1692129600,2023-08-15 16:00,2023-08-15,16.0,4438.11,2023-09-13,1694635200,29.0,0.76864,0.00136,3.84988,-1.44972,2.63025,0.17076,28.0,210.27,15 x 15,177.6,184.9,4300.0,26.8,27.3,49 x 38,22.98,-0.22211,0.00145,3.77057,-0.93732,-0.79675,0.16363,8.0,138.1,0.031
1692129600,2023-08-15 16:00,2023-08-15,16.0,4438.11,2023-09-13,1694635200,29.0,0.73739,0.00155,4.12045,-1.47814,2.53447,0.1654,2.0,188.73,15 x 15,157.1,164.1,4325.0,31.1,31.8,44 x 44,21.31,-0.25538,0.00159,4.06625,-0.97312,-0.90905,0.15889,1.0,113.1,0.025
1692129600,2023-08-15 16:00,2023-08-15,16.0,4438.11,2023-09-13,1694635200,29.0,0.7052,0.0017,4.35986,-1.46965,2.43619,0.1568,,0.0,1 x 15,134.6,144.0,4350.0,36.3,36.9,30 x 30,0.0,-0.29247,0.00181,4.34924,-0.99782,-1.03273,0.15415,,88.1,0.02
1692129600,2023-08-15 16:00,2023-08-15,16.0,4438.11,2023-09-13,1694635200,29.0,0.66125,0.00185,4.62563,-1.51011,2.29052,0.15516,,0.0,3 x 3,120.2,123.6,4375.0,42.3,42.9,26 x 34,36.31,-0.33531,0.00199,4.60554,-1.00988,-1.16719,0.14918,6.0,63.1,0.014
1692129600,2023-08-15 16:00,2023-08-15,16.0,4438.11,2023-09-13,1694635200,29.0,0.65331,0.00191,4.66502,-1.4991,2.26726,0.15268,,0.0,4 x 4,117.4,117.9,4380.0,43.6,44.2,26 x 26,0.0,-0.34378,0.00203,4.65157,-1.0103,-1.19526,0.14833,,58.1,0.013
1692129600,2023-08-15 16:00,2023-08-15,16.0,4438.11,2023-09-13,1694635200,29.0,0.63585,0.00199,4.74924,-1.49695,2.20827,0.15061,,0.0,5 x 5,110.1,110.7,4390.0,46.3,47.0,32 x 32,0.0,-0.36301,0.00209,4.73913,-1.00946,-1.25226,0.1462,,48.1,0.011
1692129600,2023-08-15 16:00,2023-08-15,16.0,4438.11,2023-09-13,1694635200,29.0,0.61736,0.00204,4.82528,-1.49307,2.14575,0.14836,,0.0,5 x 5,103.1,103.7,4400.0,49.2,49.9,30 x 30,35.01,-0.38256,0.00211,4.81762,-1.00418,-1.31074,0.14441,1.0,38.1,0.009
1692129600,2023-08-15 16:00,2023-08-15,16.0,4438.11,2023-09-13,1694635200,29.0,0.59791,0.00203,4.89297,-1.48428,2.08184,0.14689,,0.0,6 x 6,96.2,96.7,4410.0,52.3,53.0,29 x 29,0.0,-0.40286,0.00222,4.8865,-0.99682,-1.36879,0.14234,,28.1,0.006
1692129600,2023-08-15 16:00,2023-08-15,16.0,4438.11,2023-09-13,1694635200,29.0,0.57838,0.00216,4.94708,-1.45223,2.01859,0.14208,1.0,116.14,19 x 19,88.2,88.9,4420.0,55.6,56.3,27 x 21,47.1,-0.42453,0.00227,4.94207,-0.98595,-1.42767,0.13989,2.0,18.1,0.004
1692129600,2023-08-15 16:00,2023-08-15,16.0,4438.11,2023-09-13,1694635200,29.0,0.56764,0.00218,4.97129,-1.44596,1.98286,0.14121,1.0,106.81,19 x 19,84.9,85.7,4425.0,57.3,58.0,27 x 21,51.3,-0.43568,0.00234,4.96536,-0.97938,-1.45753,0.13883,1.0,13.1,0.003
1692129600,2023-08-15 16:00,2023-08-15,16.0,4438.11,2023-09-13,1694635200,29.0,0.55726,0.00227,4.9929,-1.43747,1.9471,0.13955,1.0,103.21,20 x 6,81.7,82.4,4430.0,59.1,59.8,26 x 20,0.0,-0.44747,0.00234,4.98419,-0.972,-1.4869,0.13789,,8.1,0.002
1692129600,2023-08-15 16:00,2023-08-15,16.0,4438.11,2023-09-13,1694635200,29.0,0.5354,0.00223,5.02527,-1.42005,1.87215,0.13819,,0.0,21 x 27,75.5,76.2,4440.0,62.8,63.5,20 x 20,0.0,-0.47078,0.0024,5.0113,-0.95271,-1.5443,0.13652,,1.9,0.0
1692129600,2023-08-15 16:00,2023-08-15,16.0,4438.11,2023-09-13,1694635200,29.0,0.51273,0.00235,5.04333,-1.39882,1.79499,0.13605,,0.0,22 x 29,69.5,70.2,4450.0,66.7,67.5,19 x 19,0.0,-0.49491,0.0025,5.01998,-0.92934,-1.59927,0.13428,,11.9,0.003
1692129600,2023-08-15 16:00,2023-08-15,16.0,4438.11,2023-09-13,1694635200,29.0,0.48923,0.0023,5.04377,-1.37122,1.71497,0.13387,2.0,86.13,23 x 7,63.7,64.4,4460.0,70.0,70.6,7 x 7,71.74,-0.52017,0.00254,5.00789,-0.88636,-1.64954,0.1296,22.0,21.9,0.005
1692129600,2023-08-15 16:00,2023-08-15,16.0,4438.11,2023-09-13,1694635200,29.0,0.46521,0.00234,5.02692,-1.34186,1.63407,0.13249,,0.0,24 x 31,58.2,58.9,4470.0,74.3,74.9,7 x 7,76.06,-0.54704,0.0026,4.97323,-0.85238,-1.69752,0.12775,1.0,31.9,0.007
1692129600,2023-08-15 16:00,2023-08-15,16.0,4438.11,2023-09-13,1694635200,29.0,0.45287,0.00241,5.01188,-1.32459,1.59205,0.13153,,0.0,25 x 8,55.5,56.2,4475.0,76.7,77.2,7 x 7,57.43,-0.56011,0.00259,4.94656,-0.83586,-1.72026,0.12632,2.0,36.9,0.008
1692129600,2023-08-15 16:00,2023-08-15,16.0,4438.11,2023-09-13,1694635200,29.0,0.44185,0.00233,4.99362,-1.32285,1.55249,0.13233,1.0,57.86,8 x 8,53.9,54.5,4480.0,79.0,79.6,7 x 7,59.33,-0.57463,0.00263,4.91377,-0.81559,-1.74042,0.12587,3.0,41.9,0.009
1692129600,2023-08-15 16:00,2023-08-15,16.0,4438.11,2023-09-13,1694635200,29.0,0.41573,0.00237,4.93558,-1.26742,1.464,0.12895,1.0,54.69,35 x 27,47.9,48.6,4490.0,83.9,84.5,7 x 7,63.08,-0.60237,0.00271,4.82472,-0.77306,-1.77545,0.12349,1.0,51.9,0.012
1692129600,2023-08-15 16:00,2023-08-15,16.0,4438.11,2023-09-13,1694635200,29.0,0.39134,0.00239,4.85965,-1.22623,1.37833,0.12703,,0.0,38 x 38,43.2,43.9,4500.0,89.1,89.7,6 x 6,0.0,-0.63267,0.00272,4.70334,-0.72544,-1.80083,0.12165,,61.9,0.014
1692129600,2023-08-15 16:00,2023-08-15,16.0,4438.11,2023-09-13,1694635200,29.0,0.32831,0.00228,4.57724,-1.10417,1.16094,0.12292,1.0,49.33,36 x 11,32.7,33.4,4525.0,103.3,103.9,4 x 4,0.0,-0.71062,0.00273,4.22733,-0.58123,-1.79361,0.1144,,86.9,0.02
1692129600,2023-08-15 16:00,2023-08-15,16.0,4438.11,2023-09-13,1694635200,29.0,0.26755,0.00219,4.16882,-0.96071,0.94627,0.11923,1.0,37.44,56 x 15,23.9,24.5,4550.0,115.5,122.7,15 x 15,0.0,-0.80551,0.00283,3.32645,-0.37616,-1.58153,0.10501,,111.9,0.025
1692129600,2023-08-15 16:00,2023-08-15,16.0,4438.11,2023-09-14,1694721600,30.0,0.98333,0.00013,0.4997,-0.63434,2.95648,0.34742,,0.0,1 x 15,845.3,858.7,3600.0,1.85,2.0,30 x 30,0.0,-0.01235,5e-05,0.41813,-0.21281,-0.04834,0.33385,,838.1,0.189
1692129600,2023-08-15 16:00,2023-08-15,16.0,4438.11,2023-09-14,1694721600,30.0,0.97171,0.00015,0.80602,-0.83155,2.95175,0.3662,,0.0,15 x 15,800.3,809.2,3650.0,2.1,2.4,30 x 15,0.0,-0.01465,0.0001,0.48603,-0.23877,-0.05752,0.32285,,788.1,0.178
1692129600,2023-08-15 16:00,2023-08-15,16.0,4438.11,2023-09-14,1694721600,30.0,0.9696,0.00019,0.87658,-0.85382,2.98338,0.34908,,0.0,15 x 15,750.8,759.8,3700.0,2.4,2.6,30 x 30,0.0,-0.01725,6e-05,0.54652,-0.25679,-0.06546,0.30761,,738.1,0.166
1692129600,2023-08-15 16:00,2023-08-15,16.0,4438.11,2023-09-14,1694721600,30.0,0.97598,0.00011,0.71141,-0.72093,3.05182,0.30384,,0.0,1 x 15,697.0,710.3,3750.0,2.75,3.0,30 x 130,0.0,-0.0202,0.00013,0.62801,-0.28199,-0.07694,0.29491,1.0,688.1,0.155
1692129600,2023-08-15 16:00,2023-08-15,16.0,4438.11,2023-09-14,1694721600,30.0,0.96197,0.0002,1.04747,-0.90404,3.03945,0.31429,,0.0,15 x 15,652.1,661.0,3800.0,3.2,3.4,30 x 30,0.0,-0.02393,0.00012,0.7219,-0.30921,-0.09017,0.28113,,638.1,0.144
1692129600,2023-08-15 16:00,2023-08-15,16.0,4438.11,2023-09-14,1694721600,30.0,0.95735,0.00026,1.15473,-0.93246,3.06359,0.29766,,0.0,15 x 15,602.9,611.7,3850.0,3.7,3.9,30 x 30,0.0,-0.02766,0.00016,0.83125,-0.33936,-0.10737,0.26815,,588.1,0.133
1692129600,2023-08-15 16:00,2023-08-15,16.0,4438.11,2023-09-14,1694721600,30.0,0.96239,0.00028,1.04509,-0.82863,3.1248,0.26137,,0.0,1 x 15,549.2,562.6,3900.0,4.4,4.6,30 x 130,4.58,-0.03341,0.00025,0.97328,-0.37886,-0.12959,0.25549,1.0,538.1,0.121
1692129600,2023-08-15 16:00,2023-08-15,16.0,4438.11,2023-09-14,1694721600,30.0,0.94336,0.00037,1.4445,-1.00614,3.09546,0.266,,0.0,15 x 15,504.9,513.7,3950.0,5.2,5.5,124 x 24,5.48,-0.04101,0.00029,1.14107,-0.4216,-0.15718,0.24251,1.0,488.1,0.11
1692129600,2023-08-15 16:00,2023-08-15,16.0,4438.11,2023-09-14,1694721600,30.0,0.93407,0.0004,1.63337,-1.04968,3.1014,0.25021,,0.0,15 x 15,456.2,465.0,4000.0,6.2,6.6,24 x 24,6.2,-0.0503,0.00039,1.34201,-0.46943,-0.19186,0.23003,4.0,438.1,0.099
1692129600,2023-08-15 16:00,2023-08-15,16.0,4438.11,2023-09-14,1694721600,30.0,0.9224,0.00045,1.86597,-1.10112,3.09629,0.23545,,0.0,15 x 15,407.9,416.6,4050.0,7.8,8.0,24 x 24,0.0,-0.06317,0.00044,1.60257,-0.5302,-0.2399,0.21841,,388.1,0.087
1692129600,2023-08-15 16:00,2023-08-15,16.0,4438.11,2023-09-14,1694721600,30.0,0.90514,0.0006,2.15583,-1.16357,3.07485,0.22142,,0.0,15 x 15,360.2,368.7,4100.0,9.6,10.0,24 x 24,0.0,-0.07982,0.00056,1.91247,-0.59703,-0.30218,0.20691,,338.1,0.076
1692129600,2023-08-15 16:00,2023-08-15,16.0,4438.11,2023-09-14,1694721600,30.0,0.88417,0.00077,2.50539,-1.23221,3.03491,0.20765,,0.0,15 x 15,313.1,321.5,4150.0,8.7,16.2,1 x 1,0.0,-0.10133,0.00071,2.29561,-0.67439,-0.38485,0.19541,,288.1,0.065
1692129600,2023-08-15 16:00,2023-08-15,16.0,4438.11,2023-09-14,1694721600,30.0,0.85673,0.0009,2.90314,-1.29612,2.9715,0.19373,,0.0,1 x 1,267.8,273.7,4200.0,12.3,19.8,1 x 1,0.0,-0.13096,0.00088,2.75041,-0.75844,-0.49576,0.18414,,238.1,0.054
1692129600,2023-08-15 16:00,2023-08-15,16.0,4438.11,2023-09-14,1694721600,30.0,0.81692,0.00109,3.40924,-1.38552,2.86023,0.18337,,0.0,15 x 15,222.4,230.2,4250.0,20.0,22.1,15 x 15,18.3,-0.17191,0.00113,3.28061,-0.84558,-0.64222,0.17416,59.0,188.1,0.042
1692129600,2023-08-15 16:00,2023-08-15,16.0,4438.11,2023-09-14,1694721600,30.0,0.7658,0.00138,3.94333,-1.45694,2.70585,0.17171,,0.0,15 x 15,179.8,187.1,4300.0,26.6,31.7,15 x 1,0.0,-0.22874,0.00139,3.89659,-0.9513,-0.84696,0.1671,,138.1,0.031
1692129600,2023-08-15 16:00,2023-08-15,16.0,4438.11,2023-09-14,1694721600,30.0,0.7346,0.00151,4.21133,-1.48276,2.60808,0.16638,,0.0,15 x 15,159.3,166.4,4325.0,30.8,33.7,15 x 15,0.0,-0.25682,0.00161,4.1485,-0.95334,-0.94361,0.15903,,113.1,0.025
1692129600,2023-08-15 16:00,2023-08-15,16.0,4438.11,2023-09-14,1694721600,30.0,0.70009,0.00173,4.47014,-1.50057,2.49452,0.16051,,0.0,15 x 15,139.7,146.3,4350.0,35.6,41.1,15 x 1,0.0,-0.29667,0.00174,4.4458,-0.99433,-1.07827,0.15618,,88.1,0.02
1692129600,2023-08-15 16:00,2023-08-15,16.0,4438.11,2023-09-14,1694721600,30.0,0.66054,0.00183,4.70782,-1.50499,2.36397,0.15482,,0.0,15 x 15,120.8,127.1,4375.0,41.3,44.9,15 x 15,44.84,-0.33522,0.00192,4.68137,-0.98004,-1.2024,0.14812,55.0,63.1,0.014
1692129600,2023-08-15 16:00,2023-08-15,16.0,4438.11,2023-09-14,1694721600,30.0,0.61685,0.00197,4.90744,-1.49154,2.21623,0.1492,,0.0,2 x 2,103.6,107.8,4400.0,47.9,52.0,15 x 15,49.8,-0.38149,0.00216,4.89447,-0.97205,-1.34536,0.14315,1.0,38.1,0.009
1692129600,2023-08-15 16:00,2023-08-15,16.0,4438.11,2023-09-14,1694721600,30.0,0.59764,0.00201,4.97531,-1.48774,2.14902,0.1476,,0.0,15 x 15,96.2,101.9,4410.0,50.9,55.1,15 x 15,52.75,-0.40242,0.00216,4.96293,-0.96372,-1.40417,0.14179,1.0,28.1,0.006
1692129600,2023-08-15 16:00,2023-08-15,16.0,4438.11,2023-09-14,1694721600,30.0,0.57748,0.00204,5.03158,-1.47674,2.08171,0.14556,,0.0,15 x 15,89.6,95.1,4420.0,54.1,58.5,15 x 15,0.0,-0.42381,0.0023,5.02012,-0.95345,-1.46423,0.13918,,18.1,0.004
1692129600,2023-08-15 16:00,2023-08-15,16.0,4438.11,2023-09-14,1694721600,30.0,0.56781,0.00215,5.05476,-1.46403,2.04774,0.1446,,0.0,2 x 2,86.8,90.7,4425.0,56.0,59.3,3 x 3,0.0,-0.43437,0.00229,5.04278,-0.94123,-1.49173,0.1377,,13.1,0.003
1692129600,2023-08-15 16:00,2023-08-15,16.0,4438.11,2023-09-14,1694721600,30.0,0.55736,0.00213,5.07589,-1.46124,2.01134,0.14389,,0.0,15 x 15,83.2,88.5,4430.0,57.4,62.0,15 x 15,0.0,-0.44564,0.00233,5.06263,-0.93806,-1.52172,0.13745,,8.1,0.002
1692129600,2023-08-15 16:00,2023-08-15,16.0,4438.11,2023-09-14,1694721600,30.0,0.53632,0.00214,5.10844,-1.44247,1.93776,0.14225,,0.0,15 x 15,77.0,82.1,4440.0,61.0,65.8,15 x 15,60.25,-0.46866,0.00234,5.0905,-0.92004,-1.57929,0.13576,1.0,1.9,0.0
1692129600,2023-08-15 16:00,2023-08-15,16.0,4438.11,2023-09-14,1694721600,30.0,0.51428,0.00219,5.12667,-1.41496,1.86251,0.1392,2.0,77.66,3 x 3,71.3,74.9,4450.0,64.8,69.7,15 x 15,63.95,-0.49311,0.00246,5.10027,-0.8955,-1.63462,0.13313,1.0,11.9,0.003
1692129600,2023-08-15 16:00,2023-08-15,16.0,4438.11,2023-09-14,1694721600,30.0,0.49211,0.00225,5.12962,-1.39385,1.78316,0.13786,,0.0,15 x 15,65.3,69.9,4460.0,68.7,73.9,15 x 15,0.0,-0.51831,0.0025,5.08993,-0.8675,-1.68646,0.13136,,21.9,0.005
1692129600,2023-08-15 16:00,2023-08-15,16.0,4438.11,2023-09-14,1694721600,30.0,0.46903,0.00222,5.11644,-1.36389,1.70195,0.13584,,0.0,15 x 15,59.8,64.2,4470.0,73.0,78.4,15 x 15,0.0,-0.54352,0.00251,5.0574,-0.83756,-1.73511,0.12851,,31.9,0.007
1692129600,2023-08-15 16:00,2023-08-15,16.0,4438.11,2023-09-14,1694721600,30.0,0.45766,0.0023,5.10218,-1.3469,1.66155,0.13569,,0.0,15 x 15,57.1,61.4,4475.0,75.2,80.7,15 x 15,0.0,-0.55688,0.00256,5.03212,-0.82021,-1.75635,0.12793,,36.9,0.008
1692129600,2023-08-15 16:00,2023-08-15,16.0,4438.11,2023-09-14,1694721600,30.0,0.44628,0.00225,5.08504,-1.32977,1.61913,0.13443,,0.0,15 x 15,54.5,58.7,4480.0,77.4,83.1,15 x 15,0.0,-0.57094,0.00263,4.99954,-0.80028,-1.77684,0.12697,,41.9,0.009
1692129600,2023-08-15 16:00,2023-08-15,16.0,4438.11,2023-09-14,1694721600,30.0,0.42202,0.00228,5.03492,-1.2921,1.53485,0.13282,,0.0,15 x 15,49.5,53.4,4490.0,82.1,88.7,15 x 1,0.0,-0.59865,0.0026,4.91606,-0.76497,-1.8125,0.12503,,51.9,0.012
1692129600,2023-08-15 16:00,2023-08-15,16.0,4438.11,2023-09-14,1694721600,30.0,0.39824,0.0023,4.9652,-1.24982,1.44916,0.13014,1.0,52.31,15 x 15,44.7,48.5,4500.0,87.1,93.2,15 x 15,0.0,-0.62824,0.00272,4.79371,-0.71193,-1.83419,0.12154,,61.9,0.014
1692129600,2023-08-15 16:00,2023-08-15,16.0,4438.11,2023-09-14,1694721600,30.0,0.37357,0.00227,4.87597,-1.20494,1.36238,0.12919,,0.0,15 x 15,40.2,43.8,4510.0,93.4,97.9,2 x 2,0.0,-0.65793,0.00267,4.64156,-0.66173,-1.84481,0.11967,,71.9,0.016
1692129600,2023-08-15 16:00,2023-08-15,16.0,4438.11,2023-09-14,1694721600,30.0,0.34914,0.00228,4.76589,-1.1556,1.2744,0.12723,55.0,37.16,15 x 15,36.0,39.3,4520.0,98.6,103.3,2 x 2,0.0,-0.69139,0.00275,4.43225,-0.59729,-1.83368,0.1163,,81.9,0.018
1692129600,2023-08-15 16:00,2023-08-15,16.0,4438.11,2023-09-14,1694721600,30.0,0.33778,0.00227,4.70339,-1.1294,1.23115,0.12628,,0.0,15 x 15,34.0,37.2,4525.0,103.3,109.8,15 x 15,0.0,-0.6949,0.00262,4.41298,-0.6238,-1.85912,0.12129,,86.9,0.02
1692129600,2023-08-15 16:00,2023-08-15,16.0,4438.11,2023-09-14,1694721600,30.0,0.32226,0.0023,4.61583,-1.07998,1.17625,0.1228,,0.0,1 x 15,29.9,35.2,4530.0,104.4,109.2,2 x 2,0.0,-0.72513,0.00281,4.17419,-0.53011,-1.79849,0.11333,,91.9,0.021
1692129600,2023-08-15 16:00,2023-08-15,16.0,4438.11,2023-09-14,1694721600,30.0,0.2777,0.00216,4.31861,-0.99192,1.01557,0.12168,,0.0,15 x 15,25.1,27.8,4550.0,116.2,123.4,15 x 15,0.0,-0.79661,0.00284,3.47078,-0.38407,-1.62836,0.10702,,111.9,0.025
1692129600,2023-08-15 16:00,2023-08-15,16.0,4438.11,2023-09-14,1694721600,30.0,0.22121,0.00192,3.8293,-0.84166,0.81023,0.11839,,0.0,10 x 10,18.0,20.1,4575.0,133.5,141.1,15 x 15,0.0,-0.94215,0.00301,1.29885,-0.08638,-0.68976,0.09039,,136.9,0.031
1692129600,2023-08-15 16:00,2023-08-15,16.0,4438.11,2023-09-15,1694808000,31.0,0.98003,0.00012,0.61268,-0.71075,2.99308,0.38157,0.0,535.77,26 x 15,900.9,905.6,3550.0,1.85,1.95,896 x 200,1.4,-0.01215,0.0001,0.40328,-0.20695,-0.04642,0.34788,188.0,888.1,0.2
1692129600,2023-08-15 16:00,2023-08-15,16.0,4438.11,2023-09-15,1694808000,31.0,0.98683,3e-05,0.42501,-0.58107,3.02886,0.34707,,0.0,15 x 15,889.6,893.8,3560.0,1.9,2.05,532 x 820,3.8,-0.0122,6e-05,0.417,-0.21305,-0.04876,0.34584,53.0,878.1,0.198
1692129600,2023-08-15 16:00,2023-08-15,16.0,4438.11,2023-09-15,1694808000,31.0,0.97937,0.00013,0.6354,-0.72033,3.00668,0.37529,1.0,909.53,32 x 15,881.1,885.8,3570.0,1.95,2.05,100 x 748,3.05,-0.01289,5e-05,0.4247,-0.21524,-0.04969,0.34237,9.0,868.1,0.196
1692129600,2023-08-15 16:00,2023-08-15,16.0,4438.11,2023-09-15,1694808000,31.0,0.98215,9e-05,0.53865,-0.65175,3.02602,0.35833,1.0,904.62,215 x 100,871.5,883.7,3575.0,1.95,2.1,753 x 639,1.8,-0.01214,0.00011,0.42975,-0.21681,-0.05001,0.34122,1.0,863.1,0.194
1692129600,2023-08-15 16:00,2023-08-15,16.0,4438.11,2023-09-15,1694808000,31.0,0.98235,0.00012,0.54454,-0.65478,3.02915,0.35749,,0.0,215 x 200,866.5,878.8,3580.0,2.0,2.15,781 x 762,3.5,-0.01333,4e-05,0.43879,-0.22047,-0.05175,0.34015,1.0,858.1,0.193
1692129600,2023-08-15 16:00,2023-08-15,16.0,4438.11,2023-09-15,1694808000,31.0,0.98573,0.0001,0.45972,-0.59835,3.04999,0.33891,,0.0,15 x 15,859.9,864.1,3590.0,2.05,2.15,100 x 604,3.45,-0.01302,0.00012,0.44595,-0.22231,-0.05272,0.33658,150.0,848.1,0.191
1692129600,2023-08-15 16:00,2023-08-15,16.0,4438.11,2023-09-15,1694808000,31.0,0.97723,8e-05,0.66966,-0.73338,3.02799,0.36574,0.0,837.6,46 x 15,851.4,856.1,3600.0,2.1,2.2,100 x 708,1.55,-0.01369,8e-05,0.45742,-0.22602,-0.05387,0.33385,1.0,838.1,0.189
1692129600,2023-08-15 16:00,2023-08-15,16.0,4438.11,2023-09-15,1694808000,31.0,0.97166,0.00011,0.81968,-0.83753,3.01317,0.38114,,0.0,52 x 100,841.5,849.0,3610.0,2.15,2.3,329 x 718,1.59,-0.01398,0.00012,0.47204,-0.23152,-0.05593,0.33169,60.0,828.1,0.187
1692129600,2023-08-15 16:00,2023-08-15,16.0,4438.11,2023-09-15,1694808000,31.0,0.97139,0.00011,0.83149,-0.84117,3.01934,0.37706,2.0,841.72,59 x 200,831.6,839.1,3620.0,2.2,2.35,308 x 822,2.08,-0.01398,0.00014,0.48372,-0.23546,-0.05759,0.32971,44.0,818.1,0.184
1692129600,2023-08-15 16:00,2023-08-15,16.0,4438.11,2023-09-15,1694808000,31.0,0.98089,7e-05,0.59677,-0.67733,3.0607,0.34382,30.0,591.88,215 x 200,822.0,834.2,3625.0,2.2,2.35,1211 x 586,2.1,-0.01481,0.00014,0.48586,-0.23471,-0.05828,0.3271,1.0,813.1,0.183
1692129600,2023-08-15 16:00,2023-08-15,16.0,4438.11,2023-09-15,1694808000,31.0,0.98344,0.00011,0.50743,-0.61915,3.07838,0.32811,,0.0,15 x 15,820.3,824.5,3630.0,2.25,2.4,350 x 582,6.67,-0.01503,7e-05,0.49467,-0.23926,-0.05868,0.32645,0.0,808.1,0.182
1692129600,2023-08-15 16:00,2023-08-15,16.0,4438.11,2023-09-15,1694808000,31.0,0.98339,0.0001,0.5195,-0.62503,3.08441,0.32544,,0.0,15 x 15,810.4,814.6,3640.0,2.3,2.45,626 x 501,2.45,-0.01485,8e-05,0.50657,-0.24287,-0.06084,0.324,3.0,798.1,0.18
1692129600,2023-08-15 16:00,2023-08-15,16.0,4438.11,2023-09-15,1694808000,31.0,0.98324,0.0001,0.53221,-0.63011,3.09208,0.32306,0.0,678.88,15 x 15,800.5,804.7,3650.0,2.35,2.5,1439 x 548,2.05,-0.01571,4e-05,0.51859,-0.24646,-0.06291,0.32077,10.0,788.1,0.178
1692129600,2023-08-15 16:00,2023-08-15,16.0,4438.11,2023-09-15,1694808000,31.0,0.97448,0.00014,0.76362,-0.77362,3.06566,0.34871,0.0,448.76,100 x 100,789.7,799.4,3660.0,2.4,2.55,1194 x 620,7.93,-0.01653,8e-05,0.53049,-0.24923,-0.06449,0.31847,0.0,778.1,0.175
1692129600,2023-08-15 16:00,2023-08-15,16.0,4438.11,2023-09-15,1694808000,31.0,0.9731,0.00014,0.78678,-0.78553,3.07074,0.34626,,0.0,15 x 15,782.6,786.9,3670.0,2.45,2.6,857 x 454,12.1,-0.01695,7e-05,0.54207,-0.25223,-0.06583,0.3154,44.0,768.1,0.173
1692129600,2023-08-15 16:00,2023-08-15,16.0,4438.11,2023-09-15,1694808000,31.0,0.97889,0.0001,0.62828,-0.68195,3.09947,0.32456,0.0,563.27,200 x 15,774.8,781.9,3675.0,2.5,2.65,1402 x 516,2.3,-0.01711,7e-05,0.55215,-0.25608,-0.06703,0.31416,1.0,763.1,0.172
1692129600,2023-08-15 16:00,2023-08-15,16.0,4438.11,2023-09-15,1694808000,31.0,0.97352,0.0001,0.78958,-0.78163,3.07919,0.34181,,0.0,200 x 100,769.9,779.6,3680.0,2.55,2.7,469 x 697,2.4,-0.01751,0.00012,0.56191,-0.25991,-0.06853,0.31265,9.0,758.1,0.171
1692129600,2023-08-15 16:00,2023-08-15,16.0,4438.11,2023-09-15,1694808000,31.0,0.97218,0.00016,0.80303,-0.78547,3.08503,0.33831,1.0,462.15,200 x 100,760.0,769.7,3690.0,2.6,2.7,915 x 100,2.75,-0.01765,0.0001,0.57052,-0.26075,-0.06987,0.30962,1.0,748.1,0.169
1692129600,2023-08-15 16:00,2023-08-15,16.0,4438.11,2023-09-15,1694808000,31.0,0.97763,0.00012,0.66794,-0.69644,3.11521,0.31684,12.0,816.46,200 x 15,750.1,757.2,3700.0,2.65,2.75,896 x 100,2.05,-0.01798,0.00013,0.58286,-0.26467,-0.07139,0.30714,55.0,738.1,0.166
1692129600,2023-08-15 16:00,2023-08-15,16.0,4438.11,2023-09-15,1694808000,31.0,0.97091,0.00011,0.83459,-0.79681,3.09754,0.33209,0.0,482.36,200 x 100,740.3,749.9,3710.0,2.75,2.9,432 x 761,2.55,-0.01915,0.00011,0.60593,-0.273,-0.07515,0.30527,190.0,728.1,0.164
1692129600,2023-08-15 16:00,2023-08-15,16.0,4438.11,2023-09-15,1694808000,31.0,0.97014,0.0001,0.86409,-0.81133,3.1019,0.33023,,0.0,15 x 15,733.2,737.5,3720.0,2.8,2.95,1036 x 569,4.72,-0.0196,9e-05,0.61917,-0.27642,-0.07671,0.30217,3.0,718.1,0.162
1692129600,2023-08-15 16:00,2023-08-15,16.0,4438.11,2023-09-15,1694808000,31.0,0.97635,0.00011,0.71349,-0.71572,3.12966,0.31066,21.0,521.72,200 x 15,725.5,732.5,3725.0,2.8,2.95,1645 x 1001,2.65,-0.01927,8e-05,0.62164,-0.27567,-0.07746,0.30015,167.0,713.1,0.161
1692129600,2023-08-15 16:00,2023-08-15,16.0,4438.11,2023-09-15,1694808000,31.0,0.96935,0.00012,0.8829,-0.81824,3.10727,0.32728,0.0,440.96,15 x 15,721.3,729.7,3730.0,2.9,3.0,110 x 354,9.45,-0.02002,8e-05,0.63491,-0.28051,-0.07913,0.29889,0.0,708.1,0.16
1692129600,2023-08-15 16:00,2023-08-15,16.0,4438.11,2023-09-15,1694808000,31.0,0.97792,9e-05,0.67732,-0.68883,3.14843,0.29964,1.0,413.4,15 x 15,711.6,715.8,3740.0,2.95,3.1,100 x 2295,5.0,-0.02007,0.00017,0.65178,-0.28515,-0.08119,0.29683,20.0,698.1,0.157
1692129600,2023-08-15 16:00,2023-08-15,16.0,4438.11,2023-09-15,1694808000,31.0,0.96779,0.00013,0.93299,-0.8376,3.11609,0.32185,0.0,494.03,15 x 136,701.5,710.3,3750.0,3.0,3.2,1790 x 1386,2.7,-0.02106,0.00016,0.66933,-0.2903,-0.08353,0.29353,33.0,688.1,0.155
1692129600,2023-08-15 16:00,2023-08-15,16.0,4438.11,2023-09-15,1694808000,31.0,0.96747,0.00015,0.92114,-0.82511,3.12665,0.3158,0.0,504.39,100 x 100,691.1,700.4,3760.0,3.1,3.3,1032 x 1665,5.3,-0.02226,9e-05,0.68884,-0.29647,-0.08751,0.29167,103.0,678.1,0.153
1692129600,2023-08-15 16:00,2023-08-15,16.0,4438.11,2023-09-15,1694808000,31.0,0.97576,0.00017,0.73295,-0.70888,3.16581,0.29113,0.0,454.6,15 x 15,682.0,686.2,3770.0,3.1,3.3,1849 x 500,5.9,-0.02268,0.00014,0.6968,-0.29563,-0.08837,0.28691,1.0,668.1,0.151
1692129600,2023-08-15 16:00,2023-08-15,16.0,4438.11,2023-09-15,1694808000,31.0,0.96651,0.00019,0.9488,-0.83263,3.13605,0.31089,0.0,702.9,100 x 200,676.3,685.6,3775.0,3.2,3.4,1176 x 1935,4.99,-0.02264,0.00018,0.7136,-0.30222,-0.09101,0.28647,25.0,663.1,0.149
1692129600,2023-08-15 16:00,2023-08-15,16.0,4438.11,2023-09-15,1694808000,31.0,0.96582,0.00019,0.96159,-0.83796,3.13796,0.31005,0.0,457.34,15 x 15,671.7,680.4,3780.0,3.3,3.4,100 x 100,3.1,-0.02312,0.00012,0.72432,-0.30612,-0.09204,0.28611,9.0,658.1,0.148
1692129600,2023-08-15 16:00,2023-08-15,16.0,4438.11,2023-09-15,1694808000,31.0,0.96515,0.00018,0.97729,-0.8409,3.14394,0.30589,0.0,672.99,200 x 200,661.5,670.8,3790.0,3.3,3.6,1860 x 817,6.79,-0.02425,0.00019,0.74548,-0.31171,-0.0951,0.28349,113.0,648.1,0.146
1692129600,2023-08-15 16:00,2023-08-15,16.0,4438.11,2023-09-15,1694808000,31.0,0.96448,0.00015,1.00319,-0.85041,3.14866,0.30395,1.0,733.32,121 x 121,651.7,661.0,3800.0,3.4,3.6,2263 x 299,3.23,-0.02513,0.00021,0.76036,-0.3143,-0.09741,0.27968,666.0,638.1,0.144
1692129600,2023-08-15 16:00,2023-08-15,16.0,4438.11,2023-09-15,1694808000,31.0,0.96368,0.0002,1.01987,-0.85388,3.15478,0.29986,0.0,374.57,100 x 100,641.9,651.0,3810.0,3.5,3.7,1852 x 1313,4.89,-0.02575,0.00015,0.78148,-0.31988,-0.10066,0.27727,302.0,628.1,0.142
1692129600,2023-08-15 16:00,2023-08-15,16.0,4438.11,2023-09-15,1694808000,31.0,0.96275,0.00022,1.0468,-0.86253,3.15819,0.29764,0.0,372.08,100 x 200,632.1,641.2,3820.0,3.6,3.8,1835 x 289,7.52,-0.02608,0.00016,0.8035,-0.32577,-0.10464,0.27453,1.0,618.1,0.139
1692129600,2023-08-15 16:00,2023-08-15,16.0,4438.11,2023-09-15,1694808000,31.0,0.97182,0.00022,0.83097,-0.7385,3.19839,0.27487,213.0,403.62,100 x 100,625.2,634.3,3825.0,3.7,3.9,557 x 2101,3.3,-0.02747,0.00014,0.82133,-0.33183,-0.10709,0.27405,2.0,613.1,0.138
1692129600,2023-08-15 16:00,2023-08-15,16.0,4438.11,2023-09-15,1694808000,31.0,0.96191,0.00022,1.06806,-0.86853,3.16304,0.29396,5.0,516.14,100 x 200,622.3,631.3,3830.0,3.7,4.0,472 x 1700,3.75,-0.02755,0.00021,0.83223,-0.33414,-0.10876,0.27229,47.0,608.1,0.137
1692129600,2023-08-15 16:00,2023-08-15,16.0,4438.11,2023-09-15,1694808000,31.0,0.96083,0.00026,1.09047,-0.87436,3.16816,0.29107,1.0,521.14,100 x 200,612.5,621.4,3840.0,3.8,4.0,2211 x 903,2.98,-0.02838,0.00014,0.84799,-0.33624,-0.1108,0.26908,1.0,598.1,0.135
1692129600,2023-08-15 16:00,2023-08-15,16.0,4438.11,2023-09-15,1694808000,31.0,0.95793,0.00024,1.15308,-0.9032,3.16596,0.29118,0.0,594.0,200 x 100,603.4,611.6,3850.0,4.0,4.2,1042 x 637,3.89,-0.02915,0.00019,0.88318,-0.34825,-0.11664,0.2673,181.0,588.1,0.133
1692129600,2023-08-15 16:00,2023-08-15,16.0,4438.11,2023-09-15,1694808000,31.0,0.9592,0.00028,1.13586,-0.88526,3.17814,0.28489,0.0,318.88,200 x 100,592.8,601.7,3860.0,4.1,4.3,1390 x 506,3.89,-0.03036,0.00022,0.90602,-0.35369,-0.12039,0.26428,5.0,578.1,0.13
1692129600,2023-08-15 16:00,2023-08-15,16.0,4438.11,2023-09-15,1694808000,31.0,0.95676,0.00019,1.17872,-0.90227,3.17915,0.28272,0.0,405.08,15 x 15,585.5,589.7,3870.0,4.2,4.5,1803 x 1576,8.52,-0.03184,0.00022,0.93596,-0.362,-0.12513,0.26252,1.0,568.1,0.128
1692129600,2023-08-15 16:00,2023-08-15,16.0,4438.11,2023-09-15,1694808000,31.0,0.95671,0.00028,1.17769,-0.89719,3.18314,0.2805,0.0,615.27,200 x 200,578.1,587.0,3875.0,4.3,4.5,651 x 1951,8.56,-0.03244,0.00023,0.94702,-0.36394,-0.1267,0.26042,49.0,563.1,0.127
1692129600,2023-08-15 16:00,2023-08-15,16.0,4438.11,2023-09-15,1694808000,31.0,0.95431,0.0003,1.23231,-0.92478,3.17853,0.28207,,0.0,15 x 200,574.0,582.1,3880.0,4.3,4.5,1824 x 327,4.3,-0.03258,0.00024,0.95257,-0.36382,-0.12761,0.25817,2.0,558.1,0.126
1692129600,2023-08-15 16:00,2023-08-15,16.0,4438.11,2023-09-15,1694808000,31.0,0.95544,0.00024,1.20177,-0.9028,3.18802,0.27655,,0.0,200 x 100,568.3,577.1,3885.0,4.4,4.7,748 x 1726,5.02,-0.03302,0.00019,0.97742,-0.37196,-0.1321,0.25778,1.0,553.1,0.125
1692129600,2023-08-15 16:00,2023-08-15,16.0,4438.11,2023-09-15,1694808000,31.0,0.95475,0.00023,1.22168,-0.90968,3.18892,0.27525,2.0,330.1,100 x 200,563.5,572.2,3890.0,4.5,4.7,1173 x 1838,7.0,-0.03369,0.0002,0.98947,-0.37407,-0.1341,0.25683,1.0,548.1,0.123
1692129600,2023-08-15 16:00,2023-08-15,16.0,4438.11,2023-09-15,1694808000,31.0,0.95403,0.00027,1.23591,-0.9134,3.1905,0.27454,,0.0,100 x 200,558.6,567.3,3895.0,4.6,4.8,1168 x 621,7.9,-0.03502,0.0002,1.00783,-0.37935,-0.13652,0.25529,19.0,543.1,0.122
1692129600,2023-08-15 16:00,2023-08-15,16.0,4438.11,2023-09-15,1694808000,31.0,0.95361,0.00025,1.25033,-0.91749,3.19188,0.27241,35.0,587.0,200 x 200,553.7,562.4,3900.0,4.6,4.8,2220 x 475,3.63,-0.03496,0.00026,1.01333,-0.37906,-0.13799,0.25358,1.0,538.1,0.121
1692129600,2023-08-15 16:00,2023-08-15,16.0,4438.11,2023-09-15,1694808000,31.0,0.95264,0.00023,1.26612,-0.92067,3.19386,0.27128,,0.0,200 x 200,548.8,557.5,3905.0,4.7,4.9,1572 x 963,9.3,-0.03581,0.00029,1.032,-0.38377,-0.1412,0.25236,18.0,533.1,0.12
1692129600,2023-08-15 16:00,2023-08-15,16.0,4438.11,2023-09-15,1694808000,31.0,0.95294,0.00026,1.27581,-0.92132,3.19676,0.26899,0.0,384.68,200 x 100,543.9,552.5,3910.0,4.8,5.0,1268 x 100,4.65,-0.0368,0.00026,1.05034,-0.38974,-0.14438,0.25198,20.0,528.1,0.119
1692129600,2023-08-15 16:00,2023-08-15,16.0,4438.11,2023-09-15,1694808000,31.0,0.95059,0.00029,1.31074,-0.93664,3.1944,0.26875,0.0,533.0,15 x 15,541.4,545.6,3915.0,4.9,5.1,938 x 340,8.3,-0.03749,0.00024,1.06876,-0.39462,-0.14667,0.25014,1.0,523.1,0.118
1692129600,2023-08-15 16:00,2023-08-15,16.0,4438.11,2023-09-15,1694808000,31.0,0.95119,0.00029,1.31111,-0.93146,3.19871,0.26672,1.0,665.2,100 x 100,534.2,542.7,3920.0,4.9,5.2,934 x 1465,4.69,-0.0377,0.0003,1.08189,-0.39673,-0.14911,0.24834,8.0,518.1,0.117
1692129600,2023-08-15 16:00,2023-08-15,16.0,4438.11,2023-09-15,1694808000,31.0,0.94932,0.0003,1.34023,-0.94347,3.19727,0.26621,0.0,459.1,15 x 15,531.6,535.8,3925.0,5.0,5.2,2230 x 366,5.0,-0.03796,0.00023,1.09441,-0.39839,-0.15089,0.24768,57.0,513.1,0.116
1692129600,2023-08-15 16:00,2023-08-15,16.0,4438.11,2023-09-15,1694808000,31.0,0.94499,0.0003,1.44459,-0.99747,3.18206,0.27128,0.0,373.57,141 x 100,526.5,533.0,3930.0,5.1,5.3,2089 x 806,5.13,-0.03877,0.00024,1.11258,-0.40381,-0.15412,0.24617,2.0,508.1,0.114
1692129600,2023-08-15 16:00,2023-08-15,16.0,4438.11,2023-09-15,1694808000,31.0,0.94836,0.0003,1.37602,-0.95342,3.19966,0.26361,,0.0,100 x 100,519.8,528.1,3935.0,5.3,5.5,646 x 750,4.96,-0.04051,0.00031,1.14392,-0.41465,-0.1593,0.24596,190.0,503.1,0.113
1692129600,2023-08-15 16:00,2023-08-15,16.0,4438.11,2023-09-15,1694808000,31.0,0.94685,0.00029,1.39223,-0.9565,3.20092,0.26147,0.0,362.39,15 x 15,516.9,521.2,3940.0,5.3,5.5,1706 x 811,4.0,-0.04054,0.00032,1.15053,-0.41284,-0.16065,0.24354,1133.0,498.1,0.112
1692129600,2023-08-15 16:00,2023-08-15,16.0,4438.11,2023-09-15,1694808000,31.0,0.94643,0.00027,1.40737,-0.95999,3.20283,0.25987,,0.0,100 x 100,510.0,518.3,3945.0,5.5,5.7,374 x 735,4.1,-0.04184,0.00024,1.18076,-0.42353,-0.16577,0.24314,1.0,493.1,0.111
1692129600,2023-08-15 16:00,2023-08-15,16.0,4438.11,2023-09-15,1694808000,31.0,0.94581,0.00034,1.42837,-0.96534,3.20282,0.25871,3.0,543.05,100 x 100,505.2,513.4,3950.0,5.6,5.8,370 x 1149,5.3,-0.04258,0.00033,1.20043,-0.42819,-0.16916,0.24267,192.0,488.1,0.11
1692129600,2023-08-15 16:00,2023-08-15,16.0,4438.11,2023-09-15,1694808000,31.0,0.94495,0.00035,1.44428,-0.96908,3.20435,0.25756,,0.0,100 x 100,500.3,508.5,3955.0,5.7,5.9,323 x 1102,6.8,-0.04355,0.00026,1.21955,-0.43307,-0.17298,0.24134,107.0,483.1,0.109
1692129600,2023-08-15 16:00,2023-08-15,16.0,4438.11,2023-09-15,1694808000,31.0,0.94347,0.00029,1.47879,-0.98207,3.20177,0.25679,1.0,604.94,200 x 100,495.5,503.9,3960.0,5.7,5.9,1472 x 599,8.34,-0.04424,0.00027,1.22744,-0.43165,-0.17413,0.23897,20.0,478.1,0.108
1692129600,2023-08-15 16:00,2023-08-15,16.0,4438.11,2023-09-15,1694808000,31.0,0.94325,0.00036,1.48588,-0.98034,3.20581,0.25452,,0.0,15 x 15,492.6,496.8,3965.0,5.8,6.0,1232 x 680,6.0,-0.04477,0.00031,1.24748,-0.43637,-0.1772,0.23716,38.0,473.1,0.107
1692129600,2023-08-15 16:00,2023-08-15,16.0,4438.11,2023-09-15,1694808000,31.0,0.94187,0.00038,1.50195,-0.98238,3.20689,0.25291,1.0,616.78,200 x 100,485.8,493.8,3970.0,6.0,6.2,527 x 494,10.04,-0.04607,0.00031,1.27848,-0.44583,-0.18356,0.23724,20.0,468.1,0.105
1692129600,2023-08-15 16:00,2023-08-15,16.0,4438.11,2023-09-15,1694808000,31.0,0.94113,0.00034,1.52259,-0.9881,3.20697,0.25164,0.0,381.76,100 x 100,481.0,488.9,3975.0,6.0,6.2,2157 x 359,6.0,-0.0464,0.00035,1.28583,-0.44447,-0.18442,0.23512,27.0,463.1,0.104
1692129600,2023-08-15 16:00,2023-08-15,16.0,4438.11,2023-09-15,1694808000,31.0,0.93952,0.00039,1.5439,-0.99346,3.20735,0.2501,47.0,519.9,100 x 100,476.1,484.1,3980.0,6.1,6.4,1902 x 1636,6.6,-0.04807,0.00035,1.31179,-0.45141,-0.18859,0.2338,10.0,458.1,0.103
1692129600,2023-08-15 16:00,2023-08-15,16.0,4438.11,2023-09-15,1694808000,31.0,0.93843,0.00034,1.57891,-1.00641,3.20491,0.24964,,0.0,21 x 95,473.1,477.7,3985.0,6.3,6.5,1063 x 100,9.03,-0.04935,0.00035,1.33736,-0.45793,-0.19335,0.23324,7.0,453.1,0.102
1692129600,2023-08-15 16:00,2023-08-15,16.0,4438.11,2023-09-15,1694808000,31.0,0.93828,0.00036,1.58699,-1.00388,3.20745,0.24737,50.0,639.97,15 x 15,468.3,472.5,3990.0,6.5,6.7,100 x 766,8.74,-0.05072,0.00031,1.36771,-0.46795,-0.19932,0.23237,5.0,448.1,0.101
1692129600,2023-08-15 16:00,2023-08-15,16.0,4438.11,2023-09-15,1694808000,31.0,0.93258,0.00039,1.68834,-1.05272,3.19179,0.25141,,0.0,43 x 100,463.4,469.5,3995.0,6.5,6.7,1077 x 758,5.58,-0.05088,0.00039,1.37667,-0.46597,-0.20108,0.23012,21.0,443.1,0.1
1692129600,2023-08-15 16:00,2023-08-15,16.0,4438.11,2023-09-15,1694808000,31.0,0.93547,0.00034,1.6297,-1.01353,3.2078,0.244,850.0,466.12,215 x 100,456.8,464.6,4000.0,6.6,6.8,1952 x 200,6.4,-0.05179,0.00038,1.3974,-0.46998,-0.20438,0.22879,1043.0,438.1,0.099
1692129600,2023-08-15 16:00,2023-08-15,16.0,4438.11,2023-09-15,1694808000,31.0,0.93483,0.0004,1.64252,-1.01428,3.20918,0.24237,,0.0,215 x 100,451.7,459.8,4005.0,6.7,7.0,1938 x 1234,5.7,-0.05333,0.00037,1.42283,-0.47607,-0.20897,0.22804,1.0,433.1,0.098
1692129600,2023-08-15 16:00,2023-08-15,16.0,4438.11,2023-09-15,1694808000,31.0,0.93306,0.00044,1.67373,-1.02364,3.20714,0.24163,100.0,620.44,41 x 15,448.9,453.1,4010.0,6.9,7.1,731 x 753,7.44,-0.05435,0.0004,1.4483,-0.48289,-0.21378,0.22682,120.0,428.1,0.096
1692129600,2023-08-15 16:00,2023-08-15,16.0,4438.11,2023-09-15,1694808000,31.0,0.9333,0.0004,1.68709,-1.02298,3.2095,0.23984,,0.0,215 x 100,442.0,450.1,4015.0,7.1,7.3,1076 x 100,7.2,-0.05573,0.00037,1.47978,-0.49165,-0.21965,0.22602,2.0,423.1,0.095
1692129600,2023-08-15 16:00,2023-08-15,16.0,4438.11,2023-09-15,1694808000,31.0,0.93416,0.00037,1.663,-1.00442,3.21867,0.23461,100.0,610.72,100 x 100,437.4,444.0,4020.0,7.3,7.5,104 x 791,7.62,-0.05697,0.00043,1.51137,-0.49972,-0.2256,0.22466,1.0,418.1,0.094
1692129600,2023-08-15 16:00,2023-08-15,16.0,4438.11,2023-09-15,1694808000,31.0,0.9393,0.00044,1.55436,-0.94336,3.24546,0.22481,1.0,563.47,100 x 100,430.5,438.5,4025.0,7.3,7.5,1569 x 435,7.0,-0.05831,0.00036,1.5214,-0.4979,-0.22724,0.22332,10.0,413.1,0.093
1692129600,2023-08-15 16:00,2023-08-15,16.0,4438.11,2023-09-15,1694808000,31.0,0.92782,0.00047,1.79337,-1.05717,3.20069,0.23783,50.0,600.96,64 x 100,429.6,434.3,4030.0,7.6,7.8,238 x 476,6.3,-0.05942,0.00045,1.56316,-0.51105,-0.23525,0.22281,33.0,408.1,0.092
1692129600,2023-08-15 16:00,2023-08-15,16.0,4438.11,2023-09-15,1694808000,31.0,0.93948,0.00046,1.56028,-0.93384,3.25286,0.21991,,0.0,15 x 15,420.2,428.6,4035.0,7.7,7.9,255 x 100,8.0,-0.06131,0.00046,1.58419,-0.51391,-0.24,0.22145,17.0,403.1,0.091
1692129600,2023-08-15 16:00,2023-08-15,16.0,4438.11,2023-09-15,1694808000,31.0,0.92211,0.0005,1.89267,-1.09463,3.18773,0.23727,50.0,591.22,35 x 100,420.0,425.8,4040.0,7.8,8.0,568 x 815,7.4,-0.06206,0.00048,1.60589,-0.51703,-0.24332,0.21985,13.0,398.1,0.09
1692129600,2023-08-15 16:00,2023-08-15,16.0,4438.11,2023-09-15,1694808000,31.0,0.92365,0.00051,1.86958,-1.07447,3.19758,0.23352,,0.0,40 x 100,415.2,419.8,4045.0,7.9,8.2,1473 x 896,13.1,-0.06347,0.00047,1.6322,-0.52258,-0.24845,0.21874,68.0,393.1,0.089
1692129600,2023-08-15 16:00,2023-08-15,16.0,4438.11,2023-09-15,1694808000,31.0,0.91947,0.00052,1.94571,-1.10653,3.18587,0.2349,1.0,429.16,36 x 100,410.4,416.2,4050.0,8.2,8.4,621 x 200,8.76,-0.06466,0.00047,1.66893,-0.5329,-0.25562,0.21769,1028.0,388.1,0.087
1692129600,2023-08-15 16:00,2023-08-15,16.0,4438.11,2023-09-15,1694808000,31.0,0.92001,0.00052,1.92329,-1.08615,3.19507,0.23041,,0.0,48 x 100,405.6,410.2,4055.0,8.4,8.6,616 x 352,6.4,-0.06706,0.00046,1.70043,-0.53955,-0.26226,0.21709,1.0,383.1,0.086
1692129600,2023-08-15 16:00,2023-08-15,16.0,4438.11,2023-09-15,1694808000,31.0,0.91974,0.00046,1.93097,-1.08074,3.1977,0.22799,1.0,419.83,77 x 15,400.8,404.9,4060.0,8.4,8.7,1756 x 1106,6.6,-0.06789,0.00049,1.71703,-0.5401,-0.26586,0.2152,27.0,378.1,0.085
1692129600,2023-08-15 16:00,2023-08-15,16.0,4438.11,2023-09-15,1694808000,31.0,0.91765,0.00056,1.97889,-1.09742,3.19188,0.22773,,0.0,101 x 100,396.0,400.6,4065.0,8.6,8.9,1582 x 1014,7.0,-0.06945,0.00047,1.7485,-0.54762,-0.27205,0.21359,3.0,373.1,0.084
1692129600,2023-08-15 16:00,2023-08-15,16.0,4438.11,2023-09-15,1694808000,31.0,0.91588,0.00052,2.00585,-1.10248,3.19044,0.22643,20.0,385.8,133 x 100,391.2,395.8,4070.0,8.9,9.2,944 x 515,11.56,-0.07152,0.00046,1.791,-0.55868,-0.28047,0.21273,3.0,368.1,0.083
1692129600,2023-08-15 16:00,2023-08-15,16.0,4438.11,2023-09-15,1694808000,31.0,0.91397,0.00051,2.03433,-1.10771,3.1884,0.22476,3.0,375.44,169 x 100,386.4,391.0,4075.0,9.1,9.4,1118 x 656,6.9,-0.07267,0.00052,1.82204,-0.56556,-0.28643,0.21198,3.0,363.1,0.082
1692129600,2023-08-15 16:00,2023-08-15,16.0,4438.11,2023-09-15,1694808000,31.0,0.9127,0.00057,2.06962,-1.11777,3.18452,0.22399,0.0,369.32,93 x 100,381.7,386.3,4080.0,9.3,9.6,641 x 510,8.71,-0.07496,0.0005,1.85434,-0.57231,-0.29353,0.21031,1.0,358.1,0.081
1692129600,2023-08-15 16:00,2023-08-15,16.0,4438.11,2023-09-15,1694808000,31.0,0.91222,0.00056,2.07795,-1.1124,3.187,0.22134,9.0,364.49,75 x 15,376.9,381.0,4085.0,9.4,9.7,1127 x 801,7.11,-0.07628,0.00049,1.87704,-0.57353,-0.29828,0.20949,5.0,353.1,0.08
1692129600,2023-08-15 16:00,2023-08-15,16.0,4438.11,2023-09-15,1694808000,31.0,0.90944,0.00052,2.12559,-1.12707,3.18108,0.22092,1.0,422.75,204 x 100,372.1,376.7,4090.0,9.8,10.0,202 x 403,9.02,-0.07835,0.00057,1.92337,-0.58726,-0.30792,0.20886,2.0,348.1,0.078
1692129600,2023-08-15 16:00,2023-08-15,16.0,4438.11,2023-09-15,1694808000,31.0,0.90505,0.0006,2.19915,-1.15547,3.16797,0.22229,6.0,381.14,157 x 100,367.4,373.0,4095.0,10.0,10.2,565 x 349,9.22,-0.08042,0.00052,1.95508,-0.59266,-0.31404,0.20767,18.0,343.1,0.077
1692129600,2023-08-15 16:00,2023-08-15,16.0,4438.11,2023-09-15,1694808000,31.0,0.90625,0.00063,2.17876,-1.13471,3.17751,0.21721,1.0,375.0,106 x 57,362.7,366.8,4100.0,10.2,10.5,962 x 700,10.95,-0.08202,0.00051,1.99206,-0.60043,-0.32215,0.2063,14.0,338.1,0.076
1692129600,2023-08-15 16:00,2023-08-15,16.0,4438.11,2023-09-15,1694808000,31.0,0.89198,0.00063,2.4132,-1.25111,3.1254,0.22881,4.0,354.68,195 x 15,357.9,367.9,4105.0,10.5,10.7,126 x 367,9.9,-0.08402,0.00057,2.02944,-0.60877,-0.32993,0.20568,2.0,333.1,0.075
1692129600,2023-08-15 16:00,2023-08-15,16.0,4438.11,2023-09-15,1694808000,31.0,0.90267,0.00064,2.24104,-1.14501,3.17239,0.21466,2.0,469.7,165 x 15,353.2,357.2,4110.0,10.7,10.9,416 x 100,9.61,-0.08612,0.00058,2.0612,-0.61412,-0.33762,0.20415,19.0,328.1,0.074
1692129600,2023-08-15 16:00,2023-08-15,16.0,4438.11,2023-09-15,1694808000,31.0,0.90096,0.00066,2.2763,-1.15218,3.16833,0.21361,,0.0,145 x 15,348.5,352.5,4115.0,11.0,11.2,204 x 445,7.99,-0.08813,0.00063,2.10317,-0.62289,-0.34601,0.20349,4.0,323.1,0.073
1692129600,2023-08-15 16:00,2023-08-15,16.0,4438.11,2023-09-15,1694808000,31.0,0.89822,0.00069,2.31403,-1.16027,3.1639,0.21198,1.0,493.5,215 x 65,343.7,347.9,4120.0,11.2,11.5,847 x 704,11.09,-0.08996,0.00064,2.1396,-0.62965,-0.35382,0.20233,5.0,318.1,0.072
1692129600,2023-08-15 16:00,2023-08-15,16.0,4438.11,2023-09-15,1694808000,31.0,0.89677,0.00065,2.34715,-1.1657,3.16014,0.21073,45.0,435.13,215 x 22,339.0,343.1,4125.0,11.3,11.6,1204 x 629,12.17,-0.09165,0.00067,2.16376,-0.63058,-0.35991,0.20059,2.0,313.1,0.071
1692129600,2023-08-15 16:00,2023-08-15,16.0,4438.11,2023-09-15,1694808000,31.0,0.89442,0.00062,2.38371,-1.17318,3.15537,0.20936,1.0,261.54,215 x 52,334.3,338.4,4130.0,11.6,11.9,669 x 867,10.6,-0.09428,0.00063,2.20548,-0.63978,-0.36932,0.19891,8.0,308.1,0.069
1692129600,2023-08-15 16:00,2023-08-15,16.0,4438.11,2023-09-15,1694808000,31.0,0.89223,0.00066,2.42061,-1.18017,3.15076,0.20802,,0.0,215 x 60,329.6,333.7,4135.0,12.0,12.3,941 x 265,8.6,-0.0975,0.00062,2.25479,-0.65183,-0.38036,0.19858,104.0,303.1,0.068
1692129600,2023-08-15 16:00,2023-08-15,16.0,4438.11,2023-09-15,1694808000,31.0,0.88928,0.00072,2.46044,-1.18841,3.14517,0.2069,1.0,472.68,194 x 55,325.0,329.0,4140.0,12.3,12.6,500 x 560,11.27,-0.09939,0.00064,2.29642,-0.65922,-0.38904,0.19765,41.0,298.1,0.067
1692129600,2023-08-15 16:00,2023-08-15,16.0,4438.11,2023-09-15,1694808000,31.0,0.88675,0.0007,2.49727,-1.19524,3.14111,0.20512,0.0,182.4,215 x 41,320.3,324.3,4145.0,12.6,12.9,575 x 350,9.8,-0.10228,0.00073,2.3376,-0.66739,-0.39881,0.19617,1.0,293.1,0.066
1692129600,2023-08-15 16:00,2023-08-15,16.0,4438.11,2023-09-15,1694808000,31.0,0.88128,0.00076,2.58657,-1.22895,3.12216,0.20699,3.0,385.1,215 x 200,315.6,321.2,4150.0,12.9,13.2,559 x 350,13.64,-0.10448,0.00072,2.37869,-0.675,-0.40818,0.19545,257.0,288.1,0.065
1692129600,2023-08-15 16:00,2023-08-15,16.0,4438.11,2023-09-15,1694808000,31.0,0.88173,0.00076,2.57772,-1.21073,3.12935,0.20332,0.0,201.0,215 x 94,311.0,315.0,4155.0,13.1,13.4,350 x 450,10.2,-0.10669,0.00069,2.41229,-0.67849,-0.41603,0.19387,134.0,283.1,0.064
1692129600,2023-08-15 16:00,2023-08-15,16.0,4438.11,2023-09-15,1694808000,31.0,0.87976,0.00081,2.61516,-1.21634,3.12325,0.20213,10.0,233.8,215 x 25,306.3,310.3,4160.0,13.4,13.7,350 x 450,12.42,-0.10877,0.00075,2.45357,-0.68564,-0.42668,0.19272,1.0,278.1,0.063
1692129600,2023-08-15 16:00,2023-08-15,16.0,4438.11,2023-09-15,1694808000,31.0,0.87707,0.00077,2.6584,-1.2251,3.11664,0.20089,0.0,181.74,215 x 96,301.7,305.7,4165.0,13.9,14.2,466 x 250,13.32,-0.11225,0.00075,2.50998,-0.69866,-0.43998,0.19185,118.0,273.1,0.062
1692129600,2023-08-15 16:00,2023-08-15,16.0,4438.11,2023-09-15,1694808000,31.0,0.87063,0.00078,2.7488,-1.25888,3.09667,0.2019,50.0,443.5,215 x 200,297.1,302.6,4170.0,14.3,14.6,350 x 350,10.87,-0.11529,0.00081,2.55856,-0.70914,-0.45212,0.19105,1.0,268.1,0.06
1692129600,2023-08-15 16:00,2023-08-15,16.0,4438.11,2023-09-15,1694808000,31.0,0.87102,0.00077,2.74289,-1.24051,3.10288,0.19779,25.0,329.0,215 x 27,292.5,296.4,4175.0,14.4,14.8,871 x 550,13.04,-0.11795,0.00084,2.58889,-0.70965,-0.45929,0.18961,25.0,263.1,0.059
1692129600,2023-08-15 16:00,2023-08-15,16.0,4438.11,2023-09-15,1694808000,31.0,0.868,0.00084,2.78696,-1.24781,3.09549,0.19689,0.0,238.61,15 x 15,287.9,291.8,4180.0,15.0,15.3,550 x 75,13.61,-0.12138,0.00084,2.64817,-0.72344,-0.47391,0.18896,2.0,258.1,0.058
1692129600,2023-08-15 16:00,2023-08-15,16.0,4438.11,2023-09-15,1694808000,31.0,0.8654,0.00088,2.83109,-1.25501,3.08792,0.19585,3.0,295.69,215 x 29,283.3,287.2,4185.0,15.5,15.7,75 x 225,14.05,-0.1246,0.00086,2.69893,-0.73377,-0.48723,0.18812,3.0,253.1,0.057
1692129600,2023-08-15 16:00,2023-08-15,16.0,4438.11,2023-09-15,1694808000,31.0,0.85875,0.00081,2.91718,-1.28582,3.06778,0.19759,1.0,314.73,215 x 200,278.7,284.1,4190.0,15.6,15.9,325 x 300,11.5,-0.12688,0.00087,2.73038,-0.73367,-0.49441,0.18605,3.0,248.1,0.056
1692129600,2023-08-15 16:00,2023-08-15,16.0,4438.11,2023-09-15,1694808000,31.0,0.85855,0.00091,2.92097,-1.27035,3.07181,0.19313,4.0,399.15,215 x 15,274.2,278.0,4195.0,16.0,16.4,324 x 550,15.0,-0.13028,0.00085,2.7803,-0.74286,-0.50779,0.18505,49.0,243.1,0.055
1692129600,2023-08-15 16:00,2023-08-15,16.0,4438.11,2023-09-15,1694808000,31.0,0.85587,0.00093,2.96448,-1.27693,3.0642,0.19159,4.0,304.53,215 x 15,269.6,273.4,4200.0,16.7,16.9,312 x 75,17.21,-0.13411,0.00093,2.84119,-0.75738,-0.52357,0.18474,14.0,238.1,0.054
1692129600,2023-08-15 16:00,2023-08-15,16.0,4438.11,2023-09-15,1694808000,31.0,0.85213,0.00088,3.01398,-1.28645,3.05372,0.19093,0.0,224.95,115 x 15,265.1,268.9,4205.0,17.1,17.4,225 x 75,16.1,-0.13854,0.00092,2.8922,-0.76517,-0.5373,0.1835,2.0,233.1,0.053
1692129600,2023-08-15 16:00,2023-08-15,16.0,4438.11,2023-09-15,1694808000,31.0,0.84597,0.00098,3.10144,-1.31755,3.0324,0.19215,2.0,344.28,215 x 200,260.6,265.9,4210.0,17.6,17.8,150 x 75,13.52,-0.14153,0.00092,2.94313,-0.77355,-0.55066,0.1829,2.0,228.1,0.051
1692129600,2023-08-15 16:00,2023-08-15,16.0,4438.11,2023-09-15,1694808000,31.0,0.84465,0.00094,3.11157,-1.3028,3.03381,0.18881,0.0,271.33,200 x 46,256.1,259.9,4215.0,17.8,18.2,300 x 550,17.4,-0.14493,0.00095,2.98425,-0.77741,-0.56211,0.1806,49.0,223.1,0.05
1692129600,2023-08-15 16:00,2023-08-15,16.0,4438.11,2023-09-15,1694808000,31.0,0.84178,0.00099,3.15802,-1.30922,3.0245,0.18698,1.0,295.4,200 x 15,251.6,255.3,4220.0,18.3,18.6,225 x 300,17.6,-0.14877,0.00102,3.03485,-0.78424,-0.57578,0.18026,2.0,218.1,0.049
1692129600,2023-08-15 16:00,2023-08-15,16.0,4438.11,2023-09-15,1694808000,31.0,0.83456,0.00105,3.24548,-1.33927,3.00109,0.18839,4.0,280.86,200 x 200,247.1,252.4,4225.0,19.0,19.3,375 x 222,17.5,-0.15365,0.00103,3.09994,-0.79946,-0.5943,0.17967,2.0,213.1,0.048
1692129600,2023-08-15 16:00,2023-08-15,16.0,4438.11,2023-09-15,1694808000,31.0,0.83339,0.00099,3.26657,-1.3305,2.99922,0.18584,1.0,370.41,200 x 100,242.6,246.8,4230.0,19.3,19.7,225 x 550,14.72,-0.157,0.00099,3.14481,-0.80295,-0.60708,0.17749,111.0,208.1,0.047
1692129600,2023-08-15 16:00,2023-08-15,16.0,4438.11,2023-09-15,1694808000,31.0,0.82987,0.00108,3.30808,-1.33211,2.99053,0.18342,2.0,259.6,215 x 15,238.2,241.9,4235.0,19.8,20.2,300 x 465,15.86,-0.16097,0.0011,3.19735,-0.81021,-0.62203,0.17663,30.0,203.1,0.046
1692129600,2023-08-15 16:00,2023-08-15,16.0,4438.11,2023-09-15,1694808000,31.0,0.82302,0.00108,3.39349,-1.361,2.96735,0.18476,0.0,227.33,200 x 100,233.8,239.0,4240.0,20.6,20.9,450 x 75,19.57,-0.16578,0.00105,3.26261,-0.8244,-0.64208,0.17643,2.0,198.1,0.045
1692129600,2023-08-15 16:00,2023-08-15,16.0,4438.11,2023-09-15,1694808000,31.0,0.8203,0.00108,3.42179,-1.35418,2.9623,0.18275,1.0,332.28,200 x 100,229.4,233.5,4245.0,21.2,21.5,75 x 75,18.72,-0.17028,0.00114,3.31829,-0.83247,-0.65864,0.17577,1.0,193.1,0.044
1692129600,2023-08-15 16:00,2023-08-15,16.0,4438.11,2023-09-15,1694808000,31.0,0.81564,0.00111,3.47326,-1.36187,2.94993,0.18072,2.0,239.43,200 x 100,225.0,229.1,4250.0,21.5,21.9,350 x 575,22.22,-0.17333,0.00111,3.36299,-0.834,-0.67191,0.17345,1038.0,188.1,0.042
1692129600,2023-08-15 16:00,2023-08-15,16.0,4438.11,2023-09-15,1694808000,31.0,0.81172,0.0011,3.52522,-1.36849,2.93601,0.18021,0.0,274.61,200 x 100,220.6,224.7,4255.0,22.4,22.7,225 x 75,21.12,-0.17896,0.00113,3.42996,-0.84825,-0.69244,0.17365,1.0,183.1,0.041
1692129600,2023-08-15 16:00,2023-08-15,16.0,4438.11,2023-09-15,1694808000,31.0,0.80733,0.00118,3.57112,-1.37123,2.92451,0.17812,4.0,254.88,15 x 15,216.3,219.9,4260.0,22.7,23.1,225 x 475,20.5,-0.18309,0.00118,3.47451,-0.84958,-0.70596,0.17158,108.0,178.1,0.04
1692129600,2023-08-15 16:00,2023-08-15,16.0,4438.11,2023-09-15,1694808000,31.0,0.80101,0.0012,3.64885,-1.39497,2.90104,0.17856,1.0,244.93,200 x 100,211.9,216.9,4265.0,23.3,23.8,325 x 475,20.45,-0.18852,0.00119,3.53225,-0.85777,-0.72531,0.17107,3.0,173.1,0.039
1692129600,2023-08-15 16:00,2023-08-15,16.0,4438.11,2023-09-15,1694808000,31.0,0.79807,0.00126,3.6763,-1.38468,2.8965,0.1756,1.0,331.99,215 x 15,207.6,211.2,4270.0,24.0,24.5,300 x 390,21.68,-0.19303,0.00127,3.59206,-0.86646,-0.74421,0.17015,2.0,168.1,0.038
1692129600,2023-08-15 16:00,2023-08-15,16.0,4438.11,2023-09-15,1694808000,31.0,0.79041,0.00125,3.75504,-1.40825,2.87091,0.17644,3.0,212.0,200 x 100,203.4,208.2,4275.0,25.0,25.5,375 x 75,25.63,-0.2,0.00122,3.66185,-0.88184,-0.76786,0.16981,16.0,163.1,0.037
1692129600,2023-08-15 16:00,2023-08-15,16.0,4438.11,2023-09-15,1694808000,31.0,0.78819,0.00129,3.7862,-1.39894,2.86393,0.17352,17.0,229.26,45 x 45,199.1,202.6,4280.0,25.8,26.2,75 x 75,24.27,-0.20489,0.00126,3.72152,-0.88997,-0.78823,0.16852,20.0,158.1,0.036
1692129600,2023-08-15 16:00,2023-08-15,16.0,4438.11,2023-09-15,1694808000,31.0,0.78323,0.00134,3.83861,-1.40441,2.84778,0.17247,9.0,232.66,230 x 30,194.8,198.3,4285.0,26.5,26.9,225 x 75,20.21,-0.21061,0.00133,3.77791,-0.8967,-0.80798,0.16719,30.0,153.1,0.035
1692129600,2023-08-15 16:00,2023-08-15,16.0,4438.11,2023-09-15,1694808000,31.0,0.7749,0.0013,3.92016,-1.43007,2.81985,0.17352,8.0,275.88,230 x 100,190.6,195.7,4290.0,26.8,27.3,319 x 400,27.72,-0.21485,0.00139,3.82243,-0.89395,-0.8233,0.16581,198.0,148.1,0.033
1692129600,2023-08-15 16:00,2023-08-15,16.0,4438.11,2023-09-15,1694808000,31.0,0.77104,0.00133,3.95314,-1.42009,2.81069,0.17047,2.0,257.18,100 x 100,185.3,191.2,4295.0,27.6,28.1,225 x 475,26.27,-0.22044,0.00142,3.88144,-0.90146,-0.84407,0.16508,2.0,143.1,0.032
1692129600,2023-08-15 16:00,2023-08-15,16.0,4438.11,2023-09-15,1694808000,31.0,0.7642,0.00132,4.02432,-1.43964,2.78557,0.17146,29.0,179.65,200 x 100,182.3,187.0,4300.0,28.4,28.8,350 x 144,29.5,-0.22643,0.00137,3.93912,-0.90716,-0.86564,0.16313,84.0,138.1,0.031
1692129600,2023-08-15 16:00,2023-08-15,16.0,4438.11,2023-09-15,1694808000,31.0,0.75737,0.00141,4.08145,-1.44715,2.76486,0.17063,8.0,255.01,200 x 100,178.1,183.1,4305.0,29.7,30.1,225 x 75,21.9,-0.23424,0.00146,4.01217,-0.92389,-0.89351,0.16327,7.0,133.1,0.03
1692129600,2023-08-15 16:00,2023-08-15,16.0,4438.11,2023-09-15,1694808000,31.0,0.75327,0.00143,4.1191,-1.43921,2.75369,0.16797,15.0,311.48,200 x 100,174.0,177.7,4310.0,30.0,30.5,319 x 425,31.07,-0.23892,0.00147,4.05605,-0.91896,-0.90953,0.16129,80.0,128.1,0.029
1692129600,2023-08-15 16:00,2023-08-15,16.0,4438.11,2023-09-15,1694808000,31.0,0.7455,0.00144,4.18619,-1.45488,2.72709,0.16811,2.0,304.41,200 x 100,169.9,174.6,4315.0,31.3,31.9,75 x 75,28.9,-0.24658,0.00147,4.12655,-0.93433,-0.93878,0.16113,3.0,123.1,0.028
1692129600,2023-08-15 16:00,2023-08-15,16.0,4438.11,2023-09-15,1694808000,31.0,0.74135,0.00149,4.22363,-1.44478,2.71464,0.16557,25.0,26.42,230 x 30,165.8,169.1,4320.0,31.8,32.3,225 x 425,26.24,-0.25177,0.00153,4.17273,-0.93013,-0.95691,0.15907,75.0,118.1,0.027
1692129600,2023-08-15 16:00,2023-08-15,16.0,4438.11,2023-09-15,1694808000,31.0,0.73333,0.00146,4.29426,-1.46442,2.68492,0.16567,1.0,170.13,197 x 100,161.8,166.5,4325.0,33.2,33.7,150 x 75,34.84,-0.26035,0.00157,4.24152,-0.94533,-0.98576,0.15943,120.0,113.1,0.025
1692129600,2023-08-15 16:00,2023-08-15,16.0,4438.11,2023-09-15,1694808000,31.0,0.72627,0.00152,4.34691,-1.46879,2.66229,0.16494,2.0,294.2,169 x 100,157.8,162.5,4330.0,33.6,34.2,300 x 225,29.32,-0.26558,0.00164,4.28691,-0.93924,-1.00453,0.15751,65.0,108.1,0.024
1692129600,2023-08-15 16:00,2023-08-15,16.0,4438.11,2023-09-15,1694808000,31.0,0.72195,0.0016,4.3847,-1.45799,2.64806,0.16228,1.0,269.56,252 x 60,153.8,157.0,4335.0,35.1,35.7,75 x 75,31.71,-0.27421,0.00164,4.35398,-0.95351,-1.03519,0.15743,1.0,103.1,0.023
1692129600,2023-08-15 16:00,2023-08-15,16.0,4438.11,2023-09-15,1694808000,31.0,0.71276,0.00158,4.45103,-1.47538,2.61774,0.16289,6.0,155.45,200 x 100,149.8,154.5,4340.0,36.2,36.7,150 x 75,31.07,-0.28129,0.00165,4.41025,-0.95845,-1.06022,0.15659,72.0,98.1,0.022
1692129600,2023-08-15 16:00,2023-08-15,16.0,4438.11,2023-09-15,1694808000,31.0,0.70697,0.00161,4.49097,-1.46588,2.59993,0.16011,4.0,170.1,15 x 60,147.0,148.1,4345.0,37.3,37.8,150 x 75,33.3,-0.28914,0.00171,4.46524,-0.96251,-1.08689,0.15593,3.0,93.1,0.021
1692129600,2023-08-15 16:00,2023-08-15,16.0,4438.11,2023-09-15,1694808000,31.0,0.70308,0.00167,4.51898,-1.44222,2.58942,0.15628,15.0,142.93,15 x 30,141.8,142.7,4350.0,38.2,38.9,75 x 75,39.37,-0.29619,0.0017,4.51719,-0.96401,-1.11182,0.15464,1157.0,88.1,0.02
1692129600,2023-08-15 16:00,2023-08-15,16.0,4438.11,2023-09-15,1694808000,31.0,0.69291,0.00174,4.59118,-1.46918,2.55017,0.15813,0.0,145.18,60 x 60,139.2,140.3,4355.0,39.4,40.0,75 x 75,36.33,-0.30418,0.00175,4.57071,-0.96728,-1.13844,0.1538,1.0,83.1,0.019
1692129600,2023-08-15 16:00,2023-08-15,16.0,4438.11,2023-09-15,1694808000,31.0,0.6875,0.00176,4.62248,-1.44775,2.53557,0.15382,15.0,252.06,15 x 45,134.1,135.1,4360.0,39.9,40.5,300 x 120,43.2,-0.31021,0.00181,4.61267,-0.95662,-1.1591,0.1509,1.0,78.1,0.018
1692129600,2023-08-15 16:00,2023-08-15,16.0,4438.11,2023-09-15,1694808000,31.0,0.67683,0.00174,4.68955,-1.47237,2.49655,0.15566,5.0,259.84,60 x 15,131.6,132.7,4365.0,41.8,42.4,120 x 45,40.21,-0.32058,0.0018,4.67367,-0.97073,-1.19308,0.15201,150.0,73.1,0.016
1692129600,2023-08-15 16:00,2023-08-15,16.0,4438.11,2023-09-15,1694808000,31.0,0.66949,0.00174,4.73562,-1.47144,2.46983,0.15467,2.0,237.1,60 x 60,127.7,128.9,4370.0,42.3,43.0,165 x 165,30.0,-0.3278,0.00185,4.71466,-0.96059,-1.21525,0.14919,10.0,68.1,0.015
1692129600,2023-08-15 16:00,2023-08-15,16.0,4438.11,2023-09-15,1694808000,31.0,0.66104,0.00185,4.78262,-1.47387,2.44053,0.15401,13.0,153.34,75 x 90,124.2,125.2,4375.0,44.2,44.8,45 x 45,41.98,-0.3378,0.0019,4.76932,-0.97037,-1.24888,0.1493,5.0,63.1,0.014
1692129600,2023-08-15 16:00,2023-08-15,16.0,4438.11,2023-09-15,1694808000,31.0,0.65188,0.00182,4.82706,-1.47225,2.41137,0.15249,2.0,132.37,75 x 60,120.5,121.5,4380.0,45.5,46.2,90 x 90,42.33,-0.34642,0.00189,4.81586,-0.97182,-1.2776,0.14904,1.0,58.1,0.013
1692129600,2023-08-15 16:00,2023-08-15,16.0,4438.11,2023-09-15,1694808000,31.0,0.64384,0.00192,4.86868,-1.47082,2.38147,0.15145,1.0,136.2,75 x 75,116.7,117.9,4385.0,46.8,47.5,90 x 90,49.17,-0.35482,0.00199,4.85867,-0.96941,-1.30546,0.14795,7.0,53.1,0.012
1692129600,2023-08-15 16:00,2023-08-15,16.0,4438.11,2023-09-15,1694808000,31.0,0.63546,0.00195,4.91011,-1.46834,2.35161,0.15076,1.0,118.83,60 x 75,113.2,114.2,4390.0,48.2,48.9,90 x 90,50.57,-0.36447,0.00199,4.90092,-0.96841,-1.33448,0.14686,7.0,48.1,0.011
1692129600,2023-08-15 16:00,2023-08-15,16.0,4438.11,2023-09-15,1694808000,31.0,0.62786,0.00192,4.9416,-1.44692,2.32772,0.14712,2.0,231.2,15 x 15,108.3,109.6,4395.0,49.6,50.3,90 x 45,45.54,-0.37418,0.00202,4.94092,-0.96519,-1.36361,0.14595,1.0,43.1,0.01
1692129600,2023-08-15 16:00,2023-08-15,16.0,4438.11,2023-09-15,1694808000,31.0,0.61699,0.00197,4.98641,-1.46375,2.28756,0.14898,11.0,104.65,150 x 15,106.1,107.2,4400.0,51.1,51.8,90 x 90,53.5,-0.3834,0.00209,4.97881,-0.96327,-1.39318,0.14432,246.0,38.1,0.009
1692129600,2023-08-15 16:00,2023-08-15,16.0,4438.11,2023-09-15,1694808000,31.0,0.60763,0.00197,5.02093,-1.46023,2.25427,0.14776,1.0,159.1,105 x 15,102.7,103.7,4405.0,52.6,53.3,45 x 45,38.15,-0.39331,0.00211,5.01385,-0.95912,-1.42239,0.14378,1.0,33.1,0.007
1692129600,2023-08-15 16:00,2023-08-15,16.0,4438.11,2023-09-15,1694808000,31.0,0.59768,0.002,5.05327,-1.45557,2.22136,0.14682,1.0,151.77,105 x 90,99.2,100.3,4410.0,54.1,54.9,90 x 90,50.74,-0.403,0.00212,5.04572,-0.95479,-1.45216,0.14299,164.0,28.1,0.006
1692129600,2023-08-15 16:00,2023-08-15,16.0,4438.11,2023-09-15,1694808000,31.0,0.58878,0.00208,5.08313,-1.44987,2.18639,0.14506,1.0,126.6,105 x 105,95.8,96.9,4415.0,54.9,55.7,120 x 120,46.95,-0.41327,0.00221,5.07256,-0.93654,-1.47745,0.13999,201.0,23.1,0.005
1692129600,2023-08-15 16:00,2023-08-15,16.0,4438.11,2023-09-15,1694808000,31.0,0.57979,0.00215,5.10827,-1.4262,2.1557,0.14227,1.0,114.88,30 x 105,91.4,92.4,4420.0,56.6,57.4,165 x 165,58.97,-0.42365,0.00225,5.09969,-0.93161,-1.508,0.13869,31.0,18.1,0.004
1692129600,2023-08-15 16:00,2023-08-15,16.0,4438.11,2023-09-15,1694808000,31.0,0.56982,0.00212,5.13353,-1.41835,2.11961,0.14143,14.0,86.53,30 x 88,88.0,89.1,4425.0,59.1,59.9,45 x 45,61.53,-0.43519,0.00226,5.12467,-0.93731,-1.54163,0.13905,12.0,13.1,0.003
1692129600,2023-08-15 16:00,2023-08-15,16.0,4438.11,2023-09-15,1694808000,31.0,0.55881,0.00209,5.15654,-1.42812,2.07938,0.14195,1.0,125.17,105 x 105,85.9,87.0,4430.0,60.0,60.8,165 x 165,63.02,-0.4459,0.00228,5.1434,-0.91663,-1.56728,0.13718,11.0,8.1,0.002
1692129600,2023-08-15 16:00,2023-08-15,16.0,4438.11,2023-09-15,1694808000,31.0,0.54827,0.00212,5.17418,-1.40271,2.04508,0.13918,1.0,163.56,30 x 75,81.7,82.6,4435.0,61.8,62.6,165 x 165,59.67,-0.45718,0.00227,5.15904,-0.90748,-1.59634,0.13572,7.0,3.1,0.001
1692129600,2023-08-15 16:00,2023-08-15,16.0,4438.11,2023-09-15,1694808000,31.0,0.53784,0.0022,5.18897,-1.39349,2.00634,0.1381,1.0,96.71,30 x 75,78.7,79.5,4440.0,64.7,65.3,120 x 45,48.4,-0.46882,0.00236,5.17143,-0.9125,-1.6285,0.13708,31.0,1.9,0.0
1692129600,2023-08-15 16:00,2023-08-15,16.0,4438.11,2023-09-15,1694808000,31.0,0.52717,0.00213,5.20088,-1.40014,1.96501,0.13903,11.0,83.0,105 x 105,76.6,77.6,4445.0,65.6,66.3,165 x 165,61.44,-0.48031,0.00237,5.17864,-0.88666,-1.65239,0.13375,3.0,6.9,0.002
1692129600,2023-08-15 16:00,2023-08-15,16.0,4438.11,2023-09-15,1694808000,31.0,0.51588,0.00224,5.20829,-1.37223,1.92665,0.13613,1515.0,73.65,45 x 135,72.5,73.5,4450.0,68.3,69.2,45 x 45,68.2,-0.49206,0.00238,5.18144,-0.88803,-1.68377,0.1342,1963.0,11.9,0.003
1692129600,2023-08-15 16:00,2023-08-15,16.0,4438.11,2023-09-15,1694808000,31.0,0.50469,0.00226,5.21247,-1.37758,1.886,0.13803,129.0,70.5,178 x 135,70.6,71.6,4455.0,69.5,70.3,135 x 135,70.0,-0.50481,0.00246,5.17827,-0.86252,-1.70767,0.13205,125.0,16.9,0.004
1692129600,2023-08-15 16:00,2023-08-15,16.0,4438.11,2023-09-15,1694808000,31.0,0.49391,0.00225,5.21244,-1.36278,1.84476,0.13642,331.0,73.5,165 x 210,67.7,68.6,4460.0,71.6,72.4,135 x 135,73.21,-0.51674,0.00246,5.1713,-0.84864,-1.73324,0.13041,237.0,21.9,0.005
1692129600,2023-08-15 16:00,2023-08-15,16.0,4438.11,2023-09-15,1694808000,31.0,0.48221,0.00225,5.20791,-1.34839,1.80371,0.13544,2213.0,62.5,165 x 210,64.9,65.7,4465.0,74.6,75.5,45 x 30,78.5,-0.52858,0.00246,5.16024,-0.84831,-1.76118,0.13082,2100.0,26.9,0.006
1692129600,2023-08-15 16:00,2023-08-15,16.0,4438.11,2023-09-15,1694808000,31.0,0.47078,0.00223,5.1993,-1.3332,1.76276,0.13451,1148.0,68.0,187 x 165,62.1,62.9,4470.0,75.9,76.7,105 x 165,79.6,-0.54244,0.00248,5.13899,-0.81834,-1.78188,0.12813,1142.0,31.9,0.007
1692129600,2023-08-15 16:00,2023-08-15,16.0,4438.11,2023-09-15,1694808000,31.0,0.45881,0.00234,5.18608,-1.30315,1.71804,0.13244,1134.0,68.0,45 x 45,58.5,59.3,4475.0,78.0,79.0,135 x 135,69.0,-0.55538,0.00252,5.11362,-0.80046,-1.80317,0.12741,772.0,36.9,0.008
1692129600,2023-08-15 16:00,2023-08-15,16.0,4438.11,2023-09-15,1694808000,31.0,0.44653,0.0023,5.16743,-1.2871,1.67511,0.13127,18.0,55.92,90 x 90,55.9,56.7,4480.0,81.5,82.5,45 x 30,84.92,-0.56751,0.00255,5.08878,-0.80128,-1.82824,0.12888,20.0,41.9,0.009
1692129600,2023-08-15 16:00,2023-08-15,16.0,4438.11,2023-09-15,1694808000,31.0,0.43504,0.00229,5.14434,-1.26912,1.63098,0.13019,88.0,53.12,90 x 90,53.3,54.1,4485.0,82.7,83.7,105 x 105,85.4,-0.58292,0.00254,5.0426,-0.76255,-1.84217,0.12544,61.0,46.9,0.011
1692129600,2023-08-15 16:00,2023-08-15,16.0,4438.11,2023-09-15,1694808000,31.0,0.42296,0.00232,5.11748,-1.25063,1.58746,0.12981,57.0,66.0,90 x 90,50.8,51.6,4490.0,85.1,86.2,105 x 105,69.25,-0.59735,0.00258,4.997,-0.74216,-1.8581,0.12359,77.0,51.9,0.012
1692129600,2023-08-15 16:00,2023-08-15,16.0,4438.11,2023-09-15,1694808000,31.0,0.41066,0.00234,5.08442,-1.23073,1.54299,0.1287,1054.0,65.5,90 x 90,48.4,49.1,4495.0,87.6,88.7,105 x 105,67.5,-0.61095,0.00265,4.94222,-0.72049,-1.87106,0.12231,1148.0,56.9,0.013
1692129600,2023-08-15 16:00,2023-08-15,16.0,4438.11,2023-09-15,1694808000,31.0,0.39893,0.00232,5.04652,-1.20976,1.49765,0.1277,904.0,46.75,45 x 90,46.0,46.7,4500.0,91.4,92.6,100 x 135,83.3,-0.62258,0.00258,4.89802,-0.72022,-1.8893,0.12438,887.0,61.9,0.014
1692129600,2023-08-15 16:00,2023-08-15,16.0,4438.11,2023-09-15,1694808000,31.0,0.38625,0.00235,5.00398,-1.18919,1.45373,0.12647,311.0,66.0,90 x 90,43.7,44.4,4505.0,93.8,95.0,30 x 30,80.97,-0.6373,0.00266,4.82528,-0.69198,-1.8968,0.12271,1.0,66.9,0.015
1692129600,2023-08-15 16:00,2023-08-15,16.0,4438.11,2023-09-15,1694808000,31.0,0.37422,0.00232,4.95584,-1.16664,1.40798,0.1263,16.0,46.53,90 x 45,41.5,42.1,4510.0,95.5,96.6,105 x 105,79.67,-0.65587,0.00267,4.72514,-0.6466,-1.89203,0.11925,20.0,71.9,0.016
1692129600,2023-08-15 16:00,2023-08-15,16.0,4438.11,2023-09-15,1694808000,31.0,0.36172,0.00228,4.9031,-1.14376,1.36298,0.12521,45.0,42.9,75 x 75,39.3,40.0,4515.0,98.3,99.5,105 x 105,69.0,-0.67047,0.00274,4.63528,-0.62114,-1.89154,0.11812,428.0,76.9,0.017
1692129600,2023-08-15 16:00,2023-08-15,16.0,4438.11,2023-09-15,1694808000,31.0,0.35199,0.00226,4.85304,-1.13324,1.32434,0.12565,75.0,71.0,150 x 225,37.9,38.5,4520.0,101.1,102.2,75 x 60,94.15,-0.68734,0.00274,4.52794,-0.59138,-1.8836,0.11609,4.0,81.9,0.018
1692129600,2023-08-15 16:00,2023-08-15,16.0,4438.11,2023-09-15,1694808000,31.0,0.33772,0.00229,4.78071,-1.0955,1.27259,0.12321,1627.0,36.0,75 x 75,35.2,35.8,4525.0,104.1,105.2,75 x 90,106.7,-0.70231,0.00272,4.41478,-0.56278,-1.87283,0.11534,10.0,86.9,0.02
1692129600,2023-08-15 16:00,2023-08-15,16.0,4438.11,2023-09-15,1694808000,31.0,0.32725,0.00225,4.72291,-1.08236,1.23411,0.12391,36.0,33.8,225 x 225,33.8,34.5,4530.0,108.3,109.4,60 x 15,101.1,-0.71322,0.00271,4.34064,-0.5574,-1.87664,0.11689,1.0,91.9,0.021
1692129600,2023-08-15 16:00,2023-08-15,16.0,4438.11,2023-09-15,1694808000,31.0,0.31313,0.00221,4.63779,-1.04244,1.18216,0.12178,8.0,31.31,75 x 75,31.3,31.9,4535.0,111.4,112.5,60 x 15,87.44,-0.72912,0.00267,4.20813,-0.52688,-1.85621,0.11568,11.0,96.9,0.022
1692129600,2023-08-15 16:00,2023-08-15,16.0,4438.11,2023-09-15,1694808000,31.0,0.30304,0.00219,4.57434,-1.02955,1.1447,0.12213,4.0,32.35,300 x 447,30.1,30.7,4540.0,113.2,114.4,75 x 75,95.69,-0.75459,0.00274,3.97354,-0.46174,-1.79142,0.11101,1.0,101.9,0.023
1692129600,2023-08-15 16:00,2023-08-15,16.0,4438.11,2023-09-15,1694808000,31.0,0.29181,0.00215,4.49361,-1.00299,1.10141,0.1216,2.0,32.4,150 x 300,28.4,28.9,4545.0,116.4,117.6,75 x 15,87.47,-0.77254,0.00279,3.78959,-0.42475,-1.74378,0.10901,2.0,106.9,0.024
1692129600,2023-08-15 16:00,2023-08-15,16.0,4438.11,2023-09-15,1694808000,31.0,0.27984,0.00215,4.40535,-0.97406,1.05645,0.12049,466.0,29.6,325 x 400,26.6,27.2,4550.0,119.7,120.8,90 x 90,125.58,-0.79169,0.00282,3.57698,-0.38394,-1.68106,0.10667,13.0,111.9,0.025
1692129600,2023-08-15 16:00,2023-08-15,16.0,4438.11,2023-09-15,1694808000,31.0,0.26803,0.00211,4.31493,-0.94495,1.01341,0.11977,22.0,24.36,225 x 150,25.0,25.5,4555.0,123.0,124.2,75 x 75,106.65,-0.81194,0.00277,3.33807,-0.34236,-1.60397,0.10466,3.0,116.9,0.026
1692129600,2023-08-15 16:00,2023-08-15,16.0,4438.11,2023-09-15,1694808000,31.0,0.25692,0.00201,4.22041,-0.91709,0.97054,0.11961,2.0,22.2,150 x 225,23.5,23.9,4560.0,126.5,127.6,60 x 75,99.55,-0.83372,0.00283,3.06142,-0.29775,-1.50392,0.10315,7.0,121.9,0.027
1692129600,2023-08-15 16:00,2023-08-15,16.0,4438.11,2023-09-15,1694808000,31.0,0.24518,0.00203,4.12181,-0.887,0.92798,0.11889,1.0,46.0,409 x 487,22.0,22.4,4565.0,129.9,131.1,60 x 60,114.3,-0.85856,0.00285,2.714,-0.24635,-1.364,0.10059,4.0,126.9,0.029
1692129600,2023-08-15 16:00,2023-08-15,16.0,4438.11,2023-09-15,1694808000,31.0,0.23167,0.002,3.99811,-0.84535,0.87801,0.11677,100.0,22.57,75 x 300,20.1,20.5,4570.0,132.2,135.7,45 x 45,93.09,-0.88995,0.00287,2.23211,-0.18214,-1.14942,0.09663,10.0,131.9,0.03
1692129600,2023-08-15 16:00,2023-08-15,16.0,4438.11,2023-09-15,1694808000,31.0,0.22131,0.00197,3.89249,-0.81651,0.83732,0.11613,165.0,19.27,300 x 300,18.8,19.2,4575.0,135.9,142.8,100 x 100,129.82,-0.88452,0.0027,2.33103,-0.20321,-1.22228,0.10067,1.0,136.9,0.031
1692129600,2023-08-15 16:00,2023-08-15,16.0,4438.11,2023-09-15,1694808000,31.0,0.21239,0.00185,3.80233,-0.79624,0.8035,0.11642,1.0,20.3,319 x 1,17.9,18.2,4580.0,137.1,149.1,180 x 180,109.3,-0.91498,0.00278,1.81464,-0.14058,-0.97698,0.09677,50.0,141.9,0.032
1692129600,2023-08-15 16:00,2023-08-15,16.0,4438.11,2023-09-18,1695067200,34.0,0.97181,0.0001,0.84534,-0.7692,3.28905,0.3678,,0.0,15 x 15,850.9,859.9,3600.0,2.3,2.4,369 x 30,2.3,-0.01489,3e-05,0.50666,-0.22198,-0.06363,0.32422,4.0,838.1,0.189
1692129600,2023-08-15 16:00,2023-08-15,16.0,4438.11,2023-09-18,1695067200,34.0,0.96895,0.00013,0.93596,-0.80382,3.32109,0.35356,,0.0,3 x 3,803.7,808.7,3650.0,2.6,2.75,355 x 30,2.0,-0.01677,9e-05,0.57766,-0.24343,-0.07378,0.31158,10.0,788.1,0.178
1692129600,2023-08-15 16:00,2023-08-15,16.0,4438.11,2023-09-18,1695067200,34.0,0.96468,0.00018,1.03212,-0.83602,3.35198,0.33941,,0.0,3 x 3,754.5,759.5,3700.0,3.0,3.2,93 x 462,2.82,-0.02024,9e-05,0.66564,-0.26996,-0.08641,0.29986,41.0,738.1,0.166
1692129600,2023-08-15 16:00,2023-08-15,16.0,4438.11,2023-09-18,1695067200,34.0,0.96315,0.00019,1.08127,-0.83445,3.39116,0.31802,,0.0,15 x 15,702.8,711.7,3750.0,3.4,3.5,100 x 30,0.0,-0.02242,0.00018,0.74727,-0.28847,-0.09989,0.2864,,688.1,0.155
1692129600,2023-08-15 16:00,2023-08-15,16.0,4438.11,2023-09-18,1695067200,34.0,0.95837,0.00024,1.18415,-0.85949,3.42012,0.30268,,0.0,15 x 15,653.5,662.5,3800.0,3.9,4.0,137 x 30,0.0,-0.02688,0.00012,0.85569,-0.31563,-0.11654,0.27339,,638.1,0.144
1692129600,2023-08-15 16:00,2023-08-15,16.0,4438.11,2023-09-18,1695067200,34.0,0.95165,0.00027,1.34651,-0.91108,3.43704,0.29008,,0.0,3 x 3,606.8,611.8,3850.0,4.5,4.6,90 x 30,4.7,-0.03132,0.00024,0.98245,-0.34587,-0.13742,0.26072,3.0,588.1,0.133
1692129600,2023-08-15 16:00,2023-08-15,16.0,4438.11,2023-09-18,1695067200,34.0,0.94647,0.00028,1.47681,-0.93364,3.45982,0.27284,,0.0,3 x 3,557.7,562.6,3900.0,5.2,5.4,385 x 24,5.5,-0.03791,0.00022,1.13484,-0.38012,-0.16375,0.24842,3.0,538.1,0.121
1692129600,2023-08-15 16:00,2023-08-15,16.0,4438.11,2023-09-18,1695067200,34.0,0.93715,0.0003,1.67091,-0.98069,3.46809,0.25938,,0.0,3 x 3,509.1,514.1,3950.0,6.2,6.4,181 x 24,0.0,-0.04566,0.0003,1.32704,-0.42222,-0.19884,0.23602,,488.1,0.11
1692129600,2023-08-15 16:00,2023-08-15,16.0,4438.11,2023-09-18,1695067200,34.0,0.92836,0.00041,1.84626,-1.00598,3.47911,0.24279,,0.0,15 x 15,458.3,467.1,4000.0,7.5,7.7,74 x 24,7.4,-0.05684,0.00037,1.56104,-0.47195,-0.24385,0.22515,2.0,438.1,0.099
1692129600,2023-08-15 16:00,2023-08-15,16.0,4438.11,2023-09-18,1695067200,34.0,0.91586,0.00048,2.10464,-1.05553,3.46944,0.22902,,0.0,15 x 15,410.3,418.9,4050.0,9.3,9.6,105 x 104,0.0,-0.07074,0.00046,1.85995,-0.53485,-0.30414,0.2143,,388.1,0.087
1692129600,2023-08-15 16:00,2023-08-15,16.0,4438.11,2023-09-18,1695067200,34.0,0.90118,0.00061,2.36896,-1.09008,3.45408,0.21318,,0.0,1 x 5,357.8,375.0,4100.0,11.3,11.7,74 x 119,0.0,-0.08775,0.0006,2.18593,-0.59194,-0.37634,0.20339,,338.1,0.076
1692129600,2023-08-15 16:00,2023-08-15,16.0,4438.11,2023-09-18,1695067200,34.0,0.88928,0.00064,2.57351,-1.13407,3.42591,0.20836,,0.0,1 x 1,340.1,346.3,4125.0,12.9,13.3,69 x 68,12.2,-0.09987,0.00062,2.39998,-0.63431,-0.4267,0.19906,1.0,313.1,0.071
1692129600,2023-08-15 16:00,2023-08-15,16.0,4438.11,2023-09-18,1695067200,34.0,0.87428,0.00069,2.81428,-1.18908,3.38531,0.20504,,0.0,1 x 1,317.6,323.6,4150.0,14.4,14.9,40 x 104,13.6,-0.11183,0.00076,2.60889,-0.66883,-0.47766,0.19266,2.0,288.1,0.065
1692129600,2023-08-15 16:00,2023-08-15,16.0,4438.11,2023-09-18,1695067200,34.0,0.86235,0.00083,2.99843,-1.20834,3.35749,0.19713,,0.0,15 x 15,293.0,301.2,4175.0,16.2,16.7,37 x 37,0.0,-0.12551,0.0008,2.834,-0.70391,-0.53685,0.18774,,263.1,0.059
1692129600,2023-08-15 16:00,2023-08-15,16.0,4438.11,2023-09-18,1695067200,34.0,0.84611,0.0009,3.22724,-1.24351,3.31197,0.19149,,0.0,15 x 15,270.3,278.4,4200.0,18.3,18.9,33 x 89,0.0,-0.14192,0.00093,3.08238,-0.74145,-0.60467,0.18311,,238.1,0.054
1692129600,2023-08-15 16:00,2023-08-15,16.0,4438.11,2023-09-18,1695067200,34.0,0.83894,0.00089,3.3267,-1.25913,3.29033,0.18902,,0.0,15 x 15,261.4,269.4,4210.0,19.4,19.9,55 x 54,0.0,-0.14959,0.00094,3.19129,-0.75913,-0.63633,0.1809,,228.1,0.051
1692129600,2023-08-15 16:00,2023-08-15,16.0,4438.11,2023-09-18,1695067200,34.0,0.8327,0.00098,3.42238,-1.27132,3.26864,0.18645,,0.0,15 x 15,252.4,260.4,4220.0,19.7,20.9,15 x 53,0.0,-0.1556,0.00094,3.27901,-0.76523,-0.66167,0.17773,,218.1,0.049
1692129600,2023-08-15 16:00,2023-08-15,16.0,4438.11,2023-09-18,1695067200,34.0,0.82713,0.00101,3.49013,-1.28812,3.25128,0.18715,,0.0,3 x 3,250.2,254.5,4225.0,20.8,21.4,30 x 82,0.0,-0.16069,0.001,3.34589,-0.7788,-0.68211,0.17782,,213.1,0.048
1692129600,2023-08-15 16:00,2023-08-15,16.0,4438.11,2023-09-18,1695067200,34.0,0.8241,0.00099,3.52383,-1.28634,3.24461,0.18455,,0.0,15 x 15,243.6,251.5,4230.0,20.7,22.0,15 x 50,0.0,-0.16317,0.00108,3.38531,-0.77922,-0.69419,0.17572,,208.1,0.047
1692129600,2023-08-15 16:00,2023-08-15,16.0,4438.11,2023-09-18,1695067200,34.0,0.81651,0.00106,3.62547,-1.29849,3.21857,0.18217,,0.0,15 x 15,234.8,242.6,4240.0,21.9,23.1,15 x 48,0.0,-0.17195,0.00108,3.49726,-0.79447,-0.72961,0.17378,,198.1,0.045
1692129600,2023-08-15 16:00,2023-08-15,16.0,4438.11,2023-09-18,1695067200,34.0,0.80739,0.00111,3.72987,-1.31206,3.19087,0.18047,,0.0,15 x 15,226.1,233.8,4250.0,23.7,24.3,28 x 74,0.0,-0.18244,0.00111,3.62354,-0.816,-0.77073,0.17321,,188.1,0.042
1692129600,2023-08-15 16:00,2023-08-15,16.0,4438.11,2023-09-18,1695067200,34.0,0.79839,0.00116,3.84203,-1.32889,3.15849,0.17875,,0.0,3 x 3,219.4,223.5,4260.0,25.0,25.6,28 x 72,0.0,-0.19151,0.00117,3.73783,-0.82987,-0.8088,0.17048,,178.1,0.04
1692129600,2023-08-15 16:00,2023-08-15,16.0,4438.11,2023-09-18,1695067200,34.0,0.78867,0.00116,3.95335,-1.34437,3.12424,0.1763,,0.0,1 x 1,210.3,215.7,4270.0,26.4,27.0,68 x 68,26.72,-0.2019,0.00117,3.85363,-0.84404,-0.84944,0.16858,1.0,168.1,0.038
1692129600,2023-08-15 16:00,2023-08-15,16.0,4438.11,2023-09-18,1695067200,34.0,0.78485,0.00123,3.99509,-1.34203,3.11307,0.17399,,0.0,15 x 15,204.6,212.1,4275.0,27.1,27.7,25 x 25,0.0,-0.20664,0.00125,3.91151,-0.85068,-0.86945,0.16793,,163.1,0.037
1692129600,2023-08-15 16:00,2023-08-15,16.0,4438.11,2023-09-18,1695067200,34.0,0.7795,0.00129,4.0488,-1.34766,3.09588,0.17379,,0.0,15 x 15,200.4,207.8,4280.0,27.8,28.5,25 x 25,0.0,-0.21252,0.00131,3.97005,-0.85736,-0.89086,0.16694,,158.1,0.036
1692129600,2023-08-15 16:00,2023-08-15,16.0,4438.11,2023-09-18,1695067200,34.0,0.76814,0.00132,4.16683,-1.36605,3.05523,0.17206,,0.0,3 x 3,194.0,198.0,4290.0,29.0,29.5,38 x 57,0.0,-0.22176,0.00134,4.072,-0.85982,-0.92909,0.16434,,148.1,0.033
1692129600,2023-08-15 16:00,2023-08-15,16.0,4438.11,2023-09-18,1695067200,34.0,0.75717,0.00129,4.27401,-1.37524,3.01671,0.16936,,0.0,3 x 3,185.7,189.6,4300.0,31.0,31.6,36 x 36,34.27,-0.23448,0.00138,4.20216,-0.88075,-0.98043,0.16334,1.0,138.1,0.031
1692129600,2023-08-15 16:00,2023-08-15,16.0,4438.11,2023-09-18,1695067200,34.0,0.75167,0.00141,4.31998,-1.37443,3.00073,0.16822,,0.0,15 x 15,179.6,186.8,4305.0,31.0,32.4,15 x 35,0.0,-0.23961,0.0014,4.24698,-0.87679,-0.99894,0.16151,,133.1,0.03
1692129600,2023-08-15 16:00,2023-08-15,16.0,4438.11,2023-09-18,1695067200,34.0,0.7459,0.00141,4.37479,-1.37879,2.97959,0.16677,,0.0,15 x 15,175.5,182.7,4310.0,32.3,32.8,17 x 52,0.0,-0.24542,0.00147,4.3056,-0.88131,-1.0222,0.15961,,128.1,0.029
1692129600,2023-08-15 16:00,2023-08-15,16.0,4438.11,2023-09-18,1695067200,34.0,0.74031,0.00147,4.42692,-1.38172,2.95923,0.16573,,0.0,15 x 15,171.4,178.5,4315.0,32.7,34.2,15 x 34,0.0,-0.25177,0.0015,4.36352,-0.88678,-1.04707,0.15944,,123.1,0.028
1692129600,2023-08-15 16:00,2023-08-15,16.0,4438.11,2023-09-18,1695067200,34.0,0.73288,0.00147,4.48703,-1.39186,2.93271,0.16512,,0.0,3 x 3,169.3,173.1,4320.0,34.1,34.6,16 x 34,0.0,-0.25829,0.00147,4.42056,-0.8903,-1.07171,0.15847,,118.1,0.027
1692129600,2023-08-15 16:00,2023-08-15,16.0,4438.11,2023-09-18,1695067200,34.0,0.72885,0.00151,4.52853,-1.3843,2.91717,0.16351,,0.0,1 x 1,164.1,169.1,4325.0,35.0,35.5,16 x 33,0.0,-0.26492,0.00149,4.47617,-0.89377,-1.09679,0.15681,,113.1,0.025
1692129600,2023-08-15 16:00,2023-08-15,16.0,4438.11,2023-09-18,1695067200,34.0,0.72083,0.00148,4.59245,-1.39739,2.88687,0.16365,,0.0,3 x 3,161.3,165.0,4330.0,36.4,37.1,32 x 32,0.0,-0.27226,0.00157,4.54513,-0.90694,-1.12834,0.15684,,108.1,0.024
1692129600,2023-08-15 16:00,2023-08-15,16.0,4438.11,2023-09-18,1695067200,34.0,0.71432,0.00157,4.63968,-1.39559,2.86624,0.1615,,0.0,15 x 15,155.5,162.3,4335.0,37.4,38.1,31 x 31,0.0,-0.27989,0.00158,4.60035,-0.90973,-1.15464,0.15579,,103.1,0.023
1692129600,2023-08-15 16:00,2023-08-15,16.0,4438.11,2023-09-18,1695067200,34.0,0.70753,0.00155,4.69079,-1.39841,2.84115,0.16068,,0.0,15 x 15,151.6,158.3,4340.0,38.0,38.5,14 x 45,0.0,-0.28538,0.0016,4.64507,-0.90347,-1.1755,0.15392,,98.1,0.022
1692129600,2023-08-15 16:00,2023-08-15,16.0,4438.11,2023-09-18,1695067200,34.0,0.7013,0.00162,4.74191,-1.40091,2.81556,0.15934,,0.0,15 x 15,147.7,154.4,4345.0,39.5,40.2,30 x 30,0.0,-0.29413,0.00165,4.70881,-0.91595,-1.20875,0.15431,,93.1,0.021
1692129600,2023-08-15 16:00,2023-08-15,16.0,4438.11,2023-09-18,1695067200,34.0,0.6933,0.00164,4.79568,-1.40705,2.78739,0.15871,,0.0,3 x 3,145.6,149.2,4350.0,40.6,41.3,29 x 29,41.2,-0.30101,0.0017,4.76185,-0.91726,-1.23624,0.15308,1.0,88.1,0.02
1692129600,2023-08-15 16:00,2023-08-15,16.0,4438.11,2023-09-18,1695067200,34.0,0.68719,0.00167,4.84088,-1.40339,2.76311,0.15737,,0.0,15 x 15,140.0,146.5,4355.0,41.2,41.8,42 x 42,0.0,-0.30745,0.00175,4.80574,-0.90992,-1.2585,0.15077,,83.1,0.019
1692129600,2023-08-15 16:00,2023-08-15,16.0,4438.11,2023-09-18,1695067200,34.0,0.67892,0.0017,4.89261,-1.40824,2.73303,0.15677,,0.0,3 x 3,138.0,141.4,4360.0,42.4,42.9,13 x 28,0.0,-0.31564,0.0018,4.85703,-0.91098,-1.28772,0.15017,,78.1,0.018
1692129600,2023-08-15 16:00,2023-08-15,16.0,4438.11,2023-09-18,1695067200,34.0,0.67139,0.00164,4.93914,-1.4079,2.70508,0.15538,,0.0,3 x 3,134.2,137.6,4365.0,43.6,44.1,12 x 28,42.48,-0.32392,0.00184,4.90798,-0.91155,-1.31714,0.14891,5.0,73.1,0.016
1692129600,2023-08-15 16:00,2023-08-15,16.0,4438.11,2023-09-18,1695067200,34.0,0.66378,0.00175,4.98171,-1.40352,2.67831,0.15436,,0.0,15 x 15,128.7,135.0,4370.0,44.8,45.4,12 x 27,0.0,-0.33199,0.00181,4.95733,-0.91299,-1.34601,0.14787,,68.1,0.015
1692129600,2023-08-15 16:00,2023-08-15,16.0,4438.11,2023-09-18,1695067200,34.0,0.65629,0.00177,5.0234,-1.39779,2.65124,0.15271,4.0,137.55,4 x 4,127.5,128.1,4375.0,46.1,46.7,12 x 38,44.39,-0.33988,0.00189,5.00464,-0.91313,-1.37599,0.14704,10.0,63.1,0.014
1692129600,2023-08-15 16:00,2023-08-15,16.0,4438.11,2023-09-18,1695067200,34.0,0.64845,0.00176,5.06662,-1.39629,2.62107,0.15145,1.0,135.68,4 x 4,123.8,124.4,4380.0,47.3,47.9,11 x 37,0.0,-0.34847,0.00192,5.04948,-0.91107,-1.40592,0.14556,,58.1,0.013
1692129600,2023-08-15 16:00,2023-08-15,16.0,4438.11,2023-09-18,1695067200,34.0,0.64062,0.0018,5.10927,-1.39498,2.58921,0.15043,,0.0,5 x 5,120.1,120.8,4385.0,48.7,49.2,11 x 25,0.0,-0.35735,0.00195,5.09384,-0.91007,-1.43592,0.14471,,53.1,0.012
1692129600,2023-08-15 16:00,2023-08-15,16.0,4438.11,2023-09-18,1695067200,34.0,0.63205,0.00182,5.14928,-1.39262,2.55694,0.14903,,0.0,5 x 5,116.5,117.2,4390.0,50.0,50.6,11 x 25,0.0,-0.36647,0.002,5.13574,-0.90651,-1.46677,0.14374,,48.1,0.011
1692129600,2023-08-15 16:00,2023-08-15,16.0,4438.11,2023-09-18,1695067200,34.0,0.6236,0.00188,5.18822,-1.38966,2.52361,0.14857,3.0,124.16,5 x 5,113.0,113.6,4395.0,51.4,52.1,24 x 24,0.0,-0.37572,0.00196,5.17544,-0.90455,-1.49771,0.143,,43.1,0.01
1692129600,2023-08-15 16:00,2023-08-15,16.0,4438.11,2023-09-18,1695067200,34.0,0.61434,0.0019,5.22514,-1.38734,2.48983,0.14777,2.0,134.72,5 x 5,109.5,110.1,4400.0,53.5,54.2,23 x 23,50.66,-0.38539,0.00198,5.21713,-0.91117,-1.5333,0.14328,1.0,38.1,0.009
1692129600,2023-08-15 16:00,2023-08-15,16.0,4438.11,2023-09-18,1695067200,34.0,0.60493,0.00191,5.2594,-1.38302,2.45563,0.14654,1.0,111.41,6 x 6,106.0,106.6,4405.0,55.0,55.8,23 x 23,51.5,-0.39576,0.00207,5.25209,-0.90819,-1.5647,0.14236,2.0,33.1,0.007
1692129600,2023-08-15 16:00,2023-08-15,16.0,4438.11,2023-09-18,1695067200,34.0,0.59645,0.00198,5.29157,-1.37919,2.42003,0.14502,4.0,108.3,6 x 6,102.6,103.2,4410.0,55.9,56.5,10 x 33,0.0,-0.40431,0.00213,5.28088,-0.89306,-1.59104,0.14031,,28.1,0.006
1692129600,2023-08-15 16:00,2023-08-15,16.0,4438.11,2023-09-18,1695067200,34.0,0.58796,0.00201,5.31805,-1.35663,2.38881,0.14228,6.0,122.8,19 x 19,98.0,98.7,4415.0,57.5,58.1,8 x 30,0.0,-0.41397,0.00212,5.31024,-0.88773,-1.62252,0.13844,,23.1,0.005
1692129600,2023-08-15 16:00,2023-08-15,16.0,4438.11,2023-09-18,1695067200,34.0,0.57841,0.00205,5.34519,-1.35156,2.35144,0.14084,3.0,101.24,19 x 19,94.6,95.4,4420.0,59.8,60.6,21 x 21,54.98,-0.42562,0.00213,5.33907,-0.89288,-1.65821,0.13943,2.0,18.1,0.004
1692129600,2023-08-15 16:00,2023-08-15,16.0,4438.11,2023-09-18,1695067200,34.0,0.5681,0.00204,5.37258,-1.361,2.30896,0.14212,1.0,97.92,26 x 26,92.5,93.2,4425.0,60.8,61.5,8 x 29,58.25,-0.43475,0.00219,5.3605,-0.87617,-1.68436,0.13674,8.0,13.1,0.003
1692129600,2023-08-15 16:00,2023-08-15,16.0,4438.11,2023-09-18,1695067200,34.0,0.55876,0.00209,5.39206,-1.33774,2.27411,0.13979,1.0,112.1,20 x 20,88.1,88.9,4430.0,62.6,63.1,8 x 21,59.9,-0.44543,0.00222,5.37961,-0.86768,-1.71525,0.13591,1.0,8.1,0.002
1692129600,2023-08-15 16:00,2023-08-15,16.0,4438.11,2023-09-18,1695067200,34.0,0.54825,0.00212,5.4115,-1.3293,2.23443,0.13818,1.0,92.71,20 x 20,84.9,85.7,4435.0,65.0,65.8,20 x 20,62.62,-0.45644,0.00221,5.39679,-0.87061,-1.74925,0.13597,10.0,3.1,0.001
1692129600,2023-08-15 16:00,2023-08-15,16.0,4438.11,2023-09-18,1695067200,34.0,0.5382,0.00204,5.42707,-1.33614,2.19225,0.13958,1.0,105.68,27 x 27,82.9,83.6,4440.0,66.2,66.7,8 x 20,63.45,-0.46748,0.00222,5.40819,-0.85007,-1.77616,0.13423,1.0,1.9,0.0
1692129600,2023-08-15 16:00,2023-08-15,16.0,4438.11,2023-09-18,1695067200,34.0,0.52716,0.00215,5.43912,-1.3114,2.15345,0.13656,8.0,87.85,21 x 21,78.7,79.5,4445.0,68.0,68.5,7 x 20,0.0,-0.47948,0.00233,5.41585,-0.83889,-1.80538,0.13218,,6.9,0.002
1692129600,2023-08-15 16:00,2023-08-15,16.0,4438.11,2023-09-18,1695067200,34.0,0.51652,0.00215,5.44699,-1.31533,2.11069,0.13729,10.0,80.85,28 x 21,76.7,77.4,4450.0,70.7,71.5,19 x 19,67.33,-0.49058,0.00224,5.41997,-0.84113,-1.83831,0.13299,22.0,11.9,0.003
1692129600,2023-08-15 16:00,2023-08-15,16.0,4438.11,2023-09-18,1695067200,34.0,0.50614,0.00217,5.45144,-1.29083,2.06878,0.13443,2.0,81.58,22 x 22,72.7,73.5,4455.0,72.7,73.5,19 x 19,66.07,-0.50223,0.0023,5.41798,-0.82974,-1.86653,0.13244,1.0,16.9,0.004
1692129600,2023-08-15 16:00,2023-08-15,16.0,4438.11,2023-09-18,1695067200,34.0,0.49547,0.00221,5.45229,-1.27826,2.02479,0.13399,,0.0,23 x 23,69.8,70.6,4460.0,73.8,74.6,7 x 25,53.76,-0.51492,0.00238,5.41068,-0.80297,-1.89052,0.12987,2.0,21.9,0.005
1692129600,2023-08-15 16:00,2023-08-15,16.0,4438.11,2023-09-18,1695067200,34.0,0.48454,0.00219,5.44879,-1.27971,1.98241,0.13466,,0.0,7 x 30,68.0,68.6,4465.0,76.1,76.7,7 x 7,0.0,-0.5266,0.00236,5.39806,-0.79101,-1.91686,0.12808,,26.9,0.006
1692129600,2023-08-15 16:00,2023-08-15,16.0,4438.11,2023-09-18,1695067200,34.0,0.47341,0.00218,5.44063,-1.2651,1.93777,0.13324,,0.0,30 x 23,65.1,65.8,4470.0,78.2,78.9,7 x 7,74.08,-0.53948,0.00237,5.3803,-0.77686,-1.94162,0.12719,1.0,31.9,0.007
1692129600,2023-08-15 16:00,2023-08-15,16.0,4438.11,2023-09-18,1695067200,34.0,0.46292,0.00217,5.42899,-1.25085,1.89438,0.13323,1.0,82.89,31 x 31,62.4,63.1,4475.0,80.4,81.1,7 x 7,60.21,-0.5515,0.00242,5.35693,-0.76056,-1.96526,0.1261,1.0,36.9,0.008
1692129600,2023-08-15 16:00,2023-08-15,16.0,4438.11,2023-09-18,1695067200,34.0,0.45095,0.00219,5.41272,-1.23615,1.84943,0.13132,,0.0,32 x 32,59.7,60.4,4480.0,82.7,83.5,7 x 7,73.83,-0.5649,0.00248,5.32641,-0.74521,-1.98756,0.1255,1.0,41.9,0.009
1692129600,2023-08-15 16:00,2023-08-15,16.0,4438.11,2023-09-18,1695067200,34.0,0.43973,0.0022,5.39251,-1.21978,1.80408,0.1307,,0.0,8 x 25,57.1,57.7,4485.0,85.1,85.8,7 x 7,0.0,-0.57762,0.00253,5.28999,-0.72782,-2.00679,0.12437,,46.9,0.011
1692129600,2023-08-15 16:00,2023-08-15,16.0,4438.11,2023-09-18,1695067200,34.0,0.42805,0.00215,5.36667,-1.20266,1.75751,0.13042,27.0,52.7,34 x 34,54.5,55.2,4490.0,87.6,88.2,7 x 7,67.49,-0.5916,0.00255,5.24585,-0.71,-2.0244,0.12324,1.0,51.9,0.012
1692129600,2023-08-15 16:00,2023-08-15,16.0,4438.11,2023-09-18,1695067200,34.0,0.41567,0.00224,5.33291,-1.17249,1.70783,0.12778,15.0,0.0,28 x 28,51.2,51.9,4495.0,90.0,90.6,7 x 7,87.71,-0.6052,0.00257,5.19383,-0.68914,-2.03928,0.12169,5.0,56.9,0.013
1692129600,2023-08-15 16:00,2023-08-15,16.0,4438.11,2023-09-18,1695067200,34.0,0.40557,0.00221,5.30133,-1.16619,1.66475,0.12852,,0.0,8 x 36,49.6,50.2,4500.0,92.6,93.2,6 x 6,90.33,-0.61884,0.00256,5.13465,-0.67001,-2.0521,0.12109,37.0,61.9,0.014
1692129600,2023-08-15 16:00,2023-08-15,16.0,4438.11,2023-09-18,1695067200,34.0,0.39402,0.00222,5.26178,-1.14637,1.61826,0.12779,6.0,53.15,10 x 29,47.2,47.8,4505.0,95.1,95.7,6 x 6,0.0,-0.63324,0.00254,5.06445,-0.64623,-2.05982,0.11944,,66.9,0.015
1692129600,2023-08-15 16:00,2023-08-15,16.0,4438.11,2023-09-18,1695067200,34.0,0.38217,0.00223,5.21689,-1.12751,1.57116,0.12697,1.0,48.4,10 x 30,45.0,45.5,4510.0,97.7,98.4,6 x 6,0.0,-0.64789,0.00259,4.9864,-0.62337,-2.06482,0.11899,,71.9,0.016
1692129600,2023-08-15 16:00,2023-08-15,16.0,4438.11,2023-09-18,1695067200,34.0,0.37056,0.00224,5.1659,-1.10556,1.52337,0.12579,2.0,58.83,10 x 31,42.7,43.2,4515.0,100.6,101.2,5 x 5,89.35,-0.66263,0.00261,4.90086,-0.60102,-2.06763,0.11722,1.0,76.9,0.017
1692129600,2023-08-15 16:00,2023-08-15,16.0,4438.11,2023-09-18,1695067200,34.0,0.35829,0.00219,5.11131,-1.08476,1.4765,0.12445,,0.0,11 x 43,40.5,41.1,4520.0,103.3,103.9,5 x 5,77.34,-0.67745,0.00262,4.79976,-0.57418,-2.06188,0.11635,4.0,81.9,0.018
1692129600,2023-08-15 16:00,2023-08-15,16.0,4438.11,2023-09-18,1695067200,34.0,0.34515,0.00214,5.04279,-1.04972,1.42243,0.12306,10.0,41.04,34 x 34,37.7,38.3,4525.0,106.1,106.8,5 x 5,82.82,-0.69313,0.0026,4.68919,-0.54688,-2.05293,0.11514,5.0,86.9,0.02
1692129600,2023-08-15 16:00,2023-08-15,16.0,4438.11,2023-09-18,1695067200,34.0,0.33348,0.00215,4.97642,-1.02671,1.37451,0.12197,,0.0,36 x 36,35.7,36.3,4530.0,109.1,109.8,4 x 4,94.97,-0.70841,0.00265,4.56759,-0.51916,-2.03812,0.1137,1.0,91.9,0.021
1692129600,2023-08-15 16:00,2023-08-15,16.0,4438.11,2023-09-18,1695067200,34.0,0.32577,0.00217,4.93038,-1.0292,1.34201,0.1238,32.0,41.0,36 x 15,34.4,36.4,4535.0,109.9,114.7,2 x 2,0.0,-0.7262,0.00271,4.42234,-0.48666,-2.01076,0.11133,,96.9,0.022
1692129600,2023-08-15 16:00,2023-08-15,16.0,4438.11,2023-09-18,1695067200,34.0,0.31021,0.00211,4.8306,-0.9797,1.28001,0.12061,1.0,36.68,39 x 39,31.9,32.5,4540.0,115.3,115.9,3 x 3,91.92,-0.74174,0.0027,4.28052,-0.46084,-1.98496,0.11057,21.0,101.9,0.023
1692129600,2023-08-15 16:00,2023-08-15,16.0,4438.11,2023-09-18,1695067200,34.0,0.3003,0.00205,4.76269,-0.96526,1.23963,0.12045,,0.0,39 x 39,30.6,31.2,4545.0,114.6,124.4,15 x 1,0.0,-0.75325,0.00263,4.1653,-0.44503,-1.9677,0.1113,,106.9,0.024
1692129600,2023-08-15 16:00,2023-08-15,16.0,4438.11,2023-09-18,1695067200,34.0,0.28915,0.00204,4.68017,-0.94104,1.19321,0.12041,10.0,38.71,14 x 54,28.9,29.5,4550.0,117.8,124.9,15 x 15,114.32,-0.78102,0.00278,3.85917,-0.3779,-1.86361,0.10601,7.0,111.9,0.025
1692129600,2023-08-15 16:00,2023-08-15,16.0,4438.11,2023-09-18,1695067200,34.0,0.27577,0.00202,4.57613,-0.90484,1.13974,0.11858,,0.0,42 x 41,26.7,27.3,4555.0,122.5,127.6,1 x 1,0.0,-0.79725,0.00274,3.67933,-0.35181,-1.8126,0.10515,,116.9,0.026
1692129600,2023-08-15 16:00,2023-08-15,16.0,4438.11,2023-09-18,1695067200,34.0,0.26604,0.00205,4.49524,-0.88685,1.09915,0.11808,,0.0,42 x 15,25.1,26.4,4560.0,124.3,131.6,15 x 15,98.89,-0.822,0.00277,3.35589,-0.2989,-1.6894,0.10178,32.0,121.9,0.027
1692129600,2023-08-15 16:00,2023-08-15,16.0,4438.11,2023-09-18,1695067200,34.0,0.25366,0.00198,4.3873,-0.8533,1.04934,0.11678,,0.0,43 x 42,23.6,24.2,4565.0,127.7,137.6,15 x 1,0.0,-0.82949,0.00272,3.26686,-0.2948,-1.67614,0.10325,,126.9,0.029
1692129600,2023-08-15 16:00,2023-08-15,16.0,4438.11,2023-09-18,1695067200,34.0,0.24382,0.00197,4.29991,-0.83497,1.00962,0.11685,,0.0,44 x 15,22.1,23.4,4570.0,131.1,138.6,15 x 15,104.55,-0.87157,0.00279,2.63061,-0.20369,-1.38303,0.09609,2.0,131.9,0.03
1692129600,2023-08-15 16:00,2023-08-15,16.0,4438.11,2023-09-18,1695067200,34.0,0.23335,0.00192,4.19495,-0.80711,0.96544,0.11667,4.0,30.0,45 x 15,20.7,21.9,4575.0,134.6,142.2,15 x 15,0.0,-0.90431,0.0029,2.08004,-0.14294,-1.11927,0.0928,,136.9,0.031
1692129600,2023-08-15 16:00,2023-08-15,16.0,4438.11,2023-09-18,1695067200,34.0,0.2233,0.00189,4.09035,-0.78088,0.9229,0.11552,,0.0,46 x 45,19.7,20.3,4580.0,138.2,145.9,15 x 15,0.0,-0.95492,0.00296,1.10079,-0.05635,-0.60575,0.086,,141.9,0.032
1692129600,2023-08-15 16:00,2023-08-15,16.0,4438.11,2023-09-22,1695412800,38.0,0.97492,9e-05,0.82104,-0.75324,3.62542,0.36505,,0.0,5 x 5,907.0,909.3,3550.0,2.8,2.95,431 x 101,2.27,-0.01587,7e-05,0.58209,-0.2367,-0.07791,0.33502,41.0,888.1,0.2
1692129600,2023-08-15 16:00,2023-08-15,16.0,4438.11,2023-09-22,1695412800,38.0,0.97322,0.00013,0.87434,-0.76562,3.66892,0.34816,,0.0,5 x 5,857.7,859.5,3600.0,3.1,3.3,618 x 99,3.01,-0.01811,6e-05,0.65199,-0.25427,-0.08914,0.32262,93.0,838.1,0.189
1692129600,2023-08-15 16:00,2023-08-15,16.0,4438.11,2023-09-22,1695412800,38.0,0.96941,0.00019,0.97738,-0.80157,3.70324,0.33523,,0.0,5 x 5,808.4,810.6,3650.0,3.5,3.7,478 x 98,3.37,-0.02134,0.00015,0.7338,-0.27559,-0.10188,0.30996,95.0,788.1,0.178
1692129600,2023-08-15 16:00,2023-08-15,16.0,4438.11,2023-09-22,1695412800,38.0,0.96554,0.00019,1.07016,-0.82604,3.73943,0.32026,,0.0,5 x 5,759.3,761.2,3700.0,4.0,4.2,433 x 249,3.2,-0.02425,0.00013,0.83341,-0.30076,-0.11913,0.29811,3.0,738.1,0.166
1692129600,2023-08-15 16:00,2023-08-15,16.0,4438.11,2023-09-22,1695412800,38.0,0.96038,0.00015,1.20256,-0.86721,3.76761,0.30878,,0.0,5 x 5,710.2,712.5,3750.0,4.6,4.8,280 x 388,4.29,-0.02886,0.00017,0.94907,-0.32863,-0.13819,0.28654,624.0,688.1,0.155
1692129600,2023-08-15 16:00,2023-08-15,16.0,4438.11,2023-09-22,1695412800,38.0,0.9557,0.0002,1.33137,-0.8991,3.79577,0.29488,1.0,738.87,5 x 5,661.2,663.5,3800.0,5.2,5.4,462 x 66,4.4,-0.03355,0.0002,1.07176,-0.35398,-0.16003,0.27326,2.0,638.1,0.144
1692129600,2023-08-15 16:00,2023-08-15,16.0,4438.11,2023-09-22,1695412800,38.0,0.95132,0.00021,1.44549,-0.9168,3.82625,0.27808,,0.0,5 x 5,611.9,614.3,3850.0,6.2,6.4,113 x 290,5.84,-0.03962,0.00018,1.2465,-0.39534,-0.19287,0.26373,175.0,588.1,0.133
1692129600,2023-08-15 16:00,2023-08-15,16.0,4438.11,2023-09-22,1695412800,38.0,0.94569,0.00023,1.56865,-0.95395,3.82703,0.27377,,0.0,5 x 5,587.8,590.5,3875.0,6.6,6.8,247 x 228,0.0,-0.04308,0.00021,1.32439,-0.4096,-0.20762,0.25662,,563.1,0.127
1692129600,2023-08-15 16:00,2023-08-15,16.0,4438.11,2023-09-22,1695412800,38.0,0.9426,0.00026,1.63847,-0.96376,3.83901,0.26581,,0.0,5 x 5,563.7,565.5,3900.0,7.1,7.3,257 x 49,7.0,-0.04701,0.0003,1.41606,-0.42751,-0.22523,0.25074,1.0,538.1,0.121
1692129600,2023-08-15 16:00,2023-08-15,16.0,4438.11,2023-09-22,1695412800,38.0,0.93723,0.0003,1.77725,-1.00227,3.83524,0.26152,,0.0,5 x 5,539.5,542.1,3925.0,7.8,8.1,241 x 185,6.12,-0.05161,0.00032,1.53652,-0.4543,-0.24961,0.24651,2.0,513.1,0.116
1692129600,2023-08-15 16:00,2023-08-15,16.0,4438.11,2023-09-22,1695412800,38.0,0.9357,0.00038,1.808,-0.99986,3.8446,0.25612,,0.0,5 x 5,524.8,527.0,3940.0,8.2,8.5,227 x 78,0.0,-0.05478,0.00032,1.60344,-0.46714,-0.26274,0.24261,,498.1,0.112
1692129600,2023-08-15 16:00,2023-08-15,16.0,4438.11,2023-09-22,1695412800,38.0,0.93331,0.00036,1.85295,-1.0096,3.84527,0.25358,,0.0,5 x 5,515.4,517.1,3950.0,8.4,8.7,225 x 200,8.4,-0.05573,0.00036,1.64229,-0.47313,-0.2712,0.23953,1.0,488.1,0.11
1692129600,2023-08-15 16:00,2023-08-15,16.0,4438.11,2023-09-22,1695412800,38.0,0.93119,0.00032,1.899,-1.01817,3.84523,0.25049,,0.0,5 x 5,505.5,507.7,3960.0,8.7,9.0,208 x 195,0.0,-0.05829,0.00037,1.69218,-0.48191,-0.28153,0.23807,,478.1,0.108
1692129600,2023-08-15 16:00,2023-08-15,16.0,4438.11,2023-09-22,1695412800,38.0,0.9291,0.0004,1.9451,-1.0274,3.84523,0.24786,,0.0,5 x 5,495.9,498.0,3970.0,9.0,9.3,135 x 243,0.0,-0.06067,0.00031,1.74126,-0.4909,-0.29168,0.23548,,468.1,0.105
1692129600,2023-08-15 16:00,2023-08-15,16.0,4438.11,2023-09-22,1695412800,38.0,0.92818,0.00037,1.97073,-1.03244,3.84471,0.24674,,0.0,5 x 5,491.1,493.2,3975.0,9.2,9.4,186 x 24,0.0,-0.06209,0.00038,1.76606,-0.49577,-0.29691,0.23438,,463.1,0.104
1692129600,2023-08-15 16:00,2023-08-15,16.0,4438.11,2023-09-22,1695412800,38.0,0.92545,0.00042,2.03239,-1.05459,3.83587,0.24742,,0.0,5 x 5,486.5,489.1,3980.0,9.5,9.8,126 x 184,0.0,-0.06325,0.00039,1.81034,-0.50759,-0.30684,0.23437,,458.1,0.103
1692129600,2023-08-15 16:00,2023-08-15,16.0,4438.11,2023-09-22,1695412800,38.0,0.92465,0.00039,2.04737,-1.04787,3.84283,0.24351,,0.0,5 x 5,476.7,478.8,3990.0,9.7,10.0,79 x 191,0.0,-0.06554,0.00037,1.85059,-0.51194,-0.3152,0.23164,,448.1,0.101
1692129600,2023-08-15 16:00,2023-08-15,16.0,4438.11,2023-09-22,1695412800,38.0,0.92206,0.00041,2.10337,-1.05924,3.84065,0.24067,1.0,489.61,5 x 5,467.3,469.1,4000.0,10.1,10.3,86 x 51,9.07,-0.06797,0.00043,1.90619,-0.52193,-0.32746,0.22918,33.0,438.1,0.099
1692129600,2023-08-15 16:00,2023-08-15,16.0,4438.11,2023-09-22,1695412800,38.0,0.91942,0.00045,2.15488,-1.06743,3.83916,0.23843,,0.0,5 x 5,457.5,459.7,4010.0,10.4,10.7,175 x 51,0.0,-0.07015,0.00039,1.96131,-0.53115,-0.34016,0.22667,,428.1,0.096
1692129600,2023-08-15 16:00,2023-08-15,16.0,4438.11,2023-09-22,1695412800,38.0,0.91064,0.00045,2.33148,-1.13291,3.80525,0.24284,,0.0,5 x 5,449.5,451.9,4020.0,11.0,11.3,107 x 73,0.0,-0.07418,0.00047,2.03913,-0.54897,-0.35739,0.22524,,418.1,0.094
1692129600,2023-08-15 16:00,2023-08-15,16.0,4438.11,2023-09-22,1695412800,38.0,0.91259,0.00048,2.27558,-1.0993,3.82528,0.23659,,0.0,5 x 5,443.5,446.0,4025.0,11.0,11.3,197 x 51,10.3,-0.07531,0.0004,2.05215,-0.54769,-0.35995,0.22358,1.0,413.1,0.093
1692129600,2023-08-15 16:00,2023-08-15,16.0,4438.11,2023-09-22,1695412800,38.0,0.90669,0.00044,2.38986,-1.1437,3.80161,0.24067,,0.0,5 x 5,440.0,442.4,4030.0,11.2,11.5,216 x 49,0.0,-0.07587,0.00045,2.08221,-0.55208,-0.36709,0.22241,,408.1,0.092
1692129600,2023-08-15 16:00,2023-08-15,16.0,4438.11,2023-09-22,1695412800,38.0,0.90418,0.00051,2.44825,-1.15434,3.7974,0.23748,,0.0,5 x 5,430.5,432.9,4040.0,11.9,12.2,81 x 127,0.0,-0.08081,0.00049,2.16861,-0.57246,-0.38723,0.22122,,398.1,0.09
1692129600,2023-08-15 16:00,2023-08-15,16.0,4438.11,2023-09-22,1695412800,38.0,0.90595,0.00051,2.41472,-1.12023,3.81664,0.22948,,0.0,5 x 5,419.7,422.0,4050.0,12.1,12.5,176 x 154,12.57,-0.08283,0.00043,2.21649,-0.57674,-0.3987,0.21865,21.0,388.1,0.087
1692129600,2023-08-15 16:00,2023-08-15,16.0,4438.11,2023-09-22,1695412800,38.0,0.90408,0.00056,2.45501,-1.12141,3.81794,0.22549,,0.0,5 x 5,409.9,412.2,4060.0,12.7,13.2,61 x 123,0.0,-0.08732,0.00054,2.29845,-0.5936,-0.41827,0.21662,,378.1,0.085
1692129600,2023-08-15 16:00,2023-08-15,16.0,4438.11,2023-09-22,1695412800,38.0,0.8986,0.00054,2.54501,-1.14318,3.80416,0.22497,,0.0,5 x 5,400.9,403.0,4070.0,13.3,13.7,44 x 119,10.12,-0.09097,0.00053,2.3728,-0.60653,-0.43657,0.21505,1.0,368.1,0.083
1692129600,2023-08-15 16:00,2023-08-15,16.0,4438.11,2023-09-22,1695412800,38.0,0.89826,0.00054,2.56648,-1.14296,3.80447,0.22273,,0.0,5 x 5,395.8,398.3,4075.0,13.4,13.8,144 x 102,15.47,-0.09214,0.00053,2.39546,-0.60675,-0.44147,0.21337,3.0,363.1,0.082
1692129600,2023-08-15 16:00,2023-08-15,16.0,4438.11,2023-09-22,1695412800,38.0,0.89672,0.00051,2.59097,-1.14411,3.80357,0.22114,,0.0,5 x 5,391.1,393.3,4080.0,13.7,14.0,73 x 46,0.0,-0.09419,0.00058,2.43023,-0.61164,-0.45054,0.21225,,358.1,0.081
1692129600,2023-08-15 16:00,2023-08-15,16.0,4438.11,2023-09-22,1695412800,38.0,0.8913,0.00063,2.68283,-1.16542,3.78867,0.22017,,0.0,5 x 5,382.1,384.2,4090.0,14.4,14.8,43 x 43,11.66,-0.09857,0.00054,2.52016,-0.63023,-0.47267,0.2107,1.0,348.1,0.078
1692129600,2023-08-15 16:00,2023-08-15,16.0,4438.11,2023-09-22,1695412800,38.0,0.88775,0.0006,2.74212,-1.17207,3.78294,0.21702,1.0,406.83,5 x 5,372.8,374.4,4100.0,14.9,15.2,29 x 45,14.17,-0.1021,0.00061,2.58693,-0.63776,-0.48974,0.20835,171.0,338.1,0.076
1692129600,2023-08-15 16:00,2023-08-15,16.0,4438.11,2023-09-22,1695412800,38.0,0.88405,0.00059,2.81867,-1.18466,3.77277,0.21447,,0.0,5 x 5,363.3,365.3,4110.0,15.5,15.9,68 x 153,0.0,-0.1069,0.00062,2.66793,-0.65075,-0.5107,0.20646,,328.1,0.074
1692129600,2023-08-15 16:00,2023-08-15,16.0,4438.11,2023-09-22,1695412800,38.0,0.87924,0.00062,2.89599,-1.19637,3.76154,0.21241,,0.0,5 x 5,354.0,356.0,4120.0,16.1,16.6,108 x 109,15.1,-0.1115,0.00062,2.75005,-0.66241,-0.53238,0.20378,5.0,318.1,0.072
1692129600,2023-08-15 16:00,2023-08-15,16.0,4438.11,2023-09-22,1695412800,38.0,0.87729,0.00062,2.93091,-1.19978,3.75634,0.21068,,0.0,5 x 5,349.2,351.4,4125.0,16.6,17.1,39 x 105,12.7,-0.11462,0.00065,2.8023,-0.67369,-0.54659,0.20398,5.0,313.1,0.071
1692129600,2023-08-15 16:00,2023-08-15,16.0,4438.11,2023-09-22,1695412800,38.0,0.87384,0.00067,2.9784,-1.20985,3.74849,0.21059,,0.0,5 x 5,344.6,347.0,4130.0,16.8,17.2,121 x 41,22.4,-0.11645,0.00066,2.83042,-0.67342,-0.55359,0.2017,3.0,308.1,0.069
1692129600,2023-08-15 16:00,2023-08-15,16.0,4438.11,2023-09-22,1695412800,38.0,0.86927,0.00073,3.05508,-1.22006,3.73624,0.20749,,0.0,5 x 5,335.4,337.6,4140.0,17.7,18.2,37 x 37,13.77,-0.1217,0.00074,2.9305,-0.69192,-0.58124,0.20036,20.0,298.1,0.067
1692129600,2023-08-15 16:00,2023-08-15,16.0,4438.11,2023-09-22,1695412800,38.0,0.86425,0.00075,3.14152,-1.23241,3.72069,0.20547,,0.0,5 x 5,326.5,328.2,4150.0,18.6,19.0,62 x 37,17.7,-0.12763,0.0007,3.0249,-0.70703,-0.60774,0.19878,1.0,288.1,0.065
1692129600,2023-08-15 16:00,2023-08-15,16.0,4438.11,2023-09-22,1695412800,38.0,0.85834,0.00077,3.23139,-1.24731,3.70262,0.20311,,0.0,5 x 5,317.1,319.5,4160.0,19.4,19.8,59 x 36,19.68,-0.13283,0.00078,3.11464,-0.71918,-0.63356,0.19678,3.0,278.1,0.063
1692129600,2023-08-15 16:00,2023-08-15,16.0,4438.11,2023-09-22,1695412800,38.0,0.85156,0.00076,3.33757,-1.26795,3.68025,0.20252,,0.0,5 x 5,308.3,310.8,4170.0,20.0,20.4,73 x 37,19.7,-0.13805,0.00077,3.19357,-0.72522,-0.65711,0.19379,1.0,268.1,0.06
1692129600,2023-08-15 16:00,2023-08-15,16.0,4438.11,2023-09-22,1695412800,38.0,0.84499,0.00077,3.43924,-1.3019,3.65163,0.20481,,0.0,5 x 5,305.1,307.3,4175.0,20.7,21.2,33 x 33,19.3,-0.14186,0.00084,3.25857,-0.73908,-0.67584,0.19366,6.0,263.1,0.059
1692129600,2023-08-15 16:00,2023-08-15,16.0,4438.11,2023-09-22,1695412800,38.0,0.84685,0.00077,3.40769,-1.2705,3.66828,0.19892,,0.0,5 x 5,299.0,301.2,4180.0,21.1,21.6,33 x 33,0.0,-0.14561,0.00084,3.30309,-0.74414,-0.68922,0.1926,,258.1,0.058
1692129600,2023-08-15 16:00,2023-08-15,16.0,4438.11,2023-09-22,1695412800,38.0,0.84026,0.00081,3.50248,-1.28375,3.64675,0.19703,1.0,324.23,5 x 5,290.1,292.2,4190.0,22.2,22.6,52 x 32,16.56,-0.15246,0.00088,3.40609,-0.75886,-0.72146,0.19114,2.0,248.1,0.056
1692129600,2023-08-15 16:00,2023-08-15,16.0,4438.11,2023-09-22,1695412800,38.0,0.83397,0.00091,3.59463,-1.29467,3.62594,0.19449,18.0,319.49,5 x 5,281.1,283.2,4200.0,22.9,23.3,20 x 108,23.7,-0.15774,0.0009,3.49169,-0.76405,-0.74754,0.18775,178.0,238.1,0.054
1692129600,2023-08-15 16:00,2023-08-15,16.0,4438.11,2023-09-22,1695412800,38.0,0.82179,0.00087,3.75795,-1.34149,3.57764,0.19624,19.0,309.34,6 x 6,273.9,275.8,4210.0,23.9,24.4,95 x 132,24.3,-0.16508,0.00098,3.59302,-0.7769,-0.78002,0.186,2.0,228.1,0.051
1692129600,2023-08-15 16:00,2023-08-15,16.0,4438.11,2023-09-22,1695412800,38.0,0.81823,0.00092,3.80634,-1.32765,3.57118,0.19108,2.0,300.14,6 x 6,263.9,265.8,4220.0,25.3,25.9,29 x 75,32.26,-0.17353,0.00095,3.71081,-0.7959,-0.81964,0.18477,5.0,218.1,0.049
1692129600,2023-08-15 16:00,2023-08-15,16.0,4438.11,2023-09-22,1695412800,38.0,0.81132,0.001,3.89363,-1.35386,3.54299,0.19251,3.0,275.39,6 x 6,260.3,262.6,4225.0,25.9,26.5,29 x 74,27.29,-0.17752,0.00102,3.7644,-0.80135,-0.83745,0.18401,2.0,213.1,0.048
1692129600,2023-08-15 16:00,2023-08-15,16.0,4438.11,2023-09-22,1695412800,38.0,0.80993,0.00096,3.91026,-1.34111,3.54224,0.19003,3.0,271.01,6 x 6,255.1,257.3,4230.0,26.6,27.1,45 x 73,24.92,-0.18209,0.00099,3.8196,-0.80917,-0.85626,0.18331,2.0,208.1,0.047
1692129600,2023-08-15 16:00,2023-08-15,16.0,4438.11,2023-09-22,1695412800,38.0,0.8029,0.00098,4.00602,-1.34914,3.51636,0.18701,1.0,289.3,6 x 6,246.4,248.3,4240.0,27.8,28.4,28 x 30,26.07,-0.19029,0.00107,3.92594,-0.82033,-0.8942,0.18079,22.0,198.1,0.045
1692129600,2023-08-15 16:00,2023-08-15,16.0,4438.11,2023-09-22,1695412800,38.0,0.7949,0.00101,4.10494,-1.35926,3.48657,0.18519,6.0,0.0,6 x 6,237.7,239.6,4250.0,29.1,29.6,68 x 26,30.18,-0.19827,0.00103,4.03056,-0.83035,-0.93229,0.17941,13.0,188.1,0.042
1692129600,2023-08-15 16:00,2023-08-15,16.0,4438.11,2023-09-22,1695412800,38.0,0.7906,0.0011,4.15083,-1.36094,3.47329,0.18318,,0.0,6 x 6,233.3,235.1,4255.0,29.4,29.9,80 x 87,0.0,-0.20147,0.0011,4.07067,-0.82756,-0.94605,0.17746,,183.1,0.041
1692129600,2023-08-15 16:00,2023-08-15,16.0,4438.11,2023-09-22,1695412800,38.0,0.78616,0.00111,4.20216,-1.36589,3.45754,0.18246,5.0,265.38,6 x 6,228.9,230.9,4260.0,30.1,30.6,66 x 86,26.28,-0.20623,0.00113,4.12574,-0.83273,-0.96663,0.17611,16.0,178.1,0.04
1692129600,2023-08-15 16:00,2023-08-15,16.0,4438.11,2023-09-22,1695412800,38.0,0.78167,0.00115,4.25546,-1.37091,3.43914,0.18131,1.0,255.73,6 x 6,224.8,226.6,4265.0,30.8,31.3,77 x 25,30.53,-0.21082,0.00116,4.17986,-0.83781,-0.98763,0.17528,1.0,173.1,0.039
1692129600,2023-08-15 16:00,2023-08-15,16.0,4438.11,2023-09-22,1695412800,38.0,0.77693,0.00111,4.30905,-1.3766,3.42144,0.18003,1.0,277.95,6 x 6,220.6,222.4,4270.0,32.0,32.6,38 x 38,22.5,-0.21739,0.00116,4.25201,-0.85265,-1.01628,0.17516,3.0,168.1,0.038
1692129600,2023-08-15 16:00,2023-08-15,16.0,4438.11,2023-09-22,1695412800,38.0,0.77186,0.00118,4.35721,-1.3785,3.40489,0.17928,,0.0,6 x 6,216.2,218.1,4275.0,32.7,33.3,38 x 38,29.52,-0.22177,0.00124,4.30434,-0.85579,-1.03668,0.17475,6.0,163.1,0.037
1692129600,2023-08-15 16:00,2023-08-15,16.0,4438.11,2023-09-22,1695412800,38.0,0.76737,0.00121,4.41331,-1.38559,3.38501,0.17841,17.0,240.36,6 x 6,212.0,214.2,4280.0,33.5,34.1,37 x 37,29.37,-0.22764,0.00121,4.36008,-0.86096,-1.05958,0.17323,6.0,158.1,0.036
1692129600,2023-08-15 16:00,2023-08-15,16.0,4438.11,2023-09-22,1695412800,38.0,0.75852,0.00122,4.49816,-1.41289,3.34896,0.18038,9.0,243.51,6 x 6,209.2,211.2,4285.0,34.3,34.9,36 x 36,0.0,-0.23274,0.00128,4.41508,-0.86525,-1.08227,0.1726,,153.1,0.035
1692129600,2023-08-15 16:00,2023-08-15,16.0,4438.11,2023-09-22,1695412800,38.0,0.75717,0.0012,4.51284,-1.39073,3.34834,0.17612,5.0,211.59,6 x 6,203.7,205.5,4290.0,35.1,35.8,35 x 35,26.46,-0.23779,0.00128,4.47058,-0.8698,-1.10487,0.17169,1.0,148.1,0.033
1692129600,2023-08-15 16:00,2023-08-15,16.0,4438.11,2023-09-22,1695412800,38.0,0.75192,0.00125,4.56938,-1.39817,3.32619,0.17526,1.0,206.53,6 x 16,199.8,201.5,4295.0,35.9,36.6,34 x 34,33.1,-0.24347,0.00126,4.52352,-0.87314,-1.12785,0.1704,24.0,143.1,0.032
1692129600,2023-08-15 16:00,2023-08-15,16.0,4438.11,2023-09-22,1695412800,38.0,0.74631,0.00124,4.62462,-1.40491,3.30299,0.17413,4.0,204.22,6 x 6,195.9,197.5,4300.0,36.8,37.5,34 x 34,34.78,-0.24873,0.0013,4.57906,-0.87707,-1.15286,0.16967,65.0,138.1,0.031
1692129600,2023-08-15 16:00,2023-08-15,16.0,4438.11,2023-09-22,1695412800,38.0,0.74046,0.00129,4.67541,-1.40786,3.28145,0.174,8.0,196.17,6 x 6,191.8,193.4,4305.0,36.8,39.6,15 x 15,35.6,-0.25514,0.00131,4.63669,-0.8839,-1.17868,0.16927,2.0,133.1,0.03
1692129600,2023-08-15 16:00,2023-08-15,16.0,4438.11,2023-09-22,1695412800,38.0,0.73528,0.00135,4.72831,-1.41157,3.25891,0.17221,4.0,195.35,6 x 16,187.8,189.4,4310.0,38.1,38.6,60 x 16,36.53,-0.2583,0.00131,4.67343,-0.8744,-1.19442,0.16627,5.0,128.1,0.029
1692129600,2023-08-15 16:00,2023-08-15,16.0,4438.11,2023-09-22,1695412800,38.0,0.72942,0.00134,4.77771,-1.41378,3.23791,0.17168,5.0,190.68,6 x 6,183.7,185.3,4315.0,39.1,39.5,16 x 16,35.5,-0.26458,0.00135,4.72822,-0.8776,-1.21976,0.16574,1.0,123.1,0.028
1692129600,2023-08-15 16:00,2023-08-15,16.0,4438.11,2023-09-22,1695412800,38.0,0.72424,0.00134,4.82482,-1.413,3.21641,0.17002,2.0,189.83,6 x 6,179.3,181.3,4320.0,40.5,41.2,31 x 31,36.59,-0.27202,0.00143,4.79333,-0.89019,-1.25217,0.16508,2.0,118.1,0.027
1692129600,2023-08-15 16:00,2023-08-15,16.0,4438.11,2023-09-22,1695412800,38.0,0.71773,0.00134,4.87683,-1.41709,3.19165,0.16936,3.0,180.75,6 x 6,175.6,177.2,4325.0,41.0,41.5,15 x 15,37.85,-0.27756,0.00143,4.83493,-0.88285,-1.27078,0.16327,5.0,113.1,0.025
1692129600,2023-08-15 16:00,2023-08-15,16.0,4438.11,2023-09-22,1695412800,38.0,0.71114,0.00144,4.92772,-1.42003,3.16689,0.16803,9.0,180.78,7 x 7,171.7,173.3,4330.0,42.0,42.5,14 x 42,38.29,-0.28303,0.00143,4.88753,-0.88469,-1.29778,0.16266,211.0,108.1,0.024
1692129600,2023-08-15 16:00,2023-08-15,16.0,4438.11,2023-09-22,1695412800,38.0,0.70536,0.00142,4.9775,-1.42214,3.14095,0.16763,2.0,174.12,7 x 17,167.8,169.4,4335.0,43.0,43.5,14 x 46,33.4,-0.28957,0.00154,4.93853,-0.88594,-1.32375,0.16171,1.0,103.1,0.023
1692129600,2023-08-15 16:00,2023-08-15,16.0,4438.11,2023-09-22,1695412800,38.0,0.69892,0.00146,5.02875,-1.42594,3.11354,0.16695,1.0,170.25,7 x 7,164.0,165.8,4340.0,44.1,44.5,14 x 33,40.85,-0.29615,0.00155,4.99007,-0.88733,-1.35074,0.15994,19.0,98.1,0.022
1692129600,2023-08-15 16:00,2023-08-15,16.0,4438.11,2023-09-22,1695412800,38.0,0.69269,0.00145,5.07293,-1.4227,3.09035,0.16517,5.0,165.56,7 x 10,159.8,161.7,4345.0,45.1,45.6,13 x 13,44.2,-0.30274,0.00159,5.04018,-0.88784,-1.37749,0.15915,4.0,93.1,0.021
1692129600,2023-08-15 16:00,2023-08-15,16.0,4438.11,2023-09-22,1695412800,38.0,0.68628,0.00147,5.11639,-1.41887,3.06616,0.16358,1.0,183.04,7 x 7,155.6,157.6,4350.0,46.3,46.7,23 x 13,43.9,-0.31051,0.0016,5.08985,-0.88897,-1.40597,0.1585,2.0,88.1,0.02
1692129600,2023-08-15 16:00,2023-08-15,16.0,4438.11,2023-09-22,1695412800,38.0,0.67887,0.00155,5.16601,-1.42339,3.03537,0.16277,1.0,157.61,7 x 7,152.3,153.8,4355.0,47.4,47.9,13 x 13,45.2,-0.31717,0.00158,5.13899,-0.88949,-1.43424,0.15682,2.0,83.1,0.019
1692129600,2023-08-15 16:00,2023-08-15,16.0,4438.11,2023-09-22,1695412800,38.0,0.67251,0.00157,5.20893,-1.42066,3.00924,0.16217,4.0,153.07,7 x 7,148.3,149.9,4360.0,48.5,49.0,12 x 12,47.05,-0.32409,0.00159,5.1861,-0.8892,-1.46181,0.15616,2.0,78.1,0.018
1692129600,2023-08-15 16:00,2023-08-15,16.0,4438.11,2023-09-22,1695412800,38.0,0.66504,0.00155,5.25483,-1.42239,2.9796,0.16063,3.0,152.02,7 x 18,144.6,146.3,4365.0,49.7,50.2,12 x 12,46.6,-0.33229,0.00166,5.23178,-0.88779,-1.49122,0.1551,1.0,73.1,0.016
1692129600,2023-08-15 16:00,2023-08-15,16.0,4438.11,2023-09-22,1695412800,38.0,0.65938,0.00163,5.29496,-1.41588,2.95219,0.1592,10.0,149.01,4 x 4,141.1,141.6,4370.0,51.1,51.4,16 x 12,46.61,-0.33944,0.00173,5.27774,-0.88804,-1.51988,0.15465,20.0,68.1,0.015
1692129600,2023-08-15 16:00,2023-08-15,16.0,4438.11,2023-09-22,1695412800,38.0,0.65141,0.00162,5.33689,-1.41487,2.92166,0.15808,2.0,144.32,4 x 4,137.4,137.9,4375.0,52.2,52.7,21 x 12,49.79,-0.34712,0.00168,5.32087,-0.88543,-1.54899,0.15265,2.0,63.1,0.014
1692129600,2023-08-15 16:00,2023-08-15,16.0,4438.11,2023-09-22,1695412800,38.0,0.64436,0.00166,5.37791,-1.41298,2.89063,0.15741,4.0,139.79,5 x 5,133.7,134.3,4380.0,53.5,54.1,21 x 11,49.81,-0.35545,0.00168,5.36343,-0.88463,-1.57875,0.15238,11.0,58.1,0.013
1692129600,2023-08-15 16:00,2023-08-15,16.0,4438.11,2023-09-22,1695412800,38.0,0.63667,0.00165,5.41745,-1.40978,2.85982,0.15655,,0.0,5 x 5,130.0,130.6,4385.0,54.8,55.3,11 x 11,50.1,-0.36277,0.00173,5.40333,-0.88091,-1.60863,0.15084,7.0,53.1,0.012
1692129600,2023-08-15 16:00,2023-08-15,16.0,4438.11,2023-09-22,1695412800,38.0,0.62931,0.00165,5.45504,-1.40684,2.8272,0.15511,8.0,131.45,5 x 5,126.4,127.0,4390.0,56.2,56.8,20 x 11,54.35,-0.3715,0.00183,5.44237,-0.87907,-1.63821,0.14999,2.0,48.1,0.011
1692129600,2023-08-15 16:00,2023-08-15,16.0,4438.11,2023-09-22,1695412800,38.0,0.62113,0.00167,5.49133,-1.40276,2.79384,0.15387,11.0,127.28,5 x 5,122.8,123.4,4395.0,57.6,58.1,10 x 10,54.9,-0.37945,0.00179,5.47881,-0.87464,-1.66795,0.14938,3.0,43.1,0.01
1692129600,2023-08-15 16:00,2023-08-15,16.0,4438.11,2023-09-22,1695412800,38.0,0.61316,0.00172,5.52621,-1.40102,2.75903,0.15336,7.0,123.84,19 x 6,119.5,119.9,4400.0,59.1,59.5,23 x 10,56.14,-0.38824,0.00182,5.51398,-0.87134,-1.69833,0.14801,26.0,38.1,0.009
1692129600,2023-08-15 16:00,2023-08-15,16.0,4438.11,2023-09-22,1695412800,38.0,0.60452,0.00177,5.55857,-1.39517,2.72504,0.15191,9.0,113.33,6 x 6,115.8,116.4,4405.0,60.5,61.0,10 x 10,56.5,-0.39677,0.00192,5.54627,-0.86683,-1.72897,0.14704,6.0,33.1,0.007
1692129600,2023-08-15 16:00,2023-08-15,16.0,4438.11,2023-09-22,1695412800,38.0,0.59637,0.00177,5.5894,-1.39024,2.68926,0.15137,3.0,118.35,32 x 6,112.4,113.0,4410.0,62.0,62.5,10 x 10,44.06,-0.40626,0.00192,5.57648,-0.8616,-1.75905,0.14619,14.0,28.1,0.006
1692129600,2023-08-15 16:00,2023-08-15,16.0,4438.11,2023-09-22,1695412800,38.0,0.58769,0.00181,5.61814,-1.38621,2.65231,0.15055,4.0,117.3,32 x 6,109.0,109.6,4415.0,63.6,64.1,8 x 8,0.0,-0.41574,0.00189,5.60445,-0.85686,-1.78956,0.14483,,23.1,0.005
1692129600,2023-08-15 16:00,2023-08-15,16.0,4438.11,2023-09-22,1695412800,38.0,0.57873,0.00185,5.64432,-1.38001,2.61492,0.14924,5.0,0.0,6 x 6,105.7,106.2,4420.0,65.2,65.7,8 x 8,62.2,-0.42461,0.00201,5.62989,-0.8504,-1.81947,0.14401,2.0,18.1,0.004
1692129600,2023-08-15 16:00,2023-08-15,16.0,4438.11,2023-09-22,1695412800,38.0,0.57082,0.00179,5.66786,-1.37261,2.57803,0.14832,4.0,144.1,34 x 7,102.3,102.9,4425.0,66.8,67.3,8 x 8,63.5,-0.43401,0.00197,5.65146,-0.84269,-1.84863,0.14309,1.0,13.1,0.003
1692129600,2023-08-15 16:00,2023-08-15,16.0,4438.11,2023-09-22,1695412800,38.0,0.56154,0.00182,5.68946,-1.36567,2.53926,0.14764,4.0,109.0,34 x 7,99.0,99.6,4430.0,68.5,69.1,8 x 8,65.35,-0.44349,0.00197,5.67054,-0.83627,-1.87888,0.14191,6.0,8.1,0.002
1692129600,2023-08-15 16:00,2023-08-15,16.0,4438.11,2023-09-22,1695412800,38.0,0.55246,0.00182,5.70813,-1.35685,2.50021,0.14594,,0.0,36 x 7,95.8,96.3,4435.0,70.2,70.8,8 x 28,0.0,-0.45374,0.002,5.68669,-0.82785,-1.90807,0.14118,,3.1,0.001
1692129600,2023-08-15 16:00,2023-08-15,16.0,4438.11,2023-09-22,1695412800,38.0,0.54346,0.00189,5.72424,-1.34854,2.4609,0.14499,24.0,98.97,36 x 7,92.6,93.1,4440.0,72.1,72.5,17 x 8,76.71,-0.46379,0.00207,5.69843,-0.81904,-1.93703,0.13988,112.0,1.9,0.0
1692129600,2023-08-15 16:00,2023-08-15,16.0,4438.11,2023-09-22,1695412800,38.0,0.53437,0.00191,5.7379,-1.33872,2.42039,0.14444,2.0,98.6,37 x 7,89.4,90.0,4445.0,73.8,74.4,7 x 27,76.07,-0.47381,0.00209,5.70694,-0.8094,-1.96516,0.13893,2.0,6.9,0.002
1692129600,2023-08-15 16:00,2023-08-15,16.0,4438.11,2023-09-22,1695412800,38.0,0.525,0.00192,5.74764,-1.3293,2.37865,0.14306,5.0,83.4,37 x 7,86.3,86.9,4450.0,75.7,76.3,27 x 26,69.63,-0.48443,0.00216,5.71165,-0.7999,-1.99251,0.13802,8.0,11.9,0.003
1692129600,2023-08-15 16:00,2023-08-15,16.0,4438.11,2023-09-22,1695412800,38.0,0.51485,0.00193,5.75482,-1.3201,2.33663,0.14202,,0.0,16 x 7,83.3,83.9,4455.0,77.6,78.2,7 x 26,74.1,-0.49595,0.00213,5.71156,-0.78824,-2.01938,0.13609,2.0,16.9,0.004
1692129600,2023-08-15 16:00,2023-08-15,16.0,4438.11,2023-09-22,1695412800,38.0,0.50511,0.00191,5.75857,-1.30887,2.29386,0.1414,11.0,96.0,7 x 7,80.3,80.9,4460.0,79.6,80.2,26 x 26,84.38,-0.5064,0.00222,5.70688,-0.77689,-2.04493,0.13518,21.0,21.9,0.005
1692129600,2023-08-15 16:00,2023-08-15,16.0,4438.11,2023-09-22,1695412800,38.0,0.49537,0.002,5.75939,-1.29684,2.25091,0.14064,,0.0,16 x 7,77.4,77.9,4465.0,81.6,82.2,7 x 18,74.5,-0.51802,0.00224,5.69827,-0.76445,-2.07012,0.13421,5.0,26.9,0.006
1692129600,2023-08-15 16:00,2023-08-15,16.0,4438.11,2023-09-22,1695412800,38.0,0.48532,0.00196,5.75627,-1.28338,2.20641,0.13995,2.0,95.16,7 x 7,74.5,75.0,4470.0,83.4,84.8,8 x 8,85.5,-0.52928,0.00227,5.68472,-0.75297,-2.09444,0.13374,2.0,31.9,0.007
1692129600,2023-08-15 16:00,2023-08-15,16.0,4438.11,2023-09-22,1695412800,38.0,0.47503,0.00198,5.74875,-1.27058,2.16217,0.13889,2.0,97.77,17 x 7,71.6,72.2,4475.0,85.8,86.4,7 x 7,64.73,-0.54101,0.0022,5.66456,-0.73755,-2.11528,0.13255,150.0,36.9,0.008
1692129600,2023-08-15 16:00,2023-08-15,16.0,4438.11,2023-09-22,1695412800,38.0,0.46461,0.00197,5.73773,-1.25647,2.11745,0.13784,2.0,88.45,17 x 7,68.8,69.4,4480.0,88.0,88.6,7 x 7,67.38,-0.55286,0.00222,5.64017,-0.72253,-2.13593,0.13089,24.0,41.9,0.009
1692129600,2023-08-15 16:00,2023-08-15,16.0,4438.11,2023-09-22,1695412800,38.0,0.45526,0.002,5.72363,-1.24234,2.07218,0.13643,1.0,74.5,7 x 32,66.1,66.7,4485.0,90.2,90.8,7 x 7,0.0,-0.56416,0.00226,5.60875,-0.70698,-2.15499,0.13008,,46.9,0.011
1692129600,2023-08-15 16:00,2023-08-15,16.0,4438.11,2023-09-22,1695412800,38.0,0.4444,0.00205,5.70451,-1.22622,2.02621,0.13552,8.0,85.15,20 x 8,63.4,64.0,4490.0,92.2,93.7,18 x 7,86.67,-0.5768,0.00226,5.57277,-0.69269,-2.17218,0.12879,5.0,51.9,0.012
1692129600,2023-08-15 16:00,2023-08-15,16.0,4438.11,2023-09-22,1695412800,38.0,0.43362,0.00201,5.68252,-1.21074,1.97986,0.13512,,0.0,10 x 8,60.8,61.4,4495.0,94.9,95.5,7 x 7,93.79,-0.58966,0.00238,5.52766,-0.6734,-2.1861,0.12744,2.0,56.9,0.013
1692129600,2023-08-15 16:00,2023-08-15,16.0,4438.11,2023-09-22,1695412800,38.0,0.42324,0.00198,5.65585,-1.19478,1.93285,0.13432,17.0,63.08,25 x 8,58.4,58.8,4500.0,97.3,97.9,7 x 7,89.82,-0.602,0.00236,5.47581,-0.65541,-2.19805,0.12616,39.0,61.9,0.014
1692129600,2023-08-15 16:00,2023-08-15,16.0,4438.11,2023-09-22,1695412800,38.0,0.4123,0.00207,5.62418,-1.17677,1.88546,0.13284,7.0,58.9,10 x 8,55.7,56.3,4505.0,99.8,100.3,7 x 7,0.0,-0.6148,0.00243,5.41609,-0.63534,-2.2058,0.12516,,66.9,0.015
1692129600,2023-08-15 16:00,2023-08-15,16.0,4438.11,2023-09-22,1695412800,38.0,0.40224,0.00203,5.58853,-1.15856,1.83764,0.13252,22.0,70.81,21 x 36,53.3,53.9,4510.0,102.3,102.8,6 x 6,93.8,-0.62895,0.00241,5.34839,-0.61502,-2.21124,0.12456,4.0,71.9,0.016
1692129600,2023-08-15 16:00,2023-08-15,16.0,4438.11,2023-09-22,1695412800,38.0,0.39121,0.00203,5.54825,-1.14045,1.79025,0.1317,,0.0,11 x 29,50.9,51.5,4515.0,105.0,105.5,6 x 6,0.0,-0.64227,0.00241,5.27364,-0.5951,-2.2142,0.1231,,76.9,0.017
1692129600,2023-08-15 16:00,2023-08-15,16.0,4438.11,2023-09-22,1695412800,38.0,0.38095,0.002,5.50349,-1.122,1.74151,0.13001,21.0,52.18,23 x 40,48.6,49.2,4520.0,107.5,108.1,6 x 6,113.84,-0.65643,0.00249,5.18598,-0.57175,-2.21076,0.12159,27.0,81.9,0.018
1692129600,2023-08-15 16:00,2023-08-15,16.0,4438.11,2023-09-22,1695412800,38.0,0.37007,0.00204,5.45542,-1.10172,1.694,0.12934,3.0,53.3,12 x 10,46.4,46.9,4525.0,110.3,110.8,5 x 5,89.24,-0.67052,0.00245,5.08996,-0.54858,-2.20359,0.12048,3.0,86.9,0.02
1692129600,2023-08-15 16:00,2023-08-15,16.0,4438.11,2023-09-22,1695412800,38.0,0.3596,0.00198,5.40146,-1.08143,1.64535,0.12903,20.0,85.0,24 x 11,44.2,44.7,4530.0,113.1,113.6,17 x 5,102.72,-0.68527,0.00251,4.98268,-0.52507,-2.19104,0.11879,15.0,91.9,0.021
1692129600,2023-08-15 16:00,2023-08-15,16.0,4438.11,2023-09-22,1695412800,38.0,0.34644,0.00203,5.3345,-1.04957,1.58934,0.12635,23.0,59.65,34 x 34,41.3,42.0,4535.0,115.4,117.1,28 x 6,105.47,-0.69924,0.00247,4.86502,-0.49988,-2.17289,0.11833,11.0,96.9,0.022
1692129600,2023-08-15 16:00,2023-08-15,16.0,4438.11,2023-09-22,1695412800,38.0,0.33589,0.00204,5.27053,-1.02734,1.54046,0.12624,10.0,64.7,36 x 36,39.2,39.9,4540.0,118.8,119.3,4 x 4,94.14,-0.71589,0.00256,4.725,-0.47107,-2.14412,0.11633,12.0,101.9,0.023
1692129600,2023-08-15 16:00,2023-08-15,16.0,4438.11,2023-09-22,1695412800,38.0,0.32543,0.002,5.20382,-1.00634,1.4924,0.12523,,0.0,37 x 37,37.3,38.0,4545.0,121.8,122.4,4 x 4,98.14,-0.73088,0.00254,4.57935,-0.44486,-2.11147,0.1147,20.0,106.9,0.024
1692129600,2023-08-15 16:00,2023-08-15,16.0,4438.11,2023-09-22,1695412800,38.0,0.31378,0.00192,5.13033,-0.9829,1.44328,0.12431,12.0,41.5,38 x 38,35.4,36.0,4550.0,124.8,125.4,3 x 3,113.77,-0.74841,0.00256,4.40887,-0.41392,-2.06578,0.11302,4.0,111.9,0.025
1692129600,2023-08-15 16:00,2023-08-15,16.0,4438.11,2023-09-22,1695412800,38.0,0.30544,0.00195,5.06793,-0.97139,1.40301,0.1244,3.0,36.7,15 x 40,34.2,34.7,4555.0,127.2,129.1,6 x 6,103.47,-0.76588,0.00257,4.21453,-0.38113,-2.00696,0.11176,9.0,116.9,0.026
1692129600,2023-08-15 16:00,2023-08-15,16.0,4438.11,2023-09-22,1695412800,38.0,0.29517,0.00194,4.98779,-0.94773,1.355,0.12406,8.0,55.5,15 x 53,32.4,32.9,4560.0,130.5,132.4,5 x 5,104.01,-0.78346,0.00259,4.01162,-0.35131,-1.94154,0.11027,39.0,121.9,0.027
1692129600,2023-08-15 16:00,2023-08-15,16.0,4438.11,2023-09-22,1695412800,38.0,0.28198,0.00192,4.88735,-0.91267,1.2973,0.12245,,0.0,43 x 42,30.0,30.6,4565.0,133.9,135.4,5 x 5,122.02,-0.80235,0.0026,3.76502,-0.31478,-1.85204,0.10748,4.0,126.9,0.029
1692129600,2023-08-15 16:00,2023-08-15,16.0,4438.11,2023-09-22,1695412800,38.0,0.27309,0.00186,4.81278,-0.89755,1.25783,0.12229,12.0,32.1,44 x 15,28.4,29.8,4570.0,135.8,138.2,5 x 5,105.2,-0.83467,0.00274,3.30952,-0.25096,-1.65383,0.10312,4.0,131.9,0.03
1692129600,2023-08-15 16:00,2023-08-15,16.0,4438.11,2023-09-22,1695412800,38.0,0.26071,0.00186,4.70289,-0.86271,1.20131,0.12095,7.0,36.77,17 x 15,25.7,28.2,4575.0,140.2,142.3,5 x 5,109.49,-0.84789,0.00271,3.11899,-0.23284,-1.5862,0.10262,1.0,136.9,0.031
1692129600,2023-08-15 16:00,2023-08-15,16.0,4438.11,2023-09-22,1695412800,38.0,0.25324,0.00183,4.62699,-0.84906,1.16431,0.12076,1.0,31.75,46 x 15,25.3,26.6,4580.0,143.6,145.5,5 x 5,138.97,-0.87707,0.00275,2.63877,-0.17981,-1.3628,0.09915,2.0,141.9,0.032
1692129600,2023-08-15 16:00,2023-08-15,16.0,4438.11,2023-09-22,1695412800,38.0,0.24267,0.00184,4.5317,-0.82619,1.11974,0.12051,,0.0,16 x 45,24.3,24.8,4585.0,147.4,149.0,5 x 5,134.07,-0.90803,0.00288,2.07201,-0.12652,-1.08525,0.09523,1.0,146.9,0.033
1692129600,2023-08-15 16:00,2023-08-15,16.0,4438.11,2023-09-22,1695412800,38.0,0.23367,0.00177,4.43353,-0.80232,1.07666,0.11945,11.0,26.1,17 x 46,23.0,23.4,4590.0,150.9,152.9,5 x 5,143.94,-0.96024,0.00301,1.00595,-0.01352,-0.13187,0.08934,6.0,151.9,0.034
1692129600,2023-08-15 16:00,2023-08-15,16.0,4438.11,2023-09-29,1696017600,45.0,0.97161,0.00012,0.9984,-0.74472,4.25469,0.34772,0.0,823.92,5 x 5,910.7,913.0,3550.0,3.7,3.9,419 x 473,3.0,-0.01949,4e-05,0.75476,-0.25045,-0.11358,0.32279,261.0,888.1,0.2
1692129600,2023-08-15 16:00,2023-08-15,16.0,4438.11,2023-09-29,1696017600,45.0,0.97153,0.00015,0.9948,-0.73943,4.26857,0.34349,,0.0,5 x 5,900.6,903.0,3560.0,3.8,3.9,309 x 69,3.1,-0.01997,0.00014,0.76776,-0.2519,-0.11616,0.31941,141.0,878.1,0.198
1692129600,2023-08-15 16:00,2023-08-15,16.0,4438.11,2023-09-29,1696017600,45.0,0.97125,0.00016,0.99116,-0.73483,4.28175,0.3389,,0.0,5 x 5,890.7,892.8,3570.0,3.9,4.1,275 x 120,3.2,-0.02047,9e-05,0.79307,-0.25927,-0.12053,0.31782,13.0,868.1,0.196
1692129600,2023-08-15 16:00,2023-08-15,16.0,4438.11,2023-09-29,1696017600,45.0,0.97036,0.00016,1.01805,-0.74516,4.28316,0.33897,0.0,0.1,5 x 5,885.6,888.4,3575.0,3.9,4.1,510 x 338,5.66,-0.02137,9e-05,0.79569,-0.2591,-0.12044,0.31695,9.0,863.1,0.194
1692129600,2023-08-15 16:00,2023-08-15,16.0,4438.11,2023-09-29,1696017600,45.0,0.96978,0.00012,1.03378,-0.75072,4.28613,0.33856,,0.0,5 x 5,881.1,883.2,3580.0,4.0,4.1,177 x 106,5.6,-0.02127,0.00011,0.80547,-0.26076,-0.12255,0.31516,107.0,858.1,0.193
1692129600,2023-08-15 16:00,2023-08-15,16.0,4438.11,2023-09-29,1696017600,45.0,0.97049,0.00015,1.02435,-0.74474,4.29393,0.33455,,0.0,5 x 5,876.0,878.1,3585.0,4.0,4.2,342 x 409,13.73,-0.022,7e-05,0.81545,-0.2629,-0.12454,0.31412,0.0,853.1,0.192
1692129600,2023-08-15 16:00,2023-08-15,16.0,4438.11,2023-09-29,1696017600,45.0,0.96982,0.00017,1.05556,-0.75717,4.29376,0.33561,,0.0,5 x 5,871.1,873.6,3590.0,4.0,4.2,644 x 98,9.48,-0.02182,0.00015,0.81893,-0.26302,-0.12522,0.31309,4.0,848.1,0.191
1692129600,2023-08-15 16:00,2023-08-15,16.0,4438.11,2023-09-29,1696017600,45.0,0.96847,0.00015,1.07629,-0.76526,4.29653,0.33609,,0.0,5 x 5,866.3,868.8,3595.0,4.1,4.3,328 x 417,6.62,-0.02226,0.00013,0.83435,-0.26774,-0.12737,0.31265,1.0,843.1,0.19
1692129600,2023-08-15 16:00,2023-08-15,16.0,4438.11,2023-09-29,1696017600,45.0,0.96886,0.00017,1.06786,-0.75929,4.30403,0.33217,0.0,854.4,5 x 5,861.5,863.4,3600.0,4.1,4.3,708 x 98,4.1,-0.02272,0.0001,0.83764,-0.26672,-0.12886,0.31029,1.0,838.1,0.189
1692129600,2023-08-15 16:00,2023-08-15,16.0,4438.11,2023-09-29,1696017600,45.0,0.96795,0.0001,1.08428,-0.76415,4.30699,0.33139,,0.0,5 x 5,856.3,858.9,3605.0,4.2,4.4,396 x 439,4.2,-0.02303,0.0001,0.85395,-0.27163,-0.13132,0.31035,10.0,833.1,0.188
1692129600,2023-08-15 16:00,2023-08-15,16.0,4438.11,2023-09-29,1696017600,45.0,0.96857,9e-05,1.07022,-0.75657,4.31596,0.32818,1.0,629.39,5 x 5,851.2,853.7,3610.0,4.2,4.4,635 x 98,13.75,-0.02296,8e-05,0.85728,-0.2715,-0.13185,0.30792,35.0,828.1,0.187
1692129600,2023-08-15 16:00,2023-08-15,16.0,4438.11,2023-09-29,1696017600,45.0,0.9681,0.00013,1.08233,-0.76014,4.32068,0.32672,,0.0,5 x 5,846.5,848.6,3615.0,4.4,4.5,50 x 68,11.85,-0.02349,0.00014,0.87926,-0.27779,-0.13651,0.30828,34.0,823.1,0.185
1692129600,2023-08-15 16:00,2023-08-15,16.0,4438.11,2023-09-29,1696017600,45.0,0.96244,0.00012,1.26216,-0.8406,4.28916,0.34169,4.0,744.96,5 x 5,843.1,845.8,3620.0,4.3,4.5,583 x 98,5.28,-0.02396,0.00015,0.87691,-0.27546,-0.13574,0.30638,2.0,818.1,0.184
1692129600,2023-08-15 16:00,2023-08-15,16.0,4438.11,2023-09-29,1696017600,45.0,0.96203,0.00013,1.27354,-0.84286,4.29305,0.34032,1.0,600.22,5 x 5,838.2,840.9,3625.0,4.4,4.6,353 x 365,4.8,-0.02419,0.00015,0.89288,-0.27965,-0.13819,0.30574,49.0,813.1,0.183
1692129600,2023-08-15 16:00,2023-08-15,16.0,4438.11,2023-09-29,1696017600,45.0,0.96572,0.00015,1.1601,-0.78912,4.32338,0.32752,0.0,595.82,5 x 5,831.8,834.8,3630.0,4.4,4.6,626 x 98,6.5,-0.02449,0.00015,0.89672,-0.27919,-0.139,0.30318,18.0,808.1,0.182
1692129600,2023-08-15 16:00,2023-08-15,16.0,4438.11,2023-09-29,1696017600,45.0,0.96601,0.00016,1.14276,-0.77884,4.33296,0.32323,,0.0,5 x 5,827.0,829.2,3635.0,4.5,4.7,386 x 246,4.4,-0.02429,0.00012,0.91336,-0.28323,-0.14239,0.30347,2222.0,803.1,0.181
1692129600,2023-08-15 16:00,2023-08-15,16.0,4438.11,2023-09-29,1696017600,45.0,0.9655,0.00018,1.17407,-0.79036,4.3327,0.32412,0.0,726.29,5 x 5,822.3,824.5,3640.0,4.6,4.8,267 x 96,10.98,-0.02545,9e-05,0.92888,-0.28746,-0.14474,0.30192,2.0,798.1,0.18
1692129600,2023-08-15 16:00,2023-08-15,16.0,4438.11,2023-09-29,1696017600,45.0,0.96531,0.00019,1.16564,-0.78524,4.34064,0.32111,,0.0,5 x 5,817.0,819.6,3645.0,4.6,4.8,311 x 207,3.9,-0.02509,0.00011,0.93338,-0.28727,-0.14535,0.30056,1.0,793.1,0.179
1692129600,2023-08-15 16:00,2023-08-15,16.0,4438.11,2023-09-29,1696017600,45.0,0.96495,0.00019,1.19216,-0.79422,4.34164,0.32085,0.0,582.1,5 x 5,812.4,814.7,3650.0,4.7,4.9,293 x 493,4.52,-0.02555,0.00018,0.94907,-0.29173,-0.14864,0.29979,1.0,788.1,0.178
1692129600,2023-08-15 16:00,2023-08-15,16.0,4438.11,2023-09-29,1696017600,45.0,0.96542,0.00019,1.17855,-0.78654,4.35114,0.31791,0.0,552.4,5 x 5,807.0,809.8,3655.0,4.7,4.9,341 x 206,10.45,-0.02601,0.00013,0.95378,-0.29145,-0.14979,0.298,9.0,783.1,0.176
1692129600,2023-08-15 16:00,2023-08-15,16.0,4438.11,2023-09-29,1696017600,45.0,0.96454,0.00015,1.18633,-0.78682,4.35605,0.31595,,0.0,5 x 5,802.3,804.6,3660.0,4.9,5.0,50 x 66,6.9,-0.02668,0.00017,0.97573,-0.29781,-0.15346,0.29769,139.0,778.1,0.175
1692129600,2023-08-15 16:00,2023-08-15,16.0,4438.11,2023-09-29,1696017600,45.0,0.96379,0.0002,1.21208,-0.79616,4.35696,0.31593,,0.0,5 x 5,797.4,800.0,3665.0,4.8,5.0,573 x 108,5.0,-0.02653,0.00014,0.97463,-0.29474,-0.1539,0.29545,57.0,773.1,0.174
1692129600,2023-08-15 16:00,2023-08-15,16.0,4438.11,2023-09-29,1696017600,45.0,0.96384,0.00014,1.21912,-0.79685,4.36181,0.31463,,0.0,5 x 5,792.7,794.8,3670.0,4.9,5.1,213 x 258,4.9,-0.02706,0.00017,0.99071,-0.29965,-0.15637,0.29497,40.0,768.1,0.173
1692129600,2023-08-15 16:00,2023-08-15,16.0,4438.11,2023-09-29,1696017600,45.0,0.96318,0.00021,1.22145,-0.79598,4.3674,0.31223,0.0,595.1,5 x 5,787.6,789.9,3675.0,5.0,5.2,237 x 528,6.5,-0.02816,0.0001,1.00721,-0.30389,-0.16002,0.2948,1.0,763.1,0.172
1692129600,2023-08-15 16:00,2023-08-15,16.0,4438.11,2023-09-29,1696017600,45.0,0.96307,0.00013,1.24312,-0.80306,4.36873,0.3117,,0.0,5 x 5,782.9,785.0,3680.0,5.0,5.2,434 x 124,7.6,-0.02776,0.0001,1.01126,-0.30309,-0.16059,0.29275,1.0,758.1,0.171
1692129600,2023-08-15 16:00,2023-08-15,16.0,4438.11,2023-09-29,1696017600,45.0,0.96191,0.00012,1.25984,-0.80784,4.37165,0.31117,,0.0,5 x 5,777.8,780.4,3685.0,5.1,5.3,194 x 398,4.95,-0.02884,0.00011,1.02801,-0.3073,-0.16394,0.29156,2214.0,753.1,0.17
1692129600,2023-08-15 16:00,2023-08-15,16.0,4438.11,2023-09-29,1696017600,45.0,0.96231,0.00017,1.26217,-0.80685,4.37729,0.30861,0.0,583.19,5 x 5,772.7,775.5,3690.0,5.2,5.4,234 x 493,6.1,-0.02929,0.00017,1.0441,-0.31077,-0.16634,0.29136,1.0,748.1,0.169
1692129600,2023-08-15 16:00,2023-08-15,16.0,4438.11,2023-09-29,1696017600,45.0,0.96174,0.00018,1.27408,-0.80935,4.38082,0.30737,,0.0,5 x 5,768.0,770.4,3695.0,5.2,5.4,401 x 105,6.7,-0.0288,0.00016,1.04846,-0.30993,-0.16719,0.28932,6.0,743.1,0.167
1692129600,2023-08-15 16:00,2023-08-15,16.0,4438.11,2023-09-29,1696017600,45.0,0.9604,0.0002,1.31071,-0.82284,4.37951,0.30826,0.0,0.05,5 x 5,763.4,765.7,3700.0,5.3,5.5,313 x 201,5.45,-0.02977,0.00016,1.06589,-0.31448,-0.17075,0.2887,1.0,738.1,0.166
1692129600,2023-08-15 16:00,2023-08-15,16.0,4438.11,2023-09-29,1696017600,45.0,0.96128,0.00016,1.29361,-0.81297,4.39014,0.30487,0.0,570.36,5 x 5,758.2,760.5,3705.0,5.4,5.6,261 x 433,5.8,-0.02988,0.00019,1.08221,-0.31824,-0.17405,0.288,49.0,733.1,0.165
1692129600,2023-08-15 16:00,2023-08-15,16.0,4438.11,2023-09-29,1696017600,45.0,0.95957,0.00014,1.3262,-0.82381,4.38947,0.3046,,0.0,5 x 5,753.3,756.0,3710.0,5.4,5.6,376 x 136,7.32,-0.03076,0.00015,1.08664,-0.31786,-0.17471,0.28578,29.0,728.1,0.164
1692129600,2023-08-15 16:00,2023-08-15,16.0,4438.11,2023-09-29,1696017600,45.0,0.95958,0.00016,1.34765,-0.83085,4.39132,0.30413,,0.0,5 x 5,748.5,751.2,3715.0,5.5,5.7,159 x 195,5.3,-0.03115,0.00018,1.10357,-0.32136,-0.1779,0.28512,3.0,723.1,0.163
1692129600,2023-08-15 16:00,2023-08-15,16.0,4438.11,2023-09-29,1696017600,45.0,0.95878,0.00022,1.36054,-0.83276,4.39444,0.30324,,0.0,5 x 5,743.6,746.3,3720.0,5.6,5.8,405 x 65,7.6,-0.03189,0.00021,1.12033,-0.32517,-0.1814,0.28401,3.0,718.1,0.162
1692129600,2023-08-15 16:00,2023-08-15,16.0,4438.11,2023-09-29,1696017600,45.0,0.95395,0.00015,1.49503,-0.88872,4.37099,0.31079,1.0,513.97,5 x 5,740.2,742.6,3725.0,5.6,5.8,581 x 65,4.6,-0.03197,0.00015,1.12614,-0.32475,-0.18281,0.28223,3.0,713.1,0.161
1692129600,2023-08-15 16:00,2023-08-15,16.0,4438.11,2023-09-29,1696017600,45.0,0.95847,0.00018,1.36586,-0.83041,4.40625,0.29859,,0.0,5 x 5,733.9,736.0,3730.0,5.7,5.9,298 x 138,6.39,-0.03245,0.00016,1.14216,-0.32845,-0.18551,0.28142,1.0,708.1,0.16
1692129600,2023-08-15 16:00,2023-08-15,16.0,4438.11,2023-09-29,1696017600,45.0,0.95783,0.00021,1.3839,-0.8351,4.40883,0.29809,,0.0,5 x 5,729.0,731.2,3735.0,5.8,6.0,267 x 197,7.5,-0.03283,0.00014,1.15955,-0.33285,-0.1894,0.28084,60.0,703.1,0.158
1692129600,2023-08-15 16:00,2023-08-15,16.0,4438.11,2023-09-29,1696017600,45.0,0.95614,0.00021,1.41936,-0.84768,4.40717,0.29816,,0.0,5 x 5,724.0,726.9,3740.0,5.9,6.1,185 x 384,13.2,-0.03319,0.00013,1.17651,-0.33619,-0.19241,0.28013,4.0,698.1,0.157
1692129600,2023-08-15 16:00,2023-08-15,16.0,4438.11,2023-09-29,1696017600,45.0,0.95682,0.0002,1.41893,-0.84435,4.41372,0.29539,,0.0,5 x 5,719.1,721.7,3745.0,5.9,6.1,457 x 63,7.4,-0.034,0.00018,1.18162,-0.33556,-0.19333,0.2783,6.0,693.1,0.156
1692129600,2023-08-15 16:00,2023-08-15,16.0,4438.11,2023-09-29,1696017600,45.0,0.95544,0.00015,1.44511,-0.85187,4.41378,0.29599,0.0,0.05,5 x 5,714.5,716.8,3750.0,6.0,6.2,486 x 134,4.75,-0.0343,0.00022,1.19859,-0.3397,-0.19673,0.277,10.0,688.1,0.155
1692129600,2023-08-15 16:00,2023-08-15,16.0,4438.11,2023-09-29,1696017600,45.0,0.95423,0.00023,1.47714,-0.86297,4.4133,0.2952,,0.0,5 x 5,709.3,712.6,3755.0,6.2,6.4,271 x 111,16.45,-0.03486,0.00017,1.22685,-0.3475,-0.20201,0.27706,0.0,683.1,0.154
1692129600,2023-08-15 16:00,2023-08-15,16.0,4438.11,2023-09-29,1696017600,45.0,0.95466,0.00022,1.47154,-0.85718,4.42123,0.29256,0.0,492.99,5 x 5,704.6,707.1,3760.0,6.2,6.4,257 x 193,6.07,-0.03581,0.00015,1.23363,-0.34673,-0.20325,0.2756,5.0,678.1,0.153
1692129600,2023-08-15 16:00,2023-08-15,16.0,4438.11,2023-09-29,1696017600,45.0,0.95486,0.00016,1.45641,-0.84766,4.43077,0.28896,,0.0,5 x 5,699.6,701.7,3765.0,6.4,6.6,179 x 278,7.1,-0.03622,0.00016,1.26191,-0.35398,-0.20907,0.27554,25.0,673.1,0.152
1692129600,2023-08-15 16:00,2023-08-15,16.0,4438.11,2023-09-29,1696017600,45.0,0.95455,0.00025,1.47845,-0.85438,4.43182,0.28809,0.0,507.48,5 x 5,694.7,697.0,3770.0,6.4,6.6,156 x 225,5.65,-0.03681,0.00018,1.26752,-0.35367,-0.21044,0.27335,8.0,668.1,0.151
1692129600,2023-08-15 16:00,2023-08-15,16.0,4438.11,2023-09-29,1696017600,45.0,0.95333,0.00022,1.49647,-0.85848,4.43395,0.28729,2.0,477.01,5 x 5,689.9,692.1,3775.0,6.5,6.6,228 x 63,8.2,-0.03742,0.00019,1.27969,-0.35492,-0.21301,0.27161,1.0,663.1,0.149
1692129600,2023-08-15 16:00,2023-08-15,16.0,4438.11,2023-09-29,1696017600,45.0,0.95332,0.00017,1.51485,-0.86319,4.43691,0.28636,0.0,495.03,5 x 5,685.0,687.3,3780.0,6.5,6.7,388 x 63,5.9,-0.03753,0.00015,1.29142,-0.35637,-0.21498,0.27087,29.0,658.1,0.148
1692129600,2023-08-15 16:00,2023-08-15,16.0,4438.11,2023-09-29,1696017600,45.0,0.95222,0.00025,1.53795,-0.86857,4.43746,0.2856,,0.0,5 x 5,680.3,682.4,3785.0,6.7,6.8,28 x 62,10.5,-0.0387,0.00017,1.31375,-0.36158,-0.21964,0.27002,30.0,653.1,0.147
1692129600,2023-08-15 16:00,2023-08-15,16.0,4438.11,2023-09-29,1696017600,45.0,0.9512,0.00025,1.55113,-0.87146,4.44126,0.28444,,0.0,5 x 5,675.4,677.5,3790.0,6.7,6.9,299 x 75,7.55,-0.0385,0.00015,1.32611,-0.36337,-0.22212,0.26878,1.0,648.1,0.146
1692129600,2023-08-15 16:00,2023-08-15,16.0,4438.11,2023-09-29,1696017600,45.0,0.95212,0.00019,1.55108,-0.86727,4.44706,0.28145,,0.0,5 x 5,670.4,672.4,3795.0,6.8,7.0,391 x 62,6.1,-0.03961,0.00015,1.34358,-0.36674,-0.22548,0.26725,29.0,643.1,0.145
1692129600,2023-08-15 16:00,2023-08-15,16.0,4438.11,2023-09-29,1696017600,45.0,0.95031,0.00019,1.59233,-0.88071,4.44437,0.28258,0.0,0.1,5 x 5,665.7,667.9,3800.0,6.9,7.1,293 x 62,7.32,-0.04026,0.00022,1.36159,-0.36912,-0.22982,0.26689,22.0,638.1,0.144
1692129600,2023-08-15 16:00,2023-08-15,16.0,4438.11,2023-09-29,1696017600,45.0,0.95028,0.00022,1.59621,-0.87972,4.44947,0.27979,0.0,455.27,5 x 5,660.7,662.9,3805.0,7.0,7.2,296 x 62,15.95,-0.04111,0.00023,1.37912,-0.37255,-0.23307,0.26573,0.0,633.1,0.143
1692129600,2023-08-15 16:00,2023-08-15,16.0,4438.11,2023-09-29,1696017600,45.0,0.94911,0.00022,1.61921,-0.88518,4.45123,0.27921,,0.0,5 x 5,655.8,658.2,3810.0,7.1,7.3,272 x 62,8.62,-0.04133,0.00021,1.39687,-0.37633,-0.23722,0.26453,1.0,628.1,0.142
1692129600,2023-08-15 16:00,2023-08-15,16.0,4438.11,2023-09-29,1696017600,45.0,0.94858,0.00022,1.61999,-0.88229,4.45713,0.27706,,0.0,5 x 5,650.7,653.2,3815.0,7.2,7.4,379 x 62,7.1,-0.04245,0.00024,1.41473,-0.37916,-0.24074,0.26315,1.0,623.1,0.14
1692129600,2023-08-15 16:00,2023-08-15,16.0,4438.11,2023-09-29,1696017600,45.0,0.94223,0.00025,1.79459,-0.94964,4.42309,0.28633,,0.0,5 x 5,647.6,650.2,3820.0,7.3,7.5,339 x 60,14.77,-0.04227,0.00018,1.43186,-0.38168,-0.24433,0.26177,25.0,618.1,0.139
1692129600,2023-08-15 16:00,2023-08-15,16.0,4438.11,2023-09-29,1696017600,45.0,0.94753,0.00029,1.66659,-0.89378,4.45914,0.27543,0.0,463.0,5 x 5,641.2,643.5,3825.0,7.6,7.7,164 x 60,7.2,-0.04423,0.00028,1.46632,-0.39117,-0.25143,0.2616,2.0,613.1,0.138
1692129600,2023-08-15 16:00,2023-08-15,16.0,4438.11,2023-09-29,1696017600,45.0,0.9448,0.00023,1.71614,-0.90939,4.45415,0.27634,2.0,467.72,5 x 5,636.4,639.3,3830.0,7.6,7.8,167 x 145,8.0,-0.04468,0.0002,1.478,-0.39169,-0.25363,0.26067,11.0,608.1,0.137
1692129600,2023-08-15 16:00,2023-08-15,16.0,4438.11,2023-09-29,1696017600,45.0,0.94581,0.00025,1.69522,-0.89776,4.46499,0.27257,1.0,460.0,5 x 5,631.5,633.6,3835.0,7.7,7.9,158 x 130,17.58,-0.04542,0.00023,1.49656,-0.39504,-0.25754,0.25895,3.0,603.1,0.136
1692129600,2023-08-15 16:00,2023-08-15,16.0,4438.11,2023-09-29,1696017600,45.0,0.94377,0.00025,1.74963,-0.91546,4.45856,0.27303,,0.0,5 x 5,626.9,629.3,3840.0,7.8,8.0,139 x 115,8.4,-0.04526,0.00021,1.51501,-0.39773,-0.26181,0.25829,1.0,598.1,0.135
1692129600,2023-08-15 16:00,2023-08-15,16.0,4438.11,2023-09-29,1696017600,45.0,0.94426,0.00024,1.74164,-0.90796,4.46655,0.2703,0.0,436.85,5 x 5,621.8,624.1,3845.0,7.9,8.1,171 x 115,9.05,-0.04615,0.00027,1.53249,-0.40041,-0.26531,0.25666,10.0,593.1,0.134
1692129600,2023-08-15 16:00,2023-08-15,16.0,4438.11,2023-09-29,1696017600,45.0,0.94284,0.00027,1.76953,-0.91556,4.46642,0.27018,0.0,410.3,5 x 5,617.3,619.1,3850.0,8.1,8.3,222 x 59,6.7,-0.04781,0.00028,1.56121,-0.40743,-0.27224,0.25644,26.0,588.1,0.133
1692129600,2023-08-15 16:00,2023-08-15,16.0,4438.11,2023-09-29,1696017600,45.0,0.94211,0.00028,1.78457,-0.91714,4.4694,0.2683,,0.0,5 x 5,611.9,614.7,3855.0,8.1,8.3,317 x 59,12.53,-0.04771,0.00023,1.56915,-0.40579,-0.27296,0.2548,35.0,583.1,0.131
1692129600,2023-08-15 16:00,2023-08-15,16.0,4438.11,2023-09-29,1696017600,45.0,0.94186,0.00032,1.81263,-0.92395,4.46967,0.26774,0.0,643.18,5 x 5,607.3,609.8,3860.0,8.3,8.5,153 x 131,11.34,-0.04923,0.00026,1.59839,-0.41281,-0.27951,0.25457,29.0,578.1,0.13
1692129600,2023-08-15 16:00,2023-08-15,16.0,4438.11,2023-09-29,1696017600,45.0,0.94046,0.00023,1.82748,-0.92566,4.4722,0.26643,,0.0,5 x 5,602.6,604.7,3865.0,8.4,8.6,150 x 114,12.2,-0.04915,0.00022,1.61675,-0.4155,-0.28344,0.25335,83.0,573.1,0.129
1692129600,2023-08-15 16:00,2023-08-15,16.0,4438.11,2023-09-29,1696017600,45.0,0.93993,0.00032,1.84645,-0.92966,4.47426,0.2645,0.0,633.83,5 x 5,597.7,599.9,3870.0,8.6,8.8,241 x 59,10.1,-0.05025,0.00025,1.64534,-0.42148,-0.28991,0.25274,1.0,568.1,0.128
1692129600,2023-08-15 16:00,2023-08-15,16.0,4438.11,2023-09-29,1696017600,45.0,0.93905,0.00025,1.86632,-0.93292,4.47553,0.26372,0.0,0.05,5 x 5,592.8,595.1,3875.0,8.7,8.9,199 x 129,8.64,-0.05149,0.0003,1.66333,-0.42359,-0.2939,0.25112,27.0,563.1,0.127
1692129600,2023-08-15 16:00,2023-08-15,16.0,4438.11,2023-09-29,1696017600,45.0,0.93805,0.00031,1.88559,-0.93616,4.47728,0.26278,,0.0,5 x 5,588.0,590.2,3880.0,8.8,9.0,136 x 112,9.2,-0.05184,0.00027,1.68236,-0.42641,-0.29839,0.25003,30.0,558.1,0.126
1692129600,2023-08-15 16:00,2023-08-15,16.0,4438.11,2023-09-29,1696017600,45.0,0.93784,0.00029,1.90979,-0.94088,4.47826,0.26171,,0.0,5 x 5,583.2,585.4,3885.0,8.9,9.2,266 x 141,12.8,-0.05314,0.00023,1.70604,-0.43122,-0.30305,0.24862,30.0,553.1,0.125
1692129600,2023-08-15 16:00,2023-08-15,16.0,4438.11,2023-09-29,1696017600,45.0,0.93748,0.00027,1.9207,-0.94081,4.48147,0.25998,,0.0,5 x 5,578.1,580.6,3890.0,9.1,9.3,167 x 109,8.5,-0.05371,0.00032,1.73001,-0.43481,-0.30845,0.24804,29.0,548.1,0.123
1692129600,2023-08-15 16:00,2023-08-15,16.0,4438.11,2023-09-29,1696017600,45.0,0.93611,0.00033,1.95329,-0.94927,4.48024,0.25885,38.0,378.99,5 x 5,573.5,575.8,3895.0,9.2,9.5,169 x 244,11.17,-0.05479,0.0003,1.75362,-0.43914,-0.31385,0.24688,1.0,543.1,0.122
1692129600,2023-08-15 16:00,2023-08-15,16.0,4438.11,2023-09-29,1696017600,45.0,0.9349,0.00033,1.97751,-0.95387,4.48036,0.25771,0.0,512.32,5 x 5,569.0,570.7,3900.0,9.4,9.6,200 x 143,7.8,-0.05633,0.00028,1.77833,-0.44328,-0.32001,0.2456,246.0,538.1,0.121
1692129600,2023-08-15 16:00,2023-08-15,16.0,4438.11,2023-09-29,1696017600,45.0,0.92801,0.00035,2.13317,-1.01093,4.44687,0.2644,,0.0,5 x 5,565.4,568.0,3905.0,9.7,9.9,94 x 77,9.2,-0.05712,0.00034,1.81635,-0.45205,-0.32805,0.24591,5.0,533.1,0.12
1692129600,2023-08-15 16:00,2023-08-15,16.0,4438.11,2023-09-29,1696017600,45.0,0.93245,0.00028,2.02162,-0.96176,4.48194,0.25557,0.0,385.16,5 x 5,559.1,561.3,3910.0,9.7,9.9,137 x 77,8.8,-0.0574,0.0003,1.82637,-0.45049,-0.33062,0.24346,1.0,528.1,0.119
1692129600,2023-08-15 16:00,2023-08-15,16.0,4438.11,2023-09-29,1696017600,45.0,0.93221,0.00028,2.0459,-0.96572,4.48205,0.25387,0.0,363.97,5 x 5,554.3,556.5,3915.0,9.8,10.1,230 x 134,10.1,-0.05871,0.00027,1.85033,-0.45449,-0.33559,0.24302,2.0,523.1,0.118
1692129600,2023-08-15 16:00,2023-08-15,16.0,4438.11,2023-09-29,1696017600,45.0,0.93117,0.00037,2.06247,-0.96753,4.48503,0.2527,20.0,507.89,5 x 5,549.3,551.7,3920.0,10.1,10.3,127 x 53,10.2,-0.06008,0.00029,1.88376,-0.4619,-0.34405,0.24231,30.0,518.1,0.117
1692129600,2023-08-15 16:00,2023-08-15,16.0,4438.11,2023-09-29,1696017600,45.0,0.92424,0.00037,2.22036,-1.02455,4.45001,0.25999,7.0,359.97,5 x 5,546.3,548.5,3925.0,10.2,10.4,153 x 122,7.8,-0.06133,0.00034,1.9038,-0.46346,-0.34881,0.24078,36.0,513.1,0.116
1692129600,2023-08-15 16:00,2023-08-15,16.0,4438.11,2023-09-29,1696017600,45.0,0.92899,0.00034,2.12016,-0.97895,4.48313,0.25083,0.0,513.24,5 x 5,539.9,542.1,3930.0,10.3,10.6,157 x 119,29.71,-0.06216,0.00035,1.92763,-0.46768,-0.35418,0.23976,0.0,508.1,0.114
1692129600,2023-08-15 16:00,2023-08-15,16.0,4438.11,2023-09-29,1696017600,45.0,0.92721,0.00038,2.14465,-0.98362,4.48235,0.24952,3.0,512.46,5 x 5,535.1,537.3,3935.0,10.5,10.8,135 x 226,13.0,-0.06278,0.00029,1.95738,-0.4727,-0.36121,0.23915,43.0,503.1,0.113
1692129600,2023-08-15 16:00,2023-08-15,16.0,4438.11,2023-09-29,1696017600,45.0,0.92706,0.00033,2.16153,-0.98441,4.48499,0.24849,0.0,335.84,5 x 5,530.1,532.5,3940.0,10.7,10.9,131 x 100,8.52,-0.0646,0.00035,1.98113,-0.47621,-0.36623,0.23802,3.0,498.1,0.112
1692129600,2023-08-15 16:00,2023-08-15,16.0,4438.11,2023-09-29,1696017600,45.0,0.92559,0.00038,2.19893,-0.99296,4.48223,0.24753,0.0,517.74,5 x 5,525.6,527.7,3945.0,10.8,11.1,248 x 102,14.49,-0.06535,0.00038,2.00585,-0.47973,-0.37269,0.2363,1.0,493.1,0.111
1692129600,2023-08-15 16:00,2023-08-15,16.0,4438.11,2023-09-29,1696017600,45.0,0.9244,0.00031,2.22735,-0.9989,4.48022,0.2467,0.0,0.05,5 x 5,521.0,522.8,3950.0,11.1,11.3,16 x 119,11.66,-0.06679,0.00033,2.03955,-0.48577,-0.3809,0.23627,29.0,488.1,0.11
1692129600,2023-08-15 16:00,2023-08-15,16.0,4438.11,2023-09-29,1696017600,45.0,0.92333,0.00035,2.24088,-0.99826,4.48398,0.24488,0.0,360.91,5 x 5,515.7,518.2,3955.0,11.2,11.5,175 x 130,10.79,-0.06788,0.00037,2.06446,-0.48946,-0.38604,0.23441,5.0,483.1,0.109
1692129600,2023-08-15 16:00,2023-08-15,16.0,4438.11,2023-09-29,1696017600,45.0,0.92107,0.00043,2.28069,-1.00806,4.47987,0.24423,0.0,333.91,5 x 5,511.3,513.4,3960.0,11.4,11.7,121 x 116,8.65,-0.06855,0.00036,2.09411,-0.494,-0.39315,0.23422,1.0,478.1,0.108
1692129600,2023-08-15 16:00,2023-08-15,16.0,4438.11,2023-09-29,1696017600,45.0,0.92056,0.00036,2.31003,-1.01318,4.47856,0.24348,,0.0,5 x 5,506.3,508.9,3965.0,11.6,11.9,122 x 116,79.54,-0.06987,0.00032,2.1237,-0.4984,-0.40069,0.23265,0.0,473.1,0.107
1692129600,2023-08-15 16:00,2023-08-15,16.0,4438.11,2023-09-29,1696017600,45.0,0.91376,0.00037,2.45649,-1.06403,4.44482,0.24877,0.0,537.48,5 x 5,503.2,505.7,3970.0,11.8,12.1,120 x 116,12.86,-0.07143,0.00034,2.15315,-0.50334,-0.40803,0.23189,1.0,468.1,0.105
1692129600,2023-08-15 16:00,2023-08-15,16.0,4438.11,2023-09-29,1696017600,45.0,0.91669,0.00042,2.38371,-1.02929,4.47125,0.2422,0.0,478.75,5 x 5,497.2,499.4,3975.0,12.0,12.3,211 x 91,11.47,-0.07312,0.00039,2.18242,-0.50795,-0.415,0.23136,10.0,463.1,0.104
1692129600,2023-08-15 16:00,2023-08-15,16.0,4438.11,2023-09-29,1696017600,45.0,0.91675,0.00039,2.39056,-1.02559,4.47577,0.23935,0.0,299.48,5 x 5,492.2,494.3,3980.0,12.4,12.7,87 x 133,9.67,-0.07461,0.00043,2.22917,-0.51808,-0.42625,0.23119,3.0,458.1,0.103
1692129600,2023-08-15 16:00,2023-08-15,16.0,4438.11,2023-09-29,1696017600,45.0,0.91553,0.0004,2.41194,-1.02741,4.47665,0.23773,1.0,632.17,5 x 5,487.2,489.6,3985.0,12.6,12.8,100 x 49,14.07,-0.07582,0.00042,2.25499,-0.5205,-0.4326,0.22932,1.0,453.1,0.102
1692129600,2023-08-15 16:00,2023-08-15,16.0,4438.11,2023-09-29,1696017600,45.0,0.91415,0.00044,2.44908,-1.03493,4.47249,0.23768,1.0,602.26,5 x 5,482.7,484.8,3990.0,12.7,13.1,64 x 49,13.64,-0.07684,0.00042,2.28415,-0.52533,-0.43996,0.22865,1.0,448.1,0.101
1692129600,2023-08-15 16:00,2023-08-15,16.0,4438.11,2023-09-29,1696017600,45.0,0.91232,0.00037,2.47546,-1.03756,4.47181,0.236,1.0,622.52,5 x 5,477.8,480.1,3995.0,12.9,13.2,96 x 150,12.35,-0.07813,0.00041,2.3093,-0.52713,-0.44657,0.22744,5.0,443.1,0.1
1692129600,2023-08-15 16:00,2023-08-15,16.0,4438.11,2023-09-29,1696017600,45.0,0.91041,0.00039,2.51563,-1.04706,4.467,0.23596,1.0,539.85,5 x 5,473.5,475.2,4000.0,13.3,13.6,85 x 130,12.18,-0.08093,0.0004,2.35589,-0.53719,-0.45801,0.22652,31.0,438.1,0.099
1692129600,2023-08-15 16:00,2023-08-15,16.0,4438.11,2023-09-29,1696017600,45.0,0.90896,0.00041,2.54693,-1.05122,4.4655,0.23416,1.0,443.57,5 x 5,468.3,470.9,4005.0,13.3,13.6,157 x 47,13.7,-0.08169,0.00039,2.36974,-0.53566,-0.46173,0.22521,26.0,433.1,0.098
1692129600,2023-08-15 16:00,2023-08-15,16.0,4438.11,2023-09-29,1696017600,45.0,0.90838,0.00041,2.5767,-1.05637,4.463,0.23314,0.0,456.47,5 x 5,463.8,465.9,4010.0,13.5,13.9,183 x 87,12.87,-0.08293,0.00048,2.40387,-0.54012,-0.47007,0.22371,1.0,428.1,0.096
1692129600,2023-08-15 16:00,2023-08-15,16.0,4438.11,2023-09-29,1696017600,45.0,0.9069,0.00047,2.60278,-1.05869,4.46266,0.23158,1.0,558.0,5 x 5,458.9,461.2,4015.0,13.9,14.3,46 x 46,12.9,-0.08475,0.0004,2.44968,-0.54965,-0.48267,0.2232,40.0,423.1,0.095
1692129600,2023-08-15 16:00,2023-08-15,16.0,4438.11,2023-09-29,1696017600,45.0,0.90463,0.00046,2.64385,-1.06674,4.45758,0.23073,0.0,269.1,5 x 5,454.4,456.5,4020.0,14.2,14.6,46 x 46,12.8,-0.08645,0.00049,2.48755,-0.55601,-0.49263,0.22274,1.0,418.1,0.094
1692129600,2023-08-15 16:00,2023-08-15,16.0,4438.11,2023-09-29,1696017600,45.0,0.90353,0.00048,2.67689,-1.07256,4.45395,0.2303,0.0,372.12,5 x 5,449.7,451.8,4025.0,14.5,14.8,81 x 46,13.64,-0.08827,0.00042,2.52168,-0.56085,-0.50168,0.22157,6.0,413.1,0.093
1692129600,2023-08-15 16:00,2023-08-15,16.0,4438.11,2023-09-29,1696017600,45.0,0.90201,0.00045,2.70774,-1.07608,4.45129,0.22906,1.0,590.46,5 x 5,444.7,447.3,4030.0,14.7,15.1,44 x 44,16.47,-0.08945,0.0005,2.5558,-0.56556,-0.50996,0.22099,4.0,408.1,0.092
1692129600,2023-08-15 16:00,2023-08-15,16.0,4438.11,2023-09-29,1696017600,45.0,0.90025,0.00051,2.74161,-1.08169,4.44825,0.22817,1.0,584.38,5 x 5,440.3,442.3,4035.0,14.8,15.2,149 x 161,12.1,-0.09083,0.00045,2.57808,-0.56634,-0.51656,0.21917,1.0,403.1,0.091
1692129600,2023-08-15 16:00,2023-08-15,16.0,4438.11,2023-09-29,1696017600,45.0,0.89846,0.00047,2.77135,-1.085,4.44613,0.2268,0.0,271.44,5 x 5,435.4,437.7,4040.0,15.2,15.6,44 x 44,16.98,-0.09354,0.00053,2.62427,-0.57398,-0.52868,0.21858,4.0,398.1,0.09
1692129600,2023-08-15 16:00,2023-08-15,16.0,4438.11,2023-09-29,1696017600,45.0,0.89618,0.00048,2.81181,-1.09233,4.44076,0.22544,0.0,361.19,5 x 5,430.7,433.2,4045.0,15.4,15.7,88 x 44,18.2,-0.09418,0.00048,2.65144,-0.57633,-0.53526,0.21745,1.0,393.1,0.089
1692129600,2023-08-15 16:00,2023-08-15,16.0,4438.11,2023-09-29,1696017600,45.0,0.89431,0.00046,2.85119,-1.09975,4.43523,0.22461,0.0,267.2,5 x 5,426.3,428.4,4050.0,15.8,16.2,43 x 43,16.7,-0.09658,0.00051,2.69981,-0.58543,-0.54906,0.21674,44.0,388.1,0.087
1692129600,2023-08-15 16:00,2023-08-15,16.0,4438.11,2023-09-29,1696017600,45.0,0.89275,0.00057,2.88237,-1.10261,4.43208,0.22352,0.0,283.31,5 x 5,421.6,423.6,4055.0,15.9,16.3,170 x 43,16.98,-0.09823,0.00054,2.72319,-0.58526,-0.55561,0.21539,1.0,383.1,0.086
1692129600,2023-08-15 16:00,2023-08-15,16.0,4438.11,2023-09-29,1696017600,45.0,0.89118,0.00052,2.91008,-1.10448,4.43077,0.2224,2.0,255.17,5 x 5,416.7,418.9,4060.0,16.4,16.8,118 x 43,15.31,-0.10032,0.00047,2.77649,-0.59631,-0.56989,0.21476,1.0,378.1,0.085
1692129600,2023-08-15 16:00,2023-08-15,16.0,4438.11,2023-09-29,1696017600,45.0,0.88417,0.00054,3.05482,-1.15297,4.39249,0.22707,1.0,283.01,5 x 5,413.8,416.0,4065.0,16.5,16.9,197 x 43,12.8,-0.10147,0.00057,2.8004,-0.59531,-0.5763,0.21315,2.0,373.1,0.084
1692129600,2023-08-15 16:00,2023-08-15,16.0,4438.11,2023-09-29,1696017600,45.0,0.8877,0.00058,2.99121,-1.11856,4.41932,0.22052,4.0,285.27,5 x 5,407.3,409.9,4070.0,16.8,17.2,181 x 42,13.89,-0.10349,0.00052,2.83836,-0.60079,-0.58706,0.21206,3.0,368.1,0.083
1692129600,2023-08-15 16:00,2023-08-15,16.0,4438.11,2023-09-29,1696017600,45.0,0.88588,0.0006,3.02195,-1.12142,4.41596,0.21856,13.0,291.4,5 x 5,402.7,405.0,4075.0,17.4,17.7,42 x 42,16.45,-0.10646,0.00052,2.89361,-0.61188,-0.60304,0.21168,6.0,363.1,0.082
1692129600,2023-08-15 16:00,2023-08-15,16.0,4438.11,2023-09-29,1696017600,45.0,0.88349,0.00061,3.06865,-1.12953,4.40723,0.21803,0.0,225.79,5 x 5,398.1,400.6,4080.0,17.5,17.9,123 x 139,14.08,-0.10803,0.00056,2.92163,-0.61271,-0.61112,0.21094,1.0,358.1,0.081
1692129600,2023-08-15 16:00,2023-08-15,16.0,4438.11,2023-09-29,1696017600,45.0,0.88155,0.00061,3.10638,-1.13471,4.40258,0.21763,0.0,300.71,5 x 5,393.4,396.0,4085.0,18.0,18.5,40 x 109,16.56,-0.11079,0.00055,2.97537,-0.62288,-0.62659,0.21023,1.0,353.1,0.08
1692129600,2023-08-15 16:00,2023-08-15,16.0,4438.11,2023-09-29,1696017600,45.0,0.87386,0.00061,3.23897,-1.17698,4.36579,0.22111,1.0,426.94,5 x 5,390.6,392.8,4090.0,18.2,18.6,49 x 150,14.56,-0.11234,0.00053,3.00307,-0.62269,-0.63409,0.20918,2.0,348.1,0.078
1692129600,2023-08-15 16:00,2023-08-15,16.0,4438.11,2023-09-29,1696017600,45.0,0.87179,0.00055,3.27833,-1.18269,4.3593,0.22044,3.0,270.56,5 x 5,386.0,388.2,4095.0,18.7,19.2,39 x 107,14.35,-0.11517,0.00063,3.05802,-0.63353,-0.65043,0.20813,2.0,343.1,0.077
1692129600,2023-08-15 16:00,2023-08-15,16.0,4438.11,2023-09-29,1696017600,45.0,0.87339,0.00061,3.25075,-1.16114,4.37581,0.21568,1.0,465.56,5 x 5,380.3,382.3,4100.0,18.9,19.3,72 x 184,17.29,-0.1165,0.00063,3.08636,-0.63302,-0.65826,0.20712,22.0,338.1,0.076
1692129600,2023-08-15 16:00,2023-08-15,16.0,4438.11,2023-09-29,1696017600,45.0,0.87231,0.0006,3.2683,-1.15727,4.37642,0.21323,2.0,370.24,5 x 5,375.3,377.3,4105.0,19.2,19.7,129 x 147,15.67,-0.11876,0.00061,3.12862,-0.63851,-0.67137,0.20612,18.0,333.1,0.075
1692129600,2023-08-15 16:00,2023-08-15,16.0,4438.11,2023-09-29,1696017600,45.0,0.87025,0.00065,3.30906,-1.16188,4.36948,0.21246,2.0,493.08,5 x 5,370.7,372.7,4110.0,19.8,20.2,37 x 37,18.21,-0.12212,0.00066,3.18228,-0.64738,-0.68769,0.20494,1.0,328.1,0.074
1692129600,2023-08-15 16:00,2023-08-15,16.0,4438.11,2023-09-29,1696017600,45.0,0.86784,0.00065,3.34317,-1.16554,4.36422,0.21128,0.0,367.14,5 x 5,365.9,368.1,4115.0,20.2,20.6,37 x 37,14.91,-0.1245,0.00069,3.22679,-0.65329,-0.70096,0.20476,1.0,323.1,0.073
1692129600,2023-08-15 16:00,2023-08-15,16.0,4438.11,2023-09-29,1696017600,45.0,0.86503,0.00064,3.38885,-1.17183,4.35586,0.21007,0.0,291.26,5 x 5,361.5,363.5,4120.0,20.4,20.8,44 x 102,17.5,-0.12587,0.00064,3.25918,-0.65457,-0.71031,0.20325,2.0,318.1,0.072
1692129600,2023-08-15 16:00,2023-08-15,16.0,4438.11,2023-09-29,1696017600,45.0,0.86299,0.0007,3.43517,-1.17886,4.3463,0.20955,11.0,433.12,5 x 5,357.0,359.0,4125.0,21.0,21.5,36 x 36,21.3,-0.12929,0.00062,3.31845,-0.66487,-0.72907,0.20249,264.0,313.1,0.071
1692129600,2023-08-15 16:00,2023-08-15,16.0,4438.11,2023-09-29,1696017600,45.0,0.8606,0.0007,3.47611,-1.18278,4.33913,0.20789,1.0,426.97,5 x 5,352.4,354.4,4130.0,21.2,21.6,105 x 97,20.0,-0.13079,0.00069,3.34777,-0.665,-0.73844,0.20119,2.0,308.1,0.069
1692129600,2023-08-15 16:00,2023-08-15,16.0,4438.11,2023-09-29,1696017600,45.0,0.85725,0.00073,3.52174,-1.18975,4.32925,0.2076,7.0,424.42,5 x 5,347.9,349.9,4135.0,21.9,22.3,94 x 36,21.5,-0.13458,0.0007,3.4103,-0.67625,-0.75803,0.2009,1.0,303.1,0.068
1692129600,2023-08-15 16:00,2023-08-15,16.0,4438.11,2023-09-29,1696017600,45.0,0.85518,0.00073,3.56202,-1.19406,4.32224,0.20596,1.0,408.65,5 x 5,343.3,345.3,4140.0,22.0,22.4,128 x 58,19.91,-0.13592,0.00071,3.43695,-0.67454,-0.7655,0.19857,20.0,298.1,0.067
1692129600,2023-08-15 16:00,2023-08-15,16.0,4438.11,2023-09-29,1696017600,45.0,0.85296,0.00075,3.60803,-1.19924,4.31278,0.2048,1.0,465.7,5 x 5,338.6,341.0,4145.0,22.5,22.9,41 x 93,20.53,-0.13876,0.00068,3.48758,-0.6803,-0.78182,0.19817,29.0,293.1,0.066
1692129600,2023-08-15 16:00,2023-08-15,16.0,4438.11,2023-09-29,1696017600,45.0,0.84877,0.00069,3.66094,-1.20853,4.2998,0.20405,12.0,403.37,5 x 5,334.4,336.5,4150.0,23.0,23.3,25 x 59,21.0,-0.14147,0.00072,3.53395,-0.68596,-0.79689,0.19751,40.0,288.1,0.065
1692129600,2023-08-15 16:00,2023-08-15,16.0,4438.11,2023-09-29,1696017600,45.0,0.84678,0.00077,3.69869,-1.21036,4.29226,0.20276,0.0,244.8,5 x 5,329.8,331.8,4155.0,23.4,23.8,39 x 88,20.6,-0.14514,0.00074,3.5814,-0.69117,-0.8123,0.19663,1.0,283.1,0.064
1692129600,2023-08-15 16:00,2023-08-15,16.0,4438.11,2023-09-29,1696017600,45.0,0.84415,0.00079,3.74402,-1.2158,4.28297,0.20154,40.0,331.84,5 x 5,325.1,327.5,4160.0,23.9,24.3,27 x 114,25.22,-0.14778,0.00076,3.63104,-0.69705,-0.82845,0.19508,10.0,278.1,0.063
1692129600,2023-08-15 16:00,2023-08-15,16.0,4438.11,2023-09-29,1696017600,45.0,0.84119,0.00072,3.78927,-1.22044,4.27282,0.2007,1.0,387.55,5 x 5,320.8,322.8,4165.0,24.6,25.1,32 x 32,25.45,-0.15132,0.00075,3.69328,-0.70814,-0.84984,0.1949,1.0,273.1,0.062
1692129600,2023-08-15 16:00,2023-08-15,16.0,4438.11,2023-09-29,1696017600,45.0,0.83352,0.0008,3.90246,-1.25539,4.23531,0.20389,1.0,378.51,5 x 5,317.8,319.9,4170.0,25.1,25.6,32 x 32,19.47,-0.15494,0.0008,3.74203,-0.71334,-0.86675,0.19419,3.0,268.1,0.06
1692129600,2023-08-15 16:00,2023-08-15,16.0,4438.11,2023-09-29,1696017600,45.0,0.83489,0.00075,3.88157,-1.23076,4.25106,0.1992,6.0,431.71,6 x 6,311.9,313.8,4175.0,25.6,26.1,32 x 83,24.02,-0.15751,0.00078,3.7911,-0.71775,-0.88275,0.19324,2.0,263.1,0.059
1692129600,2023-08-15 16:00,2023-08-15,16.0,4438.11,2023-09-29,1696017600,45.0,0.83188,0.00082,3.9355,-1.2384,4.23671,0.19848,1.0,426.91,6 x 6,307.5,309.6,4180.0,26.1,26.6,79 x 79,27.27,-0.16109,0.00077,3.83909,-0.72223,-0.89988,0.19222,14.0,258.1,0.058
1692129600,2023-08-15 16:00,2023-08-15,16.0,4438.11,2023-09-29,1696017600,45.0,0.82895,0.00083,3.97611,-1.24012,4.22717,0.19689,20.0,328.41,6 x 6,303.0,304.9,4185.0,26.7,27.2,30 x 80,25.4,-0.1638,0.00085,3.89162,-0.72875,-0.91856,0.19107,3.0,253.1,0.057
1692129600,2023-08-15 16:00,2023-08-15,16.0,4438.11,2023-09-29,1696017600,45.0,0.82612,0.00083,4.025,-1.24648,4.21445,0.19618,1.0,433.57,6 x 6,298.6,300.5,4190.0,26.9,27.3,57 x 30,26.2,-0.16631,0.00088,3.92549,-0.72612,-0.92924,0.18934,2.0,248.1,0.056
1692129600,2023-08-15 16:00,2023-08-15,16.0,4438.11,2023-09-29,1696017600,45.0,0.82146,0.00086,4.08611,-1.25694,4.19687,0.19546,3.0,412.93,6 x 6,294.2,296.7,4195.0,27.4,27.9,36 x 80,24.95,-0.16979,0.00087,3.97501,-0.73098,-0.94732,0.18872,10.0,243.1,0.055
1692129600,2023-08-15 16:00,2023-08-15,16.0,4438.11,2023-09-29,1696017600,45.0,0.8197,0.00088,4.11865,-1.25438,4.18965,0.194,1.0,311.02,6 x 6,289.8,291.5,4200.0,28.1,28.4,22 x 49,25.8,-0.17355,0.00089,4.0272,-0.73601,-0.96635,0.18771,26.0,238.1,0.054
1692129600,2023-08-15 16:00,2023-08-15,16.0,4438.11,2023-09-29,1696017600,45.0,0.816,0.0009,4.17301,-1.262,4.17404,0.19325,1.0,425.57,6 x 6,285.2,287.6,4205.0,28.9,29.4,29 x 75,25.1,-0.1777,0.00085,4.0928,-0.7472,-0.99077,0.18727,1.0,233.1,0.053
1692129600,2023-08-15 16:00,2023-08-15,16.0,4438.11,2023-09-29,1696017600,45.0,0.81277,0.00084,4.21795,-1.26467,4.16181,0.19163,8.0,399.13,6 x 6,280.9,282.9,4210.0,29.5,30.0,29 x 74,31.08,-0.18116,0.00086,4.14439,-0.75205,-1.00988,0.18642,2.0,228.1,0.051
1692129600,2023-08-15 16:00,2023-08-15,16.0,4438.11,2023-09-29,1696017600,45.0,0.80787,0.00093,4.27637,-1.27303,4.14319,0.1908,1.0,342.2,6 x 6,276.5,279.1,4215.0,30.1,30.6,71 x 71,31.52,-0.18516,0.0009,4.19577,-0.75623,-1.0288,0.18537,1.0,223.1,0.05
1692129600,2023-08-15 16:00,2023-08-15,16.0,4438.11,2023-09-29,1696017600,45.0,0.80461,0.00095,4.32286,-1.27622,4.13066,0.18973,5.0,312.35,6 x 6,272.2,274.5,4220.0,30.4,30.8,33 x 72,32.12,-0.18739,0.00093,4.23342,-0.75395,-1.04257,0.18405,2.0,218.1,0.049
1692129600,2023-08-15 16:00,2023-08-15,16.0,4438.11,2023-09-29,1696017600,45.0,0.79999,0.00092,4.38221,-1.28541,4.11084,0.18978,3.0,386.78,6 x 6,268.2,270.4,4225.0,31.1,31.4,21 x 28,30.8,-0.19126,0.00093,4.28652,-0.75917,-1.06311,0.18293,12.0,213.1,0.048
1692129600,2023-08-15 16:00,2023-08-15,16.0,4438.11,2023-09-29,1696017600,45.0,0.79675,0.00097,4.42954,-1.28808,4.09619,0.18841,1.0,374.26,6 x 6,263.7,266.1,4230.0,32.0,32.5,68 x 68,32.12,-0.19637,0.00094,4.35326,-0.76942,-1.09015,0.18333,1.0,208.1,0.047
1692129600,2023-08-15 16:00,2023-08-15,16.0,4438.11,2023-09-29,1696017600,45.0,0.79292,0.00095,4.47181,-1.28873,4.08364,0.18724,33.0,396.12,6 x 6,259.4,261.3,4235.0,32.7,33.2,26 x 67,25.12,-0.20086,0.00098,4.40687,-0.77346,-1.11131,0.18222,1.0,203.1,0.046
1692129600,2023-08-15 16:00,2023-08-15,16.0,4438.11,2023-09-29,1696017600,45.0,0.7894,0.00097,4.52068,-1.29178,4.06861,0.1856,1.0,372.18,6 x 6,255.1,256.9,4240.0,33.3,33.9,26 x 26,30.43,-0.20432,0.00098,4.45944,-0.7777,-1.13206,0.18111,1.0,198.1,0.045
1692129600,2023-08-15 16:00,2023-08-15,16.0,4438.11,2023-09-29,1696017600,45.0,0.78561,0.00096,4.57031,-1.29509,4.05121,0.18459,1.0,373.69,6 x 6,250.7,252.7,4245.0,34.0,34.5,25 x 25,32.7,-0.20835,0.00106,4.51085,-0.78086,-1.15352,0.18036,10.0,193.1,0.044
1692129600,2023-08-15 16:00,2023-08-15,16.0,4438.11,2023-09-29,1696017600,45.0,0.78141,0.00105,4.62036,-1.29883,4.03436,0.18388,5.0,262.32,6 x 6,246.6,248.2,4250.0,34.7,35.3,25 x 25,33.15,-0.21325,0.00105,4.56476,-0.78546,-1.1763,0.17906,59.0,188.1,0.042
1692129600,2023-08-15 16:00,2023-08-15,16.0,4438.11,2023-09-29,1696017600,45.0,0.77795,0.00107,4.66935,-1.30144,4.01702,0.18304,4.0,357.88,6 x 6,242.1,244.1,4255.0,34.6,36.0,15 x 39,32.88,-0.21606,0.0011,4.60542,-0.78225,-1.19181,0.17719,2.0,183.1,0.041
1692129600,2023-08-15 16:00,2023-08-15,16.0,4438.11,2023-09-29,1696017600,45.0,0.76956,0.00101,4.76149,-1.32726,3.9771,0.18457,2.0,366.66,6 x 6,239.3,241.4,4260.0,35.8,36.2,19 x 57,36.27,-0.22105,0.00112,4.65763,-0.78454,-1.21449,0.17589,23.0,178.1,0.04
1692129600,2023-08-15 16:00,2023-08-15,16.0,4438.11,2023-09-29,1696017600,45.0,0.76814,0.0011,4.77642,-1.31068,3.97725,0.18057,1.0,272.76,6 x 6,234.0,235.7,4265.0,36.9,37.5,37 x 37,34.13,-0.22641,0.00115,4.72474,-0.79487,-1.2441,0.17665,3.0,173.1,0.039
1692129600,2023-08-15 16:00,2023-08-15,16.0,4438.11,2023-09-29,1696017600,45.0,0.7632,0.00109,4.83428,-1.31815,3.95346,0.18041,5.0,360.13,6 x 6,229.8,232.0,4270.0,36.9,39.6,15 x 15,34.76,-0.23206,0.00111,4.78578,-0.80219,-1.27202,0.17565,4.0,168.1,0.038
1692129600,2023-08-15 16:00,2023-08-15,16.0,4438.11,2023-09-29,1696017600,45.0,0.75938,0.00108,4.87812,-1.3168,3.93788,0.17938,2.0,245.54,6 x 6,225.7,227.2,4275.0,37.6,40.4,15 x 15,36.3,-0.23589,0.00116,4.83728,-0.8045,-1.29499,0.17508,21.0,163.1,0.037
1692129600,2023-08-15 16:00,2023-08-15,16.0,4438.11,2023-09-29,1696017600,45.0,0.75399,0.0011,4.93764,-1.32528,3.91208,0.17824,2.0,336.38,6 x 6,221.5,223.8,4280.0,39.3,39.9,35 x 35,40.99,-0.24098,0.00121,4.88517,-0.80424,-1.31627,0.17291,1.0,158.1,0.036
1692129600,2023-08-15 16:00,2023-08-15,16.0,4438.11,2023-09-29,1696017600,45.0,0.75014,0.00118,4.97967,-1.3227,3.89581,0.17672,4.0,331.56,6 x 6,217.3,219.0,4285.0,39.3,40.8,15 x 35,37.17,-0.24463,0.00115,4.92938,-0.80191,-1.33573,0.17133,4.0,153.1,0.035
1692129600,2023-08-15 16:00,2023-08-15,16.0,4438.11,2023-09-29,1696017600,45.0,0.74509,0.00113,5.03344,-1.32628,3.8729,0.17623,5.0,341.98,6 x 11,213.2,215.1,4290.0,40.6,41.0,37 x 17,42.61,-0.24968,0.00122,4.98022,-0.80338,-1.36044,0.17052,20.0,148.1,0.033
1692129600,2023-08-15 16:00,2023-08-15,16.0,4438.11,2023-09-29,1696017600,45.0,0.7397,0.00122,5.08221,-1.32806,3.85122,0.17474,3.0,323.39,6 x 6,209.1,210.8,4295.0,41.4,41.9,28 x 16,39.58,-0.25412,0.00125,5.03295,-0.80494,-1.38531,0.16919,3.0,143.1,0.032
1692129600,2023-08-15 16:00,2023-08-15,16.0,4438.11,2023-09-29,1696017600,45.0,0.73536,0.00124,5.13355,-1.33097,3.82796,0.17422,2.0,213.2,21 x 22,205.5,206.4,4300.0,42.5,42.7,17 x 16,42.9,-0.25945,0.00122,5.08794,-0.80837,-1.41238,0.16845,32.0,138.1,0.031
1692129600,2023-08-15 16:00,2023-08-15,16.0,4438.11,2023-09-29,1696017600,45.0,0.72977,0.00126,5.18156,-1.33106,3.80622,0.17265,3.0,233.29,6 x 12,200.8,202.7,4305.0,43.2,43.6,16 x 16,39.3,-0.26498,0.00129,5.13817,-0.80839,-1.4374,0.16752,2.0,133.1,0.03
1692129600,2023-08-15 16:00,2023-08-15,16.0,4438.11,2023-09-29,1696017600,45.0,0.72442,0.00119,5.23131,-1.33233,3.78212,0.17198,4.0,229.21,6 x 6,196.8,198.6,4310.0,44.2,44.7,15 x 47,42.55,-0.27129,0.00126,5.19313,-0.81164,-1.46531,0.16662,4.0,128.1,0.029
1692129600,2023-08-15 16:00,2023-08-15,16.0,4438.11,2023-09-29,1696017600,45.0,0.71858,0.00125,5.28666,-1.33819,3.75308,0.17179,1.0,258.45,6 x 12,193.0,195.0,4315.0,45.1,45.5,15 x 15,40.66,-0.27625,0.00127,5.24316,-0.81212,-1.49154,0.16542,25.0,123.1,0.028
1692129600,2023-08-15 16:00,2023-08-15,16.0,4438.11,2023-09-29,1696017600,45.0,0.71327,0.00122,5.33394,-1.33727,3.72964,0.17044,1.0,231.57,7 x 12,189.0,190.8,4320.0,46.1,46.5,15 x 15,42.18,-0.28225,0.00132,5.29568,-0.81412,-1.51923,0.16484,3.0,118.1,0.027
1692129600,2023-08-15 16:00,2023-08-15,16.0,4438.11,2023-09-29,1696017600,45.0,0.70821,0.00129,5.38065,-1.33707,3.70445,0.16908,4.0,296.68,7 x 7,185.0,186.7,4325.0,47.1,47.5,20 x 14,44.33,-0.28752,0.00136,5.3462,-0.81494,-1.54722,0.16374,2.0,113.1,0.025
1692129600,2023-08-15 16:00,2023-08-15,16.0,4438.11,2023-09-29,1696017600,45.0,0.70281,0.00131,5.42876,-1.33812,3.67798,0.16751,1.0,186.49,7 x 7,181.1,182.7,4330.0,48.1,48.6,14 x 44,46.9,-0.29403,0.00137,5.39754,-0.81561,-1.57587,0.16303,2.0,108.1,0.024
1692129600,2023-08-15 16:00,2023-08-15,16.0,4438.11,2023-09-29,1696017600,45.0,0.69668,0.00128,5.47634,-1.33822,3.65066,0.16731,1.0,308.0,7 x 19,177.2,178.8,4335.0,49.1,49.6,14 x 14,38.15,-0.3002,0.00136,5.44661,-0.81609,-1.60438,0.16186,4.0,103.1,0.023
1692129600,2023-08-15 16:00,2023-08-15,16.0,4438.11,2023-09-29,1696017600,45.0,0.69104,0.00139,5.52289,-1.33841,3.62327,0.16569,1.0,213.78,7 x 7,173.3,174.9,4340.0,50.2,50.7,13 x 42,46.4,-0.30639,0.00143,5.49628,-0.81618,-1.63321,0.16087,1.0,98.1,0.022
1692129600,2023-08-15 16:00,2023-08-15,16.0,4438.11,2023-09-29,1696017600,45.0,0.68467,0.00138,5.56992,-1.33872,3.59476,0.16539,9.0,228.24,7 x 7,169.4,171.0,4345.0,51.3,51.8,13 x 41,47.4,-0.31191,0.00144,5.54436,-0.81616,-1.6622,0.15951,8.0,93.1,0.021
1692129600,2023-08-15 16:00,2023-08-15,16.0,4438.11,2023-09-29,1696017600,45.0,0.67935,0.00139,5.61383,-1.33725,3.56575,0.1639,2.0,173.24,7 x 20,165.8,166.8,4350.0,52.6,53.0,20 x 28,54.97,-0.3192,0.00145,5.59352,-0.81696,-1.69387,0.15914,22.0,88.1,0.02
1692129600,2023-08-15 16:00,2023-08-15,16.0,4438.11,2023-09-29,1696017600,45.0,0.67239,0.00137,5.65881,-1.33547,3.53602,0.1628,1.0,252.81,7 x 7,161.6,163.3,4355.0,53.5,54.0,12 x 12,49.4,-0.32585,0.00152,5.63823,-0.81456,-1.72123,0.15728,9.0,83.1,0.019
1692129600,2023-08-15 16:00,2023-08-15,16.0,4438.11,2023-09-29,1696017600,45.0,0.66659,0.00146,5.70269,-1.33537,3.50522,0.16156,4.0,197.13,7 x 20,158.2,159.2,4360.0,54.7,55.2,12 x 12,50.03,-0.33234,0.00155,5.68408,-0.81354,-1.75132,0.15661,4.0,78.1,0.018
1692129600,2023-08-15 16:00,2023-08-15,16.0,4438.11,2023-09-29,1696017600,45.0,0.65965,0.00142,5.74364,-1.33107,3.47658,0.16088,1.0,211.57,4 x 4,154.4,155.0,4365.0,55.9,56.4,12 x 12,43.9,-0.33939,0.00154,5.72827,-0.81212,-1.78209,0.15537,4.0,73.1,0.016
1692129600,2023-08-15 16:00,2023-08-15,16.0,4438.11,2023-09-29,1696017600,45.0,0.65357,0.00143,5.7863,-1.33086,3.4436,0.15972,1.0,229.54,4 x 4,150.8,151.3,4370.0,57.2,57.5,16 x 12,59.91,-0.3456,0.00157,5.77058,-0.81003,-1.81277,0.15487,7.0,68.1,0.015
1692129600,2023-08-15 16:00,2023-08-15,16.0,4438.11,2023-09-29,1696017600,45.0,0.64674,0.00154,5.82701,-1.3274,3.41093,0.15885,2.0,168.21,4 x 4,147.0,147.6,4375.0,58.3,58.8,21 x 11,44.04,-0.35305,0.00153,5.81215,-0.80751,-1.84251,0.15344,2.0,63.1,0.014
1692129600,2023-08-15 16:00,2023-08-15,16.0,4438.11,2023-09-29,1696017600,45.0,0.63934,0.00149,5.86662,-1.32587,3.37667,0.15752,5.0,139.28,5 x 5,143.4,143.9,4380.0,59.6,60.1,11 x 11,46.28,-0.36022,0.00162,5.85307,-0.80494,-1.87429,0.15217,1.0,58.1,0.013
1692129600,2023-08-15 16:00,2023-08-15,16.0,4438.11,2023-09-29,1696017600,45.0,0.63276,0.00151,5.9051,-1.32325,3.34281,0.156,1.0,197.37,5 x 5,139.7,140.3,4385.0,60.9,61.4,20 x 11,62.35,-0.36814,0.00164,5.89163,-0.801,-1.90502,0.15135,13.0,53.1,0.012
1692129600,2023-08-15 16:00,2023-08-15,16.0,4438.11,2023-09-29,1696017600,45.0,0.6253,0.00159,5.94241,-1.31973,3.30785,0.15604,25.0,211.51,5 x 5,136.1,136.7,4390.0,62.3,62.8,20 x 11,65.43,-0.37573,0.0017,5.92867,-0.79809,-1.93638,0.15024,11.0,48.1,0.011
1692129600,2023-08-15 16:00,2023-08-15,16.0,4438.11,2023-09-29,1696017600,45.0,0.6187,0.00155,5.97765,-1.31575,3.27229,0.15413,1.0,141.86,5 x 5,132.5,133.1,4395.0,63.7,64.2,10 x 10,65.15,-0.38327,0.0017,5.96479,-0.79535,-1.96793,0.14978,12.0,43.1,0.01
1692129600,2023-08-15 16:00,2023-08-15,16.0,4438.11,2023-09-29,1696017600,45.0,0.61077,0.00159,6.01163,-1.31171,3.23549,0.15395,58.0,127.78,6 x 6,129.0,129.5,4400.0,65.3,65.6,14 x 10,62.1,-0.39128,0.00173,5.99831,-0.79145,-2.00007,0.14898,21.0,38.1,0.009
1692129600,2023-08-15 16:00,2023-08-15,16.0,4438.11,2023-09-29,1696017600,45.0,0.60326,0.0016,6.04371,-1.30799,3.19783,0.15317,1.0,198.36,6 x 6,125.5,126.1,4405.0,66.6,67.0,10 x 10,61.6,-0.39895,0.00178,6.02888,-0.78642,-2.03127,0.14748,4.0,33.1,0.007
1692129600,2023-08-15 16:00,2023-08-15,16.0,4438.11,2023-09-29,1696017600,45.0,0.59633,0.00158,6.07379,-1.30231,3.15996,0.15152,4.0,160.5,32 x 6,122.0,122.5,4410.0,68.0,68.5,10 x 10,65.38,-0.40729,0.00179,6.05879,-0.78117,-2.06219,0.14632,21.0,28.1,0.006
1692129600,2023-08-15 16:00,2023-08-15,16.0,4438.11,2023-09-29,1696017600,45.0,0.58782,0.00162,6.10183,-1.29841,3.12064,0.15045,4.0,177.14,19 x 6,118.6,119.2,4415.0,69.6,70.1,8 x 8,51.2,-0.41638,0.00178,6.08585,-0.77599,-2.09321,0.14553,1.0,23.1,0.005
1692129600,2023-08-15 16:00,2023-08-15,16.0,4438.11,2023-09-29,1696017600,45.0,0.58049,0.00164,6.12839,-1.29145,3.08204,0.14998,4.0,149.22,33 x 6,115.2,115.7,4420.0,71.1,71.6,17 x 8,57.7,-0.42497,0.00178,6.10976,-0.77011,-2.12465,0.14409,23.0,18.1,0.004
1692129600,2023-08-15 16:00,2023-08-15,16.0,4438.11,2023-09-29,1696017600,45.0,0.57256,0.00167,6.1524,-1.28583,3.04186,0.14889,1.0,128.67,26 x 7,111.9,112.3,4425.0,72.7,73.2,8 x 8,67.21,-0.43347,0.00188,6.131,-0.76313,-2.1552,0.14289,5.0,13.1,0.003
1692129600,2023-08-15 16:00,2023-08-15,16.0,4438.11,2023-09-29,1696017600,45.0,0.56444,0.00172,6.17472,-1.27924,3.0004,0.14794,1.0,131.64,26 x 7,108.5,109.1,4430.0,74.4,74.9,8 x 8,68.69,-0.44277,0.00187,6.1502,-0.75709,-2.18637,0.14263,17.0,8.1,0.002
1692129600,2023-08-15 16:00,2023-08-15,16.0,4438.11,2023-09-29,1696017600,45.0,0.55582,0.00175,6.19448,-1.27188,2.95893,0.14641,3.0,141.34,27 x 7,105.3,105.7,4435.0,76.1,76.5,8 x 8,53.23,-0.45184,0.00189,6.16605,-0.74969,-2.21576,0.14162,10.0,3.1,0.001
1692129600,2023-08-15 16:00,2023-08-15,16.0,4438.11,2023-09-29,1696017600,45.0,0.54744,0.00172,6.21139,-1.26452,2.91647,0.14535,19.0,118.9,16 x 7,102.0,102.5,4440.0,77.7,78.4,16 x 28,65.3,-0.46105,0.00187,6.17836,-0.742,-2.24561,0.13991,80.0,1.9,0.0
1692129600,2023-08-15 16:00,2023-08-15,16.0,4438.11,2023-09-29,1696017600,45.0,0.53922,0.0017,6.22595,-1.25533,2.87263,0.14497,20.0,105.3,27 x 7,98.8,99.3,4445.0,79.5,80.1,8 x 8,82.1,-0.46989,0.0019,6.1881,-0.73353,-2.27474,0.13933,24.0,6.9,0.002
1692129600,2023-08-15 16:00,2023-08-15,16.0,4438.11,2023-09-29,1696017600,45.0,0.53016,0.00177,6.23822,-1.2472,2.8287,0.14408,52.0,92.7,7 x 7,95.7,96.2,4450.0,81.5,81.8,13 x 7,84.77,-0.48009,0.002,6.19356,-0.72381,-2.30278,0.13855,9.0,11.9,0.003
1692129600,2023-08-15 16:00,2023-08-15,16.0,4438.11,2023-09-29,1696017600,45.0,0.52152,0.00178,6.24788,-1.23893,2.78451,0.14297,4.0,104.13,7 x 7,92.5,93.2,4455.0,83.2,83.7,7 x 7,68.3,-0.49015,0.00201,6.1945,-0.71452,-2.32944,0.13651,1.0,16.9,0.004
1692129600,2023-08-15 16:00,2023-08-15,16.0,4438.11,2023-09-29,1696017600,45.0,0.51224,0.00181,6.25342,-1.22844,2.73866,0.14225,41.0,109.76,16 x 7,89.5,90.0,4460.0,85.2,85.7,22 x 7,88.93,-0.49953,0.00205,6.19261,-0.70546,-2.35733,0.13618,13.0,21.9,0.005
1692129600,2023-08-15 16:00,2023-08-15,16.0,4438.11,2023-09-29,1696017600,45.0,0.50341,0.00182,6.2566,-1.219,2.69245,0.14096,2.0,95.6,7 x 7,86.5,87.0,4465.0,87.0,87.6,15 x 18,64.4,-0.50986,0.00206,6.18575,-0.693,-2.3825,0.13504,3.0,26.9,0.006
1692129600,2023-08-15 16:00,2023-08-15,16.0,4438.11,2023-09-29,1696017600,45.0,0.49454,0.0018,6.25613,-1.20758,2.64497,0.13989,4.0,88.4,7 x 7,83.6,84.0,4470.0,89.1,89.6,7 x 7,92.7,-0.52039,0.00207,6.17351,-0.68231,-2.40704,0.13346,8.0,31.9,0.007
1692129600,2023-08-15 16:00,2023-08-15,16.0,4438.11,2023-09-29,1696017600,45.0,0.48535,0.0018,6.25341,-1.19606,2.59815,0.13873,4.0,85.72,17 x 7,80.6,81.1,4475.0,91.1,91.7,7 x 7,81.8,-0.5319,0.00205,6.1579,-0.67011,-2.42976,0.1332,14.0,36.9,0.008
1692129600,2023-08-15 16:00,2023-08-15,16.0,4438.11,2023-09-29,1696017600,45.0,0.47582,0.00183,6.24621,-1.18495,2.5498,0.13837,8.0,91.15,7 x 7,77.8,78.3,4480.0,93.2,93.9,7 x 7,87.1,-0.54243,0.00213,6.13592,-0.6584,-2.45086,0.13227,16.0,41.9,0.009
1692129600,2023-08-15 16:00,2023-08-15,16.0,4438.11,2023-09-29,1696017600,45.0,0.46689,0.00181,6.23611,-1.17158,2.50141,0.13722,1.0,84.2,7 x 7,75.0,75.4,4485.0,95.3,96.0,7 x 7,89.7,-0.55314,0.00212,6.10824,-0.64489,-2.47022,0.13108,10.0,46.9,0.011
1692129600,2023-08-15 16:00,2023-08-15,16.0,4438.11,2023-09-29,1696017600,45.0,0.45727,0.00189,6.22182,-1.15859,2.4524,0.13691,1.0,94.4,32 x 7,72.1,72.7,4490.0,97.5,98.2,7 x 7,86.2,-0.56523,0.00214,6.07512,-0.6316,-2.48768,0.12922,1.0,51.9,0.012
1692129600,2023-08-15 16:00,2023-08-15,16.0,4438.11,2023-09-29,1696017600,45.0,0.44725,0.00189,6.20437,-1.14611,2.40244,0.13534,1.0,78.3,10 x 33,69.4,70.1,4495.0,99.9,100.3,7 x 7,88.72,-0.57624,0.00213,6.03631,-0.61639,-2.50244,0.12815,7.0,56.9,0.013
1692129600,2023-08-15 16:00,2023-08-15,16.0,4438.11,2023-09-29,1696017600,45.0,0.43779,0.0019,6.18348,-1.13282,2.35266,0.13486,17.0,66.04,17 x 8,67.0,67.3,4500.0,102.6,104.4,8 x 8,106.42,-0.5859,0.00213,6.00078,-0.6142,-2.52335,0.12878,111.0,61.9,0.014
1692129600,2023-08-15 16:00,2023-08-15,16.0,4438.11,2023-09-29,1696017600,45.0,0.42794,0.00187,6.15798,-1.11681,2.30075,0.13366,5.0,80.6,10 x 27,64.1,64.8,4505.0,104.5,105.1,7 x 7,80.2,-0.60046,0.00216,5.93713,-0.5858,-2.5245,0.12584,1.0,66.9,0.015
1692129600,2023-08-15 16:00,2023-08-15,16.0,4438.11,2023-09-29,1696017600,45.0,0.41881,0.0019,6.12837,-1.10266,2.25002,0.13332,1.0,69.2,10 x 35,61.6,62.3,4510.0,107.0,107.4,7 x 7,110.5,-0.61251,0.00224,5.87553,-0.56885,-2.53072,0.12521,19.0,71.9,0.016
1692129600,2023-08-15 16:00,2023-08-15,16.0,4438.11,2023-09-29,1696017600,45.0,0.40861,0.00187,6.09571,-1.08732,2.19906,0.13263,1.0,65.41,8 x 8,59.2,59.7,4515.0,109.4,110.0,6 x 6,91.6,-0.62532,0.00229,5.80638,-0.55106,-2.53409,0.12399,1.0,76.9,0.017
1692129600,2023-08-15 16:00,2023-08-15,16.0,4438.11,2023-09-29,1696017600,45.0,0.39881,0.00182,6.05787,-1.07083,2.14627,0.13165,20.0,72.42,8 x 37,56.8,57.3,4520.0,112.0,112.5,6 x 6,103.6,-0.63803,0.00229,5.72963,-0.53335,-2.53225,0.1224,3.0,81.9,0.018
1692129600,2023-08-15 16:00,2023-08-15,16.0,4438.11,2023-09-29,1696017600,45.0,0.38876,0.00189,6.01651,-1.0558,2.09516,0.1309,13.0,52.8,22 x 10,54.5,54.9,4525.0,114.5,115.2,6 x 6,106.1,-0.65138,0.00226,5.64201,-0.51464,-2.52748,0.12176,4.0,86.9,0.02
1692129600,2023-08-15 16:00,2023-08-15,16.0,4438.11,2023-09-29,1696017600,45.0,0.37859,0.0019,5.97041,-1.03801,2.04157,0.12987,2.0,64.56,12 x 41,52.0,52.6,4530.0,117.1,117.8,6 x 6,102.31,-0.66514,0.00236,5.54291,-0.49385,-2.51598,0.11973,1.0,91.9,0.021
1692129600,2023-08-15 16:00,2023-08-15,16.0,4438.11,2023-09-29,1696017600,45.0,0.36847,0.00191,5.92087,-1.02022,1.98885,0.12876,1.0,53.67,12 x 10,49.8,50.3,4535.0,119.9,120.5,5 x 5,96.65,-0.6785,0.00234,5.43583,-0.47331,-2.50004,0.11913,7.0,96.9,0.022
1692129600,2023-08-15 16:00,2023-08-15,16.0,4438.11,2023-09-29,1696017600,45.0,0.35821,0.00186,5.86348,-0.99878,1.93308,0.12734,3.0,47.7,34 x 15,46.8,48.4,4540.0,122.6,123.2,5 x 5,114.32,-0.69327,0.00239,5.31093,-0.45006,-2.4754,0.1175,15.0,101.9,0.023
1692129600,2023-08-15 16:00,2023-08-15,16.0,4438.11,2023-09-29,1696017600,45.0,0.34869,0.00187,5.80816,-0.98439,1.88292,0.1274,1.0,49.12,13 x 45,45.5,46.0,4545.0,125.5,126.1,5 x 5,116.57,-0.70746,0.00238,5.17789,-0.42826,-2.44576,0.11622,2.0,106.9,0.024
1692129600,2023-08-15 16:00,2023-08-15,16.0,4438.11,2023-09-29,1696017600,45.0,0.33804,0.00184,5.74159,-0.96186,1.82698,0.12598,24.0,61.8,35 x 15,42.6,44.2,4550.0,128.4,129.0,4 x 4,131.84,-0.72239,0.00246,5.02679,-0.40471,-2.40745,0.11481,10.0,111.9,0.025
1692129600,2023-08-15 16:00,2023-08-15,16.0,4438.11,2023-09-29,1696017600,45.0,0.32779,0.00184,5.67499,-0.94329,1.77455,0.12526,7.0,77.7,36 x 15,40.6,42.2,4555.0,131.3,132.0,4 x 4,116.58,-0.73832,0.00243,4.85763,-0.37906,-2.35801,0.11364,1.0,116.9,0.026
1692129600,2023-08-15 16:00,2023-08-15,16.0,4438.11,2023-09-29,1696017600,45.0,0.31867,0.00186,5.60841,-0.92666,1.72436,0.12477,1.0,48.56,12 x 49,39.5,39.9,4560.0,134.3,135.0,4 x 4,126.42,-0.75522,0.00244,4.66735,-0.35273,-2.29509,0.11157,3.0,121.9,0.027
1692129600,2023-08-15 16:00,2023-08-15,16.0,4438.11,2023-09-29,1696017600,45.0,0.30786,0.00177,5.52774,-0.90311,1.66813,0.12419,17.0,54.36,39 x 17,36.8,38.3,4565.0,137.4,137.9,3 x 3,122.2,-0.77346,0.00251,4.44414,-0.32241,-2.21575,0.10985,6.0,126.9,0.029
1692129600,2023-08-15 16:00,2023-08-15,16.0,4438.11,2023-09-29,1696017600,45.0,0.29892,0.00183,5.45421,-0.88685,1.61894,0.12342,3.0,46.4,15 x 53,35.7,36.2,4570.0,139.6,141.8,6 x 6,122.15,-0.79188,0.00249,4.18835,-0.29075,-2.11595,0.10807,2.0,131.9,0.03
1692129600,2023-08-15 16:00,2023-08-15,16.0,4438.11,2023-09-29,1696017600,45.0,0.28723,0.00183,5.35073,-0.85399,1.55441,0.12183,1.0,36.9,15 x 15,32.1,34.7,4575.0,143.2,144.8,5 x 5,139.5,-0.81179,0.00252,3.91468,-0.26031,-2.00358,0.10531,3.0,136.9,0.031
1692129600,2023-08-15 16:00,2023-08-15,16.0,4438.11,2023-09-29,1696017600,45.0,0.27735,0.00178,5.26763,-0.83588,1.5042,0.12113,2.0,35.1,44 x 43,31.5,32.2,4580.0,146.5,148.0,5 x 5,152.44,-0.83361,0.00258,3.57261,-0.22518,-1.85142,0.10291,5.0,141.9,0.032
1692129600,2023-08-15 16:00,2023-08-15,16.0,4438.11,2023-09-29,1696017600,45.0,0.2675,0.00173,5.17547,-0.81402,1.45233,0.12058,1.0,42.1,46 x 44,29.9,30.5,4585.0,149.1,151.9,5 x 5,102.7,-0.85972,0.00265,3.13298,-0.18343,-1.64222,0.1008,7.0,146.9,0.033
1692129600,2023-08-15 16:00,2023-08-15,16.0,4438.11,2023-09-29,1696017600,45.0,0.25813,0.00168,5.07843,-0.79191,1.39922,0.11944,3.0,33.68,15 x 15,27.3,29.8,4590.0,152.8,154.7,5 x 5,142.5,-0.89337,0.00274,2.50236,-0.13069,-1.3226,0.096,4.0,151.9,0.034
1692129600,2023-08-15 16:00,2023-08-15,16.0,4438.11,2023-09-29,1696017600,45.0,0.24867,0.00169,4.9832,-0.77205,1.35063,0.11913,15.0,33.7,47 x 45,26.8,27.4,4595.0,156.2,158.1,5 x 5,114.65,-0.94382,0.00291,1.44524,-0.0604,-0.75503,0.09016,1.0,156.9,0.035
1692129600,2023-08-15 16:00,2023-08-15,16.0,4438.11,2023-10-06,1696622400,52.0,0.96697,0.00017,1.19379,-0.75272,4.87489,0.33653,,0.0,15 x 15,911.8,920.7,3550.0,4.8,5.0,248 x 257,5.36,-0.02317,0.00015,0.94638,-0.26384,-0.15739,0.31419,2.0,888.1,0.2
1692129600,2023-08-15 16:00,2023-08-15,16.0,4438.11,2023-10-06,1696622400,52.0,0.96708,0.00017,1.20453,-0.73967,4.94562,0.31551,,0.0,100 x 100,862.9,869.6,3600.0,5.3,5.6,455 x 345,5.9,-0.02705,8e-05,1.05197,-0.28237,-0.17877,0.30336,3.0,838.1,0.189
1692129600,2023-08-15 16:00,2023-08-15,16.0,4438.11,2023-10-06,1696622400,52.0,0.96312,0.00013,1.33982,-0.77131,4.98808,0.30476,,0.0,100 x 100,814.0,820.9,3650.0,6.0,6.2,241 x 195,4.9,-0.03052,9e-05,1.17266,-0.30318,-0.20394,0.29216,14.0,788.1,0.178
1692129600,2023-08-15 16:00,2023-08-15,16.0,4438.11,2023-10-06,1696622400,52.0,0.95823,0.00021,1.47087,-0.79756,5.03048,0.29344,,0.0,115 x 100,765.1,772.0,3700.0,6.8,7.0,259 x 217,7.1,-0.03503,0.00018,1.3159,-0.32799,-0.23404,0.28207,22.0,738.1,0.166
1692129600,2023-08-15 16:00,2023-08-15,16.0,4438.11,2023-10-06,1696622400,52.0,0.95274,0.00016,1.63317,-0.82964,5.06483,0.28161,,0.0,100 x 100,716.5,723.3,3750.0,7.8,8.0,204 x 62,6.95,-0.04132,0.00023,1.48608,-0.35693,-0.27069,0.27228,10.0,688.1,0.155
1692129600,2023-08-15 16:00,2023-08-15,16.0,4438.11,2023-10-06,1696622400,52.0,0.94538,0.00022,1.83758,-0.87083,5.08758,0.27225,,0.0,101 x 100,668.6,674.7,3800.0,8.8,9.0,175 x 60,7.1,-0.04683,0.00022,1.6633,-0.38258,-0.31132,0.26133,5.0,638.1,0.144
1692129600,2023-08-15 16:00,2023-08-15,16.0,4438.11,2023-10-06,1696622400,52.0,0.93856,0.00024,2.01847,-0.89699,5.11486,0.2592,,0.0,115 x 100,619.7,626.4,3850.0,10.1,10.4,106 x 212,9.7,-0.05534,0.00029,1.88091,-0.41452,-0.36241,0.25162,4.0,588.1,0.133
1692129600,2023-08-15 16:00,2023-08-15,16.0,4438.11,2023-10-06,1696622400,52.0,0.9232,0.00035,2.40865,-0.98635,5.08174,0.25734,,0.0,36 x 15,573.4,580.5,3900.0,11.7,12.0,151 x 140,11.5,-0.06382,0.00035,2.12884,-0.4495,-0.42417,0.24169,2.0,538.1,0.121
1692129600,2023-08-15 16:00,2023-08-15,16.0,4438.11,2023-10-06,1696622400,52.0,0.91802,0.00039,2.54084,-0.97861,5.11865,0.23915,,0.0,115 x 100,524.2,530.7,3950.0,13.6,13.9,89 x 74,0.0,-0.0758,0.00031,2.41088,-0.48619,-0.49718,0.23249,,488.1,0.11
1692129600,2023-08-15 16:00,2023-08-15,16.0,4438.11,2023-10-06,1696622400,52.0,0.90288,0.00047,2.88256,-1.03229,5.08971,0.23052,,0.0,100 x 100,477.7,483.5,4000.0,16.0,16.3,82 x 46,14.8,-0.09015,0.00038,2.73938,-0.52728,-0.58769,0.22312,13.0,438.1,0.099
1692129600,2023-08-15 16:00,2023-08-15,16.0,4438.11,2023-10-06,1696622400,52.0,0.8937,0.0005,3.06653,-1.05813,5.06928,0.22532,,0.0,1 x 100,454.4,460.3,4025.0,17.6,18.0,79 x 119,0.0,-0.09907,0.00049,2.93897,-0.55437,-0.64587,0.21924,,413.1,0.093
1692129600,2023-08-15 16:00,2023-08-15,16.0,4438.11,2023-10-06,1696622400,52.0,0.88595,0.00052,3.24477,-1.07999,5.04753,0.22005,,0.0,1 x 100,431.2,436.8,4050.0,18.9,19.4,100 x 139,17.59,-0.10672,0.00054,3.11691,-0.57193,-0.69914,0.21382,5.0,388.1,0.087
1692129600,2023-08-15 16:00,2023-08-15,16.0,4438.11,2023-10-06,1696622400,52.0,0.87592,0.00054,3.42818,-1.09898,5.02238,0.21508,,0.0,100 x 100,407.5,413.9,4075.0,20.7,21.3,39 x 39,19.11,-0.11722,0.00052,3.3286,-0.59637,-0.76531,0.20947,10.0,363.1,0.082
1692129600,2023-08-15 16:00,2023-08-15,16.0,4438.11,2023-10-06,1696622400,52.0,0.86299,0.00057,3.68306,-1.13934,4.96901,0.21248,,0.0,100 x 15,384.7,392.7,4100.0,22.7,23.2,36 x 97,20.84,-0.12807,0.00063,3.54425,-0.61861,-0.83484,0.2054,5.0,338.1,0.076
1692129600,2023-08-15 16:00,2023-08-15,16.0,4438.11,2023-10-06,1696622400,52.0,0.85264,0.00062,3.8694,-1.16323,4.9287,0.20938,,0.0,100 x 15,367.2,374.5,4120.0,24.4,24.9,57 x 92,0.0,-0.13855,0.00068,3.72574,-0.63707,-0.89611,0.20196,,318.1,0.072
1692129600,2023-08-15 16:00,2023-08-15,16.0,4438.11,2023-10-06,1696622400,52.0,0.85422,0.0007,3.84779,-1.14352,4.94488,0.205,,0.0,115 x 100,361.9,368.1,4125.0,24.8,25.4,35 x 91,21.72,-0.1403,0.00065,3.77189,-0.6415,-0.91161,0.20075,1.0,313.1,0.071
1692129600,2023-08-15 16:00,2023-08-15,16.0,4438.11,2023-10-06,1696622400,52.0,0.84873,0.00064,3.93915,-1.16499,4.91648,0.2065,,0.0,100 x 15,357.5,365.4,4130.0,25.3,25.8,55 x 88,0.0,-0.14275,0.00063,3.81845,-0.64621,-0.92787,0.19963,,308.1,0.069
1692129600,2023-08-15 16:00,2023-08-15,16.0,4438.11,2023-10-06,1696622400,52.0,0.84291,0.00065,4.0348,-1.17605,4.89394,0.20527,,0.0,3 x 62,350.4,354.8,4140.0,26.1,26.8,33 x 33,0.0,-0.14827,0.0007,3.9101,-0.65365,-0.95977,0.19769,,298.1,0.067
1692129600,2023-08-15 16:00,2023-08-15,16.0,4438.11,2023-10-06,1696622400,52.0,0.83488,0.00071,4.16693,-1.20043,4.85558,0.20564,,0.0,3 x 103,342.4,346.8,4150.0,27.2,27.7,51 x 51,0.0,-0.15432,0.00068,4.00861,-0.66285,-0.99538,0.19676,,288.1,0.065
1692129600,2023-08-15 16:00,2023-08-15,16.0,4438.11,2023-10-06,1696622400,52.0,0.8317,0.00072,4.22664,-1.19708,4.84613,0.20185,,0.0,100 x 15,331.4,338.5,4160.0,28.2,28.7,51 x 51,0.0,-0.15978,0.00076,4.10583,-0.67137,-1.03128,0.19474,,278.1,0.063
1692129600,2023-08-15 16:00,2023-08-15,16.0,4438.11,2023-10-06,1696622400,52.0,0.82817,0.00073,4.28562,-1.19231,4.83618,0.19739,,0.0,100 x 41,322.5,328.0,4170.0,29.1,29.8,30 x 30,0.0,-0.16523,0.00078,4.20124,-0.67891,-1.06625,0.19251,,268.1,0.06
1692129600,2023-08-15 16:00,2023-08-15,16.0,4438.11,2023-10-06,1696622400,52.0,0.82588,0.00077,4.31982,-1.19156,4.82999,0.19602,,0.0,15 x 100,317.4,323.6,4175.0,29.8,30.4,47 x 77,30.7,-0.16914,0.00074,4.25644,-0.68416,-1.08753,0.19216,1.0,263.1,0.059
1692129600,2023-08-15 16:00,2023-08-15,16.0,4438.11,2023-10-06,1696622400,52.0,0.82323,0.00078,4.36474,-1.19438,4.81798,0.19456,,0.0,115 x 100,313.0,319.0,4180.0,30.3,30.9,29 x 29,0.0,-0.17203,0.00076,4.3028,-0.68663,-1.10558,0.19064,,258.1,0.058
1692129600,2023-08-15 16:00,2023-08-15,16.0,4438.11,2023-10-06,1696622400,52.0,0.81307,0.00085,4.50981,-1.22073,4.76794,0.19601,,0.0,100 x 15,304.9,312.0,4190.0,31.4,32.1,29 x 75,0.0,-0.17833,0.0008,4.40473,-0.69502,-1.14526,0.18869,,248.1,0.056
1692129600,2023-08-15 16:00,2023-08-15,16.0,4438.11,2023-10-06,1696622400,52.0,0.8098,0.0008,4.56072,-1.20941,4.76063,0.1906,,0.0,115 x 100,295.5,301.4,4200.0,32.7,33.3,45 x 73,24.72,-0.18533,0.00081,4.50946,-0.70256,-1.18678,0.18695,1.0,238.1,0.054
1692129600,2023-08-15 16:00,2023-08-15,16.0,4438.11,2023-10-06,1696622400,52.0,0.79886,0.0009,4.72793,-1.2464,4.69681,0.19302,,0.0,3 x 85,289.7,293.8,4210.0,33.5,34.1,43 x 43,31.58,-0.19154,0.00084,4.59615,-0.70403,-1.22122,0.18433,5.0,228.1,0.051
1692129600,2023-08-15 16:00,2023-08-15,16.0,4438.11,2023-10-06,1696622400,52.0,0.793,0.00088,4.79933,-1.24133,4.67766,0.18954,,0.0,3 x 41,280.3,284.3,4220.0,34.8,35.4,42 x 42,32.45,-0.19895,0.00095,4.70137,-0.71031,-1.26572,0.18324,11.0,218.1,0.049
1692129600,2023-08-15 16:00,2023-08-15,16.0,4438.11,2023-10-06,1696622400,52.0,0.78995,0.00092,4.84937,-1.24408,4.6611,0.18856,,0.0,3 x 41,276.0,280.0,4225.0,35.9,36.5,41 x 41,30.31,-0.20367,0.00092,4.76894,-0.72052,-1.29507,0.18267,2.0,213.1,0.048
1692129600,2023-08-15 16:00,2023-08-15,16.0,4438.11,2023-10-06,1696622400,52.0,0.78807,0.00092,4.87828,-1.23844,4.65381,0.18674,,0.0,1 x 100,270.4,275.7,4230.0,36.6,37.2,41 x 66,33.98,-0.207,0.00092,4.82179,-0.72324,-1.31816,0.18208,5.0,208.1,0.047
1692129600,2023-08-15 16:00,2023-08-15,16.0,4438.11,2023-10-06,1696622400,52.0,0.77975,0.0009,4.98114,-1.24522,4.61657,0.18471,,0.0,101 x 100,262.0,267.2,4240.0,37.9,38.6,25 x 39,0.0,-0.2153,0.00092,4.92551,-0.7286,-1.36371,0.18001,,198.1,0.045
1692129600,2023-08-15 16:00,2023-08-15,16.0,4438.11,2023-10-06,1696622400,52.0,0.77318,0.00096,5.07023,-1.24609,4.58516,0.18173,,0.0,115 x 100,252.9,258.5,4250.0,39.5,40.1,38 x 38,36.08,-0.22365,0.00104,5.03378,-0.73548,-1.41248,0.17815,1.0,188.1,0.042
1692129600,2023-08-15 16:00,2023-08-15,16.0,4438.11,2023-10-06,1696622400,52.0,0.76347,0.00103,5.18966,-1.25907,4.53414,0.18132,,0.0,100 x 100,245.3,250.6,4260.0,41.0,41.7,37 x 37,0.0,-0.23219,0.00101,5.14033,-0.74028,-1.46254,0.17623,,178.1,0.04
1692129600,2023-08-15 16:00,2023-08-15,16.0,4438.11,2023-10-06,1696622400,52.0,0.75399,0.00107,5.2956,-1.26652,4.48984,0.17977,,0.0,15 x 15,236.2,243.4,4270.0,42.1,42.7,53 x 53,41.7,-0.23989,0.00106,5.23208,-0.73852,-1.50514,0.17319,1.0,168.1,0.038
1692129600,2023-08-15 16:00,2023-08-15,16.0,4438.11,2023-10-06,1696622400,52.0,0.75163,0.0011,5.32777,-1.25928,4.47804,0.17724,,0.0,115 x 100,232.1,237.7,4275.0,42.7,44.1,15 x 35,0.0,-0.24412,0.00112,5.28988,-0.74259,-1.53446,0.17258,,163.1,0.037
1692129600,2023-08-15 16:00,2023-08-15,16.0,4438.11,2023-10-06,1696622400,52.0,0.74686,0.00111,5.38382,-1.26334,4.45245,0.17645,,0.0,100 x 100,228.1,233.9,4280.0,43.5,45.0,15 x 35,42.2,-0.24919,0.00107,5.34332,-0.74456,-1.56078,0.17244,5.0,158.1,0.036
1692129600,2023-08-15 16:00,2023-08-15,16.0,4438.11,2023-10-06,1696622400,52.0,0.73775,0.00109,5.48276,-1.26593,4.40671,0.17448,1.0,230.19,100 x 100,220.0,225.4,4290.0,45.5,46.1,49 x 49,0.0,-0.25853,0.00118,5.44418,-0.74623,-1.61246,0.16955,,148.1,0.033
1692129600,2023-08-15 16:00,2023-08-15,16.0,4438.11,2023-10-06,1696622400,52.0,0.72676,0.00112,5.59539,-1.27663,4.3482,0.17332,5.0,212.44,15 x 15,211.8,218.7,4300.0,47.4,48.0,15 x 47,45.66,-0.26834,0.00118,5.55054,-0.74979,-1.66888,0.16782,5.0,138.1,0.031
1692129600,2023-08-15 16:00,2023-08-15,16.0,4438.11,2023-10-06,1696622400,52.0,0.71677,0.00116,5.6949,-1.27886,4.29666,0.17161,,0.0,100 x 15,203.9,210.6,4310.0,49.3,49.9,15 x 46,45.4,-0.27921,0.0012,5.65378,-0.75204,-1.72621,0.16655,2.0,128.1,0.029
1692129600,2023-08-15 16:00,2023-08-15,16.0,4438.11,2023-10-06,1696622400,52.0,0.70667,0.00119,5.7899,-1.27924,4.24387,0.17025,,0.0,15 x 15,195.9,202.6,4320.0,51.1,51.8,44 x 14,0.0,-0.28918,0.00129,5.75293,-0.75184,-1.78303,0.1647,,118.1,0.027
1692129600,2023-08-15 16:00,2023-08-15,16.0,4438.11,2023-10-06,1696622400,52.0,0.70228,0.00126,5.83148,-1.27506,4.22071,0.16786,,0.0,115 x 100,192.0,197.8,4325.0,52.3,52.9,14 x 44,48.61,-0.29532,0.00126,5.80497,-0.75307,-1.81376,0.16336,1.0,113.1,0.025
1692129600,2023-08-15 16:00,2023-08-15,16.0,4438.11,2023-10-06,1696622400,52.0,0.69552,0.00119,5.88995,-1.2839,4.18228,0.1691,,0.0,100 x 15,188.8,194.7,4330.0,53.3,53.9,14 x 43,0.0,-0.30078,0.0013,5.85435,-0.75276,-1.84404,0.16226,,108.1,0.024
1692129600,2023-08-15 16:00,2023-08-15,16.0,4438.11,2023-10-06,1696622400,52.0,0.68626,0.00129,5.97213,-1.27417,4.13155,0.16556,,0.0,100 x 100,180.8,185.6,4340.0,55.4,56.1,13 x 41,51.6,-0.31205,0.00136,5.95079,-0.75175,-1.90425,0.16074,4.0,98.1,0.022
1692129600,2023-08-15 16:00,2023-08-15,16.0,4438.11,2023-10-06,1696622400,52.0,0.67481,0.0013,6.05976,-1.27098,4.07163,0.16312,4.0,181.58,15 x 100,172.7,177.9,4350.0,57.7,58.3,13 x 41,50.47,-0.32494,0.00133,6.04408,-0.75027,-1.96621,0.1591,2.0,88.1,0.02
1692129600,2023-08-15 16:00,2023-08-15,16.0,4438.11,2023-10-06,1696622400,52.0,0.66219,0.00131,6.15121,-1.272,4.00373,0.16133,,0.0,100 x 100,165.3,170.8,4360.0,60.0,60.7,12 x 39,0.0,-0.3372,0.00146,6.1335,-0.74738,-2.0288,0.15663,,78.1,0.018
1692129600,2023-08-15 16:00,2023-08-15,16.0,4438.11,2023-10-06,1696622400,52.0,0.65034,0.0014,6.23283,-1.26677,3.93685,0.16,,0.0,4 x 4,160.1,160.8,4370.0,62.5,63.1,11 x 37,0.0,-0.35054,0.00149,6.21876,-0.74345,-2.09296,0.15506,,68.1,0.015
1692129600,2023-08-15 16:00,2023-08-15,16.0,4438.11,2023-10-06,1696622400,52.0,0.64382,0.00135,6.27346,-1.2643,3.90178,0.15884,,0.0,5 x 5,156.4,157.1,4375.0,63.7,64.4,11 x 25,0.0,-0.35694,0.0015,6.25883,-0.74105,-2.12485,0.15364,,63.1,0.014
1692129600,2023-08-15 16:00,2023-08-15,16.0,4438.11,2023-10-06,1696622400,52.0,0.6375,0.00145,6.31193,-1.2606,3.86754,0.15767,,0.0,5 x 5,152.6,153.4,4380.0,65.0,65.7,11 x 36,60.1,-0.36395,0.0015,6.29801,-0.73871,-2.15718,0.15333,7.0,58.1,0.013
1692129600,2023-08-15 16:00,2023-08-15,16.0,4438.11,2023-10-06,1696622400,52.0,0.62414,0.00147,6.38608,-1.25567,3.79227,0.15579,,0.0,5 x 5,145.4,146.3,4390.0,67.7,68.3,10 x 10,0.0,-0.37752,0.00156,6.37212,-0.73161,-2.22083,0.15074,,48.1,0.011
1692129600,2023-08-15 16:00,2023-08-15,16.0,4438.11,2023-10-06,1696622400,52.0,0.61073,0.00145,6.45563,-1.2489,3.7153,0.15362,1.0,166.59,6 x 6,138.4,139.1,4400.0,70.5,71.2,33 x 10,55.5,-0.3928,0.0016,6.43924,-0.72504,-2.28573,0.14866,1.0,38.1,0.009
1692129600,2023-08-15 16:00,2023-08-15,16.0,4438.11,2023-10-06,1696622400,52.0,0.59644,0.00151,6.51816,-1.23988,3.63568,0.15238,,0.0,18 x 24,131.4,132.2,4410.0,73.3,74.1,33 x 33,67.3,-0.40788,0.00159,6.49842,-0.71534,-2.35004,0.14672,7.0,28.1,0.006
1692129600,2023-08-15 16:00,2023-08-15,16.0,4438.11,2023-10-06,1696622400,52.0,0.58239,0.00151,6.57328,-1.22838,3.5536,0.14975,10.0,0.0,25 x 6,124.4,125.2,4420.0,76.5,77.1,8 x 8,69.9,-0.42442,0.00168,6.54856,-0.70539,-2.41385,0.14531,4.0,18.1,0.004
1692129600,2023-08-15 16:00,2023-08-15,16.0,4438.11,2023-10-06,1696622400,52.0,0.57479,0.00159,6.59775,-1.22414,3.50983,0.14915,,0.0,19 x 7,121.2,121.9,4425.0,78.1,78.7,8 x 8,0.0,-0.43261,0.00167,6.57018,-0.69997,-2.44487,0.14388,,13.1,0.003
1692129600,2023-08-15 16:00,2023-08-15,16.0,4438.11,2023-10-06,1696622400,52.0,0.56694,0.00155,6.62036,-1.21763,3.46759,0.14837,,0.0,26 x 7,117.7,118.5,4430.0,79.7,80.3,8 x 8,73.4,-0.44017,0.00175,6.58933,-0.69361,-2.47611,0.14347,4.0,8.1,0.002
1692129600,2023-08-15 16:00,2023-08-15,16.0,4438.11,2023-10-06,1696622400,52.0,0.55219,0.0016,6.66039,-1.20535,3.37819,0.14699,4.0,118.4,20 x 27,111.3,112.1,4440.0,83.0,83.7,28 x 8,0.0,-0.45787,0.00177,6.61821,-0.67967,-2.53574,0.1406,,1.9,0.0
1692129600,2023-08-15 16:00,2023-08-15,16.0,4438.11,2023-10-06,1696622400,52.0,0.53622,0.00162,6.6898,-1.19052,3.28651,0.14479,2.0,114.7,21 x 28,104.9,105.7,4450.0,86.5,87.2,28 x 8,89.5,-0.47571,0.00183,6.6345,-0.6643,-2.59414,0.13924,1.0,11.9,0.003
1692129600,2023-08-15 16:00,2023-08-15,16.0,4438.11,2023-10-06,1696622400,52.0,0.5195,0.00163,6.70966,-1.17307,3.19152,0.14336,5.0,115.2,28 x 7,98.5,99.3,4460.0,90.2,91.0,19 x 26,84.1,-0.49417,0.00184,6.63611,-0.64676,-2.64784,0.13737,7.0,21.9,0.005
1692129600,2023-08-15 16:00,2023-08-15,16.0,4438.11,2023-10-06,1696622400,52.0,0.50351,0.00172,6.71837,-1.15542,3.09306,0.14126,10.0,0.0,29 x 22,92.5,93.3,4470.0,94.0,94.8,26 x 7,73.1,-0.51298,0.00187,6.62083,-0.6274,-2.69751,0.13541,8.0,31.9,0.007
1692129600,2023-08-15 16:00,2023-08-15,16.0,4438.11,2023-10-06,1696622400,52.0,0.49466,0.00169,6.71804,-1.14537,3.0429,0.13986,1.0,106.6,29 x 7,89.5,90.3,4475.0,96.1,96.8,7 x 18,84.0,-0.52325,0.00197,6.60747,-0.61748,-2.72124,0.1344,1.0,36.9,0.008
1692129600,2023-08-15 16:00,2023-08-15,16.0,4438.11,2023-10-06,1696622400,52.0,0.48635,0.00164,6.71475,-1.13471,2.99282,0.13984,4.0,93.6,30 x 7,86.6,87.4,4480.0,98.1,98.9,7 x 7,88.1,-0.53319,0.00191,6.58884,-0.60746,-2.74235,0.13262,5.0,41.9,0.009
1692129600,2023-08-15 16:00,2023-08-15,16.0,4438.11,2023-10-06,1696622400,52.0,0.46899,0.00174,6.69864,-1.11319,2.89017,0.13724,8.0,86.5,31 x 7,80.9,81.7,4490.0,102.3,103.0,7 x 7,95.4,-0.55446,0.00204,6.53497,-0.58349,-2.77884,0.13042,2.0,51.9,0.012
1692129600,2023-08-15 16:00,2023-08-15,16.0,4438.11,2023-10-06,1696622400,52.0,0.45075,0.00173,6.67008,-1.08942,2.78447,0.13575,2.0,78.7,33 x 33,75.4,76.2,4500.0,106.8,107.6,7 x 7,97.2,-0.57603,0.00208,6.45892,-0.55911,-2.80702,0.12871,2.0,61.9,0.014
1692129600,2023-08-15 16:00,2023-08-15,16.0,4438.11,2023-10-06,1696622400,52.0,0.43306,0.00169,6.62606,-1.0649,2.67711,0.1344,5.0,75.6,8 x 8,70.2,70.9,4510.0,111.3,112.1,7 x 7,0.0,-0.59879,0.00209,6.35536,-0.53021,-2.82308,0.1261,,71.9,0.016
1692129600,2023-08-15 16:00,2023-08-15,16.0,4438.11,2023-10-06,1696622400,52.0,0.41522,0.00174,6.56897,-1.03864,2.56774,0.13231,2.0,71.8,8 x 8,65.2,65.8,4520.0,116.1,117.1,7 x 7,103.0,-0.62255,0.00215,6.22308,-0.50114,-2.82632,0.12445,5.0,81.9,0.018
1692129600,2023-08-15 16:00,2023-08-15,16.0,4438.11,2023-10-06,1696622400,52.0,0.4058,0.00172,6.53441,-1.02456,2.51203,0.1322,1.0,69.7,8 x 28,62.6,63.3,4525.0,118.7,119.4,6 x 6,112.2,-0.63483,0.0022,6.14236,-0.48497,-2.82158,0.12324,2.0,86.9,0.02
1692129600,2023-08-15 16:00,2023-08-15,16.0,4438.11,2023-10-06,1696622400,52.0,0.39677,0.0017,6.49602,-1.01077,2.45667,0.13143,20.0,73.66,10 x 10,60.2,60.9,4530.0,121.2,122.1,6 x 6,0.0,-0.64698,0.00215,6.0548,-0.46816,-2.81282,0.12177,,91.9,0.021
1692129600,2023-08-15 16:00,2023-08-15,16.0,4438.11,2023-10-06,1696622400,52.0,0.37774,0.00176,6.40681,-0.98051,2.34509,0.12996,,0.0,41 x 41,55.5,56.3,4540.0,126.5,127.2,6 x 6,0.0,-0.67295,0.00222,5.84497,-0.43203,-2.77734,0.11927,,101.9,0.023
1692129600,2023-08-15 16:00,2023-08-15,16.0,4438.11,2023-10-06,1696622400,52.0,0.35888,0.0017,6.30302,-0.94817,2.23097,0.12836,3.0,49.5,33 x 33,51.0,51.8,4550.0,131.9,132.8,5 x 5,109.2,-0.70047,0.00226,5.58532,-0.39355,-2.71455,0.11655,7.0,111.9,0.025
1692129600,2023-08-15 16:00,2023-08-15,16.0,4438.11,2023-10-06,1696622400,52.0,0.34004,0.00168,6.18057,-0.91386,2.11628,0.12664,,0.0,36 x 15,46.2,47.9,4560.0,137.7,138.4,5 x 5,0.0,-0.73083,0.00229,5.26374,-0.35059,-2.61567,0.11357,,121.9,0.027
1692129600,2023-08-15 16:00,2023-08-15,16.0,4438.11,2023-10-06,1696622400,52.0,0.32216,0.00169,6.04699,-0.88138,2.00368,0.12511,,0.0,37 x 37,42.8,43.5,4570.0,143.6,144.3,4 x 4,0.0,-0.76301,0.00238,4.85492,-0.30232,-2.46659,0.11036,,131.9,0.03
1692129600,2023-08-15 16:00,2023-08-15,16.0,4438.11,2023-10-06,1696622400,52.0,0.31308,0.0017,5.97586,-0.86549,1.94871,0.12469,10.0,46.6,13 x 38,41.1,41.6,4575.0,146.7,147.4,3 x 3,0.0,-0.78059,0.00238,4.61482,-0.27745,-2.36986,0.10915,,136.9,0.031
1692129600,2023-08-15 16:00,2023-08-15,16.0,4438.11,2023-10-06,1696622400,52.0,0.30324,0.00169,5.89776,-0.84678,1.89238,0.12376,,0.0,13 x 39,39.2,39.7,4580.0,146.1,153.3,15 x 15,0.0,-0.80334,0.00253,4.26832,-0.24131,-2.21127,0.10535,,141.9,0.032
1692129600,2023-08-15 16:00,2023-08-15,16.0,4438.11,2023-10-06,1696622400,52.0,0.28363,0.00166,5.71747,-0.80281,1.77068,0.12171,1.0,38.1,44 x 44,35.0,35.7,4590.0,153.9,157.7,3 x 3,0.0,-0.85412,0.00265,3.41248,-0.1693,-1.7956,0.10048,,151.9,0.034
1692129600,2023-08-15 16:00,2023-08-15,16.0,4438.11,2023-10-06,1696622400,52.0,0.26544,0.00166,5.53886,-0.76699,1.66093,0.12009,4.0,34.48,46 x 45,31.8,32.4,4600.0,160.4,165.6,101 x 101,0.0,-0.91175,0.00276,2.24042,-0.09287,-1.18395,0.09381,,161.9,0.036
1692129600,2023-08-15 16:00,2023-08-15,16.0,4438.11,2023-10-20,1697832000,66.0,0.96241,0.00012,1.5116,-0.73461,6.11432,0.31308,0.0,685.96,15 x 15,922.1,926.4,3550.0,7.2,7.4,585 x 735,7.4,-0.03148,0.00011,1.34418,-0.28211,-0.26471,0.30129,1.0,888.1,0.2
1692129600,2023-08-15 16:00,2023-08-15,16.0,4438.11,2023-10-20,1697832000,66.0,0.96053,0.00011,1.58499,-0.75356,6.11387,0.31406,0.0,677.81,215 x 215,907.0,923.0,3560.0,7.3,7.6,450 x 578,7.9,-0.03249,0.00015,1.37036,-0.28487,-0.27108,0.29906,1.0,878.1,0.198
1692129600,2023-08-15 16:00,2023-08-15,16.0,4438.11,2023-10-20,1697832000,66.0,0.95923,0.00011,1.61112,-0.7581,6.12521,0.31223,0.0,668.26,115 x 115,897.3,913.2,3570.0,7.5,7.8,641 x 604,8.2,-0.0327,0.00014,1.40175,-0.2899,-0.27908,0.29764,2.0,868.1,0.196
1692129600,2023-08-15 16:00,2023-08-15,16.0,4438.11,2023-10-20,1697832000,66.0,0.95978,0.00015,1.58534,-0.74841,6.14119,0.30753,0.0,662.44,15 x 15,897.8,902.1,3575.0,7.5,7.8,1562 x 922,6.3,-0.03293,8e-05,1.40813,-0.2902,-0.28058,0.29601,1.0,863.1,0.194
1692129600,2023-08-15 16:00,2023-08-15,16.0,4438.11,2023-10-20,1697832000,66.0,0.95853,0.0002,1.64281,-0.76343,6.13566,0.31029,2.0,670.42,215 x 215,887.6,903.5,3580.0,7.6,7.9,473 x 100,6.38,-0.03363,0.00011,1.42441,-0.29211,-0.28393,0.29537,1.0,858.1,0.193
1692129600,2023-08-15 16:00,2023-08-15,16.0,4438.11,2023-10-20,1697832000,66.0,0.95784,0.00013,1.6651,-0.76722,6.14751,0.30774,,0.0,215 x 215,877.8,893.7,3590.0,7.8,8.1,852 x 1490,7.4,-0.0346,0.00018,1.45681,-0.29743,-0.29231,0.29318,9.0,848.1,0.191
1692129600,2023-08-15 16:00,2023-08-15,16.0,4438.11,2023-10-20,1697832000,66.0,0.96777,0.00017,1.34009,-0.67389,6.2488,0.28184,0.0,753.51,215 x 215,864.6,880.5,3600.0,8.0,8.3,952 x 870,7.83,-0.03539,0.00012,1.48934,-0.30183,-0.29984,0.29131,140.0,838.1,0.189
1692129600,2023-08-15 16:00,2023-08-15,16.0,4438.11,2023-10-20,1697832000,66.0,0.95756,0.00013,1.68258,-0.76467,6.17983,0.30059,0.0,637.39,15 x 15,863.7,868.0,3610.0,8.1,8.4,819 x 100,11.3,-0.03647,0.0001,1.51119,-0.30361,-0.30551,0.28916,25.0,828.1,0.187
1692129600,2023-08-15 16:00,2023-08-15,16.0,4438.11,2023-10-20,1697832000,66.0,0.9564,0.00015,1.71503,-0.77092,6.18948,0.298,12.0,629.12,15 x 15,854.0,858.3,3620.0,8.4,8.6,200 x 431,7.1,-0.03689,0.00017,1.54945,-0.30991,-0.31487,0.28794,1.0,818.1,0.184
1692129600,2023-08-15 16:00,2023-08-15,16.0,4438.11,2023-10-20,1697832000,66.0,0.95802,0.00011,1.64639,-0.7491,6.21709,0.29226,10.0,626.14,215 x 100,843.8,857.0,3625.0,8.4,8.7,549 x 609,7.0,-0.0371,0.0001,1.56132,-0.31071,-0.31732,0.28611,1.0,813.1,0.183
1692129600,2023-08-15 16:00,2023-08-15,16.0,4438.11,2023-10-20,1697832000,66.0,0.9578,0.00012,1.66289,-0.75217,6.22209,0.29122,,0.0,215 x 100,839.0,852.1,3630.0,8.5,8.8,553 x 502,11.57,-0.03809,0.00017,1.57817,-0.31264,-0.32172,0.28585,1.0,808.1,0.182
1692129600,2023-08-15 16:00,2023-08-15,16.0,4438.11,2023-10-20,1697832000,66.0,0.95702,0.00011,1.6914,-0.75611,6.23254,0.28929,,0.0,215 x 100,829.3,842.3,3640.0,8.7,9.0,806 x 499,7.35,-0.03859,0.00021,1.61181,-0.31744,-0.32983,0.28363,32.0,798.1,0.18
1692129600,2023-08-15 16:00,2023-08-15,16.0,4438.11,2023-10-20,1697832000,66.0,0.95612,0.00021,1.72494,-0.76206,6.24196,0.28656,0.0,602.66,215 x 100,819.6,832.6,3650.0,8.9,9.2,1040 x 526,9.25,-0.04055,0.00016,1.64484,-0.32069,-0.33858,0.28238,4.0,788.1,0.178
1692129600,2023-08-15 16:00,2023-08-15,16.0,4438.11,2023-10-20,1697832000,66.0,0.95512,0.00014,1.75819,-0.7672,6.25209,0.28467,,0.0,215 x 200,809.9,822.9,3660.0,9.1,9.4,782 x 1424,9.9,-0.04085,0.00016,1.67865,-0.32503,-0.34643,0.28046,15.0,778.1,0.175
1692129600,2023-08-15 16:00,2023-08-15,16.0,4438.11,2023-10-20,1697832000,66.0,0.9543,0.0002,1.79241,-0.77324,6.26111,0.28283,,0.0,215 x 200,800.2,813.2,3670.0,9.3,9.6,800 x 888,7.9,-0.04215,0.0002,1.71281,-0.32944,-0.35538,0.27769,1.0,768.1,0.173
1692129600,2023-08-15 16:00,2023-08-15,16.0,4438.11,2023-10-20,1697832000,66.0,0.95375,0.00021,1.80929,-0.77531,6.26583,0.28132,0.0,585.13,215 x 200,795.4,808.3,3675.0,9.4,9.7,482 x 330,9.6,-0.04275,0.00022,1.73006,-0.33136,-0.35957,0.27746,14.0,763.1,0.172
1692129600,2023-08-15 16:00,2023-08-15,16.0,4438.11,2023-10-20,1697832000,66.0,0.95473,0.00017,1.76862,-0.76295,6.28579,0.27699,0.0,607.55,100 x 115,789.9,802.9,3680.0,9.5,9.8,753 x 338,8.88,-0.04308,0.00016,1.74692,-0.33316,-0.36428,0.27567,14.0,758.1,0.171
1692129600,2023-08-15 16:00,2023-08-15,16.0,4438.11,2023-10-20,1697832000,66.0,0.94929,0.0002,1.92917,-0.80174,6.25993,0.28319,0.0,562.11,100 x 100,782.4,793.7,3690.0,9.7,10.0,928 x 936,10.0,-0.04408,0.00015,1.78117,-0.33692,-0.37293,0.27371,25.0,748.1,0.169
1692129600,2023-08-15 16:00,2023-08-15,16.0,4438.11,2023-10-20,1697832000,66.0,0.95043,0.00016,1.89537,-0.78867,6.28827,0.27697,1.0,901.04,215 x 200,771.2,784.0,3700.0,10.0,10.3,776 x 354,10.35,-0.04591,0.00015,1.8263,-0.3438,-0.384,0.27253,154.0,738.1,0.166
1692129600,2023-08-15 16:00,2023-08-15,16.0,4438.11,2023-10-20,1697832000,66.0,0.95137,0.00018,1.88818,-0.78208,6.30847,0.27218,,0.0,200 x 215,761.0,773.9,3710.0,10.3,10.5,100 x 200,10.0,-0.04676,0.00016,1.86578,-0.34886,-0.39478,0.27124,1.0,728.1,0.164
1692129600,2023-08-15 16:00,2023-08-15,16.0,4438.11,2023-10-20,1697832000,66.0,0.94999,0.00023,1.93357,-0.78987,6.31488,0.27097,,0.0,100 x 215,751.5,764.2,3720.0,10.4,10.7,916 x 898,8.6,-0.04827,0.00017,1.89601,-0.35118,-0.4029,0.26851,1.0,718.1,0.162
1692129600,2023-08-15 16:00,2023-08-15,16.0,4438.11,2023-10-20,1697832000,66.0,0.94819,0.00019,1.98805,-0.80163,6.3078,0.27189,9.0,532.79,215 x 200,747.1,759.7,3725.0,10.6,10.9,816 x 601,11.6,-0.04911,0.00021,1.92359,-0.35556,-0.40964,0.26814,4.0,713.1,0.161
1692129600,2023-08-15 16:00,2023-08-15,16.0,4438.11,2023-10-20,1697832000,66.0,0.94806,0.00023,1.97319,-0.79543,6.32156,0.26861,21.0,527.29,200 x 215,741.9,754.5,3730.0,10.7,11.0,716 x 200,8.5,-0.04876,0.00022,1.94152,-0.3571,-0.41439,0.26697,2.0,708.1,0.16
1692129600,2023-08-15 16:00,2023-08-15,16.0,4438.11,2023-10-20,1697832000,66.0,0.94361,0.00023,2.12168,-0.83013,6.29811,0.27301,10.0,520.42,100 x 100,734.3,745.2,3740.0,10.9,11.2,883 x 733,10.55,-0.05026,0.00019,1.97687,-0.35979,-0.42383,0.26417,1.0,698.1,0.157
1692129600,2023-08-15 16:00,2023-08-15,16.0,4438.11,2023-10-20,1697832000,66.0,0.94446,0.00023,2.0871,-0.81645,6.32623,0.26697,0.0,511.38,215 x 200,723.0,735.5,3750.0,11.2,11.5,728 x 943,11.6,-0.05167,0.00025,2.0226,-0.3664,-0.43601,0.26272,79.0,688.1,0.155
1692129600,2023-08-15 16:00,2023-08-15,16.0,4438.11,2023-10-20,1697832000,66.0,0.94394,0.00023,2.10582,-0.81593,6.33944,0.26353,0.0,542.49,100 x 115,713.1,725.6,3760.0,11.6,11.8,100 x 200,11.1,-0.05344,0.00017,2.07309,-0.37278,-0.4493,0.26165,40.0,678.1,0.153
1692129600,2023-08-15 16:00,2023-08-15,16.0,4438.11,2023-10-20,1697832000,66.0,0.94188,0.00022,2.17382,-0.82847,6.33811,0.26299,,0.0,215 x 200,703.8,716.2,3770.0,11.7,12.1,926 x 1169,11.1,-0.05432,0.00025,2.11054,-0.37602,-0.45985,0.25922,19.0,668.1,0.151
1692129600,2023-08-15 16:00,2023-08-15,16.0,4438.11,2023-10-20,1697832000,66.0,0.94071,0.00022,2.19631,-0.83165,6.3411,0.2615,0.0,543.91,115 x 100,699.0,711.4,3775.0,11.9,12.2,700 x 930,9.8,-0.05579,0.0002,2.13349,-0.37861,-0.46589,0.25878,1.0,663.1,0.149
1692129600,2023-08-15 16:00,2023-08-15,16.0,4438.11,2023-10-20,1697832000,66.0,0.93787,0.00025,2.2966,-0.85552,6.32124,0.26492,,0.0,100 x 200,696.1,706.5,3780.0,12.1,12.4,787 x 275,15.7,-0.05612,0.00023,2.16124,-0.38227,-0.47389,0.25759,1.0,658.1,0.148
1692129600,2023-08-15 16:00,2023-08-15,16.0,4438.11,2023-10-20,1697832000,66.0,0.9384,0.00024,2.26162,-0.84015,6.34973,0.25833,,0.0,215 x 200,684.6,696.9,3790.0,12.3,12.7,1002 x 1251,11.9,-0.05777,0.00022,2.20238,-0.3861,-0.48475,0.25605,2.0,648.1,0.146
1692129600,2023-08-15 16:00,2023-08-15,16.0,4438.11,2023-10-20,1697832000,66.0,0.93753,0.0002,2.30784,-0.84645,6.35431,0.25655,0.0,473.43,215 x 200,675.0,687.3,3800.0,12.7,13.0,428 x 100,12.42,-0.0598,0.00022,2.25358,-0.39247,-0.49948,0.25426,152.0,638.1,0.144
1692129600,2023-08-15 16:00,2023-08-15,16.0,4438.11,2023-10-20,1697832000,66.0,0.93534,0.00028,2.3549,-0.8521,6.35901,0.25506,,0.0,215 x 100,665.5,677.6,3810.0,13.0,13.4,1028 x 200,10.3,-0.06128,0.00025,2.3054,-0.3981,-0.51316,0.25226,1.0,628.1,0.142
1692129600,2023-08-15 16:00,2023-08-15,16.0,4438.11,2023-10-20,1697832000,66.0,0.93358,0.00023,2.40194,-0.85792,6.36378,0.2524,,0.0,215 x 200,655.9,668.0,3820.0,13.4,13.7,300 x 348,13.5,-0.06261,0.00023,2.35749,-0.40334,-0.52788,0.25041,1.0,618.1,0.139
1692129600,2023-08-15 16:00,2023-08-15,16.0,4438.11,2023-10-20,1697832000,66.0,0.93257,0.00026,2.4293,-0.86205,6.3641,0.2522,0.0,520.35,215 x 200,651.2,663.2,3825.0,13.5,13.8,580 x 936,10.7,-0.06356,0.00028,2.37649,-0.40517,-0.5331,0.2489,103.0,613.1,0.138
1692129600,2023-08-15 16:00,2023-08-15,16.0,4438.11,2023-10-20,1697832000,66.0,0.93167,0.0003,2.45293,-0.86542,6.36636,0.25132,,0.0,215 x 100,646.4,658.4,3830.0,13.6,14.0,985 x 950,11.6,-0.06489,0.00028,2.40061,-0.40749,-0.5404,0.24824,4.0,608.1,0.137
1692129600,2023-08-15 16:00,2023-08-15,16.0,4438.11,2023-10-20,1697832000,66.0,0.9261,0.00023,2.60902,-0.89918,6.33616,0.25463,1.0,0.0,15 x 15,642.1,646.2,3840.0,14.1,14.4,582 x 335,11.6,-0.06682,0.00023,2.46174,-0.41445,-0.55762,0.24697,3.0,598.1,0.135
1692129600,2023-08-15 16:00,2023-08-15,16.0,4438.11,2023-10-20,1697832000,66.0,0.92825,0.00032,2.56129,-0.87923,6.37036,0.24752,1.0,704.58,215 x 200,627.4,639.3,3850.0,14.5,14.8,217 x 362,12.16,-0.06852,0.00023,2.51747,-0.42121,-0.57455,0.24504,6.0,588.1,0.133
1692129600,2023-08-15 16:00,2023-08-15,16.0,4438.11,2023-10-20,1697832000,66.0,0.92658,0.00027,2.61325,-0.88568,6.37216,0.24495,,0.0,215 x 200,617.9,629.7,3860.0,14.7,15.1,1045 x 750,15.0,-0.07,0.00028,2.56193,-0.42377,-0.58757,0.24249,1.0,578.1,0.13
1692129600,2023-08-15 16:00,2023-08-15,16.0,4438.11,2023-10-20,1697832000,66.0,0.92342,0.00034,2.68973,-0.89784,6.36756,0.24423,0.0,413.65,100 x 100,610.5,618.6,3870.0,15.1,15.5,850 x 813,12.0,-0.07262,0.00029,2.61879,-0.42994,-0.60441,0.24092,5.0,568.1,0.128
1692129600,2023-08-15 16:00,2023-08-15,16.0,4438.11,2023-10-20,1697832000,66.0,0.92329,0.00027,2.69883,-0.8968,6.37392,0.24304,0.0,509.78,100 x 66,605.8,613.3,3875.0,15.3,15.7,994 x 738,12.15,-0.0735,0.00035,2.64777,-0.43293,-0.61244,0.23964,6.0,563.1,0.127
1692129600,2023-08-15 16:00,2023-08-15,16.0,4438.11,2023-10-20,1697832000,66.0,0.91917,0.00027,2.81098,-0.9219,6.3467,0.24524,,0.0,100 x 200,601.1,610.7,3880.0,15.5,15.9,1046 x 824,15.35,-0.07481,0.00036,2.67658,-0.43505,-0.62071,0.23927,1.0,558.1,0.126
1692129600,2023-08-15 16:00,2023-08-15,16.0,4438.11,2023-10-20,1697832000,66.0,0.92047,0.00031,2.7886,-0.90746,6.37241,0.23977,,0.0,100 x 112,591.6,599.1,3890.0,15.9,16.3,920 x 715,14.54,-0.07669,0.00034,2.73473,-0.44059,-0.63789,0.23759,12.0,548.1,0.123
1692129600,2023-08-15 16:00,2023-08-15,16.0,4438.11,2023-10-20,1697832000,66.0,0.91498,0.00029,2.92359,-0.93404,6.34685,0.24204,1.0,607.45,200 x 100,582.2,591.6,3900.0,16.5,16.9,547 x 602,15.95,-0.07885,0.00029,2.80753,-0.44941,-0.66099,0.23659,25.0,538.1,0.121
1692129600,2023-08-15 16:00,2023-08-15,16.0,4438.11,2023-10-20,1697832000,66.0,0.91214,0.00038,2.99714,-0.94445,6.34059,0.24096,0.0,422.96,15 x 75,575.2,580.1,3910.0,16.8,17.2,974 x 630,24.42,-0.08116,0.00035,2.85825,-0.45305,-0.67631,0.23334,20.0,528.1,0.119
1692129600,2023-08-15 16:00,2023-08-15,16.0,4438.11,2023-10-20,1697832000,66.0,0.9128,0.00038,2.97669,-0.92993,6.36712,0.23463,0.0,413.71,100 x 104,563.4,570.7,3920.0,17.3,17.7,780 x 691,14.44,-0.08337,0.00036,2.92477,-0.45929,-0.69643,0.23264,16.0,518.1,0.117
1692129600,2023-08-15 16:00,2023-08-15,16.0,4438.11,2023-10-20,1697832000,66.0,0.91162,0.00037,3.00378,-0.93289,6.36712,0.23367,0.0,535.9,100 x 20,558.7,565.9,3925.0,17.5,17.9,908 x 526,14.2,-0.08426,0.00031,2.95389,-0.46157,-0.70503,0.23089,1.0,513.1,0.116
1692129600,2023-08-15 16:00,2023-08-15,16.0,4438.11,2023-10-20,1697832000,66.0,0.91098,0.00037,3.03677,-0.936,6.36565,0.23278,0.0,370.0,100 x 26,554.0,561.2,3930.0,17.9,18.3,590 x 548,17.8,-0.08603,0.00032,2.99801,-0.46781,-0.72003,0.23127,1.0,508.1,0.114
1692129600,2023-08-15 16:00,2023-08-15,16.0,4438.11,2023-10-20,1697832000,66.0,0.90833,0.00042,3.10604,-0.94435,6.35986,0.23098,0.0,525.86,100 x 33,544.7,551.8,3940.0,18.4,18.8,512 x 477,17.34,-0.08898,0.00033,3.0648,-0.47344,-0.74068,0.22879,1.0,498.1,0.112
1692129600,2023-08-15 16:00,2023-08-15,16.0,4438.11,2023-10-20,1697832000,66.0,0.90191,0.00041,3.25423,-0.97309,6.32681,0.23287,1.0,427.49,15 x 161,537.6,542.5,3950.0,18.8,19.2,562 x 401,17.76,-0.091,0.00036,3.12222,-0.47701,-0.75892,0.22666,16.0,488.1,0.11
1692129600,2023-08-15 16:00,2023-08-15,16.0,4438.11,2023-10-20,1697832000,66.0,0.89932,0.00036,3.31953,-0.97958,6.32302,0.231,0.0,347.06,15 x 139,528.2,533.1,3960.0,19.5,19.9,325 x 534,18.95,-0.09502,0.00038,3.20386,-0.48621,-0.78538,0.2257,1.0,478.1,0.108
1692129600,2023-08-15 16:00,2023-08-15,16.0,4438.11,2023-10-20,1697832000,66.0,0.89596,0.00044,3.39111,-0.98776,6.31628,0.2291,0.0,389.05,15 x 199,518.9,523.8,3970.0,19.9,20.3,753 x 595,18.74,-0.09677,0.00043,3.26507,-0.49052,-0.8052,0.22348,4.0,468.1,0.105
1692129600,2023-08-15 16:00,2023-08-15,16.0,4438.11,2023-10-20,1697832000,66.0,0.89486,0.0004,3.42372,-0.98999,6.31313,0.22878,0.0,552.73,15 x 171,514.2,519.1,3975.0,20.3,20.8,515 x 521,19.49,-0.09937,0.00041,3.31239,-0.49595,-0.82146,0.2232,101.0,463.1,0.104
1692129600,2023-08-15 16:00,2023-08-15,16.0,4438.11,2023-10-20,1697832000,66.0,0.89348,0.00041,3.45962,-0.99368,6.30941,0.22693,0.0,511.92,15 x 215,509.5,514.5,3980.0,20.6,21.1,570 x 524,21.04,-0.10088,0.00042,3.34936,-0.49988,-0.83345,0.22179,10.0,458.1,0.103
1692129600,2023-08-15 16:00,2023-08-15,16.0,4438.11,2023-10-20,1697832000,66.0,0.89003,0.00045,3.53197,-1.00138,6.30176,0.22581,0.0,490.43,15 x 115,500.2,505.2,3990.0,21.2,21.6,325 x 75,19.92,-0.10307,0.00043,3.42076,-0.50528,-0.85731,0.22066,1.0,448.1,0.101
1692129600,2023-08-15 16:00,2023-08-15,16.0,4438.11,2023-10-20,1697832000,66.0,0.88715,0.00047,3.59851,-1.00625,6.29658,0.22329,10.0,515.48,100 x 100,489.1,497.5,4000.0,21.9,22.3,250 x 325,19.87,-0.107,0.00046,3.5014,-0.51267,-0.88421,0.21919,303.0,438.1,0.099
1692129600,2023-08-15 16:00,2023-08-15,16.0,4438.11,2023-10-20,1697832000,66.0,0.8838,0.00051,3.67667,-1.01432,6.28507,0.22141,6.0,471.36,87 x 200,481.5,486.7,4010.0,22.5,23.0,250 x 362,20.15,-0.1105,0.00047,3.5795,-0.51905,-0.91136,0.21651,10.0,428.1,0.096
1692129600,2023-08-15 16:00,2023-08-15,16.0,4438.11,2023-10-20,1697832000,66.0,0.88123,0.00047,3.75228,-1.02123,6.27481,0.22,1.0,594.71,84 x 200,472.3,477.4,4020.0,23.1,23.6,400 x 150,16.6,-0.11305,0.00043,3.65369,-0.52451,-0.93695,0.21505,1.0,418.1,0.094
1692129600,2023-08-15 16:00,2023-08-15,16.0,4438.11,2023-10-20,1697832000,66.0,0.87908,0.00046,3.79123,-1.02517,6.26951,0.21883,8.0,479.71,87 x 200,467.7,472.8,4025.0,23.6,24.0,100 x 193,22.36,-0.11507,0.00052,3.70073,-0.52968,-0.9541,0.21418,33.0,413.1,0.093
1692129600,2023-08-15 16:00,2023-08-15,16.0,4438.11,2023-10-20,1697832000,66.0,0.87763,0.0005,3.83378,-1.02972,6.26251,0.21808,0.0,281.39,107 x 200,463.2,468.2,4030.0,23.8,24.3,325 x 75,24.92,-0.11709,0.00048,3.73499,-0.53045,-0.96567,0.21378,1.0,408.1,0.092
1692129600,2023-08-15 16:00,2023-08-15,16.0,4438.11,2023-10-20,1697832000,66.0,0.87389,0.00053,3.91511,-1.03762,6.24903,0.21672,0.0,404.97,35 x 200,454.1,459.0,4040.0,24.6,25.1,100 x 348,23.82,-0.12134,0.00047,3.82183,-0.5387,-0.99644,0.21213,43.0,398.1,0.09
1692129600,2023-08-15 16:00,2023-08-15,16.0,4438.11,2023-10-20,1697832000,66.0,0.86985,0.00048,3.98881,-1.04253,6.23901,0.21416,6.0,502.1,200 x 200,443.2,451.3,4050.0,25.1,25.5,650 x 350,26.42,-0.12421,0.00052,3.8885,-0.53995,-1.02042,0.20919,103.0,388.1,0.087
1692129600,2023-08-15 16:00,2023-08-15,16.0,4438.11,2023-10-20,1697832000,66.0,0.8654,0.0005,4.08109,-1.05257,6.21986,0.21316,0.0,266.1,110 x 200,435.8,440.8,4060.0,26.1,26.6,250 x 150,32.09,-0.12887,0.00055,3.99015,-0.55071,-1.05774,0.20876,1.0,378.1,0.085
1692129600,2023-08-15 16:00,2023-08-15,16.0,4438.11,2023-10-20,1697832000,66.0,0.86144,0.00056,4.16554,-1.05924,6.20334,0.21074,1.0,466.73,131 x 200,426.7,431.7,4070.0,26.9,27.4,100 x 75,21.6,-0.13302,0.00053,4.07659,-0.55725,-1.09035,0.20666,1.0,368.1,0.083
1692129600,2023-08-15 16:00,2023-08-15,16.0,4438.11,2023-10-20,1697832000,66.0,0.85922,0.00059,4.20991,-1.06317,6.19399,0.21017,11.0,482.27,102 x 200,422.2,427.2,4075.0,27.3,27.8,250 x 175,24.85,-0.13475,0.00058,4.12016,-0.55998,-1.10709,0.20576,218.0,363.1,0.082
1692129600,2023-08-15 16:00,2023-08-15,16.0,4438.11,2023-10-20,1697832000,66.0,0.85706,0.00056,4.25281,-1.06677,6.18563,0.2097,0.0,378.27,31 x 115,417.7,422.6,4080.0,27.7,28.3,325 x 325,24.6,-0.13674,0.00058,4.16632,-0.564,-1.12414,0.20495,26.0,358.1,0.081
1692129600,2023-08-15 16:00,2023-08-15,16.0,4438.11,2023-10-20,1697832000,66.0,0.85353,0.00058,4.33855,-1.07395,6.16764,0.20774,10.0,393.02,161 x 200,408.6,413.6,4090.0,28.4,28.9,425 x 250,26.4,-0.14101,0.0006,4.2452,-0.56683,-1.15357,0.20233,4.0,348.1,0.078
1692129600,2023-08-15 16:00,2023-08-15,16.0,4438.11,2023-10-20,1697832000,66.0,0.85077,0.00065,4.38173,-1.06786,6.16883,0.20428,3.0,395.96,200 x 58,398.1,404.2,4100.0,29.3,29.7,439 x 346,30.3,-0.14501,0.00061,4.33492,-0.57242,-1.18895,0.20118,302.0,338.1,0.076
1692129600,2023-08-15 16:00,2023-08-15,16.0,4438.11,2023-10-20,1697832000,66.0,0.84395,0.00059,4.51887,-1.08789,6.12687,0.2046,1.0,429.69,123 x 200,390.7,395.6,4110.0,30.4,31.0,150 x 150,34.42,-0.15021,0.00059,4.44203,-0.58268,-1.23097,0.19962,2.0,328.1,0.074
1692129600,2023-08-15 16:00,2023-08-15,16.0,4438.11,2023-10-20,1697832000,66.0,0.84159,0.00063,4.56335,-1.09056,6.11554,0.20353,,0.0,161 x 200,386.2,391.1,4115.0,30.9,31.5,225 x 75,24.63,-0.15354,0.00065,4.48956,-0.58586,-1.25011,0.1994,10.0,323.1,0.073
1692129600,2023-08-15 16:00,2023-08-15,16.0,4438.11,2023-10-20,1697832000,66.0,0.83953,0.00058,4.61026,-1.09462,6.10396,0.20226,13.0,306.35,106 x 200,381.8,386.6,4120.0,31.5,32.0,75 x 225,29.79,-0.15534,0.00061,4.53967,-0.58929,-1.27088,0.19798,59.0,318.1,0.072
1692129600,2023-08-15 16:00,2023-08-15,16.0,4438.11,2023-10-20,1697832000,66.0,0.83707,0.00066,4.64707,-1.09535,6.09662,0.20093,10.0,435.36,177 x 28,377.3,381.8,4125.0,31.9,32.5,225 x 225,30.19,-0.15779,0.00069,4.58532,-0.59201,-1.28998,0.19772,15.0,313.1,0.071
1692129600,2023-08-15 16:00,2023-08-15,16.0,4438.11,2023-10-20,1697832000,66.0,0.83417,0.0006,4.7023,-1.10113,6.08037,0.20019,2.0,446.74,142 x 215,372.9,377.7,4130.0,32.4,33.0,225 x 225,30.11,-0.16068,0.00066,4.63261,-0.59375,-1.3088,0.19635,57.0,308.1,0.069
1692129600,2023-08-15 16:00,2023-08-15,16.0,4438.11,2023-10-20,1697832000,66.0,0.83158,0.00064,4.74924,-1.10418,6.06754,0.19948,,0.0,209 x 215,368.4,373.3,4135.0,32.9,33.5,150 x 225,31.3,-0.16323,0.00064,4.67972,-0.59702,-1.32788,0.19567,99.0,303.1,0.068
1692129600,2023-08-15 16:00,2023-08-15,16.0,4438.11,2023-10-20,1697832000,66.0,0.82901,0.00068,4.79743,-1.1073,6.0546,0.19876,1.0,485.47,201 x 215,364.0,368.9,4140.0,33.2,33.7,300 x 225,27.85,-0.16512,0.00071,4.71604,-0.59652,-1.34296,0.19382,10.0,298.1,0.067
1692129600,2023-08-15 16:00,2023-08-15,16.0,4438.11,2023-10-20,1697832000,66.0,0.82628,0.00065,4.84632,-1.11141,6.0409,0.19815,,0.0,198 x 215,359.6,364.5,4145.0,34.0,34.6,75 x 150,25.4,-0.16861,0.00069,4.77935,-0.60289,-1.37052,0.19445,51.0,293.1,0.066
1692129600,2023-08-15 16:00,2023-08-15,16.0,4438.11,2023-10-20,1697832000,66.0,0.82352,0.00073,4.89351,-1.11422,6.02668,0.19692,97.0,448.56,15 x 15,356.6,358.7,4150.0,34.5,35.1,75 x 75,35.27,-0.17152,0.00071,4.82712,-0.60522,-1.38979,0.19309,58.0,288.1,0.065
1692129600,2023-08-15 16:00,2023-08-15,16.0,4438.11,2023-10-20,1697832000,66.0,0.8209,0.00066,4.94218,-1.11748,6.01248,0.19647,,0.0,207 x 215,350.8,355.7,4155.0,35.0,35.7,150 x 150,32.26,-0.17422,0.00067,4.87639,-0.60753,-1.41117,0.19233,3.0,283.1,0.064
1692129600,2023-08-15 16:00,2023-08-15,16.0,4438.11,2023-10-20,1697832000,66.0,0.81791,0.00075,4.99002,-1.12024,5.99864,0.19537,0.0,205.98,215 x 215,346.4,351.3,4160.0,35.6,36.3,225 x 225,29.4,-0.17676,0.00073,4.92773,-0.61104,-1.43348,0.19192,380.0,278.1,0.063
1692129600,2023-08-15 16:00,2023-08-15,16.0,4438.11,2023-10-20,1697832000,66.0,0.81574,0.00067,5.0374,-1.12281,5.98445,0.19486,1.0,368.22,200 x 200,342.0,346.9,4165.0,36.2,36.9,300 x 150,29.84,-0.17952,0.0007,4.97899,-0.6135,-1.45664,0.19107,40.0,273.1,0.062
1692129600,2023-08-15 16:00,2023-08-15,16.0,4438.11,2023-10-20,1697832000,66.0,0.81242,0.00075,5.08835,-1.12677,5.9681,0.19402,1.0,397.86,193 x 200,337.7,342.6,4170.0,36.8,37.5,75 x 150,30.11,-0.18319,0.00075,5.03043,-0.61646,-1.47868,0.1894,3.0,268.1,0.06
1692129600,2023-08-15 16:00,2023-08-15,16.0,4438.11,2023-10-20,1697832000,66.0,0.80962,0.00069,5.1373,-1.12923,5.95178,0.19321,2.0,424.07,157 x 200,333.4,338.2,4175.0,37.4,38.1,225 x 300,36.34,-0.186,0.00077,5.08052,-0.61952,-1.50118,0.18862,1.0,263.1,0.059
1692129600,2023-08-15 16:00,2023-08-15,16.0,4438.11,2023-10-20,1697832000,66.0,0.80684,0.00072,5.18638,-1.13243,5.93623,0.19178,1.0,310.88,200 x 200,329.0,333.9,4180.0,37.6,38.3,405 x 225,33.66,-0.18774,0.00078,5.11667,-0.61714,-1.51699,0.1871,9.0,258.1,0.058
1692129600,2023-08-15 16:00,2023-08-15,16.0,4438.11,2023-10-20,1697832000,66.0,0.8035,0.00079,5.23339,-1.13455,5.92083,0.19077,,0.0,197 x 100,324.7,329.4,4185.0,38.6,39.3,75 x 75,28.58,-0.192,0.00083,5.18208,-0.62409,-1.54777,0.18716,2.0,253.1,0.057
1692129600,2023-08-15 16:00,2023-08-15,16.0,4438.11,2023-10-20,1697832000,66.0,0.80005,0.00081,5.28543,-1.138,5.90227,0.1907,1.0,287.32,193 x 200,320.4,325.2,4190.0,39.2,40.0,225 x 150,37.09,-0.19484,0.00081,5.23462,-0.62626,-1.57089,0.18632,1.0,248.1,0.056
1692129600,2023-08-15 16:00,2023-08-15,16.0,4438.11,2023-10-20,1697832000,66.0,0.79682,0.00081,5.33636,-1.14063,5.88458,0.18899,,0.0,196 x 200,316.1,320.9,4195.0,39.9,40.6,300 x 75,34.55,-0.19839,0.00079,5.28618,-0.62924,-1.59586,0.1852,1.0,243.1,0.055
1692129600,2023-08-15 16:00,2023-08-15,16.0,4438.11,2023-10-20,1697832000,66.0,0.7943,0.00076,5.38154,-1.14172,5.86906,0.18775,2.0,332.27,200 x 200,310.5,317.6,4200.0,40.7,41.3,45 x 120,41.4,-0.20244,0.00083,5.34065,-0.63242,-1.62155,0.18472,89.0,238.1,0.054
1692129600,2023-08-15 16:00,2023-08-15,16.0,4438.11,2023-10-20,1697832000,66.0,0.79099,0.00084,5.43731,-1.14587,5.84779,0.18779,1.0,405.43,200 x 200,307.5,312.4,4205.0,41.2,42.0,231 x 120,39.05,-0.20535,0.00081,5.39076,-0.63379,-1.64527,0.18442,1.0,233.1,0.053
1692129600,2023-08-15 16:00,2023-08-15,16.0,4438.11,2023-10-20,1697832000,66.0,0.78742,0.0008,5.4865,-1.14815,5.82926,0.18728,9.0,359.15,200 x 200,303.2,308.1,4210.0,41.5,42.2,422 x 336,36.4,-0.20792,0.0008,5.42832,-0.63073,-1.66165,0.18214,2.0,228.1,0.051
1692129600,2023-08-15 16:00,2023-08-15,16.0,4438.11,2023-10-20,1697832000,66.0,0.78465,0.00084,5.53709,-1.15037,5.80993,0.18546,2.0,324.36,199 x 200,299.0,303.8,4215.0,42.2,42.9,432 x 336,38.93,-0.21094,0.00087,5.48121,-0.63314,-1.68742,0.181,3.0,223.1,0.05
1692129600,2023-08-15 16:00,2023-08-15,16.0,4438.11,2023-10-20,1697832000,66.0,0.78112,0.00085,5.58811,-1.15269,5.78977,0.18504,1.0,302.57,200 x 200,294.7,299.6,4220.0,43.3,44.1,165 x 90,37.93,-0.21539,0.00084,5.5472,-0.64018,-1.72103,0.18139,2.0,218.1,0.049
1692129600,2023-08-15 16:00,2023-08-15,16.0,4438.11,2023-10-20,1697832000,66.0,0.77748,0.00081,5.63956,-1.155,5.76913,0.18452,16.0,291.15,200 x 200,290.5,295.4,4225.0,44.1,44.8,120 x 90,44.49,-0.21909,0.00084,5.60063,-0.64222,-1.74743,0.18086,72.0,213.1,0.048
1692129600,2023-08-15 16:00,2023-08-15,16.0,4438.11,2023-10-20,1697832000,66.0,0.77348,0.00089,5.68969,-1.15678,5.74839,0.18375,6.0,314.31,200 x 200,286.3,291.1,4230.0,44.3,45.1,410 x 190,35.88,-0.22187,0.00089,5.63935,-0.63829,-1.76539,0.17871,5.0,208.1,0.047
1692129600,2023-08-15 16:00,2023-08-15,16.0,4438.11,2023-10-20,1697832000,66.0,0.77009,0.00085,5.74088,-1.1594,5.72702,0.18242,12.0,312.07,198 x 200,282.1,286.9,4235.0,45.5,46.3,165 x 90,43.39,-0.22658,0.00093,5.70472,-0.64566,-1.80056,0.17857,1.0,203.1,0.046
1692129600,2023-08-15 16:00,2023-08-15,16.0,4438.11,2023-10-20,1697832000,66.0,0.7669,0.00083,5.79212,-1.16134,5.70522,0.18148,12.0,306.64,200 x 200,277.9,282.8,4240.0,46.2,47.1,255 x 90,39.33,-0.23057,0.00095,5.75721,-0.64707,-1.82698,0.17809,5.0,198.1,0.045
1692129600,2023-08-15 16:00,2023-08-15,16.0,4438.11,2023-10-20,1697832000,66.0,0.76279,0.00087,5.84411,-1.16353,5.6818,0.18058,12.0,301.99,133 x 200,273.8,278.6,4245.0,46.6,47.4,365 x 190,43.99,-0.23371,0.00094,5.79823,-0.64385,-1.84771,0.17607,4.0,193.1,0.044
1692129600,2023-08-15 16:00,2023-08-15,16.0,4438.11,2023-10-20,1697832000,66.0,0.75931,0.00096,5.88963,-1.16357,5.66229,0.17964,3.0,266.81,200 x 200,268.3,275.4,4250.0,47.9,48.6,45 x 45,48.35,-0.23791,0.00094,5.86342,-0.65033,-1.88314,0.17639,1029.0,188.1,0.042
1692129600,2023-08-15 16:00,2023-08-15,16.0,4438.11,2023-10-20,1697832000,66.0,0.75478,0.00091,5.94567,-1.16631,5.63585,0.17867,,0.0,121 x 200,265.5,270.3,4255.0,48.6,49.4,255 x 45,43.62,-0.24245,0.00098,5.91376,-0.65073,-1.90997,0.17515,33.0,183.1,0.041
1692129600,2023-08-15 16:00,2023-08-15,16.0,4438.11,2023-10-20,1697832000,66.0,0.75475,0.00095,5.94535,-1.14722,5.64746,0.17461,1.0,337.78,30 x 30,255.4,267.8,4260.0,49.5,50.3,179 x 90,39.9,-0.24594,0.00094,5.96914,-0.653,-1.94048,0.1742,9.0,178.1,0.04
1692129600,2023-08-15 16:00,2023-08-15,16.0,4438.11,2023-10-20,1697832000,66.0,0.75088,0.00097,5.99673,-1.14838,5.62255,0.17385,1.0,296.71,30 x 30,251.3,263.6,4265.0,50.3,51.1,276 x 45,40.1,-0.24993,0.00101,6.02038,-0.65402,-1.96796,0.17378,9.0,173.1,0.039
1692129600,2023-08-15 16:00,2023-08-15,16.0,4438.11,2023-10-20,1697832000,66.0,0.7432,0.00095,6.09709,-1.171,5.56135,0.17693,1.0,367.44,173 x 200,253.1,258.0,4270.0,51.2,52.0,75 x 45,44.13,-0.25488,0.00096,6.07293,-0.65546,-1.99816,0.17335,1.0,168.1,0.038
1692129600,2023-08-15 16:00,2023-08-15,16.0,4438.11,2023-10-20,1697832000,66.0,0.73914,0.001,6.14864,-1.1721,5.53543,0.17534,6.0,258.03,76 x 200,249.1,253.9,4275.0,52.2,52.9,45 x 90,49.77,-0.25934,0.00106,6.12714,-0.65644,-2.0283,0.17258,13.0,163.1,0.037
1692129600,2023-08-15 16:00,2023-08-15,16.0,4438.11,2023-10-20,1697832000,66.0,0.73522,0.00103,6.19846,-1.17239,5.50939,0.17468,1.0,274.1,117 x 200,245.0,249.8,4280.0,53.0,53.8,75 x 45,50.55,-0.26321,0.00103,6.17785,-0.65718,-2.05827,0.1711,4.0,158.1,0.036
1692129600,2023-08-15 16:00,2023-08-15,16.0,4438.11,2023-10-20,1697832000,66.0,0.73025,0.00102,6.24858,-1.17418,5.48195,0.17418,,0.0,79 x 200,241.0,245.8,4285.0,53.3,54.1,165 x 45,56.34,-0.26634,0.00103,6.21627,-0.65237,-2.07884,0.16902,39.0,153.1,0.035
1692129600,2023-08-15 16:00,2023-08-15,16.0,4438.11,2023-10-20,1697832000,66.0,0.72678,0.00105,6.29644,-1.17404,5.45616,0.17285,2.0,247.01,148 x 200,236.9,241.7,4290.0,54.8,55.6,75 x 45,57.0,-0.27261,0.00109,6.27942,-0.65842,-2.11758,0.16916,4.0,148.1,0.033
1692129600,2023-08-15 16:00,2023-08-15,16.0,4438.11,2023-10-20,1697832000,66.0,0.72245,0.00106,6.34657,-1.17475,5.42741,0.17199,1.0,277.16,143 x 200,232.9,237.7,4295.0,55.8,56.6,75 x 90,49.42,-0.27643,0.00105,6.33121,-0.65891,-2.14942,0.16914,859.0,143.1,0.032
1692129600,2023-08-15 16:00,2023-08-15,16.0,4438.11,2023-10-20,1697832000,66.0,0.72007,0.00107,6.37048,-1.16262,5.4206,0.16942,1.0,240.25,45 x 45,228.3,231.4,4300.0,56.7,57.5,268 x 45,59.0,-0.28177,0.00111,6.38143,-0.65864,-2.17952,0.1673,164.0,138.1,0.031
1692129600,2023-08-15 16:00,2023-08-15,16.0,4438.11,2023-10-20,1697832000,66.0,0.71262,0.0011,6.44625,-1.17619,5.3687,0.1703,2.0,236.87,78 x 200,225.0,229.7,4305.0,57.9,58.6,45 x 90,55.25,-0.28606,0.00113,6.43408,-0.66041,-2.21352,0.16715,1.0,133.1,0.03
1692129600,2023-08-15 16:00,2023-08-15,16.0,4438.11,2023-10-20,1697832000,66.0,0.7092,0.00105,6.49127,-1.17416,5.3414,0.16945,1.0,332.64,30 x 30,222.3,224.1,4310.0,58.7,59.6,75 x 45,51.5,-0.2909,0.00111,6.48219,-0.65982,-2.24346,0.16624,9.0,128.1,0.029
1692129600,2023-08-15 16:00,2023-08-15,16.0,4438.11,2023-10-20,1697832000,66.0,0.7034,0.00112,6.54042,-1.17474,5.30948,0.16903,2.0,246.33,15 x 30,218.5,220.2,4315.0,59.7,60.6,120 x 90,57.3,-0.29631,0.0011,6.53038,-0.65917,-2.2749,0.16498,41.0,123.1,0.028
1692129600,2023-08-15 16:00,2023-08-15,16.0,4438.11,2023-10-20,1697832000,66.0,0.69901,0.00109,6.58826,-1.17465,5.27847,0.16783,2.0,241.7,15 x 30,214.5,216.3,4320.0,60.2,61.0,120 x 120,53.14,-0.30017,0.00119,6.57081,-0.65352,-2.29957,0.16325,14.0,118.1,0.027
1692129600,2023-08-15 16:00,2023-08-15,16.0,4438.11,2023-10-20,1697832000,66.0,0.69412,0.00115,6.63509,-1.1733,5.2478,0.16642,1.0,240.36,30 x 30,210.5,212.4,4325.0,61.8,62.7,120 x 90,64.03,-0.3067,0.00116,6.62767,-0.65805,-2.33959,0.16355,60.0,113.1,0.025
1692129600,2023-08-15 16:00,2023-08-15,16.0,4438.11,2023-10-20,1697832000,66.0,0.68986,0.00115,6.68253,-1.17408,5.21358,0.16625,1.0,216.33,30 x 30,206.8,208.5,4330.0,62.2,63.1,210 x 120,58.53,-0.31037,0.00122,6.66573,-0.65175,-2.36338,0.16155,59.0,108.1,0.024
1692129600,2023-08-15 16:00,2023-08-15,16.0,4438.11,2023-10-20,1697832000,66.0,0.68594,0.00116,6.71144,-1.16161,5.19811,0.16262,1.0,226.41,15 x 15,201.6,203.1,4335.0,63.9,64.8,165 x 45,53.03,-0.31648,0.00117,6.72056,-0.65592,-2.40434,0.16144,1.0,103.1,0.023
1692129600,2023-08-15 16:00,2023-08-15,16.0,4438.11,2023-10-20,1697832000,66.0,0.67933,0.0011,6.77438,-1.17277,5.14655,0.1647,2.0,220.19,30 x 30,199.1,200.8,4340.0,64.5,65.3,120 x 120,53.98,-0.3209,0.00124,6.76024,-0.65027,-2.43074,0.16,1.0,98.1,0.022
1692129600,2023-08-15 16:00,2023-08-15,16.0,4438.11,2023-10-20,1697832000,66.0,0.67616,0.00113,6.8041,-1.15996,5.12858,0.16109,0.0,192.9,15 x 30,193.8,195.7,4345.0,66.2,67.1,120 x 45,60.04,-0.32787,0.00126,6.81186,-0.65454,-2.47104,0.15959,1.0,93.1,0.021
1692129600,2023-08-15 16:00,2023-08-15,16.0,4438.11,2023-10-20,1697832000,66.0,0.669,0.00119,6.8632,-1.17008,5.07546,0.16201,8.0,191.68,60 x 60,191.5,193.2,4350.0,67.4,68.2,162 x 45,63.62,-0.33327,0.00122,6.8565,-0.65283,-2.50384,0.15905,27.0,88.1,0.02
1692129600,2023-08-15 16:00,2023-08-15,16.0,4438.11,2023-10-20,1697832000,66.0,0.66331,0.00117,6.91255,-1.17287,5.03294,0.16228,0.0,185.05,58 x 100,186.4,191.9,4355.0,68.6,69.5,45 x 45,66.0,-0.33893,0.0013,6.90007,-0.65125,-2.53821,0.15792,234.0,83.1,0.019
1692129600,2023-08-15 16:00,2023-08-15,16.0,4438.11,2023-10-20,1697832000,66.0,0.66019,0.00119,6.93732,-1.15655,5.01836,0.15869,1.0,190.53,15 x 15,182.7,184.2,4360.0,69.8,70.7,45 x 45,64.73,-0.34473,0.00129,6.94237,-0.64949,-2.57182,0.15732,2.0,78.1,0.018
1692129600,2023-08-15 16:00,2023-08-15,16.0,4438.11,2023-10-20,1697832000,66.0,0.65323,0.00125,6.99031,-1.1652,4.96592,0.15962,1.0,209.45,15 x 30,180.2,181.9,4365.0,71.0,71.9,45 x 45,73.96,-0.35092,0.0013,6.98304,-0.64778,-2.60567,0.15691,20.0,73.1,0.016
1692129600,2023-08-15 16:00,2023-08-15,16.0,4438.11,2023-10-20,1697832000,66.0,0.6473,0.00119,7.03199,-1.16228,4.92759,0.15924,1.0,217.38,15 x 30,176.5,178.2,4370.0,72.2,73.2,90 x 45,59.29,-0.35623,0.00126,7.02335,-0.64488,-2.63969,0.15547,10.0,68.1,0.015
1692129600,2023-08-15 16:00,2023-08-15,16.0,4438.11,2023-10-20,1697832000,66.0,0.64109,0.0012,7.07171,-1.16092,4.88734,0.15804,3.0,202.09,30 x 15,172.9,174.6,4375.0,73.1,73.7,90 x 45,63.14,-0.3616,0.00138,7.05788,-0.63877,-2.6673,0.15419,68.0,63.1,0.014
1692129600,2023-08-15 16:00,2023-08-15,16.0,4438.11,2023-10-20,1697832000,66.0,0.63616,0.00128,7.10993,-1.15824,4.8488,0.15765,4.0,182.49,15 x 30,169.2,170.9,4380.0,74.9,75.8,45 x 45,59.92,-0.36903,0.00135,7.09995,-0.64005,-2.70676,0.15399,10.0,58.1,0.013
1692129600,2023-08-15 16:00,2023-08-15,16.0,4438.11,2023-10-20,1697832000,66.0,0.62947,0.00126,7.14847,-1.15627,4.80587,0.15622,,0.0,45 x 30,165.9,167.3,4385.0,76.2,77.1,45 x 45,79.6,-0.37457,0.0014,7.1351,-0.63686,-2.74056,0.15273,1.0,53.1,0.012
1692129600,2023-08-15 16:00,2023-08-15,16.0,4438.11,2023-10-20,1697832000,66.0,0.62376,0.00124,7.18436,-1.1524,4.76585,0.15536,1.0,219.71,60 x 45,162.1,163.7,4390.0,76.8,77.7,120 x 90,70.25,-0.38103,0.00137,7.16527,-0.62839,-2.76703,0.15094,13.0,48.1,0.011
1692129600,2023-08-15 16:00,2023-08-15,16.0,4438.11,2023-10-20,1697832000,66.0,0.6178,0.00128,7.21932,-1.1497,4.72348,0.15464,1.0,170.9,15 x 45,158.5,160.1,4395.0,78.2,79.1,75 x 90,73.05,-0.38715,0.00139,7.19902,-0.62485,-2.8007,0.14989,35.0,43.1,0.01
1692129600,2023-08-15 16:00,2023-08-15,16.0,4438.11,2023-10-20,1697832000,66.0,0.6122,0.00134,7.25333,-1.14599,4.68196,0.15364,1.0,187.45,15 x 75,154.8,156.6,4400.0,79.6,80.5,195 x 112,77.34,-0.3943,0.0014,7.23085,-0.62165,-2.83416,0.1488,136.0,38.1,0.009
1692129600,2023-08-15 16:00,2023-08-15,16.0,4438.11,2023-10-20,1697832000,66.0,0.60653,0.00132,7.28199,-1.13374,4.64638,0.15116,1.0,162.7,15 x 15,150.1,152.0,4405.0,81.0,82.0,105 x 75,84.62,-0.40139,0.00149,7.26017,-0.61746,-2.86735,0.14861,20.0,33.1,0.007
1692129600,2023-08-15 16:00,2023-08-15,16.0,4438.11,2023-10-20,1697832000,66.0,0.59958,0.00138,7.31714,-1.13846,4.59283,0.15211,12.0,194.01,15 x 45,147.9,149.6,4410.0,83.2,84.2,75 x 30,76.05,-0.40837,0.0015,7.29162,-0.61975,-2.90749,0.14802,1.0,28.1,0.006
1692129600,2023-08-15 16:00,2023-08-15,16.0,4438.11,2023-10-20,1697832000,66.0,0.59415,0.00131,7.34249,-1.12388,4.55766,0.1499,1.0,236.1,15 x 30,143.3,144.5,4415.0,84.7,85.7,75 x 30,69.3,-0.41529,0.00147,7.31681,-0.61506,-2.94025,0.14756,2.0,23.1,0.005
1692129600,2023-08-15 16:00,2023-08-15,16.0,4438.11,2023-10-20,1697832000,66.0,0.58682,0.00133,7.37473,-1.12991,4.502,0.15055,10.0,182.91,15 x 45,141.1,142.7,4420.0,85.5,86.4,105 x 45,79.8,-0.42194,0.00155,7.33789,-0.60407,-2.96563,0.14542,40.0,18.1,0.004
1692129600,2023-08-15 16:00,2023-08-15,16.0,4438.11,2023-10-20,1697832000,66.0,0.57967,0.00136,7.40061,-1.12508,4.45461,0.14976,6.0,182.67,15 x 45,137.7,139.3,4425.0,87.8,88.8,75 x 30,70.22,-0.42953,0.00149,7.36156,-0.60504,-3.00437,0.14541,25.0,13.1,0.003
1692129600,2023-08-15 16:00,2023-08-15,16.0,4438.11,2023-10-20,1697832000,66.0,0.57353,0.00135,7.42485,-1.12003,4.40743,0.14862,2.0,175.71,15 x 45,134.3,135.9,4430.0,89.4,90.4,75 x 30,92.93,-0.43684,0.00153,7.38042,-0.59999,-3.03612,0.14512,11.0,8.1,0.002
1692129600,2023-08-15 16:00,2023-08-15,16.0,4438.11,2023-10-20,1697832000,66.0,0.56708,0.00145,7.44648,-1.10734,4.36415,0.14655,1.0,216.47,15 x 15,129.9,131.6,4435.0,90.3,91.3,105 x 75,94.4,-0.44478,0.00158,7.39473,-0.5891,-3.06015,0.14301,1.0,3.1,0.001
1692129600,2023-08-15 16:00,2023-08-15,16.0,4438.11,2023-10-20,1697832000,66.0,0.5598,0.00139,7.4688,-1.1097,4.30944,0.14778,1.0,153.39,60 x 45,127.9,129.3,4440.0,92.8,93.7,45 x 30,83.87,-0.45197,0.00159,7.40969,-0.58961,-3.09721,0.14344,4.0,1.9,0.0
1692129600,2023-08-15 16:00,2023-08-15,16.0,4438.11,2023-10-20,1697832000,66.0,0.55263,0.00144,7.48728,-1.10374,4.25984,0.14693,1.0,125.18,15 x 15,124.5,126.1,4445.0,94.5,95.4,45 x 30,96.12,-0.46031,0.00155,7.42018,-0.58355,-3.12703,0.14187,2.0,6.9,0.002
1692129600,2023-08-15 16:00,2023-08-15,16.0,4438.11,2023-10-20,1697832000,66.0,0.54619,0.00145,7.50465,-1.09733,4.20967,0.14542,144.0,121.98,105 x 20,121.6,122.6,4450.0,95.3,96.3,225 x 135,96.87,-0.46828,0.00166,7.42561,-0.57118,-3.14828,0.13996,149.0,11.9,0.003
1692129600,2023-08-15 16:00,2023-08-15,16.0,4438.11,2023-10-20,1697832000,66.0,0.53941,0.00145,7.51903,-1.09079,4.15814,0.14507,2.0,213.25,20 x 65,118.4,119.4,4455.0,97.1,98.0,45 x 30,77.36,-0.47691,0.00162,7.43035,-0.56398,-3.17481,0.13945,2.0,16.9,0.004
1692129600,2023-08-15 16:00,2023-08-15,16.0,4438.11,2023-10-20,1697832000,66.0,0.53184,0.00147,7.53141,-1.08412,4.10615,0.14356,18.0,120.06,51 x 21,115.2,116.2,4460.0,98.8,100.0,75 x 75,90.44,-0.48511,0.00169,7.43101,-0.5571,-3.20169,0.13807,17.0,21.9,0.005
1692129600,2023-08-15 16:00,2023-08-15,16.0,4438.11,2023-10-20,1697832000,66.0,0.52472,0.00146,7.54116,-1.07748,4.05356,0.14355,1.0,116.84,51 x 66,112.1,113.1,4465.0,100.6,101.9,45 x 15,91.8,-0.49301,0.0017,7.42806,-0.55024,-3.22728,0.13751,2.0,26.9,0.006
1692129600,2023-08-15 16:00,2023-08-15,16.0,4438.11,2023-10-20,1697832000,66.0,0.51708,0.00147,7.54889,-1.06349,4.00075,0.14123,3.0,118.35,22 x 22,108.1,109.1,4470.0,102.5,103.7,15 x 75,106.81,-0.5017,0.00172,7.42226,-0.5421,-3.25081,0.13577,33.0,31.9,0.007
1692129600,2023-08-15 16:00,2023-08-15,16.0,4438.11,2023-10-20,1697832000,66.0,0.50951,0.00149,7.55419,-1.05514,3.94598,0.14057,1.0,112.32,22 x 22,105.0,106.0,4475.0,104.4,105.7,15 x 15,102.28,-0.51081,0.00177,7.41198,-0.5355,-3.27464,0.13569,326.0,36.9,0.008
1692129600,2023-08-15 16:00,2023-08-15,16.0,4438.11,2023-10-20,1697832000,66.0,0.5029,0.00146,7.55589,-1.05452,3.88952,0.1408,4.0,124.47,75 x 45,103.0,103.9,4480.0,106.4,107.6,15 x 15,86.56,-0.51971,0.00173,7.3964,-0.52645,-3.29568,0.13477,6.0,41.9,0.009
1692129600,2023-08-15 16:00,2023-08-15,16.0,4438.11,2023-10-20,1697832000,66.0,0.49487,0.00153,7.55627,-1.03973,3.83372,0.13899,1.0,125.83,30 x 30,99.1,100.1,4485.0,108.3,109.6,15 x 15,89.0,-0.52905,0.00176,7.37642,-0.51706,-3.3136,0.13338,20.0,46.9,0.011
1692129600,2023-08-15 16:00,2023-08-15,16.0,4438.11,2023-10-20,1697832000,66.0,0.48703,0.00148,7.55303,-1.03096,3.77651,0.13816,28.0,100.75,30 x 30,96.2,97.2,4490.0,111.3,112.6,15 x 15,106.9,-0.53721,0.00181,7.35774,-0.51546,-3.34054,0.13318,32.0,51.9,0.012
1692129600,2023-08-15 16:00,2023-08-15,16.0,4438.11,2023-10-20,1697832000,66.0,0.47967,0.00157,7.54705,-1.02127,3.71912,0.13754,17.0,99.83,30 x 30,93.3,94.3,4495.0,112.4,113.7,60 x 15,106.2,-0.54831,0.00177,7.32234,-0.49823,-3.34544,0.13138,34.0,56.9,0.013
1692129600,2023-08-15 16:00,2023-08-15,16.0,4438.11,2023-10-20,1697832000,66.0,0.47133,0.00158,7.53837,-1.01334,3.66111,0.13659,18.0,95.81,30 x 135,90.5,91.6,4500.0,114.5,115.7,90 x 135,114.0,-0.55751,0.00179,7.28649,-0.48811,-3.35707,0.12971,7.0,61.9,0.014
1692129600,2023-08-15 16:00,2023-08-15,16.0,4438.11,2023-10-20,1697832000,66.0,0.46448,0.00156,7.52756,-1.00974,3.60438,0.13647,8.0,181.9,75 x 105,88.6,89.6,4505.0,116.7,118.0,15 x 15,102.32,-0.56781,0.00181,7.24705,-0.47909,-3.36791,0.12971,2.0,66.9,0.015
1692129600,2023-08-15 16:00,2023-08-15,16.0,4438.11,2023-10-20,1697832000,66.0,0.45602,0.00154,7.51235,-0.99948,3.54485,0.1359,77.0,98.46,105 x 45,85.8,86.8,4510.0,119.8,121.2,15 x 15,99.5,-0.57619,0.00189,7.20977,-0.47507,-3.38691,0.12988,144.0,71.9,0.016
1692129600,2023-08-15 16:00,2023-08-15,16.0,4438.11,2023-10-20,1697832000,66.0,0.44772,0.00157,7.49351,-0.98355,3.4821,0.13369,1.0,98.51,30 x 75,82.3,83.3,4515.0,121.0,122.4,60 x 75,106.8,-0.58799,0.00189,7.14439,-0.45564,-3.37688,0.1271,1.0,76.9,0.017
1692129600,2023-08-15 16:00,2023-08-15,16.0,4438.11,2023-10-20,1697832000,66.0,0.43902,0.00158,7.47223,-0.97343,3.4215,0.13373,4.0,86.65,30 x 75,79.7,80.7,4520.0,123.3,124.7,60 x 75,107.0,-0.59905,0.00192,7.08378,-0.44469,-3.37637,0.12562,3.0,81.9,0.018
1692129600,2023-08-15 16:00,2023-08-15,16.0,4438.11,2023-10-20,1697832000,66.0,0.43135,0.00154,7.44731,-0.96258,3.36096,0.13246,9.0,82.57,45 x 45,77.1,78.0,4525.0,125.6,127.3,60 x 15,120.07,-0.61032,0.00193,7.01636,-0.43307,-3.37376,0.12504,8.0,86.9,0.02
1692129600,2023-08-15 16:00,2023-08-15,16.0,4438.11,2023-10-20,1697832000,66.0,0.42394,0.00158,7.42231,-0.9578,3.30395,0.13324,4.0,102.18,135 x 90,75.3,76.3,4530.0,128.0,129.6,45 x 45,111.26,-0.62118,0.00198,6.93883,-0.42027,-3.36501,0.12376,8.0,91.9,0.021
1692129600,2023-08-15 16:00,2023-08-15,16.0,4438.11,2023-10-20,1697832000,66.0,0.41616,0.00155,7.39189,-0.94649,3.24287,0.13248,10.0,84.43,135 x 90,72.8,73.8,4535.0,130.4,132.1,45 x 45,119.38,-0.63245,0.00194,6.85357,-0.40727,-3.35234,0.12287,30.0,96.9,0.022
1692129600,2023-08-15 16:00,2023-08-15,16.0,4438.11,2023-10-20,1697832000,66.0,0.40725,0.00154,7.35799,-0.93598,3.181,0.13118,3.0,84.62,90 x 90,70.4,71.3,4540.0,134.0,135.8,30 x 45,78.55,-0.64086,0.00201,6.78997,-0.40325,-3.35837,0.12298,2.0,101.9,0.023
1692129600,2023-08-15 16:00,2023-08-15,16.0,4438.11,2023-10-20,1697832000,66.0,0.39924,0.00159,7.31996,-0.92401,3.11893,0.13095,3.0,157.4,210 x 120,67.9,68.9,4545.0,135.4,137.1,15 x 45,103.4,-0.6562,0.00202,6.65243,-0.379,-3.30899,0.12078,1.0,106.9,0.024
1692129600,2023-08-15 16:00,2023-08-15,16.0,4438.11,2023-10-20,1697832000,66.0,0.39098,0.0015,7.27886,-0.91108,3.05578,0.13018,5.0,85.83,385 x 210,65.5,66.5,4550.0,139.2,141.0,60 x 15,134.45,-0.66461,0.00204,6.57945,-0.37606,-3.31083,0.12165,25.0,111.9,0.025
1692129600,2023-08-15 16:00,2023-08-15,16.0,4438.11,2023-10-20,1697832000,66.0,0.38212,0.00161,7.2293,-0.89334,2.98604,0.1283,21.0,103.81,45 x 165,62.5,63.5,4555.0,141.8,143.6,30 x 45,132.41,-0.67767,0.00207,6.45566,-0.36072,-3.27589,0.12016,1.0,116.9,0.026
1692129600,2023-08-15 16:00,2023-08-15,16.0,4438.11,2023-10-20,1697832000,66.0,0.37494,0.00157,7.18664,-0.88661,2.92972,0.12858,21.0,102.9,210 x 120,60.9,61.9,4560.0,144.5,146.3,30 x 45,110.85,-0.69025,0.00203,6.32001,-0.34551,-3.23424,0.11844,3.0,121.9,0.027
1692129600,2023-08-15 16:00,2023-08-15,16.0,4438.11,2023-10-20,1697832000,66.0,0.36524,0.00152,7.1277,-0.86721,2.8588,0.12682,5.0,77.0,45 x 165,58.0,59.0,4565.0,146.0,147.7,60 x 60,132.56,-0.70888,0.00214,6.09595,-0.31573,-3.13363,0.11545,2.0,126.9,0.029
1692129600,2023-08-15 16:00,2023-08-15,16.0,4438.11,2023-10-20,1697832000,66.0,0.35634,0.00159,7.07241,-0.85458,2.79523,0.12619,2.0,97.33,45 x 75,55.9,56.8,4570.0,148.8,150.5,45 x 45,121.1,-0.72291,0.0022,5.91739,-0.29861,-3.06684,0.11383,5.0,131.9,0.03
1692129600,2023-08-15 16:00,2023-08-15,16.0,4438.11,2023-10-20,1697832000,66.0,0.34795,0.00158,7.01293,-0.84035,2.73084,0.1256,2.0,57.7,45 x 45,53.8,54.7,4575.0,151.7,153.0,30 x 30,133.1,-0.73943,0.00224,5.70436,-0.27779,-2.97824,0.11259,1.0,136.9,0.031
1692129600,2023-08-15 16:00,2023-08-15,16.0,4438.11,2023-10-20,1697832000,66.0,0.34001,0.00156,6.95048,-0.82711,2.66741,0.125,1.0,52.57,45 x 75,51.8,52.6,4580.0,154.4,156.2,45 x 45,86.87,-0.75507,0.00226,5.48209,-0.25903,-2.88282,0.11047,4.0,141.9,0.032
1692129600,2023-08-15 16:00,2023-08-15,16.0,4438.11,2023-10-20,1697832000,66.0,0.33206,0.00158,6.88439,-0.81408,2.60397,0.1241,2.0,50.7,45 x 120,49.8,50.6,4585.0,157.4,159.1,45 x 30,109.8,-0.77161,0.0023,5.2238,-0.2381,-2.76668,0.1091,13.0,146.9,0.033
1692129600,2023-08-15 16:00,2023-08-15,16.0,4438.11,2023-10-20,1697832000,66.0,0.32296,0.00153,6.81258,-0.79917,2.53847,0.12401,2.0,52.56,90 x 75,47.7,48.6,4590.0,161.6,163.4,15 x 15,146.42,-0.78045,0.0023,5.09437,-0.23276,-2.72982,0.10995,4.0,151.9,0.034
1692129600,2023-08-15 16:00,2023-08-15,16.0,4438.11,2023-10-20,1697832000,66.0,0.31524,0.00156,6.73979,-0.78481,2.47438,0.12332,78.0,69.41,90 x 75,45.8,46.7,4595.0,163.4,165.2,45 x 15,144.2,-0.80946,0.00236,4.58195,-0.19161,-2.45522,0.10514,5.0,156.9,0.035
1692129600,2023-08-15 16:00,2023-08-15,16.0,4438.11,2023-10-20,1697832000,66.0,0.30843,0.0015,6.67742,-0.77633,2.42161,0.1235,868.0,45.05,385 x 210,44.6,45.4,4600.0,166.5,168.4,60 x 60,162.1,-0.83166,0.00241,4.17364,-0.16658,-2.24467,0.10225,2.0,161.9,0.036
1692129600,2023-08-15 16:00,2023-08-15,16.0,4438.11,2023-10-20,1697832000,66.0,0.29888,0.00152,6.58523,-0.75582,2.34883,0.12224,2.0,65.05,45 x 134,42.2,43.1,4605.0,171.0,172.7,15 x 15,120.68,-0.8413,0.00245,3.99639,-0.15826,-2.17336,0.10263,1.0,166.9,0.038
1692129600,2023-08-15 16:00,2023-08-15,16.0,4438.11,2023-10-20,1697832000,66.0,0.29155,0.00145,6.51638,-0.74684,2.29491,0.12269,25.0,43.5,240 x 150,41.0,41.8,4610.0,174.2,175.9,15 x 15,123.08,-0.8686,0.00254,3.43619,-0.12672,-1.86737,0.10012,1.0,171.9,0.039
1692129600,2023-08-15 16:00,2023-08-15,16.0,4438.11,2023-10-20,1697832000,66.0,0.28259,0.00151,6.41591,-0.72624,2.22183,0.12054,4.0,49.63,225 x 225,38.7,39.6,4615.0,176.1,177.8,15 x 30,130.12,-0.95069,0.00295,1.4464,-0.03984,-0.62235,0.08954,2.0,176.9,0.04
1692129600,2023-08-15 16:00,2023-08-15,16.0,4438.11,2023-10-31,1698782400,77.0,0.95417,0.00015,1.89716,-0.74581,7.0343,0.30776,0.0,825.87,5 x 5,929.8,932.5,3550.0,9.1,9.4,266 x 330,8.6,-0.03686,0.00014,1.6558,-0.28854,-0.3636,0.2933,2.0,888.1,0.2
1692129600,2023-08-15 16:00,2023-08-15,16.0,4438.11,2023-10-31,1698782400,77.0,0.95536,0.00014,1.86592,-0.73471,7.06556,0.30193,,0.0,5 x 5,919.7,921.8,3560.0,9.4,9.7,218 x 218,0.0,-0.03779,0.00019,1.69888,-0.29453,-0.37489,0.29155,,878.1,0.198
1692129600,2023-08-15 16:00,2023-08-15,16.0,4438.11,2023-10-31,1698782400,77.0,0.95445,0.00014,1.8961,-0.73931,7.07773,0.29999,,0.0,5 x 5,910.0,912.1,3570.0,9.5,9.8,182 x 352,0.0,-0.03878,0.00016,1.72205,-0.29607,-0.38087,0.28921,,868.1,0.196
1692129600,2023-08-15 16:00,2023-08-15,16.0,4438.11,2023-10-31,1698782400,77.0,0.95039,0.00015,2.0536,-0.77767,7.04149,0.30751,0.0,750.02,5 x 5,906.5,909.2,3575.0,9.6,9.9,255 x 340,8.1,-0.03859,0.00011,1.73824,-0.29801,-0.38546,0.28873,351.0,863.1,0.194
1692129600,2023-08-15 16:00,2023-08-15,16.0,4438.11,2023-10-31,1698782400,77.0,0.95405,0.0001,1.9326,-0.74536,7.08808,0.29798,,0.0,5 x 5,900.3,902.5,3580.0,9.8,10.0,215 x 36,0.0,-0.03964,0.00012,1.75934,-0.30038,-0.39149,0.28817,96.0,858.1,0.193
1692129600,2023-08-15 16:00,2023-08-15,16.0,4438.11,2023-10-31,1698782400,77.0,0.95237,0.00014,1.96321,-0.74944,7.1003,0.29555,,0.0,5 x 5,890.5,892.9,3590.0,9.9,10.1,126 x 36,9.8,-0.03994,0.00019,1.7832,-0.30185,-0.39717,0.28555,2.0,848.1,0.191
1692129600,2023-08-15 16:00,2023-08-15,16.0,4438.11,2023-10-31,1698782400,77.0,0.95144,0.00021,2.01729,-0.7587,7.10643,0.29522,0.0,659.85,5 x 5,881.1,883.4,3600.0,10.2,10.4,211 x 30,10.65,-0.04173,0.00014,1.82791,-0.3076,-0.40973,0.28467,577.0,838.1,0.189
1692129600,2023-08-15 16:00,2023-08-15,16.0,4438.11,2023-10-31,1698782400,77.0,0.951,0.00019,2.02701,-0.75781,7.12429,0.29163,,0.0,5 x 5,870.9,873.7,3610.0,10.3,10.6,182 x 214,0.0,-0.0425,0.00019,1.85669,-0.30954,-0.41802,0.28213,150.0,828.1,0.187
1692129600,2023-08-15 16:00,2023-08-15,16.0,4438.11,2023-10-31,1698782400,77.0,0.9498,0.00012,2.06838,-0.76429,7.13333,0.29015,,0.0,5 x 5,861.6,863.8,3620.0,10.5,10.8,200 x 125,0.0,-0.04306,0.00017,1.88972,-0.31276,-0.42692,0.28018,,818.1,0.184
1692129600,2023-08-15 16:00,2023-08-15,16.0,4438.11,2023-10-31,1698782400,77.0,0.94743,0.00013,2.13999,-0.77935,7.12282,0.29225,,0.0,5 x 5,857.1,859.9,3625.0,10.7,11.0,223 x 30,11.2,-0.04446,0.00021,1.91628,-0.31736,-0.43363,0.27997,570.0,813.1,0.183
1692129600,2023-08-15 16:00,2023-08-15,16.0,4438.11,2023-10-31,1698782400,77.0,0.94863,0.00021,2.10532,-0.76967,7.14424,0.28828,,0.0,5 x 5,852.0,854.1,3630.0,10.7,11.0,195 x 30,10.95,-0.04457,0.00019,1.92382,-0.31602,-0.43583,0.27786,12.0,808.1,0.182
1692129600,2023-08-15 16:00,2023-08-15,16.0,4438.11,2023-10-31,1698782400,77.0,0.94708,0.00021,2.1457,-0.77485,7.1527,0.2866,,0.0,5 x 5,842.4,844.5,3640.0,11.0,11.2,66 x 30,0.0,-0.04546,0.00013,1.96335,-0.32105,-0.44706,0.27622,,798.1,0.18
1692129600,2023-08-15 16:00,2023-08-15,16.0,4438.11,2023-10-31,1698782400,77.0,0.94595,0.0002,2.2006,-0.78439,7.15733,0.28535,1.0,958.19,5 x 5,832.9,835.1,3650.0,11.2,11.5,182 x 124,10.3,-0.0468,0.00019,2.00297,-0.32444,-0.45815,0.27472,5.0,788.1,0.178
1692129600,2023-08-15 16:00,2023-08-15,16.0,4438.11,2023-10-31,1698782400,77.0,0.94398,0.00024,2.26281,-0.79553,7.16015,0.28476,,0.0,5 x 5,823.1,826.2,3660.0,11.4,11.7,191 x 30,11.65,-0.04779,0.0002,2.03727,-0.32819,-0.46761,0.27317,12.0,778.1,0.175
1692129600,2023-08-15 16:00,2023-08-15,16.0,4438.11,2023-10-31,1698782400,77.0,0.94347,0.00023,2.27125,-0.79234,7.17881,0.28168,,0.0,5 x 5,813.4,815.9,3670.0,11.7,12.0,126 x 121,23.27,-0.04892,0.00018,2.08244,-0.33321,-0.48018,0.27113,0.0,768.1,0.173
1692129600,2023-08-15 16:00,2023-08-15,16.0,4438.11,2023-10-31,1698782400,77.0,0.94175,0.00021,2.34178,-0.80753,7.16738,0.28314,,0.0,5 x 5,809.1,811.8,3675.0,11.8,12.0,218 x 2,10.0,-0.04909,0.00013,2.09537,-0.33382,-0.48452,0.26968,65.0,763.1,0.172
1692129600,2023-08-15 16:00,2023-08-15,16.0,4438.11,2023-10-31,1698782400,77.0,0.94238,0.00018,2.2968,-0.79414,7.19212,0.27834,,0.0,5 x 5,803.8,805.9,3680.0,11.9,12.2,193 x 30,9.5,-0.04998,0.00017,2.11776,-0.336,-0.49114,0.2687,85.0,758.1,0.171
1692129600,2023-08-15 16:00,2023-08-15,16.0,4438.11,2023-10-31,1698782400,77.0,0.94066,0.00023,2.35139,-0.80324,7.19615,0.27708,,0.0,5 x 5,794.3,796.5,3690.0,12.2,12.5,183 x 30,9.45,-0.05122,0.00017,2.1627,-0.34109,-0.50331,0.26744,3.0,748.1,0.169
1692129600,2023-08-15 16:00,2023-08-15,16.0,4438.11,2023-10-31,1698782400,77.0,0.94005,0.0002,2.4021,-0.81049,7.20155,0.2759,0.0,623.66,5 x 5,784.8,787.0,3700.0,12.5,12.8,114 x 30,11.45,-0.05223,0.00019,2.20813,-0.3455,-0.51688,0.26581,10.0,738.1,0.166
1692129600,2023-08-15 16:00,2023-08-15,16.0,4438.11,2023-10-31,1698782400,77.0,0.9393,0.00025,2.42434,-0.81103,7.21685,0.27255,,0.0,5 x 5,775.0,777.1,3710.0,12.7,13.1,201 x 112,25.77,-0.05403,0.00018,2.24838,-0.34872,-0.52861,0.26433,0.0,728.1,0.164
1692129600,2023-08-15 16:00,2023-08-15,16.0,4438.11,2023-10-31,1698782400,77.0,0.93772,0.00018,2.46693,-0.81627,7.22387,0.27138,,0.0,5 x 5,765.4,767.5,3720.0,13.1,13.4,54 x 115,19.04,-0.05509,0.00017,2.2994,-0.3549,-0.54349,0.26269,0.0,718.1,0.162
1692129600,2023-08-15 16:00,2023-08-15,16.0,4438.11,2023-10-31,1698782400,77.0,0.93496,0.00027,2.54856,-0.83305,7.20811,0.27259,,0.0,5 x 5,761.1,763.7,3725.0,13.2,13.5,226 x 30,14.52,-0.05557,0.00016,2.31776,-0.35561,-0.54834,0.2616,1.0,713.1,0.161
1692129600,2023-08-15 16:00,2023-08-15,16.0,4438.11,2023-10-31,1698782400,77.0,0.93614,0.00017,2.51047,-0.82062,7.23122,0.2695,,0.0,5 x 5,755.7,758.0,3730.0,13.4,13.7,54 x 113,20.33,-0.05729,0.00018,2.34514,-0.35837,-0.55681,0.26039,15.0,708.1,0.16
1692129600,2023-08-15 16:00,2023-08-15,16.0,4438.11,2023-10-31,1698782400,77.0,0.93442,0.00027,2.57389,-0.83106,7.23209,0.26788,,0.0,5 x 5,746.3,748.7,3740.0,13.7,14.0,53 x 105,15.06,-0.05789,0.00026,2.39095,-0.36317,-0.57102,0.25897,1.0,698.1,0.157
1692129600,2023-08-15 16:00,2023-08-15,16.0,4438.11,2023-10-31,1698782400,77.0,0.9326,0.00022,2.61386,-0.83434,7.24109,0.26583,0.0,752.99,5 x 5,736.7,739.0,3750.0,14.0,14.3,197 x 30,11.36,-0.05962,0.0002,2.4371,-0.36706,-0.58446,0.25717,10.0,688.1,0.155
1692129600,2023-08-15 16:00,2023-08-15,16.0,4438.11,2023-10-31,1698782400,77.0,0.93092,0.00024,2.66161,-0.84037,7.24713,0.26371,,0.0,5 x 5,727.0,729.6,3760.0,14.3,14.6,159 x 30,12.6,-0.06105,0.00026,2.48393,-0.37104,-0.59833,0.25575,2.0,678.1,0.153
1692129600,2023-08-15 16:00,2023-08-15,16.0,4438.11,2023-10-31,1698782400,77.0,0.93082,0.00025,2.69103,-0.84154,7.2583,0.26134,,0.0,5 x 5,717.5,719.5,3770.0,14.6,15.0,212 x 110,14.96,-0.063,0.00023,2.53491,-0.37559,-0.61472,0.2539,2.0,668.1,0.151
1692129600,2023-08-15 16:00,2023-08-15,16.0,4438.11,2023-10-31,1698782400,77.0,0.929,0.00022,2.72543,-0.84583,7.25736,0.26052,,0.0,5 x 5,712.7,715.0,3775.0,14.8,15.1,196 x 30,13.74,-0.06369,0.00022,2.55848,-0.37762,-0.62148,0.25271,14.0,663.1,0.149
1692129600,2023-08-15 16:00,2023-08-15,16.0,4438.11,2023-10-31,1698782400,77.0,0.92817,0.00021,2.75507,-0.85044,7.25881,0.26035,,0.0,5 x 5,708.1,710.2,3780.0,15.0,15.3,161 x 30,12.9,-0.06405,0.00025,2.58639,-0.38111,-0.63022,0.25183,1.0,658.1,0.148
1692129600,2023-08-15 16:00,2023-08-15,16.0,4438.11,2023-10-31,1698782400,77.0,0.92513,0.0003,2.84041,-0.86409,7.25129,0.25971,,0.0,5 x 5,698.6,701.6,3790.0,15.3,15.7,203 x 103,11.45,-0.06581,0.00022,2.6383,-0.38534,-0.64628,0.24989,1.0,648.1,0.146
1692129600,2023-08-15 16:00,2023-08-15,16.0,4438.11,2023-10-31,1698782400,77.0,0.9249,0.00022,2.85358,-0.86052,7.2682,0.2565,2.0,812.6,5 x 5,689.2,690.9,3800.0,15.7,16.1,158 x 133,13.0,-0.06795,0.00025,2.69483,-0.39034,-0.66325,0.24822,2.0,638.1,0.144
1692129600,2023-08-15 16:00,2023-08-15,16.0,4438.11,2023-10-31,1698782400,77.0,0.92398,0.00024,2.89626,-0.86391,7.2758,0.25366,0.0,503.8,5 x 5,679.2,681.6,3810.0,16.1,16.4,189 x 30,19.83,-0.06949,0.00029,2.747,-0.39503,-0.68005,0.24668,2.0,628.1,0.142
1692129600,2023-08-15 16:00,2023-08-15,16.0,4438.11,2023-10-31,1698782400,77.0,0.92127,0.00028,2.95699,-0.87087,7.27594,0.25183,2.0,706.13,5 x 5,669.9,672.1,3820.0,16.5,16.8,50 x 30,17.49,-0.07108,0.00023,2.80293,-0.39996,-0.69759,0.24463,2.0,618.1,0.139
1692129600,2023-08-15 16:00,2023-08-15,16.0,4438.11,2023-10-31,1698782400,77.0,0.92057,0.0003,2.9881,-0.87505,7.27585,0.25117,0.0,663.21,5 x 5,665.2,667.4,3825.0,16.7,17.0,87 x 30,16.1,-0.0721,0.00028,2.83116,-0.40234,-0.70726,0.24388,3.0,613.1,0.138
1692129600,2023-08-15 16:00,2023-08-15,16.0,4438.11,2023-10-31,1698782400,77.0,0.91575,0.0003,3.13091,-0.9045,7.23506,0.25565,,0.0,5 x 5,661.9,664.5,3830.0,17.0,17.3,35 x 136,14.5,-0.07413,0.00028,2.86807,-0.40579,-0.71828,0.24422,1.0,608.1,0.137
1692129600,2023-08-15 16:00,2023-08-15,16.0,4438.11,2023-10-31,1698782400,77.0,0.91775,0.00031,3.07233,-0.88331,7.27862,0.2487,1.0,717.34,5 x 5,651.0,653.2,3840.0,17.3,17.7,121 x 72,17.8,-0.07504,0.00027,2.92085,-0.41013,-0.73529,0.24176,2.0,598.1,0.135
1692129600,2023-08-15 16:00,2023-08-15,16.0,4438.11,2023-10-31,1698782400,77.0,0.91483,0.00027,3.14771,-0.89351,7.27322,0.24745,0.0,475.64,5 x 5,641.8,644.0,3850.0,17.7,18.1,141 x 61,16.15,-0.07776,0.00028,2.97807,-0.41484,-0.75386,0.24014,7.0,588.1,0.133
1692129600,2023-08-15 16:00,2023-08-15,16.0,4438.11,2023-10-31,1698782400,77.0,0.91361,0.00032,3.17471,-0.89205,7.28481,0.2443,1.0,706.49,5 x 5,631.7,634.3,3860.0,18.2,18.6,47 x 59,16.66,-0.07922,0.0003,3.04336,-0.42023,-0.77615,0.23856,12.0,578.1,0.13
1692129600,2023-08-15 16:00,2023-08-15,16.0,4438.11,2023-10-31,1698782400,77.0,0.9115,0.00028,3.24318,-0.89964,7.28171,0.24277,,0.0,5 x 5,622.7,624.7,3870.0,18.8,19.2,120 x 69,37.32,-0.0825,0.00028,3.116,-0.42819,-0.80015,0.23736,0.0,568.1,0.128
1692129600,2023-08-15 16:00,2023-08-15,16.0,4438.11,2023-10-31,1698782400,77.0,0.90978,0.00035,3.28059,-0.90515,7.27916,0.24244,0.0,564.7,5 x 5,618.0,620.2,3875.0,19.0,19.5,120 x 116,15.16,-0.08343,0.00029,3.14895,-0.4305,-0.81123,0.23654,40.0,563.1,0.127
1692129600,2023-08-15 16:00,2023-08-15,16.0,4438.11,2023-10-31,1698782400,77.0,0.90915,0.00035,3.312,-0.90785,7.27868,0.24182,0.0,565.3,5 x 5,613.3,615.5,3880.0,19.1,19.6,138 x 112,22.1,-0.08401,0.00036,3.16969,-0.43114,-0.81846,0.23567,1.0,558.1,0.126
1692129600,2023-08-15 16:00,2023-08-15,16.0,4438.11,2023-10-31,1698782400,77.0,0.90552,0.00037,3.41416,-0.92366,7.26152,0.24194,8.0,603.86,5 x 5,604.5,606.7,3890.0,19.6,20.0,50 x 67,19.87,-0.08627,0.00035,3.2319,-0.43567,-0.83875,0.23321,1.0,548.1,0.123
1692129600,2023-08-15 16:00,2023-08-15,16.0,4438.11,2023-10-31,1698782400,77.0,0.90377,0.00029,3.44027,-0.92089,7.27352,0.23815,17.0,600.92,5 x 5,594.8,596.5,3900.0,20.2,20.6,33 x 179,19.1,-0.08882,0.0003,3.30493,-0.44174,-0.86401,0.23153,62.0,538.1,0.121
1692129600,2023-08-15 16:00,2023-08-15,16.0,4438.11,2023-10-31,1698782400,77.0,0.90193,0.00032,3.4941,-0.92415,7.27503,0.23572,0.0,533.71,5 x 5,584.9,587.3,3910.0,20.8,21.3,67 x 111,16.84,-0.09126,0.00033,3.38241,-0.44941,-0.89066,0.2303,5.0,528.1,0.119
1692129600,2023-08-15 16:00,2023-08-15,16.0,4438.11,2023-10-31,1698782400,77.0,0.89896,0.0004,3.5704,-0.93263,7.26805,0.23428,0.0,538.61,5 x 5,575.8,578.0,3920.0,21.3,21.8,44 x 64,15.3,-0.09395,0.00038,3.44761,-0.45389,-0.91382,0.22904,2.0,518.1,0.117
1692129600,2023-08-15 16:00,2023-08-15,16.0,4438.11,2023-10-31,1698782400,77.0,0.8976,0.00036,3.60498,-0.93541,7.2652,0.23337,0.0,522.7,5 x 5,571.2,573.3,3925.0,21.4,21.9,156 x 64,22.47,-0.0953,0.00033,3.47116,-0.45395,-0.92107,0.22747,1.0,513.1,0.116
1692129600,2023-08-15 16:00,2023-08-15,16.0,4438.11,2023-10-31,1698782400,77.0,0.89758,0.0004,3.62405,-0.93539,7.26915,0.23227,2.0,593.07,5 x 5,566.1,568.6,3930.0,21.9,22.4,43 x 106,41.82,-0.09677,0.00039,3.52121,-0.45956,-0.93897,0.22725,0.0,508.1,0.114
1692129600,2023-08-15 16:00,2023-08-15,16.0,4438.11,2023-10-31,1698782400,77.0,0.89448,0.00042,3.69848,-0.94197,7.26162,0.23065,2.0,638.57,5 x 5,556.9,559.3,3940.0,22.3,22.7,43 x 62,15.25,-0.09931,0.00035,3.57591,-0.4611,-0.95819,0.22486,1.0,498.1,0.112
1692129600,2023-08-15 16:00,2023-08-15,16.0,4438.11,2023-10-31,1698782400,77.0,0.89118,0.0004,3.78396,-0.9525,7.24924,0.22939,2.0,497.2,5 x 5,548.2,549.9,3950.0,22.9,23.3,86 x 61,22.16,-0.10185,0.00042,3.6513,-0.46679,-0.98517,0.22392,1.0,488.1,0.11
1692129600,2023-08-15 16:00,2023-08-15,16.0,4438.11,2023-10-31,1698782400,77.0,0.88917,0.00042,3.84224,-0.95537,7.24764,0.22755,0.0,506.24,5 x 5,538.3,540.8,3960.0,23.7,24.2,42 x 61,23.94,-0.10587,0.00037,3.74155,-0.47592,-1.0181,0.22242,1.0,478.1,0.108
1692129600,2023-08-15 16:00,2023-08-15,16.0,4438.11,2023-10-31,1698782400,77.0,0.88626,0.00043,3.91677,-0.96128,7.23978,0.22574,0.0,479.42,5 x 5,529.1,531.5,3970.0,24.1,24.6,57 x 60,23.12,-0.10786,0.00037,3.80256,-0.47749,-1.04086,0.22014,4.0,468.1,0.105
1692129600,2023-08-15 16:00,2023-08-15,16.0,4438.11,2023-10-31,1698782400,77.0,0.88046,0.00039,4.04924,-0.98699,7.19514,0.22844,,0.0,5 x 5,526.3,528.4,3975.0,24.7,25.2,40 x 99,24.58,-0.11047,0.00041,3.8584,-0.48454,-1.06178,0.22003,8.0,463.1,0.104
1692129600,2023-08-15 16:00,2023-08-15,16.0,4438.11,2023-10-31,1698782400,77.0,0.87934,0.00046,4.08646,-0.99018,7.18979,0.22777,1.0,557.28,5 x 5,521.5,524.0,3980.0,25.0,25.5,40 x 59,25.93,-0.11196,0.00045,3.89554,-0.48636,-1.07501,0.21959,8.0,458.1,0.103
1692129600,2023-08-15 16:00,2023-08-15,16.0,4438.11,2023-10-31,1698782400,77.0,0.87833,0.0004,4.09515,-0.98047,7.20853,0.22363,0.0,545.18,5 x 5,511.0,513.7,3990.0,25.5,25.9,40 x 58,25.49,-0.1137,0.00043,3.96069,-0.48877,-1.09981,0.21662,3.0,448.1,0.101
1692129600,2023-08-15 16:00,2023-08-15,16.0,4438.11,2023-10-31,1698782400,77.0,0.87608,0.00046,4.14707,-0.98046,7.20908,0.21999,50.0,623.8,5 x 5,501.9,503.5,4000.0,26.2,26.6,35 x 57,25.66,-0.11742,0.00046,4.04118,-0.49404,-1.13035,0.21489,2.0,438.1,0.099
1692129600,2023-08-15 16:00,2023-08-15,16.0,4438.11,2023-10-31,1698782400,77.0,0.87285,0.0005,4.22768,-0.98684,7.19589,0.21867,12.0,487.7,5 x 5,492.4,494.7,4010.0,26.9,27.4,39 x 71,23.3,-0.12096,0.00051,4.12444,-0.49985,-1.16248,0.21337,1.0,428.1,0.096
1692129600,2023-08-15 16:00,2023-08-15,16.0,4438.11,2023-10-31,1698782400,77.0,0.86986,0.00051,4.31087,-0.99397,7.18182,0.21671,2.0,503.2,5 x 5,483.3,485.6,4020.0,27.6,28.1,52 x 55,33.94,-0.1246,0.00044,4.20541,-0.50439,-1.19381,0.21248,2.0,418.1,0.094
1692129600,2023-08-15 16:00,2023-08-15,16.0,4438.11,2023-10-31,1698782400,77.0,0.86777,0.00043,4.35957,-0.99832,7.17118,0.21653,2.0,493.1,5 x 5,479.0,481.1,4025.0,28.2,28.7,37 x 55,26.2,-0.12615,0.00049,4.25961,-0.50989,-1.21481,0.21197,3.0,413.1,0.093
1692129600,2023-08-15 16:00,2023-08-15,16.0,4438.11,2023-10-31,1698782400,77.0,0.86598,0.0005,4.39288,-1.00002,7.16753,0.21553,0.0,301.19,5 x 5,474.2,476.5,4030.0,28.6,29.1,36 x 54,22.62,-0.12872,0.00048,4.30301,-0.5122,-1.23239,0.21081,20.0,408.1,0.092
1692129600,2023-08-15 16:00,2023-08-15,16.0,4438.11,2023-10-31,1698782400,77.0,0.86381,0.00045,4.44009,-1.00361,7.15719,0.21483,,0.0,5 x 5,469.9,471.9,4035.0,28.8,29.3,36 x 69,0.0,-0.12947,0.00048,4.33525,-0.5123,-1.24512,0.20945,,403.1,0.091
1692129600,2023-08-15 16:00,2023-08-15,16.0,4438.11,2023-10-31,1698782400,77.0,0.86217,0.00048,4.47642,-1.00584,7.15274,0.21326,24.0,487.62,5 x 5,465.1,467.4,4040.0,29.5,30.0,36 x 53,28.58,-0.13291,0.00046,4.39451,-0.51924,-1.26875,0.20926,1.0,398.1,0.09
1692129600,2023-08-15 16:00,2023-08-15,16.0,4438.11,2023-10-31,1698782400,77.0,0.85984,0.00054,4.51782,-1.00853,7.14473,0.21267,,0.0,5 x 5,460.6,462.8,4045.0,29.6,30.1,36 x 68,0.0,-0.13387,0.00048,4.42073,-0.51757,-1.27978,0.20825,,393.1,0.089
1692129600,2023-08-15 16:00,2023-08-15,16.0,4438.11,2023-10-31,1698782400,77.0,0.85767,0.00051,4.57935,-1.01589,7.12719,0.21237,1.0,546.12,5 x 5,456.6,458.5,4050.0,30.0,30.5,76 x 91,29.8,-0.13562,0.00056,4.4627,-0.51999,-1.29633,0.20677,30.0,388.1,0.087
1692129600,2023-08-15 16:00,2023-08-15,16.0,4438.11,2023-10-31,1698782400,77.0,0.85553,0.0005,4.62457,-1.02003,7.11655,0.21169,,0.0,5 x 5,451.8,454.4,4055.0,30.4,30.9,50 x 52,0.0,-0.13761,0.00047,4.50615,-0.52215,-1.31417,0.20611,,383.1,0.086
1692129600,2023-08-15 16:00,2023-08-15,16.0,4438.11,2023-10-31,1698782400,77.0,0.85342,0.00054,4.66835,-1.02335,7.10794,0.21074,0.0,252.61,5 x 5,447.3,449.9,4060.0,31.1,31.7,90 x 52,30.28,-0.14011,0.00057,4.56722,-0.5289,-1.33927,0.206,12.0,378.1,0.085
1692129600,2023-08-15 16:00,2023-08-15,16.0,4438.11,2023-10-31,1698782400,77.0,0.84938,0.00051,4.75821,-1.03781,7.07522,0.21299,,0.0,5 x 5,444.1,446.1,4065.0,31.5,32.1,90 x 51,0.0,-0.14236,0.00055,4.61138,-0.53107,-1.35838,0.20567,,373.1,0.084
1692129600,2023-08-15 16:00,2023-08-15,16.0,4438.11,2023-10-31,1698782400,77.0,0.84658,0.00052,4.80848,-1.0416,7.0624,0.21141,27.0,435.11,5 x 5,439.6,441.9,4070.0,32.0,32.7,33 x 33,43.37,-0.14412,0.00053,4.66145,-0.53395,-1.37909,0.20468,0.0,368.1,0.083
1692129600,2023-08-15 16:00,2023-08-15,16.0,4438.11,2023-10-31,1698782400,77.0,0.84877,0.00053,4.77651,-1.0264,7.09029,0.20778,10.0,425.38,5 x 5,433.4,435.8,4075.0,32.2,32.7,72 x 85,31.95,-0.14587,0.00057,4.69063,-0.53252,-1.39049,0.20327,30.0,363.1,0.082
1692129600,2023-08-15 16:00,2023-08-15,16.0,4438.11,2023-10-31,1698782400,77.0,0.84457,0.00056,4.84762,-1.03598,7.06657,0.2082,1.0,562.03,5 x 5,429.5,431.9,4080.0,32.9,33.5,33 x 50,29.7,-0.14893,0.00054,4.75096,-0.53836,-1.41678,0.20292,12.0,358.1,0.081
1692129600,2023-08-15 16:00,2023-08-15,16.0,4438.11,2023-10-31,1698782400,77.0,0.84308,0.00061,4.88824,-1.03731,7.05718,0.20686,,0.0,5 x 5,424.9,427.4,4085.0,33.1,33.7,91 x 65,0.0,-0.15007,0.00055,4.78358,-0.53768,-1.43,0.2015,,353.1,0.08
1692129600,2023-08-15 16:00,2023-08-15,16.0,4438.11,2023-10-31,1698782400,77.0,0.83793,0.00062,4.98354,-1.05354,7.02088,0.20844,0.0,373.7,5 x 5,421.7,424.0,4090.0,33.6,34.1,32 x 49,30.6,-0.15268,0.0006,4.82908,-0.53983,-1.44968,0.20098,4.0,348.1,0.078
1692129600,2023-08-15 16:00,2023-08-15,16.0,4438.11,2023-10-31,1698782400,77.0,0.83889,0.00059,4.96427,-1.03984,7.04226,0.20464,,0.0,5 x 5,415.9,417.9,4095.0,34.1,34.6,32 x 49,0.0,-0.15455,0.00057,4.87707,-0.54317,-1.46997,0.19945,,343.1,0.077
1692129600,2023-08-15 16:00,2023-08-15,16.0,4438.11,2023-10-31,1698782400,77.0,0.83699,0.00057,5.00778,-1.0414,7.03178,0.20387,1.0,447.11,5 x 5,411.6,413.2,4100.0,34.7,35.1,25 x 82,32.0,-0.15733,0.00054,4.9264,-0.54588,-1.49163,0.19903,36.0,338.1,0.076
1692129600,2023-08-15 16:00,2023-08-15,16.0,4438.11,2023-10-31,1698782400,77.0,0.8312,0.00062,5.11935,-1.06136,6.98527,0.20559,,0.0,5 x 5,408.5,410.5,4105.0,35.0,35.6,98 x 48,0.0,-0.15913,0.00055,4.9703,-0.54752,-1.51098,0.19851,,333.1,0.075
1692129600,2023-08-15 16:00,2023-08-15,16.0,4438.11,2023-10-31,1698782400,77.0,0.83176,0.00061,5.1204,-1.05241,6.9967,0.20327,1.0,417.66,6 x 5,402.8,405.2,4110.0,35.9,36.5,30 x 48,35.23,-0.16238,0.00057,5.03467,-0.55367,-1.54001,0.1978,4.0,328.1,0.074
1692129600,2023-08-15 16:00,2023-08-15,16.0,4438.11,2023-10-31,1698782400,77.0,0.82733,0.0006,5.20982,-1.06699,6.96004,0.20466,,0.0,6 x 6,399.5,401.8,4115.0,36.1,36.7,30 x 62,0.0,-0.16437,0.00061,5.06891,-0.55215,-1.55445,0.19697,,323.1,0.073
1692129600,2023-08-15 16:00,2023-08-15,16.0,4438.11,2023-10-31,1698782400,77.0,0.82488,0.00066,5.2585,-1.06943,6.94585,0.2035,3.0,529.15,6 x 6,395.2,397.4,4120.0,36.9,37.5,30 x 47,37.3,-0.1675,0.00066,5.12888,-0.55763,-1.58207,0.19698,1.0,318.1,0.072
1692129600,2023-08-15 16:00,2023-08-15,16.0,4438.11,2023-10-31,1698782400,77.0,0.82585,0.00065,5.24075,-1.05538,6.96812,0.19931,1.0,427.39,6 x 6,389.1,391.4,4125.0,37.2,37.7,35 x 78,33.48,-0.16878,0.00069,5.16546,-0.55679,-1.59807,0.19522,204.0,313.1,0.071
1692129600,2023-08-15 16:00,2023-08-15,16.0,4438.11,2023-10-31,1698782400,77.0,0.8227,0.00066,5.28862,-1.05833,6.95356,0.19886,0.0,360.64,6 x 6,384.7,387.0,4130.0,38.0,38.6,29 x 46,29.83,-0.17194,0.00068,5.22698,-0.56184,-1.62725,0.19496,10.0,308.1,0.069
1692129600,2023-08-15 16:00,2023-08-15,16.0,4438.11,2023-10-31,1698782400,77.0,0.82046,0.00063,5.33705,-1.06103,6.93828,0.19839,,0.0,6 x 6,380.4,382.6,4135.0,38.2,38.8,15 x 46,0.0,-0.1744,0.00066,5.26233,-0.56123,-1.64247,0.19344,,303.1,0.068
1692129600,2023-08-15 16:00,2023-08-15,16.0,4438.11,2023-10-31,1698782400,77.0,0.81788,0.00061,5.38976,-1.06525,6.92052,0.19754,1.0,434.75,6 x 6,376.3,378.2,4140.0,39.1,39.8,29 x 74,38.9,-0.17768,0.0007,5.32744,-0.56683,-1.67406,0.19301,2.0,298.1,0.067
1692129600,2023-08-15 16:00,2023-08-15,16.0,4438.11,2023-10-31,1698782400,77.0,0.8128,0.00065,5.4791,-1.07845,6.88212,0.19856,,0.0,6 x 6,372.8,375.2,4145.0,39.7,40.4,29 x 74,35.0,-0.1807,0.00071,5.37802,-0.56888,-1.69726,0.19251,1.0,293.1,0.066
1692129600,2023-08-15 16:00,2023-08-15,16.0,4438.11,2023-10-31,1698782400,77.0,0.81267,0.0007,5.47363,-1.06603,6.89795,0.19505,0.0,338.13,6 x 6,366.6,369.7,4150.0,40.1,40.6,21 x 45,40.0,-0.18236,0.00072,5.41691,-0.56851,-1.71502,0.1908,20.0,288.1,0.065
1692129600,2023-08-15 16:00,2023-08-15,16.0,4438.11,2023-10-31,1698782400,77.0,0.80911,0.00064,5.54739,-1.07534,6.86741,0.19572,,0.0,6 x 6,363.3,365.7,4155.0,40.6,41.2,56 x 44,0.0,-0.18542,0.00071,5.46645,-0.5703,-1.73857,0.18991,,283.1,0.064
1692129600,2023-08-15 16:00,2023-08-15,16.0,4438.11,2023-10-31,1698782400,77.0,0.80682,0.00069,5.57979,-1.07347,6.86029,0.19361,0.0,296.4,6 x 6,358.6,360.8,4160.0,41.5,42.2,28 x 44,30.67,-0.18915,0.00069,5.52974,-0.57585,-1.76978,0.18991,7.0,278.1,0.063
1692129600,2023-08-15 16:00,2023-08-15,16.0,4438.11,2023-10-31,1698782400,77.0,0.80334,0.00068,5.64187,-1.07892,6.83552,0.19371,1.0,395.46,6 x 6,354.8,356.7,4165.0,41.8,42.4,42 x 44,0.0,-0.1909,0.0007,5.56752,-0.57432,-1.78706,0.18825,,273.1,0.062
1692129600,2023-08-15 16:00,2023-08-15,16.0,4438.11,2023-10-31,1698782400,77.0,0.80161,0.00071,5.67977,-1.07858,6.82532,0.19217,0.0,335.21,6 x 6,350.0,352.2,4170.0,42.4,43.0,42 x 43,42.65,-0.19357,0.00075,5.61725,-0.57554,-1.81182,0.18752,1.0,268.1,0.06
1692129600,2023-08-15 16:00,2023-08-15,16.0,4438.11,2023-10-31,1698782400,77.0,0.79835,0.00069,5.73458,-1.08251,6.80428,0.19206,0.0,385.7,6 x 6,346.1,347.8,4175.0,43.0,43.7,26 x 43,41.79,-0.19637,0.00074,5.66926,-0.57773,-1.83714,0.18706,2.0,263.1,0.059
1692129600,2023-08-15 16:00,2023-08-15,16.0,4438.11,2023-10-31,1698782400,77.0,0.79576,0.0007,5.78355,-1.08434,6.78607,0.19069,18.0,381.46,6 x 6,341.7,343.6,4180.0,44.1,44.7,26 x 43,32.6,-0.19998,0.00079,5.73421,-0.58365,-1.87102,0.18727,1.0,258.1,0.058
1692129600,2023-08-15 16:00,2023-08-15,16.0,4438.11,2023-10-31,1698782400,77.0,0.79001,0.00071,5.87604,-1.09939,6.73969,0.19255,,0.0,6 x 6,338.7,340.8,4185.0,44.4,45.0,28 x 42,48.45,-0.20292,0.00073,5.77408,-0.58211,-1.88971,0.18539,10.0,253.1,0.057
1692129600,2023-08-15 16:00,2023-08-15,16.0,4438.11,2023-10-31,1698782400,77.0,0.78909,0.00073,5.8821,-1.08746,6.74923,0.18879,24.0,312.02,6 x 6,333.1,335.0,4190.0,45.0,45.7,40 x 41,49.05,-0.20543,0.00074,5.8244,-0.58304,-1.91619,0.18472,10.0,248.1,0.056
1692129600,2023-08-15 16:00,2023-08-15,16.0,4438.11,2023-10-31,1698782400,77.0,0.78635,0.00073,5.9339,-1.09029,6.72849,0.18851,2.0,358.18,6 x 6,328.9,330.8,4195.0,46.1,46.8,25 x 66,39.1,-0.20997,0.00076,5.88982,-0.58904,-1.95046,0.18423,2.0,243.1,0.055
1692129600,2023-08-15 16:00,2023-08-15,16.0,4438.11,2023-10-31,1698782400,77.0,0.78326,0.00072,5.98403,-1.09234,6.70765,0.18725,2.0,403.84,6 x 6,324.6,326.6,4200.0,46.6,47.0,21 x 40,44.94,-0.21189,0.00075,5.93095,-0.5875,-1.97058,0.18298,2.0,238.1,0.054
1692129600,2023-08-15 16:00,2023-08-15,16.0,4438.11,2023-10-31,1698782400,77.0,0.77781,0.00073,6.07177,-1.10602,6.66206,0.18902,,0.0,6 x 6,321.6,323.8,4205.0,47.5,48.2,65 x 40,0.0,-0.21595,0.00081,5.99353,-0.5915,-2.00486,0.18319,,233.1,0.053
1692129600,2023-08-15 16:00,2023-08-15,16.0,4438.11,2023-10-31,1698782400,77.0,0.7767,0.00078,6.09472,-1.09907,6.65966,0.18687,2.0,437.5,6 x 6,316.4,318.6,4210.0,47.7,48.5,52 x 39,29.7,-0.21822,0.00078,6.03178,-0.58924,-2.02363,0.18101,1.0,228.1,0.051
1692129600,2023-08-15 16:00,2023-08-15,16.0,4438.11,2023-10-31,1698782400,77.0,0.77371,0.00081,6.13343,-1.09767,6.64539,0.18499,,0.0,6 x 6,312.0,313.8,4215.0,48.9,49.7,39 x 39,39.2,-0.2226,0.00078,6.09722,-0.59521,-2.0608,0.18188,5.0,223.1,0.05
1692129600,2023-08-15 16:00,2023-08-15,16.0,4438.11,2023-10-31,1698782400,77.0,0.77001,0.00083,6.19601,-1.10307,6.61468,0.18498,1.0,391.83,6 x 6,308.0,310.3,4220.0,49.3,49.9,32 x 19,43.87,-0.22586,0.00084,6.13708,-0.59189,-2.08072,0.18021,1.0,218.1,0.049
1692129600,2023-08-15 16:00,2023-08-15,16.0,4438.11,2023-10-31,1698782400,77.0,0.76717,0.00078,6.23607,-1.10136,6.59969,0.18298,2.0,328.75,6 x 6,303.6,305.5,4225.0,50.4,51.2,38 x 38,29.65,-0.22968,0.00084,6.20121,-0.59749,-2.11747,0.18011,10.0,213.1,0.048
1692129600,2023-08-15 16:00,2023-08-15,16.0,4438.11,2023-10-31,1698782400,77.0,0.76121,0.00078,6.31518,-1.11254,6.55518,0.18446,1.0,327.63,6 x 6,300.5,302.6,4230.0,50.8,51.4,19 x 56,49.65,-0.23279,0.00085,6.24155,-0.59393,-2.13798,0.17778,2.0,208.1,0.047
1692129600,2023-08-15 16:00,2023-08-15,16.0,4438.11,2023-10-31,1698782400,77.0,0.76016,0.00087,6.33593,-1.10362,6.55307,0.18135,,0.0,6 x 6,295.3,297.1,4235.0,52.0,52.8,37 x 37,0.0,-0.23659,0.00087,6.30644,-0.59982,-2.17569,0.17807,,203.1,0.046
1692129600,2023-08-15 16:00,2023-08-15,16.0,4438.11,2023-10-31,1698782400,77.0,0.75683,0.00087,6.38585,-1.10456,6.53017,0.18113,1.0,319.4,6 x 6,291.3,292.7,4240.0,52.4,53.0,29 x 17,48.15,-0.23974,0.00083,6.3462,-0.59695,-2.197,0.17672,1.0,198.1,0.045
1692129600,2023-08-15 16:00,2023-08-15,16.0,4438.11,2023-10-31,1698782400,77.0,0.75264,0.00089,6.4456,-1.10974,6.49787,0.18055,1.0,326.35,6 x 6,287.1,289.5,4245.0,53.6,54.4,36 x 36,44.01,-0.24425,0.00089,6.4103,-0.60182,-2.23572,0.17667,1.0,193.1,0.044
1692129600,2023-08-15 16:00,2023-08-15,16.0,4438.11,2023-10-31,1698782400,77.0,0.7493,0.00087,6.49344,-1.10901,6.47522,0.1799,4.0,309.98,6 x 21,283.1,285.0,4250.0,54.4,55.3,35 x 35,56.73,-0.24825,0.00086,6.46326,-0.60331,-2.26633,0.17531,1.0,188.1,0.042
1692129600,2023-08-15 16:00,2023-08-15,16.0,4438.11,2023-10-31,1698782400,77.0,0.74547,0.00091,6.53822,-1.10897,6.45353,0.17897,26.0,305.1,6 x 6,278.8,280.6,4255.0,54.9,55.5,17 x 17,0.0,-0.25166,0.00092,6.50365,-0.59925,-2.28845,0.17452,,183.1,0.041
1692129600,2023-08-15 16:00,2023-08-15,16.0,4438.11,2023-10-31,1698782400,77.0,0.74213,0.00088,6.59179,-1.11077,6.42344,0.17809,1.0,306.79,6 x 6,275.0,276.6,4260.0,56.1,57.0,34 x 34,54.48,-0.25615,0.00096,6.56691,-0.60481,-2.32788,0.1738,1.0,178.1,0.04
1692129600,2023-08-15 16:00,2023-08-15,16.0,4438.11,2023-10-31,1698782400,77.0,0.73864,0.00088,6.63909,-1.11035,6.39954,0.17716,,0.0,6 x 6,270.7,272.5,4265.0,56.7,57.3,16 x 50,0.0,-0.25919,0.00098,6.60893,-0.60143,-2.35203,0.17295,,173.1,0.039
1692129600,2023-08-15 16:00,2023-08-15,16.0,4438.11,2023-10-31,1698782400,77.0,0.73471,0.00096,6.6896,-1.1121,6.37082,0.17614,1.0,384.37,6 x 6,266.7,268.4,4270.0,57.7,58.1,21 x 22,47.48,-0.26286,0.00092,6.66138,-0.60177,-2.38377,0.17205,150.0,168.1,0.038
1692129600,2023-08-15 16:00,2023-08-15,16.0,4438.11,2023-10-31,1698782400,77.0,0.73063,0.00088,6.73661,-1.11083,6.34479,0.17486,48.0,287.36,6 x 15,262.3,264.5,4275.0,58.5,59.1,16 x 49,54.08,-0.26728,0.00101,6.71236,-0.60306,-2.41596,0.17148,3.0,163.1,0.037
1692129600,2023-08-15 16:00,2023-08-15,16.0,4438.11,2023-10-31,1698782400,77.0,0.72627,0.00097,6.78843,-1.11299,6.3144,0.17442,1.0,376.74,6 x 6,258.6,260.4,4280.0,59.5,59.9,21 x 21,57.51,-0.27197,0.00101,6.76273,-0.60298,-2.44723,0.17058,1.0,158.1,0.036
1692129600,2023-08-15 16:00,2023-08-15,16.0,4438.11,2023-10-31,1698782400,77.0,0.72244,0.00089,6.83521,-1.11206,6.28671,0.17378,,0.0,6 x 6,254.3,256.3,4285.0,60.3,61.0,15 x 47,57.32,-0.27571,0.00103,6.81438,-0.60353,-2.47986,0.16966,29.0,153.1,0.035
1692129600,2023-08-15 16:00,2023-08-15,16.0,4438.11,2023-10-31,1698782400,77.0,0.71829,0.001,6.88699,-1.11403,6.25367,0.17262,1.0,378.6,6 x 6,250.6,252.4,4290.0,61.4,61.9,20 x 47,58.86,-0.27984,0.00099,6.86513,-0.60365,-2.51351,0.16888,3.0,148.1,0.033
1692129600,2023-08-15 16:00,2023-08-15,16.0,4438.11,2023-10-31,1698782400,77.0,0.71352,0.00099,6.94044,-1.11573,6.2194,0.17291,1.0,252.98,6 x 6,246.7,249.0,4295.0,62.2,62.9,15 x 46,60.4,-0.28425,0.00105,6.91436,-0.60321,-2.54569,0.16791,2.0,143.1,0.032
1692129600,2023-08-15 16:00,2023-08-15,16.0,4438.11,2023-10-31,1698782400,77.0,0.7096,0.00102,6.98706,-1.11523,6.19055,0.17193,1.0,314.62,7 x 22,242.8,244.7,4300.0,63.3,63.8,18 x 14,66.4,-0.28884,0.001,6.96406,-0.60326,-2.57912,0.16703,40.0,138.1,0.031
1692129600,2023-08-15 16:00,2023-08-15,16.0,4438.11,2023-10-31,1698782400,77.0,0.7059,0.00095,7.03426,-1.11463,6.15829,0.17035,2.0,243.17,7 x 7,239.0,240.6,4305.0,64.2,64.8,14 x 14,61.17,-0.29343,0.00106,7.01279,-0.60173,-2.61161,0.16622,1.0,133.1,0.03
1692129600,2023-08-15 16:00,2023-08-15,16.0,4438.11,2023-10-31,1698782400,77.0,0.7016,0.00102,7.08078,-1.11414,6.12742,0.16985,6.0,316.81,7 x 7,234.9,236.6,4310.0,65.3,65.8,26 x 14,59.4,-0.29836,0.00105,7.0613,-0.6022,-2.64516,0.16574,4.0,128.1,0.029
1692129600,2023-08-15 16:00,2023-08-15,16.0,4438.11,2023-10-31,1698782400,77.0,0.69727,0.00097,7.12693,-1.11273,6.09461,0.16924,1.0,272.27,7 x 7,230.9,232.7,4315.0,66.3,67.0,14 x 44,55.7,-0.3028,0.00103,7.11103,-0.60244,-2.68005,0.16441,2.0,123.1,0.028
1692129600,2023-08-15 16:00,2023-08-15,16.0,4438.11,2023-10-31,1698782400,77.0,0.69245,0.001,7.17271,-1.11213,6.06252,0.1683,0.0,219.58,7 x 7,226.9,228.8,4320.0,67.3,68.0,13 x 13,64.33,-0.30738,0.00107,7.15797,-0.60133,-2.71378,0.16376,1.0,118.1,0.027
1692129600,2023-08-15 16:00,2023-08-15,16.0,4438.11,2023-10-31,1698782400,77.0,0.68773,0.00106,7.2227,-1.11386,6.02434,0.16776,3.0,228.2,7 x 15,223.2,225.3,4325.0,68.4,69.1,13 x 42,62.83,-0.31222,0.00109,7.20534,-0.60021,-2.74824,0.16306,10.0,113.1,0.025
1692129600,2023-08-15 16:00,2023-08-15,16.0,4438.11,2023-10-31,1698782400,77.0,0.68346,0.001,7.26719,-1.11227,5.98958,0.16687,5.0,228.13,7 x 7,219.6,221.1,4330.0,69.5,70.1,13 x 13,44.22,-0.31694,0.00111,7.25109,-0.59947,-2.78195,0.16155,203.0,108.1,0.024
1692129600,2023-08-15 16:00,2023-08-15,16.0,4438.11,2023-10-31,1698782400,77.0,0.67875,0.001,7.31136,-1.11079,5.9541,0.16569,2.0,221.82,7 x 7,215.5,217.4,4335.0,70.6,71.2,13 x 13,64.97,-0.32254,0.00117,7.29673,-0.59787,-2.81664,0.16143,24.0,103.1,0.023
1692129600,2023-08-15 16:00,2023-08-15,16.0,4438.11,2023-10-31,1698782400,77.0,0.67421,0.00104,7.35776,-1.11058,5.91636,0.1651,4.0,228.09,7 x 7,211.9,213.6,4340.0,71.8,72.3,18 x 13,69.75,-0.32724,0.00117,7.34179,-0.59706,-2.85208,0.16006,604.0,98.1,0.022
1692129600,2023-08-15 16:00,2023-08-15,16.0,4438.11,2023-10-31,1698782400,77.0,0.66924,0.00106,7.40004,-1.1083,5.88122,0.16386,3.0,213.46,7 x 7,207.9,209.7,4345.0,72.9,73.6,12 x 40,66.88,-0.33289,0.0012,7.38647,-0.59581,-2.88758,0.15966,2.0,93.1,0.021
1692129600,2023-08-15 16:00,2023-08-15,16.0,4438.11,2023-10-31,1698782400,77.0,0.66412,0.00111,7.44096,-1.10605,5.8456,0.1633,21.0,245.62,7 x 7,203.9,205.8,4350.0,74.1,74.7,25 x 12,60.71,-0.33796,0.00115,7.4294,-0.59399,-2.92225,0.15878,25.0,88.1,0.02
1692129600,2023-08-15 16:00,2023-08-15,16.0,4438.11,2023-10-31,1698782400,77.0,0.65923,0.00107,7.48543,-1.10539,5.80431,0.16256,3.0,318.35,4 x 4,200.9,201.7,4355.0,75.2,76.0,12 x 39,56.1,-0.34329,0.00116,7.47132,-0.59283,-2.95759,0.15765,0.0,83.1,0.019
1692129600,2023-08-15 16:00,2023-08-15,16.0,4438.11,2023-10-31,1698782400,77.0,0.65441,0.00107,7.52747,-1.10379,5.76461,0.16164,4.0,207.64,4 x 4,197.2,198.0,4360.0,76.4,77.2,12 x 39,74.33,-0.34831,0.00122,7.51239,-0.59013,-2.99256,0.15682,24.0,78.1,0.018
1692129600,2023-08-15 16:00,2023-08-15,16.0,4438.11,2023-10-31,1698782400,77.0,0.64977,0.00114,7.56863,-1.10247,5.7248,0.161,,0.0,5 x 5,193.5,194.3,4365.0,77.7,78.4,11 x 11,63.71,-0.35408,0.00121,7.55334,-0.58848,-3.02726,0.1561,2.0,73.1,0.016
1692129600,2023-08-15 16:00,2023-08-15,16.0,4438.11,2023-10-31,1698782400,77.0,0.6446,0.00113,7.60793,-1.09961,5.68398,0.15998,1.0,290.0,5 x 5,189.8,190.5,4370.0,78.9,79.6,11 x 11,68.33,-0.35969,0.00125,7.59145,-0.58605,-3.06183,0.15545,3.0,68.1,0.015
1692129600,2023-08-15 16:00,2023-08-15,16.0,4438.11,2023-10-31,1698782400,77.0,0.63877,0.00115,7.64632,-1.09754,5.64292,0.1589,0.0,188.2,5 x 5,186.1,186.9,4375.0,80.2,80.9,11 x 11,67.08,-0.36518,0.00127,7.62892,-0.58309,-3.09669,0.15459,2.0,63.1,0.014
1692129600,2023-08-15 16:00,2023-08-15,16.0,4438.11,2023-10-31,1698782400,77.0,0.63377,0.00115,7.68434,-1.09488,5.60057,0.15823,1.0,291.31,5 x 5,182.5,183.2,4380.0,81.5,82.2,11 x 11,62.68,-0.37101,0.00129,7.6661,-0.58141,-3.13225,0.15327,12.0,58.1,0.013
1692129600,2023-08-15 16:00,2023-08-15,16.0,4438.11,2023-10-31,1698782400,77.0,0.62872,0.00115,7.72218,-1.09267,5.55698,0.15737,,0.0,5 x 5,178.9,179.6,4385.0,82.9,83.5,24 x 35,0.0,-0.37717,0.00124,7.70141,-0.57787,-3.16664,0.15273,,53.1,0.012
1692129600,2023-08-15 16:00,2023-08-15,16.0,4438.11,2023-10-31,1698782400,77.0,0.62241,0.00122,7.75776,-1.08974,5.51366,0.15615,3.0,183.46,5 x 5,175.3,176.0,4390.0,84.2,84.9,10 x 10,68.54,-0.38313,0.00127,7.73513,-0.57564,-3.202,0.1519,10.0,48.1,0.011
1692129600,2023-08-15 16:00,2023-08-15,16.0,4438.11,2023-10-31,1698782400,77.0,0.61738,0.00118,7.7921,-1.08739,5.46831,0.15576,1.0,179.98,21 x 29,171.7,172.5,4395.0,85.6,86.4,10 x 34,69.8,-0.38902,0.00128,7.76749,-0.57268,-3.23738,0.1508,14.0,43.1,0.01
1692129600,2023-08-15 16:00,2023-08-15,16.0,4438.11,2023-10-31,1698782400,77.0,0.61117,0.00124,7.82665,-1.08406,5.42265,0.1556,15.0,195.27,30 x 26,168.2,169.0,4400.0,87.0,87.7,36 x 37,71.0,-0.39543,0.00132,7.79753,-0.56858,-3.27164,0.15008,16.0,38.1,0.009
1692129600,2023-08-15 16:00,2023-08-15,16.0,4438.11,2023-10-31,1698782400,77.0,0.60586,0.00119,7.85797,-1.08015,5.37735,0.15412,2.0,173.11,6 x 6,164.7,165.4,4405.0,88.4,89.2,10 x 34,58.53,-0.40199,0.00136,7.82754,-0.56567,-3.30606,0.14959,1.0,33.1,0.007
1692129600,2023-08-15 16:00,2023-08-15,16.0,4438.11,2023-10-31,1698782400,77.0,0.59986,0.00125,7.88923,-1.07648,5.33058,0.15323,4.0,166.65,6 x 6,161.1,161.9,4410.0,89.9,90.5,10 x 10,54.67,-0.40867,0.00139,7.85416,-0.56194,-3.33936,0.14792,2.0,28.1,0.006
1692129600,2023-08-15 16:00,2023-08-15,16.0,4438.11,2023-10-31,1698782400,77.0,0.59486,0.00125,7.91885,-1.07302,5.28205,0.15235,1.0,211.69,6 x 6,157.8,158.5,4415.0,91.3,92.0,10 x 10,55.2,-0.41439,0.00142,7.87915,-0.5568,-3.37226,0.14778,2.0,23.1,0.005
1692129600,2023-08-15 16:00,2023-08-15,16.0,4438.11,2023-10-31,1698782400,77.0,0.58824,0.00125,7.94742,-1.0689,5.23402,0.15223,3.0,159.44,6 x 6,154.3,155.1,4420.0,92.8,93.5,8 x 8,90.23,-0.42108,0.0014,7.90149,-0.55276,-3.40514,0.14666,51.0,18.1,0.004
1692129600,2023-08-15 16:00,2023-08-15,16.0,4438.11,2023-10-31,1698782400,77.0,0.58282,0.00127,7.97397,-1.06505,5.18476,0.15131,1.0,156.07,6 x 6,150.9,151.7,4425.0,94.4,95.2,8 x 30,73.03,-0.42882,0.0014,7.92351,-0.54952,-3.43836,0.14568,1.0,13.1,0.003
1692129600,2023-08-15 16:00,2023-08-15,16.0,4438.11,2023-10-31,1698782400,77.0,0.5763,0.00123,7.99936,-1.06164,5.13456,0.15049,1.0,237.63,7 x 7,147.6,148.3,4430.0,96.0,96.6,8 x 8,79.45,-0.43504,0.00147,7.94214,-0.5445,-3.47002,0.145,1.0,8.1,0.002
1692129600,2023-08-15 16:00,2023-08-15,16.0,4438.11,2023-10-31,1698782400,77.0,0.57003,0.00127,8.02253,-1.05652,5.08415,0.14897,1.0,162.9,7 x 7,144.2,144.9,4435.0,97.5,98.2,8 x 8,0.0,-0.44217,0.00148,7.9577,-0.5396,-3.50034,0.14402,,3.1,0.001
1692129600,2023-08-15 16:00,2023-08-15,16.0,4438.11,2023-10-31,1698782400,77.0,0.56446,0.00129,8.04431,-1.05117,5.03199,0.14886,19.0,147.4,26 x 7,140.9,141.6,4440.0,99.2,100.0,8 x 29,80.96,-0.44899,0.00152,7.97178,-0.53486,-3.53191,0.14329,20.0,1.9,0.0
1692129600,2023-08-15 16:00,2023-08-15,16.0,4438.11,2023-10-31,1698782400,77.0,0.55765,0.00125,8.06462,-1.04642,4.97999,0.14837,3.0,161.61,7 x 7,137.6,138.4,4445.0,100.7,101.5,29 x 8,91.6,-0.45688,0.00146,7.98295,-0.52881,-3.56002,0.14199,1.0,6.9,0.002
1692129600,2023-08-15 16:00,2023-08-15,16.0,4438.11,2023-10-31,1698782400,77.0,0.55097,0.00135,8.08212,-1.04152,4.9266,0.14704,3.0,141.05,28 x 29,134.4,135.1,4450.0,102.6,103.2,17 x 8,99.06,-0.46392,0.0015,7.99123,-0.52322,-3.59031,0.14161,4.0,11.9,0.003
1692129600,2023-08-15 16:00,2023-08-15,16.0,4438.11,2023-10-31,1698782400,77.0,0.54457,0.00131,8.09849,-1.03511,4.87287,0.14586,20.0,195.84,7 x 7,131.2,131.9,4455.0,104.3,105.1,8 x 8,100.86,-0.4719,0.0015,7.9969,-0.51814,-3.61914,0.14028,1.0,16.9,0.004
1692129600,2023-08-15 16:00,2023-08-15,16.0,4438.11,2023-10-31,1698782400,77.0,0.5389,0.00131,8.1125,-1.02946,4.81888,0.1455,20.0,192.01,7 x 7,127.9,128.7,4460.0,106.0,106.7,8 x 8,63.67,-0.47894,0.00157,7.99827,-0.51151,-3.64466,0.13893,2.0,21.9,0.005
1692129600,2023-08-15 16:00,2023-08-15,16.0,4438.11,2023-10-31,1698782400,77.0,0.53209,0.0013,8.12466,-1.02381,4.76263,0.14468,1.0,129.12,7 x 7,124.8,125.5,4465.0,107.8,108.5,7 x 27,91.1,-0.48709,0.00151,7.99724,-0.5058,-3.67034,0.13846,2.0,26.9,0.006
1692129600,2023-08-15 16:00,2023-08-15,16.0,4438.11,2023-10-31,1698782400,77.0,0.52539,0.00132,8.1348,-1.01723,4.70666,0.1441,1.0,135.7,28 x 7,121.7,122.4,4470.0,109.6,110.3,23 x 7,106.53,-0.49553,0.00157,7.99249,-0.49885,-3.69448,0.13798,24.0,31.9,0.007
1692129600,2023-08-15 16:00,2023-08-15,16.0,4438.11,2023-10-31,1698782400,77.0,0.51862,0.0014,8.1432,-1.01143,4.64983,0.14302,11.0,139.97,7 x 7,118.6,119.3,4475.0,111.5,112.2,7 x 7,106.0,-0.50313,0.00164,7.98464,-0.49214,-3.71761,0.13668,32.0,36.9,0.008
1692129600,2023-08-15 16:00,2023-08-15,16.0,4438.11,2023-10-31,1698782400,77.0,0.51214,0.00141,8.14908,-1.00415,4.59174,0.14298,1.0,124.81,7 x 7,115.6,116.3,4480.0,113.4,114.1,7 x 7,92.83,-0.51156,0.00165,7.97242,-0.48514,-3.73948,0.13543,10.0,41.9,0.009
1692129600,2023-08-15 16:00,2023-08-15,16.0,4438.11,2023-10-31,1698782400,77.0,0.505,0.00142,8.15163,-0.99727,4.53318,0.1419,1.0,122.22,7 x 9,112.6,113.3,4485.0,115.3,116.0,7 x 7,70.76,-0.52064,0.00165,7.95486,-0.47744,-3.75815,0.13511,1.0,46.9,0.011
1692129600,2023-08-15 16:00,2023-08-15,16.0,4438.11,2023-10-31,1698782400,77.0,0.49774,0.00136,8.15276,-0.98982,4.47358,0.14062,2.0,114.0,29 x 7,109.6,110.3,4490.0,117.2,118.0,7 x 7,122.22,-0.52933,0.00165,7.93371,-0.46972,-3.77621,0.13428,3.0,51.9,0.012
1692129600,2023-08-15 16:00,2023-08-15,16.0,4438.11,2023-10-31,1698782400,77.0,0.49098,0.00141,8.15141,-0.9827,4.41398,0.14011,1.0,104.12,7 x 16,106.7,107.4,4495.0,119.3,120.0,7 x 7,98.9,-0.53751,0.00165,7.90899,-0.46186,-3.79142,0.13269,2.0,56.9,0.013
1692129600,2023-08-15 16:00,2023-08-15,16.0,4438.11,2023-10-31,1698782400,77.0,0.48402,0.00139,8.14716,-0.97415,4.35316,0.13917,7.0,115.52,26 x 24,103.8,104.3,4500.0,121.3,122.0,27 x 32,124.86,-0.54628,0.00169,7.87741,-0.4534,-3.8034,0.13164,5.0,61.9,0.014
1692129600,2023-08-15 16:00,2023-08-15,16.0,4438.11,2023-10-31,1698782400,77.0,0.47641,0.00139,8.14015,-0.96697,4.2919,0.13815,2.0,120.4,30 x 7,100.9,101.6,4505.0,123.4,124.2,7 x 7,107.81,-0.55527,0.00167,7.84225,-0.44449,-3.8152,0.13052,3.0,66.9,0.015
1692129600,2023-08-15 16:00,2023-08-15,16.0,4438.11,2023-10-31,1698782400,77.0,0.46898,0.00137,8.13081,-0.95923,4.23061,0.13819,2.0,104.52,7 x 17,98.1,98.8,4510.0,125.5,126.2,7 x 7,106.8,-0.56489,0.00174,7.79997,-0.43588,-3.82128,0.12979,2.0,71.9,0.016
1692129600,2023-08-15 16:00,2023-08-15,16.0,4438.11,2023-10-31,1698782400,77.0,0.46247,0.00146,8.11798,-0.95047,4.16796,0.13709,1.0,103.52,31 x 7,95.3,96.0,4515.0,127.4,128.3,7 x 7,105.2,-0.57537,0.00172,7.75032,-0.42521,-3.82402,0.12853,2.0,76.9,0.017
1692129600,2023-08-15 16:00,2023-08-15,16.0,4438.11,2023-10-31,1698782400,77.0,0.45493,0.00139,8.10333,-0.94106,4.10495,0.13608,2.0,99.98,8 x 8,92.5,93.2,4520.0,129.8,130.6,7 x 7,135.02,-0.58478,0.00181,7.69815,-0.4163,-3.82694,0.12793,1.0,81.9,0.018
1692129600,2023-08-15 16:00,2023-08-15,16.0,4438.11,2023-10-31,1698782400,77.0,0.44799,0.00145,8.08483,-0.93243,4.04168,0.13573,2.0,97.85,8 x 18,89.9,90.6,4525.0,132.1,132.8,7 x 7,111.65,-0.59424,0.00178,7.6366,-0.40657,-3.82442,0.12658,1.0,86.9,0.02
1692129600,2023-08-15 16:00,2023-08-15,16.0,4438.11,2023-10-31,1698782400,77.0,0.44068,0.00147,8.06413,-0.92348,3.97751,0.13487,1.0,92.92,34 x 8,87.2,87.9,4530.0,134.4,135.1,7 x 7,124.1,-0.60441,0.00177,7.56874,-0.3955,-3.81869,0.12527,12.0,91.9,0.021
1692129600,2023-08-15 16:00,2023-08-15,16.0,4438.11,2023-10-31,1698782400,77.0,0.43325,0.00143,8.0402,-0.91435,3.91296,0.13468,1.0,100.47,8 x 8,84.6,85.3,4535.0,136.7,137.4,7 x 7,107.77,-0.61555,0.00186,7.49255,-0.38488,-3.80702,0.12423,4.0,96.9,0.022
1692129600,2023-08-15 16:00,2023-08-15,16.0,4438.11,2023-10-31,1698782400,77.0,0.42575,0.00146,8.0132,-0.9047,3.84749,0.13375,3.0,89.16,8 x 8,82.0,82.7,4540.0,139.1,139.8,7 x 7,112.6,-0.62633,0.00189,7.40817,-0.37388,-3.79175,0.1234,20.0,101.9,0.023
1692129600,2023-08-15 16:00,2023-08-15,16.0,4438.11,2023-10-31,1698782400,77.0,0.41802,0.00145,7.98398,-0.89432,3.78191,0.13324,4.0,83.62,8 x 8,79.5,80.2,4545.0,141.5,142.2,7 x 7,0.0,-0.63673,0.00185,7.31382,-0.36149,-3.76955,0.12236,,106.9,0.024
1692129600,2023-08-15 16:00,2023-08-15,16.0,4438.11,2023-10-31,1698782400,77.0,0.41037,0.00147,7.95011,-0.88362,3.7156,0.13228,1.0,93.84,29 x 24,77.0,77.5,4550.0,143.9,144.7,6 x 6,120.23,-0.64882,0.00192,7.20925,-0.34924,-3.74298,0.12087,3.0,111.9,0.025
1692129600,2023-08-15 16:00,2023-08-15,16.0,4438.11,2023-10-31,1698782400,77.0,0.40257,0.00147,7.91395,-0.87386,3.64858,0.13193,1.0,112.82,8 x 11,74.6,75.2,4555.0,146.5,147.3,6 x 6,121.74,-0.65933,0.00191,7.09715,-0.33742,-3.71158,0.1198,2.0,116.9,0.026
1692129600,2023-08-15 16:00,2023-08-15,16.0,4438.11,2023-10-31,1698782400,77.0,0.39461,0.00139,7.8757,-0.86385,3.58306,0.13124,1.0,164.07,10 x 21,72.2,72.9,4560.0,148.9,149.9,6 x 6,118.1,-0.67255,0.00191,6.96845,-0.3242,-3.66851,0.11921,1.0,121.9,0.027
1692129600,2023-08-15 16:00,2023-08-15,16.0,4438.11,2023-10-31,1698782400,77.0,0.3875,0.00148,7.83248,-0.8529,3.51533,0.13039,1.0,152.04,10 x 21,69.7,70.5,4565.0,151.5,152.5,6 x 6,0.0,-0.68447,0.00202,6.82712,-0.30997,-3.61984,0.1181,,126.9,0.029
1692129600,2023-08-15 16:00,2023-08-15,16.0,4438.11,2023-10-31,1698782400,77.0,0.38015,0.00142,7.78745,-0.84234,3.44761,0.12946,1.0,152.1,10 x 21,67.5,68.2,4570.0,154.2,155.0,6 x 6,89.7,-0.69744,0.00198,6.66868,-0.29565,-3.5591,0.11604,1.0,131.9,0.03
1692129600,2023-08-15 16:00,2023-08-15,16.0,4438.11,2023-10-31,1698782400,77.0,0.37223,0.0014,7.73844,-0.83032,3.38034,0.12903,2.0,89.1,10 x 11,65.3,65.9,4575.0,156.9,157.6,6 x 6,140.4,-0.71161,0.00201,6.49282,-0.28022,-3.48736,0.11482,2.0,136.9,0.031
1692129600,2023-08-15 16:00,2023-08-15,16.0,4438.11,2023-10-31,1698782400,77.0,0.3646,0.00142,7.68578,-0.81936,3.31252,0.12846,2.0,106.63,11 x 22,63.1,63.7,4580.0,159.6,160.4,5 x 5,97.4,-0.72495,0.00212,6.3001,-0.26446,-3.40462,0.11395,1.0,141.9,0.032
1692129600,2023-08-15 16:00,2023-08-15,16.0,4438.11,2023-10-31,1698782400,77.0,0.35694,0.00143,7.62982,-0.80777,3.2447,0.12738,49.0,149.08,11 x 12,60.9,61.5,4585.0,162.4,163.3,5 x 5,154.11,-0.73976,0.00211,6.08784,-0.24856,-3.31087,0.11169,4.0,146.9,0.033
1692129600,2023-08-15 16:00,2023-08-15,16.0,4438.11,2023-10-31,1698782400,77.0,0.34899,0.00138,7.56799,-0.79377,3.17247,0.12689,1.0,71.28,34 x 15,58.0,59.7,4590.0,165.3,166.1,5 x 5,89.05,-0.75572,0.00218,5.84582,-0.23133,-3.1972,0.11077,2.0,151.9,0.034
1692129600,2023-08-15 16:00,2023-08-15,16.0,4438.11,2023-10-31,1698782400,77.0,0.34089,0.00146,7.50945,-0.78333,3.10813,0.12658,,0.0,11 x 12,56.7,57.3,4595.0,168.1,168.8,5 x 5,0.0,-0.7734,0.0022,5.55207,-0.21067,-3.04953,0.10892,,156.9,0.035
1692129600,2023-08-15 16:00,2023-08-15,16.0,4438.11,2023-10-31,1698782400,77.0,0.33314,0.0014,7.44358,-0.77091,3.03907,0.12536,12.0,62.2,12 x 30,54.7,55.2,4600.0,171.0,171.8,4 x 4,165.2,-0.79133,0.00222,5.23138,-0.19113,-2.88526,0.10684,4.0,161.9,0.036
1692129600,2023-08-15 16:00,2023-08-15,16.0,4438.11,2023-10-31,1698782400,77.0,0.32592,0.0014,7.37523,-0.75926,2.97126,0.12484,1.0,70.78,12 x 12,52.7,53.2,4605.0,174.0,174.7,4 x 4,134.44,-0.81189,0.00232,4.85098,-0.16883,-2.68221,0.10409,1.0,166.9,0.038
1692129600,2023-08-15 16:00,2023-08-15,16.0,4438.11,2023-10-31,1698782400,77.0,0.31846,0.00139,7.30457,-0.74702,2.90293,0.12457,2.0,82.63,12 x 12,50.8,51.3,4610.0,177.0,177.9,4 x 4,155.1,-0.83413,0.0024,4.39707,-0.14573,-2.43324,0.1022,2.0,171.9,0.039
1692129600,2023-08-15 16:00,2023-08-15,16.0,4438.11,2023-10-31,1698782400,77.0,0.31035,0.00135,7.22902,-0.73429,2.83478,0.1239,12.0,57.83,13 x 12,48.9,49.4,4615.0,180.1,180.8,3 x 3,0.0,-0.86117,0.00245,3.79757,-0.11695,-2.09291,0.09872,,176.9,0.04
1692129600,2023-08-15 16:00,2023-08-15,16.0,4438.11,2023-10-31,1698782400,77.0,0.30195,0.0014,7.14002,-0.71611,2.75698,0.12226,4.0,86.0,38 x 37,46.4,47.2,4620.0,183.2,183.9,3 x 3,131.55,-0.89778,0.00262,2.93209,-0.08221,-1.58751,0.09495,1.0,181.9,0.041
1692129600,2023-08-15 16:00,2023-08-15,16.0,4438.11,2023-11-17,1700254800,94.04,0.94771,0.00016,2.34739,-0.72297,8.47052,0.2938,1.0,720.65,50 x 50,932.2,948.1,3550.0,12.8,13.1,478 x 210,13.17,-0.04603,0.00018,2.19147,-0.30186,-0.55638,0.28588,8.0,888.1,0.2
1692129600,2023-08-15 16:00,2023-08-15,16.0,4438.11,2023-11-17,1700254800,94.04,0.94609,0.00019,2.382,-0.72683,8.48478,0.29135,,0.0,50 x 50,922.6,938.4,3560.0,13.1,13.4,180 x 330,11.7,-0.04695,0.0001,2.23412,-0.30602,-0.5693,0.28381,1.0,878.1,0.198
1692129600,2023-08-15 16:00,2023-08-15,16.0,4438.11,2023-11-17,1700254800,94.04,0.94584,0.00016,2.42074,-0.73112,8.49759,0.29047,,0.0,30 x 30,913.0,928.8,3570.0,13.2,13.5,760 x 273,11.9,-0.04744,0.00013,2.25857,-0.30645,-0.57703,0.28189,1.0,868.1,0.196
1692129600,2023-08-15 16:00,2023-08-15,16.0,4438.11,2023-11-17,1700254800,94.04,0.9531,0.00019,2.13751,-0.67528,8.60564,0.27397,0.0,742.59,50 x 50,904.8,920.6,3575.0,13.4,13.8,542 x 681,12.78,-0.04863,0.00016,2.28963,-0.31088,-0.58704,0.28139,45.0,863.1,0.194
1692129600,2023-08-15 16:00,2023-08-15,16.0,4438.11,2023-11-17,1700254800,94.04,0.94401,0.00013,2.45962,-0.7363,8.51062,0.28848,,0.0,50 x 50,903.4,919.2,3580.0,13.6,13.9,60 x 210,11.5,-0.04946,0.00012,2.31158,-0.31285,-0.59408,0.28095,2.0,858.1,0.193
1692129600,2023-08-15 16:00,2023-08-15,16.0,4438.11,2023-11-17,1700254800,94.04,0.94817,0.00015,2.32855,-0.70701,8.58131,0.27826,,0.0,10 x 10,897.4,902.0,3590.0,13.8,14.2,515 x 581,12.35,-0.0499,0.00019,2.35075,-0.31583,-0.60577,0.2793,3.0,848.1,0.191
1692129600,2023-08-15 16:00,2023-08-15,16.0,4438.11,2023-11-17,1700254800,94.04,0.94207,0.00022,2.5425,-0.74557,8.53307,0.28486,1.0,884.33,50 x 50,884.3,900.0,3600.0,14.1,14.4,352 x 210,14.0,-0.05163,0.00016,2.38949,-0.31886,-0.61862,0.27739,607.0,838.1,0.189
1692129600,2023-08-15 16:00,2023-08-15,16.0,4438.11,2023-11-17,1700254800,94.04,0.94043,0.00018,2.58696,-0.75065,8.54419,0.28296,,0.0,50 x 50,874.7,890.5,3610.0,14.4,14.7,60 x 210,18.5,-0.05283,0.00012,2.4334,-0.32248,-0.63313,0.27524,150.0,828.1,0.187
1692129600,2023-08-15 16:00,2023-08-15,16.0,4438.11,2023-11-17,1700254800,94.04,0.93922,0.00018,2.63063,-0.75511,8.55448,0.28114,,0.0,50 x 50,865.2,880.9,3620.0,14.5,14.9,913 x 354,15.25,-0.05296,0.00021,2.46534,-0.32384,-0.64222,0.27396,2.0,818.1,0.184
1692129600,2023-08-15 16:00,2023-08-15,16.0,4438.11,2023-11-17,1700254800,94.04,0.9394,0.00017,2.65054,-0.7573,8.56109,0.28108,0.0,641.65,50 x 50,860.4,876.1,3625.0,14.8,15.1,491 x 203,12.77,-0.05444,0.00021,2.49545,-0.3266,-0.65271,0.27334,18.0,813.1,0.183
1692129600,2023-08-15 16:00,2023-08-15,16.0,4438.11,2023-11-17,1700254800,94.04,0.93896,0.00016,2.6629,-0.75812,8.56949,0.27874,0.0,669.59,10 x 10,861.0,865.7,3630.0,14.8,15.2,909 x 304,13.0,-0.0544,0.00015,2.50993,-0.32681,-0.65658,0.27143,1.0,808.1,0.182
1692129600,2023-08-15 16:00,2023-08-15,16.0,4438.11,2023-11-17,1700254800,94.04,0.93738,0.00017,2.72016,-0.76533,8.57589,0.27802,0.0,740.69,50 x 50,846.1,861.8,3640.0,15.3,15.6,60 x 180,12.99,-0.05576,0.00016,2.567,-0.33289,-0.67555,0.27064,21.0,798.1,0.18
1692129600,2023-08-15 16:00,2023-08-15,16.0,4438.11,2023-11-17,1700254800,94.04,0.93642,0.00016,2.75292,-0.76819,8.58969,0.27575,0.0,617.34,10 x 10,841.9,846.6,3650.0,15.5,15.9,641 x 180,15.0,-0.05776,0.00024,2.60763,-0.33606,-0.68966,0.26845,1.0,788.1,0.178
1692129600,2023-08-15 16:00,2023-08-15,16.0,4438.11,2023-11-17,1700254800,94.04,0.93738,0.00016,2.69392,-0.75224,8.63758,0.26945,,0.0,50 x 20,827.0,839.8,3660.0,15.9,16.2,185 x 180,15.82,-0.05873,0.00014,2.65652,-0.33984,-0.70518,0.26749,18.0,778.1,0.175
1692129600,2023-08-15 16:00,2023-08-15,16.0,4438.11,2023-11-17,1700254800,94.04,0.94015,0.00015,2.62798,-0.73577,8.6874,0.26213,16.0,636.25,50 x 20,817.5,827.5,3670.0,16.2,16.5,308 x 60,13.17,-0.05969,0.0002,2.70166,-0.34297,-0.72072,0.26533,1.0,768.1,0.173
1692129600,2023-08-15 16:00,2023-08-15,16.0,4438.11,2023-11-17,1700254800,94.04,0.93011,0.00022,2.96875,-0.80002,8.57583,0.27585,0.0,728.34,10 x 40,818.0,825.5,3675.0,16.2,16.6,865 x 352,15.7,-0.06029,0.00021,2.71625,-0.34324,-0.72556,0.26486,1.0,763.1,0.172
1692129600,2023-08-15 16:00,2023-08-15,16.0,4438.11,2023-11-17,1700254800,94.04,0.93852,0.00016,2.67867,-0.74149,8.69564,0.26082,0.0,723.95,50 x 20,808.0,818.0,3680.0,16.6,16.9,60 x 225,17.21,-0.06196,0.00015,2.75605,-0.34776,-0.73898,0.26394,1.0,758.1,0.171
1692129600,2023-08-15 16:00,2023-08-15,16.0,4438.11,2023-11-17,1700254800,94.04,0.93661,0.00019,2.73089,-0.7476,8.70273,0.25922,0.0,735.54,50 x 40,798.5,808.5,3690.0,16.9,17.2,180 x 180,17.84,-0.06298,0.00019,2.80207,-0.35035,-0.75441,0.26202,2.0,748.1,0.169
1692129600,2023-08-15 16:00,2023-08-15,16.0,4438.11,2023-11-17,1700254800,94.04,0.93502,0.00026,2.7786,-0.75233,8.71203,0.25762,2.0,726.82,50 x 20,789.0,798.9,3700.0,17.1,17.5,780 x 288,17.72,-0.06423,0.00021,2.84362,-0.35279,-0.76837,0.26037,2.0,738.1,0.166
1692129600,2023-08-15 16:00,2023-08-15,16.0,4438.11,2023-11-17,1700254800,94.04,0.93393,0.00022,2.83054,-0.75705,8.71931,0.25639,0.0,600.16,50 x 20,779.5,789.4,3710.0,17.6,17.9,163 x 60,15.15,-0.0661,0.00023,2.90216,-0.35835,-0.78777,0.25878,1.0,728.1,0.164
1692129600,2023-08-15 16:00,2023-08-15,16.0,4438.11,2023-11-17,1700254800,94.04,0.93252,0.00018,2.88155,-0.76208,8.72724,0.25492,,0.0,10 x 50,770.0,779.9,3720.0,17.8,18.2,785 x 304,20.52,-0.06732,0.00021,2.94457,-0.36041,-0.80281,0.25685,1.0,718.1,0.162
1692129600,2023-08-15 16:00,2023-08-15,16.0,4438.11,2023-11-17,1700254800,94.04,0.93165,0.0002,2.91275,-0.76606,8.72914,0.25453,0.0,702.89,50 x 50,765.3,775.2,3725.0,18.0,18.4,727 x 312,17.4,-0.06742,0.00024,2.97183,-0.36194,-0.81207,0.25594,2.0,713.1,0.161
1692129600,2023-08-15 16:00,2023-08-15,16.0,4438.11,2023-11-17,1700254800,94.04,0.93116,0.00023,2.93939,-0.76897,8.73208,0.25347,0.0,698.15,50 x 40,760.5,770.5,3730.0,18.3,18.7,240 x 120,19.01,-0.06934,0.00026,3.00772,-0.3661,-0.82425,0.25583,3.0,708.1,0.16
1692129600,2023-08-15 16:00,2023-08-15,16.0,4438.11,2023-11-17,1700254800,94.04,0.92888,0.00026,2.9961,-0.7747,8.73751,0.25141,,0.0,30 x 40,751.1,761.0,3740.0,18.8,19.1,60 x 60,22.2,-0.07084,0.00026,3.06589,-0.37003,-0.84516,0.2543,66.0,698.1,0.157
1692129600,2023-08-15 16:00,2023-08-15,16.0,4438.11,2023-11-17,1700254800,94.04,0.92746,0.00022,3.05245,-0.78025,8.74273,0.25055,4.0,818.42,50 x 20,741.7,751.5,3750.0,19.0,19.4,792 x 180,19.85,-0.07147,0.00024,3.10987,-0.37253,-0.86051,0.25191,1.0,688.1,0.155
1692129600,2023-08-15 16:00,2023-08-15,16.0,4438.11,2023-11-17,1700254800,94.04,0.92607,0.00026,3.10158,-0.78402,8.75052,0.24796,,0.0,30 x 20,732.2,741.9,3760.0,19.6,19.9,60 x 147,18.53,-0.07435,0.00024,3.17664,-0.37818,-0.88378,0.25146,1.0,678.1,0.153
1692129600,2023-08-15 16:00,2023-08-15,16.0,4438.11,2023-11-17,1700254800,94.04,0.92371,0.00021,3.16998,-0.79139,8.75042,0.2472,,0.0,50 x 40,722.8,732.7,3770.0,19.8,20.2,717 x 338,15.68,-0.07585,0.00021,3.22178,-0.37996,-0.8996,0.24925,81.0,668.1,0.151
1692129600,2023-08-15 16:00,2023-08-15,16.0,4438.11,2023-11-17,1700254800,94.04,0.92302,0.00027,3.20108,-0.79415,8.75215,0.24623,2.0,574.09,50 x 40,718.1,728.0,3775.0,20.0,20.4,806 x 328,20.95,-0.07597,0.00021,3.24962,-0.38201,-0.91035,0.24827,2.0,663.1,0.149
1692129600,2023-08-15 16:00,2023-08-15,16.0,4438.11,2023-11-17,1700254800,94.04,0.91666,0.00028,3.40323,-0.82964,8.68572,0.25335,,0.0,20 x 20,718.2,723.2,3780.0,20.4,20.8,406 x 120,15.6,-0.07735,0.00027,3.29275,-0.38638,-0.92525,0.2483,1.0,658.1,0.148
1692129600,2023-08-15 16:00,2023-08-15,16.0,4438.11,2023-11-17,1700254800,94.04,0.91792,0.00029,3.3524,-0.81374,8.73191,0.24679,,0.0,10 x 10,707.5,712.0,3790.0,20.9,21.2,60 x 205,25.96,-0.07968,0.00028,3.35224,-0.39035,-0.94691,0.24642,3.0,648.1,0.146
1692129600,2023-08-15 16:00,2023-08-15,16.0,4438.11,2023-11-17,1700254800,94.04,0.91308,0.00024,3.51394,-0.83771,8.69412,0.24932,8.0,709.7,20 x 20,699.4,704.2,3800.0,21.3,21.7,425 x 120,18.25,-0.0815,0.00024,3.41225,-0.39357,-0.96911,0.24475,2.0,638.1,0.144
1692129600,2023-08-15 16:00,2023-08-15,16.0,4438.11,2023-11-17,1700254800,94.04,0.91388,0.00031,3.49016,-0.82737,8.73022,0.2445,,0.0,20 x 20,687.6,694.8,3810.0,21.8,22.2,188 x 120,18.49,-0.0836,0.00032,3.47578,-0.39804,-0.99248,0.24337,2.0,628.1,0.142
1692129600,2023-08-15 16:00,2023-08-15,16.0,4438.11,2023-11-17,1700254800,94.04,0.9118,0.00029,3.55455,-0.83383,8.73109,0.24314,,0.0,20 x 20,678.2,685.5,3820.0,22.3,22.6,209 x 60,22.45,-0.0858,0.00024,3.53667,-0.40185,-1.01489,0.24165,2.0,618.1,0.139
1692129600,2023-08-15 16:00,2023-08-15,16.0,4438.11,2023-11-17,1700254800,94.04,0.90788,0.00024,3.66305,-0.85025,8.69884,0.24548,0.0,527.89,20 x 20,675.8,680.8,3825.0,22.5,22.9,541 x 140,21.9,-0.08629,0.0003,3.56829,-0.40418,-1.0273,0.24075,1.0,613.1,0.138
1692129600,2023-08-15 16:00,2023-08-15,16.0,4438.11,2023-11-17,1700254800,94.04,0.90941,0.00031,3.61898,-0.83882,8.73094,0.24125,,0.0,20 x 20,668.9,676.1,3830.0,22.8,23.1,205 x 60,20.07,-0.08778,0.00028,3.60011,-0.40642,-1.03958,0.2401,6.0,608.1,0.137
1692129600,2023-08-15 16:00,2023-08-15,16.0,4438.11,2023-11-17,1700254800,94.04,0.9106,0.0003,3.60476,-0.83037,8.76367,0.23647,,0.0,10 x 40,657.2,666.8,3840.0,23.3,23.7,150 x 120,17.5,-0.08938,0.00032,3.66783,-0.41068,-1.06451,0.23853,1.0,598.1,0.135
1692129600,2023-08-15 16:00,2023-08-15,16.0,4438.11,2023-11-17,1700254800,94.04,0.90255,0.0003,3.83757,-0.86625,8.69223,0.24138,0.0,605.07,10 x 30,652.9,657.4,3850.0,23.8,24.2,57 x 60,19.49,-0.09145,0.00029,3.73259,-0.41414,-1.08976,0.23719,3.0,588.1,0.133
1692129600,2023-08-15 16:00,2023-08-15,16.0,4438.11,2023-11-17,1700254800,94.04,0.9003,0.00035,3.9046,-0.87224,8.69003,0.24039,,0.0,10 x 50,643.6,648.1,3860.0,24.1,24.6,720 x 180,24.42,-0.09341,0.00028,3.78752,-0.41663,-1.10972,0.23477,1.0,578.1,0.13
1692129600,2023-08-15 16:00,2023-08-15,16.0,4438.11,2023-11-17,1700254800,94.04,0.8977,0.00031,3.97224,-0.87716,8.68722,0.23833,,0.0,10 x 50,634.3,638.8,3870.0,24.9,25.3,183 x 225,20.44,-0.09601,0.00028,3.86906,-0.42312,-1.14172,0.23347,20.0,568.1,0.128
1692129600,2023-08-15 16:00,2023-08-15,16.0,4438.11,2023-11-17,1700254800,94.04,0.90021,0.00033,3.91187,-0.862,8.72774,0.23413,0.0,452.13,10 x 10,628.2,632.6,3875.0,25.0,25.4,516 x 253,24.5,-0.0974,0.00033,3.89144,-0.42219,-1.15041,0.23211,1.0,563.1,0.127
1692129600,2023-08-15 16:00,2023-08-15,16.0,4438.11,2023-11-17,1700254800,94.04,0.89525,0.00034,4.04286,-0.88264,8.6834,0.237,15.0,581.63,30 x 50,625.0,629.6,3880.0,25.3,25.7,417 x 180,25.63,-0.09845,0.00036,3.92837,-0.42445,-1.16435,0.23141,4.0,558.1,0.126
1692129600,2023-08-15 16:00,2023-08-15,16.0,4438.11,2023-11-17,1700254800,94.04,0.89264,0.0003,4.11368,-0.88821,8.67881,0.23513,0.0,545.16,10 x 50,615.8,620.3,3890.0,26.0,26.5,150 x 105,26.79,-0.10146,0.00035,4.00946,-0.43119,-1.19756,0.23048,5.0,548.1,0.123
1692129600,2023-08-15 16:00,2023-08-15,16.0,4438.11,2023-11-17,1700254800,94.04,0.88998,0.00038,4.18455,-0.89355,8.6736,0.23332,8.0,616.3,10 x 10,607.8,609.8,3900.0,26.5,26.9,309 x 105,26.0,-0.10312,0.00039,4.07274,-0.43315,-1.22208,0.22823,9.0,538.1,0.121
1692129600,2023-08-15 16:00,2023-08-15,16.0,4438.11,2023-11-17,1700254800,94.04,0.88752,0.00033,4.25629,-0.89912,8.66822,0.23229,,0.0,20 x 40,597.3,601.8,3910.0,27.3,27.8,90 x 105,27.07,-0.10678,0.0004,4.16004,-0.44066,-1.25819,0.22774,1.0,528.1,0.119
1692129600,2023-08-15 16:00,2023-08-15,16.0,4438.11,2023-11-17,1700254800,94.04,0.88541,0.00032,4.32936,-0.90455,8.6615,0.23036,,0.0,20 x 40,588.1,592.6,3920.0,27.7,28.2,164 x 150,23.86,-0.10837,0.0004,4.22017,-0.44162,-1.28225,0.22577,63.0,518.1,0.117
1692129600,2023-08-15 16:00,2023-08-15,16.0,4438.11,2023-11-17,1700254800,94.04,0.88732,0.00041,4.27987,-0.88999,8.69827,0.22599,0.0,444.4,10 x 10,582.1,586.4,3925.0,28.2,28.7,259 x 60,26.91,-0.11039,0.00039,4.26717,-0.44573,-1.30112,0.22484,1.0,513.1,0.116
1692129600,2023-08-15 16:00,2023-08-15,16.0,4438.11,2023-11-17,1700254800,94.04,0.88279,0.00039,4.40389,-0.90961,8.65437,0.2292,,0.0,20 x 40,578.9,583.4,3930.0,28.4,28.9,150 x 214,26.4,-0.11136,0.00035,4.2987,-0.4459,-1.31335,0.22412,62.0,508.1,0.114
1692129600,2023-08-15 16:00,2023-08-15,16.0,4438.11,2023-11-17,1700254800,94.04,0.87953,0.00036,4.48148,-0.91454,8.64461,0.22711,0.0,524.08,40 x 40,569.7,574.3,3940.0,29.3,29.8,116 x 105,26.78,-0.11487,0.0004,4.39045,-0.45316,-1.35191,0.22319,15.0,498.1,0.112
1692129600,2023-08-15 16:00,2023-08-15,16.0,4438.11,2023-11-17,1700254800,94.04,0.87856,0.00036,4.51261,-0.91127,8.65723,0.22369,1.0,655.16,20 x 20,558.8,565.2,3950.0,29.9,30.5,240 x 60,25.3,-0.11797,0.00042,4.46426,-0.45619,-1.38275,0.22188,25.0,488.1,0.11
1692129600,2023-08-15 16:00,2023-08-15,16.0,4438.11,2023-11-17,1700254800,94.04,0.87324,0.00039,4.63599,-0.92567,8.62499,0.22376,0.0,383.35,40 x 40,551.4,556.0,3960.0,30.7,31.2,53 x 150,25.97,-0.12111,0.00045,4.54558,-0.46062,-1.41748,0.22013,1.0,478.1,0.108
1692129600,2023-08-15 16:00,2023-08-15,16.0,4438.11,2023-11-17,1700254800,94.04,0.87091,0.00037,4.71636,-0.93033,8.61244,0.22212,1.0,560.28,40 x 40,542.3,546.9,3970.0,31.2,31.8,159 x 105,31.19,-0.12317,0.00041,4.61806,-0.46257,-1.4478,0.21751,1.0,468.1,0.105
1692129600,2023-08-15 16:00,2023-08-15,16.0,4438.11,2023-11-17,1700254800,94.04,0.86886,0.0004,4.75947,-0.93375,8.605,0.22175,6.0,574.28,40 x 40,537.8,542.4,3975.0,31.8,32.4,214 x 105,29.7,-0.12518,0.00042,4.67151,-0.46784,-1.47119,0.21737,1.0,463.1,0.104
1692129600,2023-08-15 16:00,2023-08-15,16.0,4438.11,2023-11-17,1700254800,94.04,0.8674,0.00044,4.79673,-0.93616,8.6001,0.22076,1.0,533.23,40 x 40,533.2,537.8,3980.0,32.2,32.8,90 x 105,24.21,-0.12722,0.00046,4.71394,-0.46968,-1.48955,0.21684,1.0,458.1,0.103
1692129600,2023-08-15 16:00,2023-08-15,16.0,4438.11,2023-11-17,1700254800,94.04,0.8641,0.00039,4.88214,-0.94179,8.58447,0.21913,2.0,617.59,40 x 40,524.2,528.8,3990.0,33.0,33.6,90 x 105,27.8,-0.13073,0.00046,4.79793,-0.47407,-1.52648,0.21547,1.0,448.1,0.101
1692129600,2023-08-15 16:00,2023-08-15,16.0,4438.11,2023-11-17,1700254800,94.04,0.86057,0.00045,4.95546,-0.94482,8.57487,0.21737,200.0,534.15,20 x 20,513.6,520.9,4000.0,33.8,34.4,225 x 60,32.86,-0.13422,0.00045,4.88212,-0.47778,-1.56431,0.21365,400.0,438.1,0.099
1692129600,2023-08-15 16:00,2023-08-15,16.0,4438.11,2023-11-17,1700254800,94.04,0.85697,0.00046,5.04732,-0.9512,8.55515,0.21647,1.0,530.85,50 x 50,506.1,510.7,4010.0,34.6,35.3,150 x 90,27.36,-0.13762,0.00049,4.96922,-0.48154,-1.60285,0.21188,1.0,428.1,0.096
1692129600,2023-08-15 16:00,2023-08-15,16.0,4438.11,2023-11-17,1700254800,94.04,0.85669,0.00051,5.06306,-0.94325,8.57495,0.21206,1.0,589.87,10 x 10,495.9,500.0,4020.0,35.5,36.1,45 x 105,26.88,-0.14079,0.00051,5.05605,-0.48577,-1.64287,0.2113,30.0,418.1,0.094
1692129600,2023-08-15 16:00,2023-08-15,16.0,4438.11,2023-11-17,1700254800,94.04,0.85186,0.00052,5.17745,-0.95948,8.52797,0.21429,1.0,510.38,40 x 40,492.7,497.2,4025.0,36.0,36.6,45 x 150,35.5,-0.14258,0.0005,5.1035,-0.48827,-1.66428,0.20997,200.0,413.1,0.093
1692129600,2023-08-15 16:00,2023-08-15,16.0,4438.11,2023-11-17,1700254800,94.04,0.84961,0.00052,5.22193,-0.96167,8.51751,0.21368,1.0,451.24,40 x 40,488.2,492.8,4030.0,36.4,37.0,142 x 150,60.25,-0.14422,0.00046,5.14374,-0.48894,-1.6822,0.20968,0.0,408.1,0.092
1692129600,2023-08-15 16:00,2023-08-15,16.0,4438.11,2023-11-17,1700254800,94.04,0.84617,0.00052,5.30987,-0.96734,8.49762,0.21164,1.0,500.75,40 x 40,479.3,483.8,4040.0,37.3,38.0,150 x 150,34.44,-0.14826,0.00052,5.23781,-0.49368,-1.72577,0.20732,1.0,398.1,0.09
1692129600,2023-08-15 16:00,2023-08-15,16.0,4438.11,2023-11-17,1700254800,94.04,0.84523,0.00054,5.33225,-0.95796,8.51399,0.20749,2.0,499.33,10 x 10,469.1,473.2,4050.0,38.3,38.9,255 x 167,32.61,-0.15257,0.00048,5.32871,-0.49793,-1.7684,0.20628,1108.0,388.1,0.087
1692129600,2023-08-15 16:00,2023-08-15,16.0,4438.11,2023-11-17,1700254800,94.04,0.83876,0.00046,5.49123,-0.9775,8.45232,0.20869,20.0,503.77,50 x 50,461.6,466.0,4060.0,39.0,39.6,135 x 105,37.05,-0.15583,0.00049,5.408,-0.49859,-1.80573,0.20464,1.0,378.1,0.085
1692129600,2023-08-15 16:00,2023-08-15,16.0,4438.11,2023-11-17,1700254800,94.04,0.83437,0.0005,5.58542,-0.98297,8.42652,0.20715,2.0,557.09,40 x 50,453.0,457.1,4070.0,40.3,40.9,70 x 65,31.46,-0.1605,0.00058,5.5144,-0.50497,-1.8573,0.20336,4.0,368.1,0.083
1692129600,2023-08-15 16:00,2023-08-15,16.0,4438.11,2023-11-17,1700254800,94.04,0.83231,0.00055,5.63208,-0.98509,8.41363,0.20683,0.0,453.18,40 x 50,448.6,452.7,4075.0,40.8,41.5,115 x 25,38.6,-0.16254,0.00058,5.56259,-0.50771,-1.8811,0.20244,1.0,363.1,0.082
1692129600,2023-08-15 16:00,2023-08-15,16.0,4438.11,2023-11-17,1700254800,94.04,0.82998,0.00052,5.67243,-0.98614,8.40413,0.2056,0.0,294.61,50 x 50,443.9,448.3,4080.0,41.5,42.0,45 x 70,39.11,-0.16506,0.00057,5.613,-0.50938,-1.90593,0.20238,8.0,358.1,0.081
1692129600,2023-08-15 16:00,2023-08-15,16.0,4438.11,2023-11-17,1700254800,94.04,0.82521,0.00051,5.77083,-0.99206,8.37445,0.20382,2.0,456.96,40 x 50,435.4,439.5,4090.0,42.2,42.8,130 x 124,32.04,-0.16939,0.00056,5.69587,-0.51012,-1.94621,0.20016,1.0,348.1,0.078
1692129600,2023-08-15 16:00,2023-08-15,16.0,4438.11,2023-11-17,1700254800,94.04,0.82141,0.0006,5.86706,-0.99622,8.34438,0.20264,1.0,444.39,50 x 50,426.7,430.8,4100.0,43.3,43.9,292 x 262,41.81,-0.17304,0.00053,5.79245,-0.5137,-1.99491,0.19813,301.0,338.1,0.076
1692129600,2023-08-15 16:00,2023-08-15,16.0,4438.11,2023-11-17,1700254800,94.04,0.81631,0.00057,5.95657,-1.00006,8.31802,0.20078,0.0,423.15,40 x 40,417.7,422.1,4110.0,44.6,45.3,115 x 65,43.8,-0.17824,0.0006,5.89906,-0.51954,-2.04991,0.19775,12.0,328.1,0.074
1692129600,2023-08-15 16:00,2023-08-15,16.0,4438.11,2023-11-17,1700254800,94.04,0.81181,0.00057,6.0515,-1.00354,8.28655,0.19941,33.0,555.52,40 x 40,409.0,413.4,4120.0,45.9,46.7,45 x 40,52.52,-0.18361,0.00059,6.00409,-0.52357,-2.10457,0.19577,5.0,318.1,0.072
1692129600,2023-08-15 16:00,2023-08-15,16.0,4438.11,2023-11-17,1700254800,94.04,0.80915,0.00055,6.10136,-1.00616,8.26931,0.19879,2.0,421.01,40 x 40,404.7,409.1,4125.0,46.0,46.9,175 x 85,44.72,-0.18517,0.00063,6.03677,-0.52161,-2.12037,0.19451,60.0,313.1,0.071
1692129600,2023-08-15 16:00,2023-08-15,16.0,4438.11,2023-11-17,1700254800,94.04,0.80728,0.00056,6.14964,-1.00808,8.25211,0.198,2.0,418.63,40 x 40,400.4,404.8,4130.0,47.0,47.9,43 x 85,53.67,-0.18879,0.00061,6.1012,-0.52698,-2.15523,0.19422,5.0,308.1,0.069
1692129600,2023-08-15 16:00,2023-08-15,16.0,4438.11,2023-11-17,1700254800,94.04,0.80158,0.00064,6.24735,-1.01198,8.21654,0.19635,12.0,386.28,40 x 40,391.8,396.2,4140.0,48.2,49.0,46 x 25,44.51,-0.1939,0.0006,6.19727,-0.52865,-2.20613,0.19248,2.0,298.1,0.067
1692129600,2023-08-15 16:00,2023-08-15,16.0,4438.11,2023-11-17,1700254800,94.04,0.79718,0.00059,6.34843,-1.01732,8.17821,0.19556,8.0,382.39,20 x 40,383.6,387.5,4150.0,49.7,50.6,25 x 164,50.45,-0.19967,0.00065,6.3072,-0.53339,-2.267,0.19221,16.0,288.1,0.065
1692129600,2023-08-15 16:00,2023-08-15,16.0,4438.11,2023-11-17,1700254800,94.04,0.79135,0.00066,6.44341,-1.01949,8.14184,0.19332,1.0,493.9,40 x 40,374.7,379.1,4160.0,50.5,51.2,75 x 63,51.9,-0.20349,0.00063,6.3876,-0.53118,-2.30967,0.18921,10.0,278.1,0.063
1692129600,2023-08-15 16:00,2023-08-15,16.0,4438.11,2023-11-17,1700254800,94.04,0.78608,0.00069,6.54202,-1.02298,8.10148,0.1924,0.0,375.07,40 x 40,366.2,370.6,4170.0,51.9,52.6,105 x 55,50.14,-0.20907,0.00068,6.49149,-0.53427,-2.36731,0.18808,4.0,268.1,0.06
1692129600,2023-08-15 16:00,2023-08-15,16.0,4438.11,2023-11-17,1700254800,94.04,0.78332,0.00064,6.58937,-1.02373,8.08236,0.19159,40.0,488.7,40 x 40,361.9,366.3,4175.0,53.1,53.9,70 x 37,50.66,-0.21354,0.00073,6.55857,-0.53977,-2.40728,0.18782,20.0,263.1,0.059
1692129600,2023-08-15 16:00,2023-08-15,16.0,4438.11,2023-11-17,1700254800,94.04,0.78256,0.00067,6.60057,-1.01505,8.09075,0.18823,0.0,291.83,10 x 10,356.6,360.4,4180.0,53.8,54.6,70 x 37,52.36,-0.21552,0.00073,6.60942,-0.54043,-2.43614,0.18698,43.0,258.1,0.058
1692129600,2023-08-15 16:00,2023-08-15,16.0,4438.11,2023-11-17,1700254800,94.04,0.77518,0.00068,6.73953,-1.02814,8.01699,0.18914,2.0,377.14,40 x 40,349.3,353.7,4190.0,55.3,55.9,45 x 25,57.3,-0.22211,0.00076,6.71045,-0.54277,-2.4952,0.18527,1.0,248.1,0.056
1692129600,2023-08-15 16:00,2023-08-15,16.0,4438.11,2023-11-17,1700254800,94.04,0.76926,0.00071,6.84251,-1.0319,7.96859,0.18752,15.0,354.31,20 x 20,341.4,345.1,4200.0,56.7,57.6,25 x 62,57.4,-0.22781,0.00075,6.8142,-0.54473,-2.55679,0.18379,116.0,238.1,0.054
1692129600,2023-08-15 16:00,2023-08-15,16.0,4438.11,2023-11-17,1700254800,94.04,0.7631,0.00077,6.93952,-1.0337,7.9226,0.18636,0.0,184.94,40 x 40,332.7,337.0,4210.0,58.0,59.1,38 x 36,54.68,-0.23381,0.00079,6.91317,-0.54544,-2.61597,0.18221,6.0,228.1,0.051
1692129600,2023-08-15 16:00,2023-08-15,16.0,4438.11,2023-11-17,1700254800,94.04,0.75654,0.00079,7.03993,-1.03654,7.87197,0.18438,0.0,356.0,40 x 40,324.4,328.8,4220.0,59.5,60.6,25 x 25,60.65,-0.24089,0.00078,7.01357,-0.54606,-2.67717,0.18124,5.0,218.1,0.049
1692129600,2023-08-15 16:00,2023-08-15,16.0,4438.11,2023-11-17,1700254800,94.04,0.75379,0.00073,7.08863,-1.03688,7.84713,0.18368,1.0,406.56,40 x 40,320.3,324.6,4225.0,60.5,61.6,36 x 60,54.3,-0.24453,0.00077,7.06914,-0.54787,-2.71251,0.18068,1.0,213.1,0.048
1692129600,2023-08-15 16:00,2023-08-15,16.0,4438.11,2023-11-17,1700254800,94.04,0.75017,0.00079,7.13882,-1.03843,7.82041,0.18344,0.0,337.44,40 x 40,316.2,320.5,4230.0,61.3,62.4,39 x 61,58.02,-0.24731,0.00076,7.11918,-0.54864,-2.74453,0.17905,4.0,208.1,0.047
1692129600,2023-08-15 16:00,2023-08-15,16.0,4438.11,2023-11-17,1700254800,94.04,0.74608,0.00084,7.20118,-1.02879,7.79942,0.17864,2.0,329.38,10 x 10,306.6,310.3,4240.0,63.2,64.1,70 x 25,53.25,-0.25472,0.00079,7.22373,-0.54999,-2.81202,0.17849,6.0,198.1,0.045
1692129600,2023-08-15 16:00,2023-08-15,16.0,4438.11,2023-11-17,1700254800,94.04,0.73697,0.00079,7.33686,-1.04101,7.70972,0.1796,2.0,314.54,40 x 40,300.3,304.0,4250.0,65.0,65.8,25 x 34,65.63,-0.26192,0.00083,7.3251,-0.5506,-2.87805,0.17663,37.0,188.1,0.042
1692129600,2023-08-15 16:00,2023-08-15,16.0,4438.11,2023-11-17,1700254800,94.04,0.73359,0.0008,7.3867,-1.04157,7.68088,0.17953,5.0,330.55,40 x 40,295.9,300.2,4255.0,65.4,66.8,70 x 25,53.7,-0.26482,0.00084,7.37129,-0.54952,-2.90821,0.17547,1.0,183.1,0.041
1692129600,2023-08-15 16:00,2023-08-15,16.0,4438.11,2023-11-17,1700254800,94.04,0.72976,0.00077,7.43593,-1.04239,7.65057,0.17829,2.0,308.03,40 x 40,291.9,296.2,4260.0,66.7,67.7,70 x 25,56.22,-0.2684,0.00089,7.42474,-0.55119,-2.94565,0.17503,4.0,178.1,0.04
1692129600,2023-08-15 16:00,2023-08-15,16.0,4438.11,2023-11-17,1700254800,94.04,0.7268,0.0008,7.48366,-1.04274,7.62067,0.17777,,0.0,50 x 50,287.9,292.2,4265.0,67.5,68.6,33 x 58,61.1,-0.27268,0.00088,7.47285,-0.55127,-2.97815,0.17466,660.0,173.1,0.039
1692129600,2023-08-15 16:00,2023-08-15,16.0,4438.11,2023-11-17,1700254800,94.04,0.72278,0.0008,7.53301,-1.04228,7.58989,0.1771,1.0,411.58,50 x 50,283.9,288.2,4270.0,68.3,69.7,25 x 25,55.1,-0.27587,0.00085,7.52295,-0.55042,-3.01298,0.17368,143.0,168.1,0.038
1692129600,2023-08-15 16:00,2023-08-15,16.0,4438.11,2023-11-17,1700254800,94.04,0.71923,0.00085,7.58069,-1.04259,7.55945,0.17602,0.0,249.4,50 x 50,279.9,284.2,4275.0,69.2,70.5,25 x 25,71.15,-0.27977,0.00086,7.57069,-0.54998,-3.04554,0.17249,3.0,163.1,0.037
1692129600,2023-08-15 16:00,2023-08-15,16.0,4438.11,2023-11-17,1700254800,94.04,0.71564,0.00083,7.62823,-1.043,7.52777,0.17584,2.0,292.39,50 x 50,275.9,280.2,4280.0,70.0,71.5,25 x 25,58.9,-0.28335,0.0009,7.6188,-0.54964,-3.07934,0.17226,1.0,158.1,0.036
1692129600,2023-08-15 16:00,2023-08-15,16.0,4438.11,2023-11-17,1700254800,94.04,0.71246,0.00091,7.67137,-1.04033,7.501,0.17473,,0.0,20 x 20,272.6,274.9,4285.0,71.3,72.4,31 x 31,57.4,-0.28792,0.00094,7.66964,-0.55056,-3.11708,0.17111,300.0,153.1,0.035
1692129600,2023-08-15 16:00,2023-08-15,16.0,4438.11,2023-11-17,1700254800,94.04,0.70881,0.00086,7.71812,-1.04024,7.46749,0.17366,5.0,299.0,10 x 20,268.6,271.0,4290.0,72.0,73.5,25 x 25,74.48,-0.29222,0.00091,7.7163,-0.54899,-3.15024,0.17079,5.0,148.1,0.033
1692129600,2023-08-15 16:00,2023-08-15,16.0,4438.11,2023-11-17,1700254800,94.04,0.7052,0.00091,7.76682,-1.04075,7.43233,0.17295,2.0,291.82,20 x 20,264.8,267.1,4295.0,72.7,73.8,81 x 71,71.54,-0.2957,0.00091,7.75654,-0.54601,-3.17798,0.16857,2.0,143.1,0.032
1692129600,2023-08-15 16:00,2023-08-15,16.0,4438.11,2023-11-17,1700254800,94.04,0.70118,0.00088,7.8146,-1.04023,7.39739,0.17161,1.0,287.04,65 x 40,260.9,263.2,4300.0,74.2,75.6,25 x 20,61.3,-0.29985,0.00092,7.81273,-0.54926,-3.22348,0.1685,63.0,138.1,0.031
1692129600,2023-08-15 16:00,2023-08-15,16.0,4438.11,2023-11-17,1700254800,94.04,0.69735,0.00086,7.85909,-1.03945,7.36386,0.17145,,0.0,70 x 20,256.8,259.3,4305.0,75.4,76.5,30 x 30,65.88,-0.30463,0.00093,7.85963,-0.54853,-3.25909,0.16849,3.0,133.1,0.03
1692129600,2023-08-15 16:00,2023-08-15,16.0,4438.11,2023-11-17,1700254800,94.04,0.69338,0.0009,7.90737,-1.04008,7.32663,0.17051,2.0,252.54,20 x 20,253.2,255.4,4310.0,76.4,77.5,30 x 30,54.3,-0.30864,0.00092,7.90609,-0.54752,-3.29458,0.1676,3.0,128.1,0.029
1692129600,2023-08-15 16:00,2023-08-15,16.0,4438.11,2023-11-17,1700254800,94.04,0.6891,0.00088,7.95343,-1.03942,7.2897,0.17008,,0.0,45 x 20,249.3,251.6,4315.0,76.9,78.0,80 x 30,75.21,-0.3124,0.00096,7.94475,-0.54319,-3.32247,0.16552,41.0,123.1,0.028
1692129600,2023-08-15 16:00,2023-08-15,16.0,4438.11,2023-11-17,1700254800,94.04,0.68655,0.00089,7.984,-1.03136,7.27142,0.16768,2.0,262.5,10 x 10,244.0,246.7,4320.0,78.4,79.9,20 x 20,49.8,-0.31698,0.00095,7.99753,-0.54561,-3.36784,0.16543,1.0,118.1,0.027
1692129600,2023-08-15 16:00,2023-08-15,16.0,4438.11,2023-11-17,1700254800,94.04,0.68065,0.00092,8.04371,-1.03856,7.21496,0.16798,4.0,350.77,10 x 20,241.7,243.9,4325.0,79.1,80.3,79 x 29,81.7,-0.32123,0.00097,8.03529,-0.54182,-3.39636,0.1643,1.0,113.1,0.025
1692129600,2023-08-15 16:00,2023-08-15,16.0,4438.11,2023-11-17,1700254800,94.04,0.67803,0.00092,8.07583,-1.0303,7.19307,0.16627,1.0,243.49,10 x 10,236.5,239.1,4330.0,80.3,81.4,50 x 54,79.1,-0.32545,0.00098,8.07987,-0.54005,-3.43334,0.16355,5.0,108.1,0.024
1692129600,2023-08-15 16:00,2023-08-15,16.0,4438.11,2023-11-17,1700254800,94.04,0.67302,0.00092,8.11967,-1.02906,7.1543,0.16495,1.0,251.09,10 x 10,232.8,235.1,4335.0,81.9,83.1,30 x 28,68.9,-0.3312,0.00107,8.1288,-0.54185,-3.47721,0.1638,2.0,103.1,0.023
1692129600,2023-08-15 16:00,2023-08-15,16.0,4438.11,2023-11-17,1700254800,94.04,0.66925,0.00092,8.16294,-1.02748,7.1156,0.16401,9.0,250.24,10 x 10,229.0,231.2,4340.0,82.5,83.7,78 x 28,75.76,-0.33533,0.00102,8.16535,-0.53802,-3.50582,0.16209,1.0,98.1,0.022
1692129600,2023-08-15 16:00,2023-08-15,16.0,4438.11,2023-11-17,1700254800,94.04,0.66491,0.00097,8.20619,-1.02688,7.07452,0.16335,1.0,225.64,10 x 10,225.2,227.5,4345.0,83.7,84.8,20 x 28,87.15,-0.33966,0.00105,8.20701,-0.53572,-3.54177,0.16106,1.0,93.1,0.021
1692129600,2023-08-15 16:00,2023-08-15,16.0,4438.11,2023-11-17,1700254800,94.04,0.66035,0.00095,8.24877,-1.02541,7.03307,0.16309,1.0,249.66,10 x 10,221.5,223.7,4350.0,85.5,86.7,27 x 27,88.36,-0.34523,0.00111,8.25445,-0.53817,-3.58728,0.16069,7.0,88.1,0.02
1692129600,2023-08-15 16:00,2023-08-15,16.0,4438.11,2023-11-17,1700254800,94.04,0.65623,0.00099,8.29122,-1.02369,6.99007,0.16217,,0.0,10 x 10,217.9,220.0,4355.0,86.7,87.9,27 x 27,0.0,-0.3502,0.0011,8.29423,-0.5362,-3.62457,0.16075,,83.1,0.019
1692129600,2023-08-15 16:00,2023-08-15,16.0,4438.11,2023-11-17,1700254800,94.04,0.651,0.00098,8.33237,-1.0226,6.94717,0.16188,1.0,234.95,10 x 10,214.1,216.4,4360.0,87.3,88.5,52 x 28,65.13,-0.35424,0.00109,8.32796,-0.5309,-3.65275,0.15857,2.0,78.1,0.018
1692129600,2023-08-15 16:00,2023-08-15,16.0,4438.11,2023-11-17,1700254800,94.04,0.64572,0.00105,8.38126,-1.02849,6.88672,0.16278,1.0,269.53,20 x 20,211.8,214.1,4365.0,88.5,89.8,51 x 51,80.46,-0.35939,0.00111,8.36627,-0.5289,-3.6898,0.15792,2.0,73.1,0.016
1692129600,2023-08-15 16:00,2023-08-15,16.0,4438.11,2023-11-17,1700254800,94.04,0.64181,0.00102,8.41156,-1.01873,6.85794,0.16066,1.0,328.0,10 x 10,206.8,209.1,4370.0,89.8,91.0,51 x 26,79.37,-0.36477,0.00117,8.40281,-0.52585,-3.72506,0.15707,3.0,68.1,0.015
1692129600,2023-08-15 16:00,2023-08-15,16.0,4438.11,2023-11-17,1700254800,94.04,0.63567,0.00106,8.45823,-1.02377,6.79727,0.16066,1.0,300.86,22 x 22,204.5,206.8,4375.0,91.8,93.0,25 x 25,90.08,-0.36993,0.00116,8.44403,-0.52802,-3.77078,0.15712,6.0,63.1,0.014
1692129600,2023-08-15 16:00,2023-08-15,16.0,4438.11,2023-11-17,1700254800,94.04,0.6319,0.00105,8.48927,-1.01576,6.76507,0.15868,1.0,254.02,12 x 12,199.6,202.2,4380.0,92.4,93.7,50 x 25,75.23,-0.37513,0.00116,8.47399,-0.52163,-3.7983,0.15538,4.0,58.1,0.013
1692129600,2023-08-15 16:00,2023-08-15,16.0,4438.11,2023-11-17,1700254800,94.04,0.62606,0.00109,8.53238,-1.02008,6.70441,0.15933,1.0,227.81,10 x 22,197.6,199.6,4385.0,94.5,95.8,25 x 25,77.7,-0.3811,0.00119,8.51197,-0.52305,-3.84368,0.15549,1.0,53.1,0.012
1692129600,2023-08-15 16:00,2023-08-15,16.0,4438.11,2023-11-17,1700254800,94.04,0.62176,0.00103,8.56742,-1.0168,6.65835,0.15904,1.0,232.47,22 x 12,193.8,196.0,4390.0,95.1,96.4,50 x 25,77.56,-0.38556,0.00113,8.53963,-0.51677,-3.87019,0.15431,42.0,48.1,0.011
1692129600,2023-08-15 16:00,2023-08-15,16.0,4438.11,2023-11-17,1700254800,94.04,0.61687,0.00106,8.5963,-1.00835,6.62264,0.15689,,0.0,12 x 12,188.9,191.5,4395.0,96.5,97.7,49 x 24,84.57,-0.39133,0.00122,8.56974,-0.51338,-3.90641,0.15287,5.0,43.1,0.01
1692129600,2023-08-15 16:00,2023-08-15,16.0,4438.11,2023-11-17,1700254800,94.04,0.6116,0.00106,8.63496,-1.01169,6.5627,0.15683,9.0,183.58,86 x 12,186.7,188.9,4400.0,98.6,99.9,25 x 24,100.01,-0.39746,0.00115,8.60272,-0.51509,-3.95015,0.15284,432.0,38.1,0.009
1692129600,2023-08-15 16:00,2023-08-15,16.0,4438.11,2023-11-17,1700254800,94.04,0.60725,0.00104,8.66246,-1.00347,6.5235,0.15503,,0.0,12 x 12,182.0,184.4,4405.0,99.3,100.6,49 x 50,0.0,-0.40297,0.00119,8.62753,-0.50822,-3.97721,0.15181,,33.1,0.007
1692129600,2023-08-15 16:00,2023-08-15,16.0,4438.11,2023-11-17,1700254800,94.04,0.60094,0.00105,8.698,-1.00556,6.46276,0.15587,1.0,224.11,62 x 12,179.7,182.0,4410.0,101.5,102.8,25 x 23,74.59,-0.40942,0.00117,8.65575,-0.50853,-4.0204,0.15114,3.0,28.1,0.006
1692129600,2023-08-15 16:00,2023-08-15,16.0,4438.11,2023-11-17,1700254800,94.04,0.59716,0.00108,8.72379,-0.99719,6.4216,0.1538,4.0,284.26,12 x 12,175.0,177.6,4415.0,102.2,103.5,23 x 48,90.38,-0.41456,0.00121,8.67745,-0.50072,-4.04515,0.14963,2.0,23.1,0.005
1692129600,2023-08-15 16:00,2023-08-15,16.0,4438.11,2023-11-17,1700254800,94.04,0.59116,0.00112,8.75571,-0.99935,6.36039,0.15392,1.0,186.08,22 x 12,172.9,175.1,4420.0,103.7,105.0,48 x 68,96.8,-0.42038,0.00129,8.6996,-0.49755,-4.07948,0.14902,1.0,18.1,0.004
1692129600,2023-08-15 16:00,2023-08-15,16.0,4438.11,2023-11-17,1700254800,94.04,0.58603,0.00114,8.78238,-0.99454,6.30978,0.15358,1.0,191.46,24 x 10,169.5,171.2,4425.0,105.3,106.6,23 x 23,103.84,-0.42634,0.00124,8.72036,-0.49454,-4.1126,0.14806,1.0,13.1,0.003
1692129600,2023-08-15 16:00,2023-08-15,16.0,4438.11,2023-11-17,1700254800,94.04,0.58071,0.0011,8.80693,-0.98631,6.26325,0.15131,1.0,179.44,34 x 20,164.8,167.1,4430.0,107.7,109.0,22 x 22,97.4,-0.43332,0.00124,8.74145,-0.49464,-4.1553,0.14848,1.0,8.1,0.002
1692129600,2023-08-15 16:00,2023-08-15,16.0,4438.11,2023-11-17,1700254800,94.04,0.57466,0.0011,8.83311,-0.98939,6.20047,0.15221,,0.0,20 x 124,163.0,165.0,4435.0,108.4,109.7,22 x 49,0.0,-0.43903,0.00128,8.7544,-0.48614,-4.17732,0.1464,,3.1,0.001
1692129600,2023-08-15 16:00,2023-08-15,16.0,4438.11,2023-11-17,1700254800,94.04,0.56981,0.00113,8.85586,-0.98301,6.1483,0.151,2.0,173.65,124 x 20,159.4,161.1,4440.0,110.0,111.3,47 x 47,94.34,-0.44549,0.00134,8.76893,-0.48192,-4.20777,0.14595,1.0,1.9,0.0
1692129600,2023-08-15 16:00,2023-08-15,16.0,4438.11,2023-11-17,1700254800,94.04,0.56405,0.00119,8.87681,-0.97981,6.09286,0.15024,,0.0,124 x 20,156.1,157.8,4445.0,112.5,113.8,21 x 21,0.0,-0.45256,0.00135,8.7828,-0.48187,-4.24775,0.146,,6.9,0.002
1692129600,2023-08-15 16:00,2023-08-15,16.0,4438.11,2023-11-17,1700254800,94.04,0.5585,0.00112,8.89581,-0.97069,6.04045,0.14886,1150.0,160.45,14 x 14,151.7,154.1,4450.0,114.2,115.5,21 x 21,108.75,-0.45856,0.00131,8.79241,-0.47748,-4.27821,0.14484,908.0,11.9,0.003
1692129600,2023-08-15 16:00,2023-08-15,16.0,4438.11,2023-11-17,1700254800,94.04,0.55212,0.00114,8.91512,-0.9715,5.97804,0.14941,1.0,239.98,114 x 84,149.6,151.8,4455.0,115.9,117.2,21 x 21,0.0,-0.46525,0.00134,8.7987,-0.4728,-4.3068,0.14456,,16.9,0.004
1692129600,2023-08-15 16:00,2023-08-15,16.0,4438.11,2023-11-17,1700254800,94.04,0.54674,0.0012,8.93213,-0.96702,5.92042,0.14804,2.0,161.0,64 x 134,146.4,148.6,4460.0,117.6,118.9,21 x 21,111.64,-0.47216,0.00133,8.80224,-0.46783,-4.33369,0.14385,11.0,21.9,0.005
1692129600,2023-08-15 16:00,2023-08-15,16.0,4438.11,2023-11-17,1700254800,94.04,0.54106,0.0012,8.94692,-0.96234,5.86279,0.14733,,0.0,20 x 40,143.7,145.0,4465.0,119.4,120.8,20 x 32,101.48,-0.47944,0.0014,8.80357,-0.46339,-4.36095,0.14256,2.0,26.9,0.006
1692129600,2023-08-15 16:00,2023-08-15,16.0,4438.11,2023-11-17,1700254800,94.04,0.53479,0.00116,8.95918,-0.95819,5.80338,0.14673,1.0,225.52,40 x 40,140.5,141.9,4470.0,120.2,121.4,20 x 25,103.08,-0.487,0.00141,8.79746,-0.45246,-4.37355,0.14029,3.0,31.9,0.007
1692129600,2023-08-15 16:00,2023-08-15,16.0,4438.11,2023-11-17,1700254800,94.04,0.52907,0.00119,8.97112,-0.94735,5.74531,0.14498,1.0,149.97,21 x 21,136.5,137.8,4475.0,122.6,124.4,10 x 10,104.85,-0.49395,0.00143,8.79616,-0.45089,-4.40731,0.14072,28.0,36.9,0.008
1692129600,2023-08-15 16:00,2023-08-15,16.0,4438.11,2023-11-17,1700254800,94.04,0.5232,0.00117,8.98034,-0.94713,5.68279,0.14591,1.0,215.55,21 x 41,134.3,135.7,4480.0,123.7,125.4,35 x 10,92.71,-0.5012,0.00147,8.78391,-0.44211,-4.42011,0.13885,1.0,41.9,0.009
1692129600,2023-08-15 16:00,2023-08-15,16.0,4438.11,2023-11-17,1700254800,94.04,0.51675,0.00123,8.9874,-0.94154,5.62049,0.14532,,0.0,21 x 20,131.3,132.4,4485.0,125.6,127.2,35 x 10,0.0,-0.50893,0.00142,8.77152,-0.43577,-4.44075,0.1378,,46.9,0.011
1692129600,2023-08-15 16:00,2023-08-15,16.0,4438.11,2023-11-17,1700254800,94.04,0.51055,0.00127,8.99238,-0.93144,5.55967,0.1429,1.0,127.35,22 x 22,127.4,128.7,4490.0,127.5,129.1,10 x 10,103.95,-0.51596,0.00149,8.75474,-0.4291,-4.45893,0.13722,3.0,51.9,0.012
1692129600,2023-08-15 16:00,2023-08-15,16.0,4438.11,2023-11-17,1700254800,94.04,0.50492,0.0012,8.99595,-0.93003,5.495,0.14362,1.0,157.91,22 x 25,125.3,126.4,4495.0,129.4,131.1,30 x 10,110.07,-0.52381,0.00149,8.73446,-0.42313,-4.47596,0.13625,9.0,56.9,0.013
1692129600,2023-08-15 16:00,2023-08-15,16.0,4438.11,2023-11-17,1700254800,94.04,0.49843,0.00129,8.9968,-0.9199,5.43213,0.1415,1.0,119.49,22 x 22,121.4,122.8,4500.0,131.3,133.0,50 x 10,112.45,-0.532,0.00148,8.70983,-0.41589,-4.48915,0.13488,5.0,61.9,0.014
1692129600,2023-08-15 16:00,2023-08-15,16.0,4438.11,2023-11-17,1700254800,94.04,0.49264,0.00119,8.99547,-0.91788,5.36798,0.14256,1.0,211.55,22 x 22,119.4,120.7,4505.0,134.2,136.0,10 x 10,102.55,-0.53915,0.0015,8.68785,-0.41454,-4.51442,0.13518,3.0,66.9,0.015
1692129600,2023-08-15 16:00,2023-08-15,16.0,4438.11,2023-11-17,1700254800,94.04,0.48573,0.0012,8.99224,-0.91097,5.30277,0.14201,1.0,120.59,23 x 23,116.5,117.8,4510.0,136.2,138.0,10 x 10,84.24,-0.54758,0.00153,8.65499,-0.40745,-4.52396,0.13442,1.0,71.9,0.016
1692129600,2023-08-15 16:00,2023-08-15,16.0,4438.11,2023-11-17,1700254800,94.04,0.47932,0.00122,8.98653,-0.90019,5.23627,0.13961,8.0,139.37,23 x 23,112.8,114.1,4515.0,138.3,140.2,30 x 10,122.34,-0.55546,0.00158,8.61783,-0.40003,-4.53247,0.13393,1.0,76.9,0.017
1692129600,2023-08-15 16:00,2023-08-15,16.0,4438.11,2023-11-17,1700254800,94.04,0.47333,0.00127,8.97909,-0.89789,5.17131,0.14001,1.0,129.86,23 x 23,110.8,112.2,4520.0,140.4,142.2,10 x 10,101.53,-0.56489,0.00153,8.57481,-0.39249,-4.53563,0.13252,1.0,81.9,0.018
1692129600,2023-08-15 16:00,2023-08-15,16.0,4438.11,2023-11-17,1700254800,94.04,0.46707,0.00127,8.96878,-0.89106,5.10489,0.14008,4.0,111.93,24 x 24,108.1,109.4,4525.0,141.7,143.4,10 x 10,119.02,-0.57461,0.00161,8.51523,-0.37984,-4.5222,0.1304,1.0,86.9,0.02
1692129600,2023-08-15 16:00,2023-08-15,16.0,4438.11,2023-11-17,1700254800,94.04,0.46034,0.00124,8.9547,-0.87933,5.03432,0.13806,1.0,137.68,24 x 25,104.4,105.7,4530.0,143.8,145.3,30 x 20,132.36,-0.58284,0.0016,8.45695,-0.37029,-4.51586,0.12935,1.0,91.9,0.021
1692129600,2023-08-15 16:00,2023-08-15,16.0,4438.11,2023-11-17,1700254800,94.04,0.4538,0.00126,8.9398,-0.87159,4.96547,0.13726,1.0,134.84,25 x 25,101.7,103.0,4535.0,146.0,147.5,10 x 20,0.0,-0.59279,0.00164,8.39436,-0.36225,-4.50961,0.12884,,96.9,0.022
1692129600,2023-08-15 16:00,2023-08-15,16.0,4438.11,2023-11-17,1700254800,94.04,0.44715,0.00126,8.92273,-0.86829,4.9,0.1378,37.0,128.3,25 x 25,99.9,100.9,4540.0,148.9,151.3,14 x 14,94.9,-0.6,0.00164,8.34439,-0.35933,-4.52121,0.12921,6.0,101.9,0.023
1692129600,2023-08-15 16:00,2023-08-15,16.0,4438.11,2023-11-17,1700254800,94.04,0.44062,0.00128,8.90108,-0.85611,4.82658,0.13566,,0.0,26 x 26,96.4,97.7,4545.0,151.5,153.6,20 x 14,0.0,-0.60898,0.00163,8.27358,-0.35134,-4.5108,0.1282,,106.9,0.024
1692129600,2023-08-15 16:00,2023-08-15,16.0,4438.11,2023-11-17,1700254800,94.04,0.43468,0.00124,8.87998,-0.85355,4.76176,0.13654,3.0,92.0,103 x 109,94.7,95.9,4550.0,153.1,154.2,50 x 62,139.92,-0.62083,0.00172,8.16381,-0.33516,-4.46375,0.12549,2.0,111.9,0.025
1692129600,2023-08-15 16:00,2023-08-15,16.0,4438.11,2023-11-17,1700254800,94.04,0.4273,0.00123,8.85471,-0.84584,4.69236,0.13586,1.0,140.77,51 x 51,92.1,93.4,4555.0,155.2,157.0,20 x 20,141.4,-0.63132,0.00167,8.07312,-0.32592,-4.44004,0.12506,1.0,116.9,0.026
1692129600,2023-08-15 16:00,2023-08-15,16.0,4438.11,2023-11-17,1700254800,94.04,0.42131,0.0013,8.82648,-0.83714,4.62115,0.13507,26.0,115.06,52 x 52,89.6,90.8,4560.0,157.5,159.7,34 x 34,150.69,-0.64149,0.00178,7.97289,-0.31651,-4.41139,0.12323,1.0,121.9,0.027
1692129600,2023-08-15 16:00,2023-08-15,16.0,4438.11,2023-11-17,1700254800,94.04,0.41414,0.00124,8.79494,-0.82922,4.55045,0.13403,1.0,104.9,52 x 55,87.1,88.3,4565.0,161.0,163.2,20 x 14,153.3,-0.64931,0.00171,7.89725,-0.31282,-4.4055,0.12425,1.0,126.9,0.029
1692129600,2023-08-15 16:00,2023-08-15,16.0,4438.11,2023-11-17,1700254800,94.04,0.40675,0.00131,8.75699,-0.81589,4.47198,0.13297,1.0,172.84,20 x 20,83.6,85.3,4570.0,163.5,165.7,20 x 14,152.58,-0.65992,0.00173,7.77857,-0.30276,-4.3641,0.1224,1.0,131.9,0.03
1692129600,2023-08-15 16:00,2023-08-15,16.0,4438.11,2023-11-17,1700254800,94.04,0.40064,0.00126,8.72491,-0.81199,4.40747,0.13318,10.0,119.62,73 x 53,82.2,83.4,4575.0,164.9,167.1,34 x 34,142.34,-0.67453,0.00183,7.5997,-0.28391,-4.27464,0.11962,1.0,136.9,0.031
1692129600,2023-08-15 16:00,2023-08-15,16.0,4438.11,2023-11-17,1700254800,94.04,0.3935,0.00125,8.68531,-0.8031,4.33515,0.13298,7.0,94.8,79 x 54,79.8,81.1,4580.0,167.5,169.7,22 x 22,137.86,-0.68636,0.00188,7.45274,-0.27291,-4.2141,0.11872,4.0,141.9,0.032
1692129600,2023-08-15 16:00,2023-08-15,16.0,4438.11,2023-11-17,1700254800,94.04,0.38739,0.0013,8.64366,-0.79329,4.26322,0.13158,1.0,156.74,79 x 54,77.5,78.7,4585.0,171.1,173.4,10 x 12,140.53,-0.69449,0.00184,7.3478,-0.26767,-4.18914,0.11931,20.0,146.9,0.033
1692129600,2023-08-15 16:00,2023-08-15,16.0,4438.11,2023-11-17,1700254800,94.04,0.37976,0.00131,8.59827,-0.7843,4.18965,0.13133,21.0,99.8,80 x 55,75.2,76.4,4590.0,173.9,176.1,10 x 12,148.2,-0.70616,0.00191,7.1806,-0.2557,-4.11547,0.11844,1.0,151.9,0.034
1692129600,2023-08-15 16:00,2023-08-15,16.0,4438.11,2023-11-17,1700254800,94.04,0.37378,0.00131,8.55061,-0.77454,4.11677,0.13041,3.0,86.5,81 x 25,73.0,74.0,4595.0,175.4,177.6,22 x 22,0.0,-0.72457,0.00196,6.90162,-0.235,-3.95946,0.11494,,156.9,0.035
1692129600,2023-08-15 16:00,2023-08-15,16.0,4438.11,2023-11-17,1700254800,94.04,0.36648,0.00127,8.50025,-0.76599,4.04389,0.12976,809.0,85.3,268 x 115,70.7,72.0,4600.0,179.4,181.6,10 x 12,155.4,-0.73216,0.00194,6.78629,-0.2303,-3.9271,0.11505,1.0,161.9,0.036
1692129600,2023-08-15 16:00,2023-08-15,16.0,4438.11,2023-11-17,1700254800,94.04,0.35979,0.00128,8.44556,-0.75507,3.96926,0.12914,1.0,75.57,102 x 45,68.6,69.5,4605.0,180.9,183.2,22 x 12,149.62,-0.75247,0.00195,6.42894,-0.20601,-3.7188,0.11205,2.0,166.9,0.038
1692129600,2023-08-15 16:00,2023-08-15,16.0,4438.11,2023-11-17,1700254800,94.04,0.35194,0.00128,8.38292,-0.74211,3.8882,0.12853,1.0,108.0,33 x 31,65.9,67.0,4610.0,183.7,185.9,20 x 20,176.09,-0.76873,0.00209,6.13628,-0.18967,-3.55954,0.11054,1.0,171.9,0.039
1692129600,2023-08-15 16:00,2023-08-15,16.0,4438.11,2023-11-17,1700254800,94.04,0.34627,0.0013,8.33011,-0.73535,3.82219,0.12779,197.0,120.08,104 x 45,64.4,65.3,4615.0,187.8,190.1,10 x 20,163.53,-0.77699,0.00206,5.99079,-0.18483,-3.50479,0.11088,28.0,176.9,0.04
1692129600,2023-08-15 16:00,2023-08-15,16.0,4438.11,2023-11-17,1700254800,94.04,0.3392,0.00125,8.26943,-0.72617,3.74946,0.12776,24.0,76.5,129 x 76,62.3,63.5,4620.0,189.4,191.7,20 x 10,167.62,-0.80455,0.00214,5.42928,-0.1556,-3.16037,0.1068,1.0,181.9,0.041
1692129600,2023-08-15 16:00,2023-08-15,16.0,4438.11,2023-11-17,1700254800,94.04,0.33097,0.00128,8.19552,-0.71258,3.6667,0.12667,2.0,77.1,35 x 32,59.8,60.9,4625.0,193.3,196.1,10 x 10,167.07,-0.81461,0.00214,5.23168,-0.14857,-3.068,0.10698,19.0,186.9,0.042
1692129600,2023-08-15 16:00,2023-08-15,16.0,4438.11,2023-11-17,1700254800,94.04,0.32566,0.00122,8.13518,-0.70551,3.60057,0.12614,1.0,69.68,130 x 45,58.4,59.3,4630.0,195.3,197.6,20 x 20,171.11,-0.85004,0.00224,4.39302,-0.11314,-2.54242,0.10113,1.0,191.9,0.043
1692129600,2023-08-15 16:00,2023-08-15,16.0,4438.11,2023-11-17,1700254800,94.04,0.31843,0.00124,8.06566,-0.69541,3.52754,0.1262,2.0,127.72,130 x 45,56.5,57.4,4635.0,199.5,201.9,10 x 10,169.76,-0.86262,0.00231,4.11537,-0.10395,-2.39302,0.1016,5.0,196.9,0.044
1692129600,2023-08-15 16:00,2023-08-15,16.0,4438.11,2023-11-17,1700254800,94.04,0.31152,0.00126,7.99324,-0.68497,3.45465,0.12512,1.0,62.0,70 x 45,54.7,55.5,4640.0,202.6,204.9,10 x 10,182.67,-0.89651,0.00244,3.22937,-0.07436,-1.83989,0.09732,1.0,201.9,0.045
1692129600,2023-08-15 16:00,2023-08-15,16.0,4438.11,2023-11-17,1700254800,94.04,0.30429,0.00128,7.90736,-0.6704,3.37283,0.12423,6.0,120.9,35 x 34,52.3,53.4,4645.0,205.7,208.1,10 x 10,190.8,-0.95527,0.00263,1.5201,-0.01056,-0.10417,0.09053,1.0,206.9,0.047
1692129600,2023-08-15 16:00,2023-08-15,16.0,4438.11,2023-11-30,1701378000,107.04,0.94186,0.00019,2.70111,-0.71114,9.53908,0.28594,,0.0,115 x 3,943.0,951.5,3550.0,15.2,15.6,92 x 59,15.62,-0.05128,0.00021,2.55177,-0.29989,-0.70613,0.27891,100.0,888.1,0.2
1692129600,2023-08-15 16:00,2023-08-15,16.0,4438.11,2023-11-30,1701378000,107.04,0.93889,0.00018,2.82494,-0.72482,9.56641,0.283,0.0,862.01,1 x 1,919.7,927.5,3575.0,16.0,16.4,56 x 95,16.49,-0.05482,0.00019,2.66616,-0.30854,-0.74627,0.27537,59.0,863.1,0.194
1692129600,2023-08-15 16:00,2023-08-15,16.0,4438.11,2023-11-30,1701378000,107.04,0.9356,0.00018,2.92267,-0.73289,9.60329,0.27778,0.0,739.18,5 x 4,895.4,903.8,3600.0,16.7,17.2,130 x 90,17.65,-0.05724,0.00016,2.777,-0.31632,-0.78536,0.27116,2.0,838.1,0.189
1692129600,2023-08-15 16:00,2023-08-15,16.0,4438.11,2023-11-30,1701378000,107.04,0.93194,0.00023,3.06344,-0.74814,9.62309,0.27544,,0.0,115 x 115,871.6,880.7,3625.0,17.6,18.1,50 x 112,14.9,-0.06053,0.00016,2.90235,-0.32549,-0.82901,0.26749,4.0,813.1,0.183
1692129600,2023-08-15 16:00,2023-08-15,16.0,4438.11,2023-11-30,1701378000,107.04,0.92944,0.00016,3.15412,-0.75432,9.66116,0.2695,,0.0,119 x 100,847.9,856.1,3650.0,18.4,18.9,118 x 141,15.2,-0.06388,0.0002,3.02002,-0.33244,-0.87125,0.26377,5.0,788.1,0.178
1692129600,2023-08-15 16:00,2023-08-15,16.0,4438.11,2023-11-30,1701378000,107.04,0.92665,0.00024,3.27897,-0.76553,9.68571,0.26527,11.0,970.44,115 x 100,824.2,832.4,3675.0,19.4,19.8,43 x 76,32.06,-0.06771,0.00023,3.15099,-0.3414,-0.91997,0.26028,0.0,763.1,0.172
1692129600,2023-08-15 16:00,2023-08-15,16.0,4438.11,2023-11-30,1701378000,107.04,0.92398,0.00021,3.35675,-0.77154,9.69928,0.26287,5.0,956.19,117 x 100,810.0,818.2,3690.0,19.9,20.5,114 x 87,16.66,-0.06974,0.00023,3.23301,-0.3462,-0.95033,0.25766,2.0,748.1,0.169
1692129600,2023-08-15 16:00,2023-08-15,16.0,4438.11,2023-11-30,1701378000,107.04,0.92266,0.00025,3.41303,-0.77652,9.70523,0.26204,1.0,946.74,116 x 100,800.6,808.8,3700.0,20.5,20.9,88 x 50,20.72,-0.07157,0.00024,3.29571,-0.35131,-0.97315,0.25697,1.0,738.1,0.166
1692129600,2023-08-15 16:00,2023-08-15,16.0,4438.11,2023-11-30,1701378000,107.04,0.92072,0.00021,3.46601,-0.78097,9.71326,0.25965,,0.0,117 x 100,791.2,799.3,3710.0,21.0,21.3,65 x 50,34.79,-0.07312,0.00019,3.35435,-0.35487,-0.99611,0.2553,0.0,728.1,0.164
1692129600,2023-08-15 16:00,2023-08-15,16.0,4438.11,2023-11-30,1701378000,107.04,0.91778,0.00022,3.55721,-0.79208,9.70514,0.25943,,0.0,115 x 115,781.8,790.9,3720.0,21.2,21.6,45 x 49,28.5,-0.07449,0.00019,3.398,-0.35633,-1.0121,0.25268,20.0,718.1,0.162
1692129600,2023-08-15 16:00,2023-08-15,16.0,4438.11,2023-11-30,1701378000,107.04,0.91774,0.00019,3.56931,-0.79178,9.71452,0.25841,,0.0,100 x 100,777.2,785.6,3725.0,21.6,22.0,64 x 49,22.67,-0.07533,0.00019,3.44036,-0.36049,-1.02833,0.25272,1.0,713.1,0.161
1692129600,2023-08-15 16:00,2023-08-15,16.0,4438.11,2023-11-30,1701378000,107.04,0.91764,0.00021,3.57966,-0.79086,9.72524,0.25651,0.0,749.41,123 x 100,772.4,780.5,3730.0,21.6,22.0,59 x 25,35.08,-0.07584,0.00027,3.45298,-0.35952,-1.03346,0.25137,0.0,708.1,0.16
1692129600,2023-08-15 16:00,2023-08-15,16.0,4438.11,2023-11-30,1701378000,107.04,0.91535,0.00027,3.65708,-0.79848,9.72215,0.25657,1.0,909.39,1 x 100,763.7,771.0,3740.0,22.0,22.5,105 x 49,22.35,-0.07793,0.00024,3.51311,-0.36318,-1.05583,0.24953,1.0,698.1,0.157
1692129600,2023-08-15 16:00,2023-08-15,16.0,4438.11,2023-11-30,1701378000,107.04,0.91413,0.00029,3.69145,-0.79906,9.73763,0.25336,0.0,730.37,115 x 100,753.6,761.6,3750.0,22.7,23.1,79 x 47,18.6,-0.07994,0.0002,3.58718,-0.3685,-1.08512,0.24936,1.0,688.1,0.155
1692129600,2023-08-15 16:00,2023-08-15,16.0,4438.11,2023-11-30,1701378000,107.04,0.91098,0.00028,3.80838,-0.81402,9.7164,0.25382,0.0,721.76,100 x 100,745.5,752.7,3760.0,23.0,23.4,63 x 25,55.6,-0.08102,0.00022,3.63641,-0.37067,-1.10389,0.2473,0.0,678.1,0.153
1692129600,2023-08-15 16:00,2023-08-15,16.0,4438.11,2023-11-30,1701378000,107.04,0.91029,0.00026,3.8143,-0.80883,9.74488,0.25042,9.0,712.53,115 x 100,734.9,742.9,3770.0,23.4,23.9,87 x 47,24.7,-0.08298,0.00026,3.69583,-0.3732,-1.12711,0.24563,4.0,668.1,0.151
1692129600,2023-08-15 16:00,2023-08-15,16.0,4438.11,2023-11-30,1701378000,107.04,0.90759,0.00025,3.89881,-0.82088,9.72166,0.25176,,0.0,100 x 100,731.5,738.6,3775.0,23.6,24.3,47 x 47,40.39,-0.08377,0.00023,3.73169,-0.37648,-1.1418,0.24469,1.0,663.1,0.149
1692129600,2023-08-15 16:00,2023-08-15,16.0,4438.11,2023-11-30,1701378000,107.04,0.90865,0.00027,3.87253,-0.81301,9.74869,0.24886,0.0,686.29,115 x 100,725.5,733.5,3780.0,23.9,24.6,46 x 46,19.6,-0.08472,0.00028,3.76714,-0.37812,-1.15517,0.24407,3.0,658.1,0.148
1692129600,2023-08-15 16:00,2023-08-15,16.0,4438.11,2023-11-30,1701378000,107.04,0.90724,0.00032,3.93491,-0.81837,9.75118,0.24672,0.0,616.04,115 x 100,716.2,724.1,3790.0,24.4,24.9,85 x 25,30.7,-0.08668,0.0003,3.82432,-0.38097,-1.1784,0.24195,3.0,648.1,0.146
1692129600,2023-08-15 16:00,2023-08-15,16.0,4438.11,2023-11-30,1701378000,107.04,0.90242,0.00025,4.06569,-0.83403,9.72172,0.24841,1.0,830.93,100 x 115,707.9,715.9,3800.0,25.0,25.6,46 x 46,21.08,-0.08946,0.00028,3.89808,-0.38552,-1.20789,0.24155,4.0,638.1,0.144
1692129600,2023-08-15 16:00,2023-08-15,16.0,4438.11,2023-11-30,1701378000,107.04,0.90213,0.00034,4.10027,-0.83404,9.73734,0.24587,14.0,617.95,15 x 15,697.6,706.6,3810.0,25.7,26.2,59 x 44,38.22,-0.09138,0.00029,3.97257,-0.39127,-1.23803,0.24021,0.0,628.1,0.142
1692129600,2023-08-15 16:00,2023-08-15,16.0,4438.11,2023-11-30,1701378000,107.04,0.90048,0.00031,4.1316,-0.83209,9.75347,0.24304,1.0,812.23,115 x 100,688.3,696.2,3820.0,26.0,26.5,83 x 44,27.17,-0.09288,0.00026,4.02351,-0.3915,-1.25872,0.23781,12.0,618.1,0.139
1692129600,2023-08-15 16:00,2023-08-15,16.0,4438.11,2023-11-30,1701378000,107.04,0.89888,0.00027,4.20122,-0.84087,9.73565,0.24324,,0.0,15 x 15,683.7,692.7,3825.0,26.3,26.8,58 x 25,21.18,-0.09456,0.00026,4.05852,-0.39418,-1.27324,0.23747,37.0,613.1,0.138
1692129600,2023-08-15 16:00,2023-08-15,16.0,4438.11,2023-11-30,1701378000,107.04,0.89756,0.00032,4.21602,-0.84046,9.74396,0.24199,0.0,666.27,101 x 100,679.1,687.4,3830.0,26.5,27.0,83 x 44,18.48,-0.09479,0.00025,4.08824,-0.39437,-1.28483,0.23582,2.0,608.1,0.137
1692129600,2023-08-15 16:00,2023-08-15,16.0,4438.11,2023-11-30,1701378000,107.04,0.89585,0.00033,4.26632,-0.8418,9.7504,0.23934,0.0,682.48,115 x 100,669.8,677.6,3840.0,27.1,27.7,82 x 25,20.32,-0.09782,0.00033,4.1625,-0.3995,-1.31642,0.23458,10.0,598.1,0.135
1692129600,2023-08-15 16:00,2023-08-15,16.0,4438.11,2023-11-30,1701378000,107.04,0.89325,0.0003,4.36244,-0.85111,9.73514,0.23937,0.0,673.46,62 x 100,661.5,668.3,3850.0,27.9,28.5,55 x 43,23.43,-0.10036,0.00033,4.24701,-0.40481,-1.35194,0.23402,19.0,588.1,0.133
1692129600,2023-08-15 16:00,2023-08-15,16.0,4438.11,2023-11-30,1701378000,107.04,0.88956,0.00027,4.46384,-0.8617,9.71771,0.23879,,0.0,38 x 100,652.8,659.6,3860.0,28.3,28.9,56 x 68,31.58,-0.10267,0.00031,4.30594,-0.40689,-1.37638,0.23204,10.0,578.1,0.13
1692129600,2023-08-15 16:00,2023-08-15,16.0,4438.11,2023-11-30,1701378000,107.04,0.88911,0.00031,4.47799,-0.85616,9.74201,0.23527,,0.0,115 x 100,642.1,649.9,3870.0,28.9,29.5,79 x 67,28.98,-0.10469,0.00035,4.37786,-0.40948,-1.40718,0.23024,1.0,568.1,0.128
1692129600,2023-08-15 16:00,2023-08-15,16.0,4438.11,2023-11-30,1701378000,107.04,0.88691,0.00034,4.54254,-0.86364,9.72471,0.23532,,0.0,46 x 100,638.5,645.3,3875.0,29.2,30.0,42 x 42,24.77,-0.10602,0.00031,4.41932,-0.41263,-1.4247,0.23029,8.0,563.1,0.127
1692129600,2023-08-15 16:00,2023-08-15,16.0,4438.11,2023-11-30,1701378000,107.04,0.88654,0.00034,4.55002,-0.86142,9.73662,0.23339,0.0,471.4,115 x 100,632.9,640.7,3880.0,29.5,30.3,42 x 42,40.92,-0.10706,0.00033,4.45586,-0.41377,-1.4406,0.2291,0.0,558.1,0.126
1692129600,2023-08-15 16:00,2023-08-15,16.0,4438.11,2023-11-30,1701378000,107.04,0.88438,0.00034,4.62304,-0.8664,9.73143,0.23144,,0.0,115 x 100,623.7,631.5,3890.0,30.2,30.8,53 x 65,28.83,-0.10989,0.00035,4.52749,-0.4172,-1.47148,0.22758,13.0,548.1,0.123
1692129600,2023-08-15 16:00,2023-08-15,16.0,4438.11,2023-11-30,1701378000,107.04,0.88014,0.00034,4.75945,-0.88092,9.69334,0.23271,4.0,687.59,31 x 15,615.6,623.5,3900.0,30.9,31.4,39 x 25,30.5,-0.11191,0.0004,4.60291,-0.42042,-1.50476,0.22608,1.0,538.1,0.121
1692129600,2023-08-15 16:00,2023-08-15,16.0,4438.11,2023-11-30,1701378000,107.04,0.87889,0.00039,4.77536,-0.87537,9.71658,0.22843,2.0,727.22,115 x 100,605.4,613.2,3910.0,31.8,32.4,52 x 40,25.69,-0.11497,0.00037,4.69411,-0.42636,-1.54556,0.22467,18.0,528.1,0.119
1692129600,2023-08-15 16:00,2023-08-15,16.0,4438.11,2023-11-30,1701378000,107.04,0.87634,0.0004,4.85406,-0.88096,9.70737,0.22716,,0.0,100 x 100,596.4,604.0,3920.0,32.5,33.1,51 x 39,31.1,-0.11792,0.00033,4.7737,-0.43005,-1.58111,0.22334,2.0,518.1,0.117
1692129600,2023-08-15 16:00,2023-08-15,16.0,4438.11,2023-11-30,1701378000,107.04,0.87441,0.00037,4.89601,-0.884,9.70031,0.22626,0.0,435.26,100 x 100,591.9,599.5,3925.0,32.9,33.5,51 x 39,34.16,-0.11921,0.00036,4.81601,-0.43269,-1.60038,0.22283,2.0,513.1,0.116
1692129600,2023-08-15 16:00,2023-08-15,16.0,4438.11,2023-11-30,1701378000,107.04,0.87189,0.00042,4.98488,-0.89473,9.66976,0.2284,1.0,617.34,51 x 15,588.2,596.0,3930.0,33.0,33.8,39 x 39,24.12,-0.12031,0.00036,4.8472,-0.43266,-1.61313,0.22238,2.0,508.1,0.114
1692129600,2023-08-15 16:00,2023-08-15,16.0,4438.11,2023-11-30,1701378000,107.04,0.87048,0.00037,5.01155,-0.8905,9.68633,0.22415,0.0,605.86,115 x 100,578.2,585.8,3940.0,33.7,34.3,74 x 25,33.34,-0.12285,0.0004,4.91807,-0.43478,-1.64554,0.22001,1.0,498.1,0.112
1692129600,2023-08-15 16:00,2023-08-15,16.0,4438.11,2023-11-30,1701378000,107.04,0.86569,0.00038,5.14603,-0.9038,9.64551,0.22517,1.0,679.74,34 x 15,570.1,577.9,3950.0,34.7,35.4,49 x 37,32.75,-0.12715,0.00041,5.01555,-0.44026,-1.69096,0.21874,3.0,488.1,0.11
1692129600,2023-08-15 16:00,2023-08-15,16.0,4438.11,2023-11-30,1701378000,107.04,0.86415,0.00036,5.20162,-0.90387,9.64694,0.22271,1.0,621.88,15 x 15,560.1,568.8,3960.0,35.2,35.9,73 x 62,32.59,-0.12928,0.00041,5.08342,-0.44156,-1.72174,0.21752,9.0,478.1,0.108
1692129600,2023-08-15 16:00,2023-08-15,16.0,4438.11,2023-11-30,1701378000,107.04,0.85977,0.00041,5.30637,-0.91314,9.62032,0.22215,6.0,661.1,52 x 16,552.0,559.8,3970.0,36.1,37.1,36 x 81,26.07,-0.13258,0.00042,5.18265,-0.44765,-1.76883,0.21596,2.0,468.1,0.105
1692129600,2023-08-15 16:00,2023-08-15,16.0,4438.11,2023-11-30,1701378000,107.04,0.85968,0.00039,5.29567,-0.90556,9.64203,0.21958,2.0,593.64,115 x 100,546.5,554.1,3975.0,36.7,37.4,36 x 36,35.7,-0.13448,0.00038,5.22728,-0.45,-1.78989,0.21533,43.0,463.1,0.104
1692129600,2023-08-15 16:00,2023-08-15,16.0,4438.11,2023-11-30,1701378000,107.04,0.85841,0.00038,5.34943,-0.90995,9.62811,0.21891,1.0,595.12,100 x 100,542.1,550.0,3980.0,36.9,37.6,48 x 69,34.17,-0.13592,0.00041,5.25887,-0.44894,-1.80419,0.21453,10.0,458.1,0.103
1692129600,2023-08-15 16:00,2023-08-15,16.0,4438.11,2023-11-30,1701378000,107.04,0.85523,0.00042,5.42681,-0.91323,9.61637,0.21651,3.0,586.58,100 x 100,533.2,540.6,3990.0,38.0,38.7,46 x 35,43.23,-0.13948,0.00046,5.35795,-0.45461,-1.85251,0.21301,4.0,448.1,0.101
1692129600,2023-08-15 16:00,2023-08-15,16.0,4438.11,2023-11-30,1701378000,107.04,0.8509,0.00046,5.52652,-0.92016,9.59008,0.21629,1.0,504.0,101 x 100,524.9,531.6,4000.0,38.9,39.6,46 x 35,37.58,-0.14337,0.00044,5.44693,-0.45839,-1.89493,0.21172,3.0,438.1,0.099
1692129600,2023-08-15 16:00,2023-08-15,16.0,4438.11,2023-11-30,1701378000,107.04,0.84807,0.00046,5.59694,-0.92163,9.58131,0.21382,1.0,555.28,115 x 100,515.2,522.7,4010.0,39.8,40.5,45 x 33,38.4,-0.14693,0.00049,5.53556,-0.46198,-1.93884,0.21078,86.0,428.1,0.096
1692129600,2023-08-15 16:00,2023-08-15,16.0,4438.11,2023-11-30,1701378000,107.04,0.84453,0.00048,5.68479,-0.92604,9.56078,0.21197,2.0,579.84,115 x 100,506.3,513.8,4020.0,40.7,41.5,33 x 74,64.95,-0.15066,0.00051,5.6266,-0.46524,-1.98408,0.20913,0.0,418.1,0.094
1692129600,2023-08-15 16:00,2023-08-15,16.0,4438.11,2023-11-30,1701378000,107.04,0.84231,0.00045,5.74297,-0.93108,9.5423,0.21246,0.0,504.94,100 x 100,502.0,509.8,4025.0,40.9,41.6,69 x 33,31.89,-0.15153,0.00047,5.65751,-0.46411,-1.9984,0.20751,1.0,413.1,0.093
1692129600,2023-08-15 16:00,2023-08-15,16.0,4438.11,2023-11-30,1701378000,107.04,0.83998,0.00048,5.80386,-0.93593,9.5219,0.2119,,0.0,100 x 15,497.6,506.1,4030.0,41.3,42.1,69 x 57,46.57,-0.15312,0.00052,5.70161,-0.46551,-2.02085,0.20679,0.0,408.1,0.092
1692129600,2023-08-15 16:00,2023-08-15,16.0,4438.11,2023-11-30,1701378000,107.04,0.83654,0.00044,5.88075,-0.93743,9.50704,0.21026,1.0,627.58,1 x 100,489.4,496.0,4040.0,42.3,43.1,69 x 97,42.15,-0.15737,0.00052,5.79553,-0.46838,-2.06806,0.20591,2.0,398.1,0.09
1692129600,2023-08-15 16:00,2023-08-15,16.0,4438.11,2023-11-30,1701378000,107.04,0.83368,0.00046,5.95861,-0.93916,9.49138,0.20789,1.0,593.03,100 x 100,479.9,487.2,4050.0,43.5,44.5,30 x 69,40.4,-0.16114,0.0005,5.89895,-0.47334,-2.12163,0.20426,9.0,388.1,0.087
1692129600,2023-08-15 16:00,2023-08-15,16.0,4438.11,2023-11-30,1701378000,107.04,0.82961,0.00048,6.04816,-0.94312,9.46743,0.20676,,0.0,115 x 100,471.0,478.4,4060.0,44.4,45.2,63 x 119,34.3,-0.16488,0.00055,5.9839,-0.47492,-2.16432,0.20299,1.0,378.1,0.085
1692129600,2023-08-15 16:00,2023-08-15,16.0,4438.11,2023-11-30,1701378000,107.04,0.82516,0.00051,6.14128,-0.94737,9.43947,0.2055,1.0,575.51,115 x 100,462.3,469.6,4070.0,45.4,46.3,42 x 108,62.9,-0.1696,0.00054,6.07811,-0.47786,-2.21393,0.20092,3.0,368.1,0.083
1692129600,2023-08-15 16:00,2023-08-15,16.0,4438.11,2023-11-30,1701378000,107.04,0.82268,0.00048,6.21216,-0.95291,9.41053,0.20527,2.0,503.27,100 x 15,458.0,466.4,4075.0,46.0,46.8,63 x 118,43.98,-0.17159,0.00052,6.1262,-0.47948,-2.23952,0.20065,2.0,363.1,0.082
1692129600,2023-08-15 16:00,2023-08-15,16.0,4438.11,2023-11-30,1701378000,107.04,0.82169,0.0005,6.2364,-0.95135,9.40972,0.20409,0.0,447.73,115 x 100,453.6,460.9,4080.0,46.9,47.7,42 x 67,35.7,-0.1742,0.00057,6.18847,-0.48275,-2.27369,0.20069,1.0,358.1,0.081
1692129600,2023-08-15 16:00,2023-08-15,16.0,4438.11,2023-11-30,1701378000,107.04,0.81621,0.00054,6.35253,-0.9595,9.36564,0.20291,2.0,568.42,100 x 15,445.0,453.3,4090.0,47.6,48.5,71 x 117,0.0,-0.17766,0.0006,6.27033,-0.48367,-2.31714,0.19785,,348.1,0.078
1692129600,2023-08-15 16:00,2023-08-15,16.0,4438.11,2023-11-30,1701378000,107.04,0.8122,0.00056,6.44176,-0.96155,9.33825,0.20121,2.0,517.48,46 x 100,437.1,443.5,4100.0,49.2,50.0,41 x 29,41.14,-0.18333,0.00059,6.38345,-0.48873,-2.37983,0.1973,4.0,338.1,0.076
1692129600,2023-08-15 16:00,2023-08-15,16.0,4438.11,2023-11-30,1701378000,107.04,0.80822,0.00054,6.52313,-0.96262,9.31507,0.19937,0.0,383.16,115 x 100,427.6,434.9,4110.0,50.0,50.9,90 x 95,69.32,-0.18722,0.00054,6.46947,-0.48845,-2.42577,0.19575,0.0,328.1,0.074
1692129600,2023-08-15 16:00,2023-08-15,16.0,4438.11,2023-11-30,1701378000,107.04,0.80302,0.00056,6.6315,-0.96748,9.27137,0.19876,2.0,489.74,92 x 100,419.8,426.2,4120.0,51.2,52.1,118 x 84,77.21,-0.19223,0.00059,6.56771,-0.49114,-2.48158,0.19436,0.0,318.1,0.072
1692129600,2023-08-15 16:00,2023-08-15,16.0,4438.11,2023-11-30,1701378000,107.04,0.80151,0.0006,6.6663,-0.96669,9.26311,0.19708,0.0,394.08,115 x 100,414.7,421.9,4125.0,52.3,53.2,40 x 64,50.43,-0.19505,0.00064,6.63433,-0.49499,-2.52003,0.19361,80.0,313.1,0.071
1692129600,2023-08-15 16:00,2023-08-15,16.0,4438.11,2023-11-30,1701378000,107.04,0.79923,0.00059,6.71644,-0.9691,9.24444,0.19664,10.0,468.24,115 x 100,410.5,417.6,4130.0,52.8,53.8,26 x 26,81.99,-0.19707,0.00062,6.68101,-0.49598,-2.54649,0.19359,0.0,308.1,0.069
1692129600,2023-08-15 16:00,2023-08-15,16.0,4438.11,2023-11-30,1701378000,107.04,0.7941,0.00058,6.81386,-0.97159,9.20553,0.19466,,0.0,115 x 100,401.9,409.1,4140.0,53.8,54.7,89 x 64,38.4,-0.20171,0.00064,6.77029,-0.49549,-2.59702,0.19073,16.0,298.1,0.067
1692129600,2023-08-15 16:00,2023-08-15,16.0,4438.11,2023-11-30,1701378000,107.04,0.78855,0.00059,6.9312,-0.97917,9.15081,0.19448,1.0,431.37,100 x 15,393.6,401.7,4150.0,55.5,56.5,26 x 61,46.34,-0.20789,0.0006,6.88352,-0.50064,-2.66539,0.19044,1.0,288.1,0.065
1692129600,2023-08-15 16:00,2023-08-15,16.0,4438.11,2023-11-30,1701378000,107.04,0.78434,0.00067,7.01145,-0.97707,9.12363,0.19194,,0.0,115 x 100,385.0,392.1,4160.0,56.5,57.4,38 x 59,65.05,-0.21173,0.00068,6.97183,-0.49943,-2.71709,0.18843,1.0,278.1,0.063
1692129600,2023-08-15 16:00,2023-08-15,16.0,4438.11,2023-11-30,1701378000,107.04,0.77822,0.00069,7.1179,-0.98179,9.07437,0.19101,1.0,496.17,100 x 100,376.7,384.1,4170.0,57.9,58.8,87 x 75,39.5,-0.21804,0.00067,7.07413,-0.5014,-2.7781,0.18703,1.0,268.1,0.06
1692129600,2023-08-15 16:00,2023-08-15,16.0,4438.11,2023-11-30,1701378000,107.04,0.77606,0.00062,7.15979,-0.98161,9.0568,0.19018,,0.0,115 x 100,372.4,379.5,4175.0,59.1,60.1,37 x 34,41.97,-0.22121,0.00066,7.13995,-0.5051,-2.82016,0.18717,20.0,263.1,0.059
1692129600,2023-08-15 16:00,2023-08-15,16.0,4438.11,2023-11-30,1701378000,107.04,0.77304,0.00061,7.21106,-0.98303,9.0326,0.18943,1.0,405.45,115 x 100,368.3,375.3,4180.0,59.4,60.2,57 x 20,62.07,-0.22281,0.00065,7.176,-0.50284,-2.84027,0.18569,1.0,258.1,0.058
1692129600,2023-08-15 16:00,2023-08-15,16.0,4438.11,2023-11-30,1701378000,107.04,0.76606,0.00069,7.33068,-0.99016,8.96723,0.18946,1.0,453.19,1 x 100,361.4,367.2,4190.0,60.3,62.3,15 x 34,51.22,-0.22866,0.00073,7.27826,-0.50409,-2.905,0.18359,1.0,248.1,0.056
1692129600,2023-08-15 16:00,2023-08-15,16.0,4438.11,2023-11-30,1701378000,107.04,0.76254,0.00073,7.40931,-0.98724,8.93597,0.18635,4.0,407.2,115 x 100,351.7,358.6,4200.0,62.7,63.2,32 x 19,48.45,-0.23472,0.00068,7.38302,-0.50594,-2.97178,0.18229,1.0,238.1,0.054
1692129600,2023-08-15 16:00,2023-08-15,16.0,4438.11,2023-11-30,1701378000,107.04,0.75605,0.0007,7.50903,-0.98838,8.88458,0.1851,1.0,395.63,115 x 100,343.4,350.4,4210.0,64.0,64.9,53 x 17,56.87,-0.2411,0.00077,7.48291,-0.50718,-3.03663,0.18129,1.0,228.1,0.051
1692129600,2023-08-15 16:00,2023-08-15,16.0,4438.11,2023-11-30,1701378000,107.04,0.75077,0.00067,7.59863,-0.98724,8.83894,0.1827,0.0,312.22,1 x 17,336.1,340.5,4220.0,66.2,67.2,36 x 32,47.72,-0.24815,0.00076,7.599,-0.51139,-3.1156,0.1799,1.0,218.1,0.049
1692129600,2023-08-15 16:00,2023-08-15,16.0,4438.11,2023-11-30,1701378000,107.04,0.74843,0.00069,7.63966,-0.98578,8.8203,0.18133,15.0,358.12,115 x 17,331.2,336.4,4225.0,66.5,67.3,53 x 17,61.4,-0.25089,0.0008,7.63654,-0.5078,-3.13805,0.17927,19.0,213.1,0.048
1692129600,2023-08-15 16:00,2023-08-15,16.0,4438.11,2023-11-30,1701378000,107.04,0.74432,0.00072,7.69845,-0.98927,8.78255,0.18154,1.0,349.69,1 x 17,328.0,332.3,4230.0,67.9,68.9,35 x 32,58.75,-0.25511,0.00072,7.70053,-0.51181,-3.18449,0.17919,1.0,208.1,0.047
1692129600,2023-08-15 16:00,2023-08-15,16.0,4438.11,2023-11-30,1701378000,107.04,0.73756,0.00076,7.8158,-0.99608,8.70574,0.18152,2.0,412.02,16 x 17,321.7,324.2,4240.0,69.1,69.9,51 x 16,60.2,-0.26079,0.00081,7.78782,-0.50808,-3.24128,0.177,1.0,198.1,0.045
1692129600,2023-08-15 16:00,2023-08-15,16.0,4438.11,2023-11-30,1701378000,107.04,0.73069,0.0008,7.91246,-0.99594,8.64586,0.18008,1.0,352.2,17 x 17,313.6,316.2,4250.0,71.4,72.4,34 x 31,67.1,-0.26851,0.00075,7.90033,-0.51176,-3.32315,0.17595,1.0,188.1,0.042
1692129600,2023-08-15 16:00,2023-08-15,16.0,4438.11,2023-11-30,1701378000,107.04,0.72396,0.00078,8.00963,-0.99684,8.58326,0.17888,0.0,310.77,17 x 17,305.6,308.2,4260.0,72.7,73.5,48 x 15,63.6,-0.27435,0.00081,7.98776,-0.50891,-3.38307,0.17383,1.0,178.1,0.04
1692129600,2023-08-15 16:00,2023-08-15,16.0,4438.11,2023-11-30,1701378000,107.04,0.71768,0.00081,8.10635,-0.99669,8.51879,0.17654,0.0,302.35,17 x 17,297.7,300.2,4270.0,74.6,75.4,47 x 15,96.57,-0.28187,0.00088,8.08662,-0.50778,-3.45614,0.17202,0.0,168.1,0.038
1692129600,2023-08-15 16:00,2023-08-15,16.0,4438.11,2023-11-30,1701378000,107.04,0.71385,0.00077,8.15376,-0.99665,8.48472,0.17624,2.0,380.45,17 x 17,293.7,296.3,4275.0,75.6,76.4,32 x 15,78.3,-0.28497,0.00085,8.13598,-0.50808,-3.49308,0.17157,1.0,163.1,0.037
1692129600,2023-08-15 16:00,2023-08-15,16.0,4438.11,2023-11-30,1701378000,107.04,0.71028,0.00079,8.20156,-0.99655,8.45066,0.17503,0.0,297.97,17 x 17,289.8,292.3,4280.0,76.5,77.4,46 x 14,59.8,-0.28884,0.00091,8.18419,-0.50723,-3.5285,0.17112,19.0,158.1,0.036
1692129600,2023-08-15 16:00,2023-08-15,16.0,4438.11,2023-11-30,1701378000,107.04,0.70344,0.00086,8.29627,-0.99618,8.38042,0.17382,1.0,355.21,17 x 17,282.0,284.5,4290.0,78.5,79.5,95 x 14,48.17,-0.29629,0.00089,8.28125,-0.50631,-3.60329,0.16933,1.0,148.1,0.033
1692129600,2023-08-15 16:00,2023-08-15,16.0,4438.11,2023-11-30,1701378000,107.04,0.69599,0.00081,8.3882,-0.99543,8.30849,0.17231,0.0,266.31,17 x 17,274.2,276.7,4300.0,80.9,81.5,28 x 40,73.8,-0.30503,0.0009,8.37668,-0.50635,-3.68001,0.16822,5.0,138.1,0.031
1692129600,2023-08-15 16:00,2023-08-15,16.0,4438.11,2023-11-30,1701378000,107.04,0.68885,0.00087,8.4799,-0.99424,8.23304,0.17147,3.0,366.97,17 x 17,266.5,269.0,4310.0,82.7,83.6,43 x 13,79.38,-0.31302,0.00087,8.46664,-0.50361,-3.75262,0.16661,1.0,128.1,0.029
1692129600,2023-08-15 16:00,2023-08-15,16.0,4438.11,2023-11-30,1701378000,107.04,0.68163,0.0009,8.55584,-0.98768,8.17451,0.16794,2.0,345.18,115 x 17,256.4,261.3,4320.0,84.9,85.8,29 x 13,79.6,-0.32081,0.00095,8.55664,-0.50148,-3.82791,0.16463,1.0,118.1,0.027
1692129600,2023-08-15 16:00,2023-08-15,16.0,4438.11,2023-11-30,1701378000,107.04,0.67801,0.00085,8.60055,-0.98666,8.1343,0.16768,1.0,364.2,115 x 17,252.6,257.5,4325.0,86.1,86.9,13 x 13,80.34,-0.325,0.00094,8.60058,-0.50044,-3.86626,0.16449,1.0,113.1,0.025
1692129600,2023-08-15 16:00,2023-08-15,16.0,4438.11,2023-11-30,1701378000,107.04,0.674,0.00091,8.64474,-0.98577,8.09303,0.16653,8.0,286.27,115 x 17,248.8,253.7,4330.0,87.2,88.1,41 x 13,80.96,-0.32981,0.00098,8.64453,-0.49928,-3.90502,0.16361,24.0,108.1,0.024
1692129600,2023-08-15 16:00,2023-08-15,16.0,4438.11,2023-11-30,1701378000,107.04,0.66537,0.00087,8.73616,-0.98524,8.00251,0.16571,1.0,266.69,2 x 17,242.2,246.2,4340.0,89.5,90.5,40 x 12,81.85,-0.33835,0.00101,8.72877,-0.49748,-3.98076,0.16171,44.0,98.1,0.022
1692129600,2023-08-15 16:00,2023-08-15,16.0,4438.11,2023-11-30,1701378000,107.04,0.65682,0.00096,8.82376,-0.98552,7.90946,0.16515,0.0,268.31,4 x 4,236.8,237.7,4350.0,92.1,92.8,25 x 36,72.27,-0.34808,0.001,8.81126,-0.49458,-4.05719,0.16085,6.0,88.1,0.02
1692129600,2023-08-15 16:00,2023-08-15,16.0,4438.11,2023-11-30,1701378000,107.04,0.64842,0.00094,8.90474,-0.98307,7.81915,0.16346,1.0,346.6,5 x 5,229.4,230.5,4360.0,94.4,95.3,11 x 11,92.03,-0.35732,0.00102,8.88816,-0.49043,-4.1321,0.15857,1.0,78.1,0.018
1692129600,2023-08-15 16:00,2023-08-15,16.0,4438.11,2023-11-30,1701378000,107.04,0.63964,0.001,8.98266,-0.97939,7.72802,0.16221,1.0,318.94,5 x 5,222.1,223.1,4370.0,96.9,97.8,37 x 11,76.78,-0.36656,0.00108,8.96083,-0.48649,-4.20637,0.15694,4.0,68.1,0.015
1692129600,2023-08-15 16:00,2023-08-15,16.0,4438.11,2023-11-30,1701378000,107.04,0.63508,0.00093,9.01965,-0.97662,7.68189,0.16135,1.0,316.29,5 x 5,218.3,219.5,4375.0,98.2,99.2,59 x 11,65.78,-0.3712,0.0011,8.99743,-0.48438,-4.24515,0.15708,200.0,63.1,0.014
1692129600,2023-08-15 16:00,2023-08-15,16.0,4438.11,2023-11-30,1701378000,107.04,0.63111,0.00094,9.05673,-0.97469,7.6338,0.16085,23.0,288.98,5 x 5,214.9,215.8,4380.0,99.5,100.4,36 x 11,91.5,-0.37652,0.00109,9.03027,-0.48143,-4.28083,0.15635,6.0,58.1,0.013
1692129600,2023-08-15 16:00,2023-08-15,16.0,4438.11,2023-11-30,1701378000,107.04,0.62199,0.00094,9.12898,-0.97182,7.53423,0.15935,1.0,231.59,6 x 6,207.8,208.9,4390.0,102.3,103.1,25 x 10,89.44,-0.38707,0.00109,9.09439,-0.47736,-4.3549,0.15397,2.0,48.1,0.011
1692129600,2023-08-15 16:00,2023-08-15,16.0,4438.11,2023-11-30,1701378000,107.04,0.61294,0.00099,9.19648,-0.96621,7.43457,0.15781,1.0,306.65,33 x 6,200.9,201.6,4400.0,105.1,105.9,25 x 37,90.8,-0.3977,0.0011,9.15301,-0.47242,-4.42798,0.15303,1.0,38.1,0.009
1692129600,2023-08-15 16:00,2023-08-15,16.0,4438.11,2023-11-30,1701378000,107.04,0.60271,0.00106,9.25948,-0.9602,7.3315,0.1566,3.0,228.05,6 x 6,193.7,194.7,4410.0,107.9,108.9,10 x 34,69.97,-0.40861,0.0012,9.20607,-0.46617,-4.49822,0.15171,15.0,28.1,0.006
1692129600,2023-08-15 16:00,2023-08-15,16.0,4438.11,2023-11-30,1701378000,107.04,0.59291,0.00104,9.31792,-0.95493,7.22451,0.15563,1.0,208.37,6 x 6,186.9,187.8,4420.0,110.9,111.8,23 x 10,68.44,-0.41988,0.00114,9.25217,-0.45985,-4.56679,0.14993,60.0,18.1,0.004
1692129600,2023-08-15 16:00,2023-08-15,16.0,4438.11,2023-11-30,1701378000,107.04,0.58865,0.00108,9.3459,-0.95141,7.17024,0.15413,1.0,203.72,32 x 6,183.4,184.4,4425.0,112.4,113.3,23 x 10,108.12,-0.42509,0.00118,9.2724,-0.45637,-4.60073,0.14936,1.0,13.1,0.003
1692129600,2023-08-15 16:00,2023-08-15,16.0,4438.11,2023-11-30,1701378000,107.04,0.58332,0.00102,9.37242,-0.94815,7.1153,0.15389,1.0,212.04,18 x 6,180.0,181.0,4430.0,113.9,114.8,8 x 8,109.42,-0.43118,0.00125,9.29014,-0.4531,-4.63337,0.14781,1.0,8.1,0.002
1692129600,2023-08-15 16:00,2023-08-15,16.0,4438.11,2023-11-30,1701378000,107.04,0.57331,0.00107,9.42128,-0.94178,7.00185,0.15271,1.0,193.26,52 x 7,173.3,174.3,4440.0,117.0,117.9,30 x 8,101.46,-0.44317,0.00119,9.32133,-0.4455,-4.69562,0.14633,4.0,1.9,0.0
1692129600,2023-08-15 16:00,2023-08-15,16.0,4438.11,2023-11-30,1701378000,107.04,0.56293,0.00105,9.46513,-0.93483,6.8858,0.15122,2.0,201.15,29 x 7,167.0,167.7,4450.0,120.3,121.2,30 x 8,107.38,-0.4557,0.00125,9.34237,-0.43794,-4.75612,0.1453,10.0,11.9,0.003
1692129600,2023-08-15 16:00,2023-08-15,16.0,4438.11,2023-11-30,1701378000,107.04,0.55211,0.00108,9.50284,-0.92626,6.7677,0.14974,3.0,193.97,26 x 7,160.3,161.2,4460.0,123.6,124.6,29 x 8,80.04,-0.46783,0.00125,9.35391,-0.42876,-4.81173,0.14339,1.0,21.9,0.005
1692129600,2023-08-15 16:00,2023-08-15,16.0,4438.11,2023-11-30,1701378000,107.04,0.54133,0.00115,9.53465,-0.91812,6.64558,0.14813,4.0,173.37,26 x 7,153.9,154.8,4470.0,127.0,127.9,29 x 8,91.84,-0.48161,0.00127,9.35495,-0.4192,-4.86187,0.14191,11.0,31.9,0.007
1692129600,2023-08-15 16:00,2023-08-15,16.0,4438.11,2023-11-30,1701378000,107.04,0.5362,0.00113,9.5478,-0.91348,6.583,0.14808,2.0,183.72,20 x 7,150.7,151.7,4475.0,128.8,129.7,28 x 8,83.22,-0.48853,0.00129,9.3506,-0.41521,-4.88491,0.14077,3.0,36.9,0.008
1692129600,2023-08-15 16:00,2023-08-15,16.0,4438.11,2023-11-30,1701378000,107.04,0.53051,0.00112,9.55957,-0.90878,6.5199,0.14728,1.0,186.09,20 x 7,147.6,148.6,4480.0,130.6,131.5,27 x 7,113.15,-0.49474,0.00135,9.3431,-0.41044,-4.90739,0.14007,1.0,41.9,0.009
1692129600,2023-08-15 16:00,2023-08-15,16.0,4438.11,2023-11-30,1701378000,107.04,0.51926,0.00113,9.57686,-0.89939,6.39181,0.14551,2.0,168.15,7 x 27,141.4,142.4,4490.0,134.3,135.2,7 x 7,86.57,-0.50883,0.00133,9.31879,-0.39947,-4.94636,0.13772,1.0,51.9,0.012
1692129600,2023-08-15 16:00,2023-08-15,16.0,4438.11,2023-11-30,1701378000,107.04,0.50788,0.00115,9.58746,-0.88928,6.2608,0.14427,2.0,161.47,55 x 35,135.4,136.4,4500.0,138.0,139.0,55 x 31,142.73,-0.52404,0.00141,9.27893,-0.3876,-4.9775,0.13676,5.0,61.9,0.014
1692129600,2023-08-15 16:00,2023-08-15,16.0,4438.11,2023-11-30,1701378000,107.04,0.4969,0.00114,9.5901,-0.87786,6.12641,0.14337,1.0,163.45,29 x 7,129.5,130.4,4510.0,142.0,143.0,26 x 26,122.97,-0.53949,0.00148,9.22317,-0.37638,-5.00056,0.13499,1.0,71.9,0.016
1692129600,2023-08-15 16:00,2023-08-15,16.0,4438.11,2023-11-30,1701378000,107.04,0.48456,0.00116,9.58396,-0.86595,5.98978,0.14147,6.0,159.29,27 x 7,123.7,124.6,4520.0,146.1,147.0,18 x 7,94.54,-0.55465,0.0015,9.14802,-0.36352,-5.01194,0.13259,1.0,81.9,0.018
1692129600,2023-08-15 16:00,2023-08-15,16.0,4438.11,2023-11-30,1701378000,107.04,0.47845,0.00117,9.57893,-0.85987,5.92112,0.14083,2.0,151.66,7 x 7,120.9,121.8,4525.0,148.1,149.0,7 x 31,133.9,-0.56287,0.00144,9.10263,-0.35646,-5.0117,0.13235,21.0,86.9,0.02
1692129600,2023-08-15 16:00,2023-08-15,16.0,4438.11,2023-11-30,1701378000,107.04,0.47284,0.00112,9.57054,-0.85398,5.85115,0.1409,2.0,145.71,7 x 7,118.0,119.0,4530.0,150.2,151.1,7 x 7,96.61,-0.57144,0.00152,9.05181,-0.34895,-5.00991,0.13055,4.0,91.9,0.021
1692129600,2023-08-15 16:00,2023-08-15,16.0,4438.11,2023-11-30,1701378000,107.04,0.46066,0.00116,9.54767,-0.84157,5.70938,0.1395,3.0,143.67,7 x 27,112.5,113.5,4540.0,154.5,155.6,7 x 27,99.69,-0.58827,0.00155,8.93387,-0.33532,-4.99646,0.12913,4.0,101.9,0.023
1692129600,2023-08-15 16:00,2023-08-15,16.0,4438.11,2023-11-30,1701378000,107.04,0.4481,0.00119,9.51526,-0.82819,5.56531,0.13809,30.0,113.14,34 x 8,107.2,108.1,4550.0,158.9,159.8,29 x 50,123.92,-0.60694,0.00157,8.78547,-0.31875,-4.96071,0.12674,80.0,111.9,0.025
1692129600,2023-08-15 16:00,2023-08-15,16.0,4438.11,2023-11-30,1701378000,107.04,0.43567,0.00118,9.47287,-0.81424,5.41964,0.13718,2.0,105.48,8 x 8,101.9,102.8,4560.0,163.5,164.6,7 x 7,151.86,-0.62576,0.00166,8.61065,-0.30235,-4.91174,0.12544,1.0,121.9,0.027
1692129600,2023-08-15 16:00,2023-08-15,16.0,4438.11,2023-11-30,1701378000,107.04,0.42382,0.00117,9.42102,-0.79895,5.27026,0.13528,18.0,156.0,8 x 8,96.7,97.7,4570.0,168.2,169.2,7 x 32,107.06,-0.64619,0.00163,8.39559,-0.2842,-4.83389,0.12256,5.0,131.9,0.03
1692129600,2023-08-15 16:00,2023-08-15,16.0,4438.11,2023-11-30,1701378000,107.04,0.41784,0.00118,9.3915,-0.79182,5.19584,0.13501,33.0,138.6,8 x 28,94.3,95.2,4575.0,170.6,171.6,7 x 27,111.3,-0.65612,0.00174,8.27172,-0.27438,-4.7845,0.12165,110.0,136.9,0.031
1692129600,2023-08-15 16:00,2023-08-15,16.0,4438.11,2023-11-30,1701378000,107.04,0.41123,0.00124,9.36013,-0.78468,5.12099,0.13418,2.0,174.09,27 x 27,91.7,92.9,4580.0,173.1,174.1,7 x 7,110.08,-0.6665,0.00175,8.13894,-0.26475,-4.72991,0.12029,9.0,141.9,0.032
1692129600,2023-08-15 16:00,2023-08-15,16.0,4438.11,2023-11-30,1701378000,107.04,0.39797,0.00123,9.28711,-0.76865,4.96972,0.13352,34.0,93.5,10 x 26,87.0,87.8,4590.0,178.1,179.1,6 x 6,150.58,-0.68971,0.00173,7.82804,-0.24364,-4.58837,0.11787,2.0,151.9,0.034
1692129600,2023-08-15 16:00,2023-08-15,16.0,4438.11,2023-11-30,1701378000,107.04,0.3861,0.0012,9.20503,-0.75304,4.81638,0.13162,5.0,160.94,10 x 31,82.4,83.1,4600.0,183.3,184.3,6 x 6,150.0,-0.71395,0.00182,7.45395,-0.22185,-4.40207,0.11617,1.0,161.9,0.036
1692129600,2023-08-15 16:00,2023-08-15,16.0,4438.11,2023-11-30,1701378000,107.04,0.37335,0.0012,9.11288,-0.73663,4.66323,0.13059,1.0,96.74,10 x 81,77.8,78.8,4610.0,188.6,189.6,6 x 6,171.87,-0.74169,0.00188,6.98618,-0.19636,-4.15219,0.11317,2.0,171.9,0.039
1692129600,2023-08-15 16:00,2023-08-15,16.0,4438.11,2023-11-30,1701378000,107.04,0.36004,0.00118,9.00975,-0.71976,4.50849,0.13022,25.0,148.26,11 x 39,73.5,74.4,4620.0,194.1,195.1,5 x 5,167.91,-0.77283,0.00196,6.39687,-0.16897,-3.81815,0.10994,1.0,181.9,0.041
1692129600,2023-08-15 16:00,2023-08-15,16.0,4438.11,2023-11-30,1701378000,107.04,0.35349,0.00117,8.95393,-0.71104,4.43176,0.12967,6.0,144.93,11 x 86,71.4,72.3,4625.0,196.9,197.9,5 x 5,170.69,-0.78989,0.00199,6.03477,-0.15279,-3.60355,0.10773,1.0,186.9,0.042
1692129600,2023-08-15 16:00,2023-08-15,16.0,4438.11,2023-11-30,1701378000,107.04,0.34765,0.00122,8.89509,-0.70188,4.35334,0.12894,3.0,104.71,11 x 85,69.3,70.2,4630.0,199.6,200.9,5 x 5,182.37,-0.80888,0.00206,5.61035,-0.136,-3.34735,0.10574,1.0,191.9,0.043
1692129600,2023-08-15 16:00,2023-08-15,16.0,4438.11,2023-11-30,1701378000,107.04,0.33463,0.00118,8.77129,-0.68384,4.19768,0.12794,5.0,135.36,12 x 29,65.3,66.1,4640.0,205.5,206.5,4 x 4,196.61,-0.85796,0.00225,4.43039,-0.09596,-2.60936,0.1002,8.0,201.9,0.045
1692129600,2023-08-15 16:00,2023-08-15,16.0,4438.11,2023-11-30,1701378000,107.04,0.32144,0.0012,8.63407,-0.66535,4.04069,0.12662,1.0,68.9,12 x 30,61.4,62.0,4650.0,211.5,212.4,4 x 4,202.46,-0.95361,0.00272,1.66568,-0.0279,-0.64988,0.0898,7.0,211.9,0.048
1692129600,2023-08-15 16:00,2023-08-15,16.0,4438.11,2023-12-15,1702674000,122.04,0.93487,0.00017,3.14055,-0.70824,10.73491,0.28072,1.0,824.96,50 x 50,948.7,964.3,3550.0,18.8,19.1,334 x 53,18.5,-0.05886,0.0002,3.01611,-0.30446,-0.91779,0.27593,12.0,888.1,0.2
1692129600,2023-08-15 16:00,2023-08-15,16.0,4438.11,2023-12-15,1702674000,122.04,0.93281,0.00019,3.23192,-0.7139,10.78138,0.27639,0.0,737.1,10 x 10,929.8,935.1,3575.0,19.7,20.0,60 x 376,19.3,-0.06185,0.00017,3.14018,-0.31222,-0.96441,0.27256,4.0,863.1,0.194
1692129600,2023-08-15 16:00,2023-08-15,16.0,4438.11,2023-12-15,1702674000,122.04,0.93078,0.00022,3.32947,-0.72039,10.82487,0.27129,1.0,954.83,20 x 20,902.1,914.8,3600.0,20.6,21.0,126 x 293,20.9,-0.06506,0.00015,3.26755,-0.31985,-1.01466,0.26888,10.0,838.1,0.189
1692129600,2023-08-15 16:00,2023-08-15,16.0,4438.11,2023-12-15,1702674000,122.04,0.92563,0.00024,3.51559,-0.7395,10.82856,0.26956,1.0,956.4,50 x 50,877.9,893.4,3625.0,21.6,21.9,60 x 419,21.1,-0.06808,0.00019,3.39774,-0.32671,-1.06474,0.26465,1.0,813.1,0.183
1692129600,2023-08-15 16:00,2023-08-15,16.0,4438.11,2023-12-15,1702674000,122.04,0.92154,0.00016,3.6486,-0.75015,10.85535,0.26547,1.0,697.88,50 x 50,854.4,869.8,3650.0,22.5,22.9,156 x 378,22.2,-0.07205,0.0002,3.5287,-0.33314,-1.11768,0.26124,88.0,788.1,0.178
1692129600,2023-08-15 16:00,2023-08-15,16.0,4438.11,2023-12-15,1702674000,122.04,0.92338,0.00016,3.60025,-0.73318,10.96233,0.25503,0.0,600.17,50 x 20,831.0,841.0,3675.0,23.6,24.0,460 x 398,23.3,-0.07561,0.00027,3.67222,-0.34113,-1.17523,0.25763,1.0,763.1,0.172
1692129600,2023-08-15 16:00,2023-08-15,16.0,4438.11,2023-12-15,1702674000,122.04,0.91742,0.0002,3.81773,-0.76348,10.88117,0.26186,,0.0,50 x 50,826.3,841.7,3680.0,23.9,24.2,60 x 218,0.0,-0.07644,0.00019,3.70295,-0.34309,-1.18763,0.25668,,758.1,0.171
1692129600,2023-08-15 16:00,2023-08-15,16.0,4438.11,2023-12-15,1702674000,122.04,0.91583,0.00017,3.85331,-0.76437,10.89857,0.25939,,0.0,10 x 10,821.7,826.9,3690.0,24.1,24.6,649 x 229,0.0,-0.07795,0.00023,3.75112,-0.34484,-1.20698,0.25463,,748.1,0.169
1692129600,2023-08-15 16:00,2023-08-15,16.0,4438.11,2023-12-15,1702674000,122.04,0.91506,0.00025,3.91232,-0.7682,10.90574,0.25757,23.0,965.99,10 x 30,812.3,817.6,3700.0,24.7,25.1,534 x 47,25.37,-0.07938,0.00019,3.81677,-0.34821,-1.23428,0.25309,3.0,738.1,0.166
1692129600,2023-08-15 16:00,2023-08-15,16.0,4438.11,2023-12-15,1702674000,122.04,0.91464,0.00027,3.90103,-0.76211,10.94555,0.25378,23.0,956.59,50 x 40,798.3,810.8,3710.0,25.2,25.6,420 x 341,21.73,-0.08113,0.00025,3.87877,-0.35235,-1.2605,0.2522,2.0,728.1,0.164
1692129600,2023-08-15 16:00,2023-08-15,16.0,4438.11,2023-12-15,1702674000,122.04,0.91411,0.00027,3.92049,-0.76108,10.97071,0.25054,,0.0,20 x 20,790.4,798.8,3720.0,25.7,26.1,336 x 392,22.36,-0.08262,0.00022,3.94287,-0.35573,-1.28689,0.25025,10.0,718.1,0.162
1692129600,2023-08-15 16:00,2023-08-15,16.0,4438.11,2023-12-15,1702674000,122.04,0.91482,0.00023,3.90469,-0.75637,10.99574,0.24801,0.0,564.31,50 x 40,784.3,794.2,3725.0,26.0,26.4,60 x 479,24.42,-0.08363,0.0002,3.97759,-0.35787,-1.30168,0.25017,1.0,713.1,0.161
1692129600,2023-08-15 16:00,2023-08-15,16.0,4438.11,2023-12-15,1702674000,122.04,0.91441,0.00021,3.93705,-0.75817,10.99771,0.24707,,0.0,50 x 20,779.7,789.5,3730.0,26.2,26.6,207 x 346,0.0,-0.08501,0.00025,4.00481,-0.35826,-1.31369,0.24947,,708.1,0.16
1692129600,2023-08-15 16:00,2023-08-15,16.0,4438.11,2023-12-15,1702674000,122.04,0.91199,0.00028,4.00244,-0.76388,11.00157,0.2462,,0.0,50 x 40,770.4,780.2,3740.0,26.5,27.0,828 x 615,21.95,-0.0858,0.00026,4.05741,-0.35974,-1.33601,0.24725,2.0,698.1,0.157
1692129600,2023-08-15 16:00,2023-08-15,16.0,4438.11,2023-12-15,1702674000,122.04,0.91026,0.00028,4.06731,-0.76753,11.00593,0.2441,11.0,799.38,50 x 40,761.1,770.9,3750.0,27.2,27.6,381 x 170,27.53,-0.08842,0.00026,4.13112,-0.36485,-1.36688,0.24593,1.0,688.1,0.155
1692129600,2023-08-15 16:00,2023-08-15,16.0,4438.11,2023-12-15,1702674000,122.04,0.90431,0.00026,4.27815,-0.79414,10.93796,0.248,,0.0,10 x 10,757.2,760.7,3760.0,27.7,28.2,462 x 431,0.0,-0.09035,0.0003,4.19784,-0.36731,-1.3958,0.24467,,678.1,0.153
1692129600,2023-08-15 16:00,2023-08-15,16.0,4438.11,2023-12-15,1702674000,122.04,0.90199,0.00026,4.34511,-0.79878,10.94041,0.24752,,0.0,10 x 10,747.9,751.5,3770.0,28.3,28.7,60 x 337,23.37,-0.09264,0.00025,4.264,-0.37056,-1.42448,0.24331,1.0,668.1,0.151
1692129600,2023-08-15 16:00,2023-08-15,16.0,4438.11,2023-12-15,1702674000,122.04,0.90169,0.00029,4.37654,-0.80077,10.94159,0.24652,1.0,561.0,10 x 10,743.3,746.8,3775.0,28.6,29.0,60 x 250,27.9,-0.09339,0.00027,4.29951,-0.37283,-1.44045,0.24265,1.0,663.1,0.149
1692129600,2023-08-15 16:00,2023-08-15,16.0,4438.11,2023-12-15,1702674000,122.04,0.89996,0.00028,4.41146,-0.80297,10.94123,0.24529,,0.0,10 x 10,738.7,742.2,3780.0,28.8,29.3,464 x 415,27.13,-0.09435,0.00031,4.33059,-0.37419,-1.45446,0.24259,2.0,658.1,0.148
1692129600,2023-08-15 16:00,2023-08-15,16.0,4438.11,2023-12-15,1702674000,122.04,0.89782,0.00032,4.47927,-0.80747,10.94272,0.24387,,0.0,10 x 10,729.4,733.0,3790.0,29.4,29.9,155 x 180,22.84,-0.09652,0.00025,4.40076,-0.37691,-1.48492,0.24099,4.0,648.1,0.146
1692129600,2023-08-15 16:00,2023-08-15,16.0,4438.11,2023-12-15,1702674000,122.04,0.89644,0.0003,4.54637,-0.81107,10.94365,0.24263,1.0,777.54,10 x 10,721.2,722.7,3800.0,29.9,30.3,109 x 582,29.0,-0.09797,0.00024,4.46233,-0.37958,-1.51139,0.23935,1.0,638.1,0.144
1692129600,2023-08-15 16:00,2023-08-15,16.0,4438.11,2023-12-15,1702674000,122.04,0.89432,0.00024,4.61655,-0.81583,10.94284,0.24115,,0.0,10 x 10,711.0,714.5,3810.0,30.4,30.9,632 x 537,27.14,-0.1006,0.00032,4.53003,-0.38233,-1.54203,0.23692,1.0,628.1,0.142
1692129600,2023-08-15 16:00,2023-08-15,16.0,4438.11,2023-12-15,1702674000,122.04,0.89196,0.00034,4.68725,-0.82067,10.94126,0.23941,,0.0,10 x 10,701.8,705.3,3820.0,31.2,31.6,96 x 45,27.9,-0.10296,0.0003,4.60915,-0.38616,-1.57784,0.23581,59.0,618.1,0.139
1692129600,2023-08-15 16:00,2023-08-15,16.0,4438.11,2023-12-15,1702674000,122.04,0.89444,0.00032,4.59152,-0.80307,11.00791,0.23441,31.0,753.96,50 x 40,691.9,701.6,3825.0,31.3,31.8,316 x 150,27.4,-0.10327,0.00026,4.63551,-0.38623,-1.58947,0.23486,11.0,613.1,0.138
1692129600,2023-08-15 16:00,2023-08-15,16.0,4438.11,2023-12-15,1702674000,122.04,0.8939,0.00027,4.63114,-0.80598,11.00516,0.23356,,0.0,50 x 40,687.4,697.0,3830.0,31.6,32.1,307 x 90,33.07,-0.10409,0.00026,4.67124,-0.38743,-1.6061,0.23404,4.0,608.1,0.137
1692129600,2023-08-15 16:00,2023-08-15,16.0,4438.11,2023-12-15,1702674000,122.04,0.88748,0.00032,4.83722,-0.8299,10.93242,0.23703,,0.0,20 x 20,682.8,687.8,3840.0,32.5,32.9,45 x 45,32.13,-0.10733,0.0003,4.75711,-0.39247,-1.64547,0.23387,3.0,598.1,0.135
1692129600,2023-08-15 16:00,2023-08-15,16.0,4438.11,2023-12-15,1702674000,122.04,0.88466,0.00034,4.9107,-0.83481,10.9277,0.23577,1.0,797.46,20 x 40,673.6,678.7,3850.0,33.0,33.4,90 x 105,32.3,-0.10904,0.00033,4.8224,-0.39446,-1.67556,0.23154,4.0,588.1,0.133
1692129600,2023-08-15 16:00,2023-08-15,16.0,4438.11,2023-12-15,1702674000,122.04,0.88201,0.00037,4.98523,-0.83849,10.923,0.23445,,0.0,20 x 20,664.5,669.5,3860.0,33.6,34.1,195 x 60,32.9,-0.11146,0.00034,4.89645,-0.39782,-1.7095,0.23016,1.0,578.1,0.13
1692129600,2023-08-15 16:00,2023-08-15,16.0,4438.11,2023-12-15,1702674000,122.04,0.8794,0.00034,5.06111,-0.84337,10.91662,0.23306,,0.0,20 x 40,655.4,660.4,3870.0,34.3,34.8,135 x 105,32.12,-0.11449,0.00029,4.97405,-0.40048,-1.74627,0.22912,8.0,568.1,0.128
1692129600,2023-08-15 16:00,2023-08-15,16.0,4438.11,2023-12-15,1702674000,122.04,0.87894,0.0003,5.09946,-0.84504,10.91316,0.23186,1.0,597.7,20 x 40,650.9,655.8,3875.0,34.7,35.2,90 x 105,33.46,-0.11575,0.00034,5.01617,-0.40216,-1.76601,0.22851,36.0,563.1,0.127
1692129600,2023-08-15 16:00,2023-08-15,16.0,4438.11,2023-12-15,1702674000,122.04,0.87752,0.00033,5.14095,-0.84738,10.90784,0.23173,,0.0,20 x 40,646.4,651.3,3880.0,35.0,35.5,195 x 105,33.7,-0.11655,0.00038,5.05188,-0.40403,-1.78193,0.22704,175.0,558.1,0.126
1692129600,2023-08-15 16:00,2023-08-15,16.0,4438.11,2023-12-15,1702674000,122.04,0.87446,0.00039,5.2174,-0.8522,10.90111,0.23017,,0.0,20 x 40,637.3,642.2,3890.0,35.7,36.3,105 x 60,26.87,-0.11902,0.00031,5.13147,-0.40665,-1.82089,0.22605,4.0,548.1,0.123
1692129600,2023-08-15 16:00,2023-08-15,16.0,4438.11,2023-12-15,1702674000,122.04,0.87203,0.00032,5.29488,-0.8563,10.89275,0.22853,1.0,685.04,20 x 40,628.2,633.1,3900.0,36.6,37.2,45 x 60,35.9,-0.1219,0.00033,5.21934,-0.41111,-1.86284,0.22498,20.0,538.1,0.121
1692129600,2023-08-15 16:00,2023-08-15,16.0,4438.11,2023-12-15,1702674000,122.04,0.86968,0.00037,5.37704,-0.86094,10.88157,0.22681,3.0,704.87,20 x 40,619.2,624.1,3910.0,37.2,37.9,105 x 150,32.47,-0.12459,0.00038,5.29497,-0.41348,-1.89979,0.22313,1.0,528.1,0.119
1692129600,2023-08-15 16:00,2023-08-15,16.0,4438.11,2023-12-15,1702674000,122.04,0.86625,0.0004,5.45622,-0.86438,10.8714,0.2263,2.0,564.28,20 x 20,610.2,615.0,3920.0,38.0,38.6,253 x 150,33.7,-0.12742,0.00035,5.37584,-0.41583,-1.93885,0.22205,1.0,518.1,0.117
1692129600,2023-08-15 16:00,2023-08-15,16.0,4438.11,2023-12-15,1702674000,122.04,0.86559,0.00042,5.49725,-0.86697,10.86476,0.22535,0.0,580.94,20 x 20,605.7,610.5,3925.0,38.4,39.0,198 x 150,37.54,-0.12856,0.00036,5.41577,-0.41748,-1.95821,0.2216,139.0,513.1,0.116
1692129600,2023-08-15 16:00,2023-08-15,16.0,4438.11,2023-12-15,1702674000,122.04,0.86373,0.00037,5.53516,-0.86835,10.86044,0.22438,,0.0,40 x 40,601.1,606.0,3930.0,38.8,39.4,150 x 105,42.43,-0.13056,0.00036,5.45697,-0.41877,-1.97898,0.22098,9.0,508.1,0.114
1692129600,2023-08-15 16:00,2023-08-15,16.0,4438.11,2023-12-15,1702674000,122.04,0.86085,0.00042,5.62007,-0.87332,10.84583,0.22343,,0.0,20 x 40,592.2,597.0,3940.0,39.7,40.2,90 x 40,41.9,-0.13308,0.00038,5.54209,-0.42192,-2.02144,0.21913,6.0,498.1,0.112
1692129600,2023-08-15 16:00,2023-08-15,16.0,4438.11,2023-12-15,1702674000,122.04,0.85759,0.00038,5.69934,-0.87621,10.83463,0.22143,0.0,610.49,10 x 10,584.8,586.3,3950.0,40.4,41.1,130 x 65,34.73,-0.13607,0.00042,5.62534,-0.42496,-2.06345,0.21745,4.0,488.1,0.11
1692129600,2023-08-15 16:00,2023-08-15,16.0,4438.11,2023-12-15,1702674000,122.04,0.85522,0.00038,5.78919,-0.88166,10.8162,0.21982,,0.0,40 x 20,574.3,579.1,3960.0,41.4,41.9,70 x 65,39.05,-0.1393,0.00035,5.71335,-0.42774,-2.10774,0.21678,27.0,478.1,0.108
1692129600,2023-08-15 16:00,2023-08-15,16.0,4438.11,2023-12-15,1702674000,122.04,0.85208,0.00037,5.87498,-0.88568,10.79866,0.21894,0.0,557.53,40 x 40,565.4,570.2,3970.0,42.2,42.8,92 x 65,38.4,-0.14226,0.00039,5.79962,-0.43019,-2.15199,0.21486,2.0,468.1,0.105
1692129600,2023-08-15 16:00,2023-08-15,16.0,4438.11,2023-12-15,1702674000,122.04,0.84981,0.00036,5.91874,-0.88763,10.7898,0.2177,3.0,553.76,20 x 20,561.0,565.7,3975.0,42.6,43.3,127 x 65,43.62,-0.14467,0.00038,5.84522,-0.43183,-2.17622,0.21467,78.0,463.1,0.104
1692129600,2023-08-15 16:00,2023-08-15,16.0,4438.11,2023-12-15,1702674000,122.04,0.8488,0.00036,5.96196,-0.88929,10.78115,0.21768,,0.0,40 x 40,556.5,561.3,3980.0,43.2,43.7,72 x 65,34.56,-0.14559,0.00046,5.89122,-0.43365,-2.20005,0.21356,3.0,458.1,0.103
1692129600,2023-08-15 16:00,2023-08-15,16.0,4438.11,2023-12-15,1702674000,122.04,0.84519,0.00041,6.03807,-0.89156,10.76866,0.2154,1.0,670.12,20 x 20,546.0,553.5,3990.0,44.3,45.0,43 x 36,41.39,-0.14985,0.00045,5.99199,-0.43867,-2.25417,0.21237,9.0,448.1,0.101
1692129600,2023-08-15 16:00,2023-08-15,16.0,4438.11,2023-12-15,1702674000,122.04,0.842,0.00047,6.13752,-0.89669,10.74227,0.21442,1000.0,565.06,40 x 40,538.8,543.5,4000.0,45.2,45.6,25 x 65,43.9,-0.15243,0.00046,6.07303,-0.43948,-2.29596,0.21138,209.0,438.1,0.099
1692129600,2023-08-15 16:00,2023-08-15,16.0,4438.11,2023-12-15,1702674000,122.04,0.83894,0.00039,6.22335,-0.90004,10.72198,0.21365,,0.0,10 x 10,530.5,534.0,4010.0,46.0,46.6,65 x 65,42.36,-0.15646,0.0004,6.16127,-0.4415,-2.34232,0.2089,9.0,428.1,0.096
1692129600,2023-08-15 16:00,2023-08-15,16.0,4438.11,2023-12-15,1702674000,122.04,0.83465,0.0004,6.31735,-0.90424,10.69679,0.21185,,0.0,20 x 20,521.2,525.9,4020.0,47.3,48.0,40 x 59,43.82,-0.15992,0.00048,6.26638,-0.44624,-2.40062,0.20864,9.0,418.1,0.094
1692129600,2023-08-15 16:00,2023-08-15,16.0,4438.11,2023-12-15,1702674000,122.04,0.83343,0.00048,6.35847,-0.90626,10.68737,0.21081,2.0,561.75,10 x 10,517.3,520.8,4025.0,47.5,48.2,65 x 65,41.35,-0.16137,0.0005,6.29926,-0.44556,-2.41748,0.20701,4.0,413.1,0.093
1692129600,2023-08-15 16:00,2023-08-15,16.0,4438.11,2023-12-15,1702674000,122.04,0.83116,0.00043,6.40559,-0.90802,10.67373,0.2106,2.0,471.07,10 x 10,513.0,516.4,4030.0,48.3,49.0,66 x 65,44.72,-0.16441,0.00046,6.35688,-0.44914,-2.45054,0.20749,9.0,408.1,0.092
1692129600,2023-08-15 16:00,2023-08-15,16.0,4438.11,2023-12-15,1702674000,122.04,0.82796,0.00047,6.49757,-0.91182,10.64848,0.20886,,0.0,10 x 10,504.2,507.7,4040.0,49.1,49.8,65 x 40,50.12,-0.16747,0.00044,6.44072,-0.44911,-2.49571,0.20506,76.0,398.1,0.09
1692129600,2023-08-15 16:00,2023-08-15,16.0,4438.11,2023-12-15,1702674000,122.04,0.82336,0.00052,6.59037,-0.91467,10.62054,0.20762,1.0,605.17,10 x 10,496.5,498.0,4050.0,50.2,50.9,65 x 40,49.4,-0.17148,0.00047,6.53561,-0.45229,-2.54937,0.20368,2.0,388.1,0.087
1692129600,2023-08-15 16:00,2023-08-15,16.0,4438.11,2023-12-15,1702674000,122.04,0.82057,0.00053,6.67257,-0.91684,10.59892,0.20602,14.0,510.84,40 x 20,486.3,490.2,4060.0,51.5,52.3,39 x 40,42.07,-0.17569,0.0005,6.6405,-0.45569,-2.60914,0.20324,2.0,378.1,0.085
1692129600,2023-08-15 16:00,2023-08-15,16.0,4438.11,2023-12-15,1702674000,122.04,0.81577,0.0005,6.76929,-0.92068,10.56723,0.20508,0.0,477.16,40 x 40,477.7,481.6,4070.0,52.4,53.1,135 x 40,45.46,-0.17979,0.0005,6.72605,-0.45593,-2.65696,0.20069,1.0,368.1,0.083
1692129600,2023-08-15 16:00,2023-08-15,16.0,4438.11,2023-12-15,1702674000,122.04,0.81373,0.00049,6.81789,-0.92189,10.55116,0.2038,0.0,464.22,20 x 40,473.4,477.3,4075.0,53.0,53.7,65 x 65,50.6,-0.18178,0.00051,6.77475,-0.45762,-2.68466,0.20016,5.0,363.1,0.082
1692129600,2023-08-15 16:00,2023-08-15,16.0,4438.11,2023-12-15,1702674000,122.04,0.81184,0.00049,6.86608,-0.92395,10.53441,0.20341,0.0,507.46,20 x 40,469.1,473.0,4080.0,53.6,54.3,90 x 65,48.27,-0.18401,0.00048,6.82375,-0.45844,-2.71357,0.20007,8.0,358.1,0.081
1692129600,2023-08-15 16:00,2023-08-15,16.0,4438.11,2023-12-15,1702674000,122.04,0.80802,0.0005,6.96162,-0.92674,10.50108,0.20222,20.0,479.72,40 x 40,460.5,464.4,4090.0,55.1,56.0,38 x 30,43.75,-0.18894,0.00052,6.93514,-0.46313,-2.78,0.19919,4.0,348.1,0.078
1692129600,2023-08-15 16:00,2023-08-15,16.0,4438.11,2023-12-15,1702674000,122.04,0.80364,0.00056,7.05943,-0.93014,10.46355,0.20023,31.0,534.99,20 x 20,450.7,457.2,4100.0,56.3,57.3,98 x 55,47.82,-0.19259,0.0006,7.03372,-0.46544,-2.83863,0.19776,3.0,338.1,0.076
1692129600,2023-08-15 16:00,2023-08-15,16.0,4438.11,2023-12-15,1702674000,122.04,0.80106,0.00055,7.10601,-0.92419,10.46772,0.1971,1.0,573.74,20 x 20,440.4,447.2,4110.0,57.7,58.6,25 x 28,48.54,-0.1973,0.0006,7.13494,-0.46705,-2.90017,0.19664,8.0,328.1,0.074
1692129600,2023-08-15 16:00,2023-08-15,16.0,4438.11,2023-12-15,1702674000,122.04,0.79466,0.00058,7.25177,-0.93544,10.39047,0.1978,3.0,564.45,40 x 40,434.9,438.8,4120.0,58.9,59.9,95 x 53,50.88,-0.20193,0.00058,7.2323,-0.46926,-2.95985,0.19448,9.0,318.1,0.072
1692129600,2023-08-15 16:00,2023-08-15,16.0,4438.11,2023-12-15,1702674000,122.04,0.79442,0.00054,7.25493,-0.92851,10.40717,0.19483,2.0,474.0,20 x 20,427.7,434.5,4125.0,59.3,60.1,25 x 25,49.62,-0.20395,0.00063,7.27076,-0.46779,-2.98164,0.19356,4.0,313.1,0.071
1692129600,2023-08-15 16:00,2023-08-15,16.0,4438.11,2023-12-15,1702674000,122.04,0.78952,0.00051,7.3517,-0.93862,10.3484,0.1967,,0.0,40 x 40,426.5,430.4,4130.0,60.0,60.9,25 x 73,60.2,-0.20651,0.00058,7.32262,-0.4688,-3.01494,0.1932,1.0,308.1,0.069
1692129600,2023-08-15 16:00,2023-08-15,16.0,4438.11,2023-12-15,1702674000,122.04,0.78561,0.00055,7.44933,-0.94098,10.30628,0.19541,2.0,481.26,20 x 40,418.1,421.9,4140.0,61.4,62.3,25 x 72,44.79,-0.2113,0.00055,7.42346,-0.47099,-3.07861,0.19214,25.0,298.1,0.067
1692129600,2023-08-15 16:00,2023-08-15,16.0,4438.11,2023-12-15,1702674000,122.04,0.78025,0.00054,7.55499,-0.94546,10.25575,0.1941,2.0,445.53,40 x 40,409.7,414.1,4150.0,62.7,63.7,88 x 72,64.0,-0.21694,0.00057,7.52265,-0.47205,-3.14035,0.19004,26.0,288.1,0.065
1692129600,2023-08-15 16:00,2023-08-15,16.0,4438.11,2023-12-15,1702674000,122.04,0.77567,0.00061,7.64558,-0.94553,10.2162,0.19262,,0.0,20 x 20,401.3,405.2,4160.0,64.6,65.5,60 x 27,48.72,-0.22254,0.00058,7.6345,-0.47506,-3.21483,0.18948,2.0,278.1,0.063
1692129600,2023-08-15 16:00,2023-08-15,16.0,4438.11,2023-12-15,1702674000,122.04,0.77022,0.00061,7.75303,-0.94932,10.16153,0.19147,0.0,399.72,40 x 50,393.1,397.4,4170.0,65.7,66.6,98 x 90,65.69,-0.22668,0.00066,7.72527,-0.47438,-3.27225,0.1872,1.0,268.1,0.06
1692129600,2023-08-15 16:00,2023-08-15,16.0,4438.11,2023-12-15,1702674000,122.04,0.76822,0.00066,7.78191,-0.94588,10.15519,0.18967,4.0,419.97,20 x 40,387.9,392.7,4175.0,66.4,67.4,84 x 25,64.4,-0.22998,0.00062,7.77492,-0.47427,-3.30521,0.18728,1.0,263.1,0.059
1692129600,2023-08-15 16:00,2023-08-15,16.0,4438.11,2023-12-15,1702674000,122.04,0.76479,0.00063,7.85051,-0.95129,10.11268,0.18962,8.0,395.46,40 x 40,384.8,389.1,4180.0,67.6,68.6,59 x 50,58.8,-0.23348,0.0007,7.83618,-0.47738,-3.34852,0.18698,3.0,258.1,0.058
1692129600,2023-08-15 16:00,2023-08-15,16.0,4438.11,2023-12-15,1702674000,122.04,0.76,0.00063,7.93278,-0.94882,10.07653,0.18811,0.0,354.47,20 x 40,375.6,380.4,4190.0,68.8,69.8,88 x 25,72.03,-0.23861,0.0007,7.92797,-0.47648,-3.40891,0.18482,32.0,248.1,0.056
1692129600,2023-08-15 16:00,2023-08-15,16.0,4438.11,2023-12-15,1702674000,122.04,0.75593,0.00067,8.00629,-0.94556,10.0475,0.18473,16.0,382.95,20 x 20,365.6,371.8,4200.0,70.4,71.4,59 x 25,68.46,-0.2441,0.00066,8.02819,-0.47674,-3.47815,0.18337,35.0,238.1,0.054
1692129600,2023-08-15 16:00,2023-08-15,16.0,4438.11,2023-12-15,1702674000,122.04,0.75032,0.0007,8.10937,-0.94677,9.98846,0.18404,2.0,475.65,20 x 20,357.5,363.7,4210.0,72.6,73.5,25 x 25,63.05,-0.25071,0.00071,8.13987,-0.47967,-3.55848,0.18273,10.0,228.1,0.051
1692129600,2023-08-15 16:00,2023-08-15,16.0,4438.11,2023-12-15,1702674000,122.04,0.74473,0.00065,8.20751,-0.94799,9.93087,0.18208,2.0,453.23,20 x 20,349.4,355.6,4220.0,74.3,75.2,33 x 22,64.3,-0.25647,0.0007,8.23973,-0.47967,-3.6294,0.18088,67.0,218.1,0.049
1692129600,2023-08-15 16:00,2023-08-15,16.0,4438.11,2023-12-15,1702674000,122.04,0.73965,0.00073,8.29237,-0.95682,9.86412,0.18398,3.0,378.07,11 x 31,348.6,351.9,4225.0,75.1,76.1,33 x 22,71.9,-0.25911,0.00069,8.28894,-0.47988,-3.6647,0.18006,1.0,213.1,0.048
1692129600,2023-08-15 16:00,2023-08-15,16.0,4438.11,2023-12-15,1702674000,122.04,0.73696,0.00073,8.34093,-0.95699,9.83421,0.18349,,0.0,11 x 11,344.6,347.8,4230.0,75.5,76.5,58 x 22,66.0,-0.26217,0.00077,8.32909,-0.47763,-3.69129,0.17907,10.0,208.1,0.047
1692129600,2023-08-15 16:00,2023-08-15,16.0,4438.11,2023-12-15,1702674000,122.04,0.73117,0.0007,8.4339,-0.95753,9.7767,0.18142,1.0,440.79,40 x 40,336.1,339.8,4240.0,77.8,78.8,32 x 22,67.75,-0.26897,0.00076,8.437,-0.47984,-3.77428,0.1781,1.0,198.1,0.045
1692129600,2023-08-15 16:00,2023-08-15,16.0,4438.11,2023-12-15,1702674000,122.04,0.72465,0.00069,8.5325,-0.9579,9.70911,0.18067,7.0,342.21,30 x 30,328.0,332.2,4250.0,79.2,79.9,32 x 5,80.7,-0.27444,0.00076,8.52418,-0.47704,-3.8373,0.17646,46.0,188.1,0.042
1692129600,2023-08-15 16:00,2023-08-15,16.0,4438.11,2023-12-15,1702674000,122.04,0.7186,0.00074,8.63011,-0.95887,9.63985,0.17975,,0.0,40 x 40,320.7,323.9,4260.0,81.0,82.0,52 x 21,66.49,-0.28188,0.00079,8.62293,-0.47687,-3.91292,0.17496,50.0,178.1,0.04
1692129600,2023-08-15 16:00,2023-08-15,16.0,4438.11,2023-12-15,1702674000,122.04,0.71183,0.00074,8.72107,-0.95798,9.57513,0.17787,1.0,424.27,10 x 10,313.2,315.2,4270.0,83.6,84.5,31 x 20,76.0,-0.28876,0.0008,8.72783,-0.47818,-3.99835,0.17472,3.0,168.1,0.038
1692129600,2023-08-15 16:00,2023-08-15,16.0,4438.11,2023-12-15,1702674000,122.04,0.70875,0.00079,8.77345,-0.95932,9.53387,0.17745,50.0,429.4,11 x 21,309.9,311.3,4275.0,84.5,85.5,32 x 20,80.72,-0.29313,0.00078,8.77406,-0.47789,-4.03617,0.17383,36.0,163.1,0.037
1692129600,2023-08-15 16:00,2023-08-15,16.0,4438.11,2023-12-15,1702674000,122.04,0.7054,0.00076,8.81477,-0.95691,9.50366,0.17635,1.0,416.84,10 x 10,305.3,307.4,4280.0,85.0,86.0,56 x 20,75.06,-0.29592,0.0008,8.81403,-0.47513,-4.06538,0.17265,3.0,158.1,0.036
1692129600,2023-08-15 16:00,2023-08-15,16.0,4438.11,2023-12-15,1702674000,122.04,0.6994,0.00073,8.9071,-0.95682,9.43042,0.17463,2.0,376.41,10 x 10,297.5,299.6,4290.0,87.6,88.6,30 x 20,82.16,-0.30324,0.00088,8.91478,-0.47594,-4.15114,0.17107,4.0,148.1,0.033
1692129600,2023-08-15 16:00,2023-08-15,16.0,4438.11,2023-12-15,1702674000,122.04,0.69206,0.00073,8.99923,-0.95544,9.35284,0.17381,19.0,290.49,10 x 10,289.9,291.9,4300.0,89.2,90.2,50 x 20,90.92,-0.31047,0.0009,8.9987,-0.47234,-4.21922,0.1696,301.0,138.1,0.031
1692129600,2023-08-15 16:00,2023-08-15,16.0,4438.11,2023-12-15,1702674000,122.04,0.68494,0.00082,9.08926,-0.95467,9.27269,0.17194,14.0,325.71,10 x 10,282.2,284.3,4310.0,91.9,93.0,31 x 20,63.14,-0.31864,0.00083,9.09479,-0.47342,-4.30549,0.16885,2.0,128.1,0.029
1692129600,2023-08-15 16:00,2023-08-15,16.0,4438.11,2023-12-15,1702674000,122.04,0.67835,0.00081,9.16605,-0.94784,9.21054,0.16988,1.0,316.19,10 x 10,273.4,275.5,4320.0,93.5,94.6,49 x 20,92.65,-0.32621,0.00085,9.17453,-0.46825,-4.37364,0.16697,4.0,118.1,0.027
1692129600,2023-08-15 16:00,2023-08-15,16.0,4438.11,2023-12-15,1702674000,122.04,0.67379,0.00086,9.2225,-0.95334,9.14774,0.17078,0.0,275.01,10 x 10,271.0,273.0,4325.0,94.6,95.8,69 x 20,91.96,-0.32963,0.00091,9.21755,-0.46764,-4.41192,0.16595,165.0,113.1,0.025
1692129600,2023-08-15 16:00,2023-08-15,16.0,4438.11,2023-12-15,1702674000,122.04,0.67151,0.00082,9.25324,-0.94665,9.1249,0.16821,1.0,307.57,10 x 10,265.9,268.0,4330.0,96.4,97.5,28 x 20,98.74,-0.33452,0.00091,9.26456,-0.46903,-4.45995,0.16579,2.0,108.1,0.024
1692129600,2023-08-15 16:00,2023-08-15,16.0,4438.11,2023-12-15,1702674000,122.04,0.6626,0.00082,9.34946,-0.94953,9.01695,0.16806,4.0,335.47,10 x 10,259.8,261.8,4340.0,98.1,99.3,68 x 20,89.63,-0.34223,0.00095,9.34082,-0.46341,-4.5283,0.16363,1.0,98.1,0.022
1692129600,2023-08-15 16:00,2023-08-15,16.0,4438.11,2023-12-15,1702674000,122.04,0.65557,0.00085,9.42214,-0.94214,8.94469,0.16575,9.0,260.14,10 x 10,251.1,253.2,4350.0,101.1,102.3,16 x 16,97.15,-0.35103,0.00094,9.42325,-0.46303,-4.61398,0.16332,16.0,88.1,0.02
1692129600,2023-08-15 16:00,2023-08-15,16.0,4438.11,2023-12-15,1702674000,122.04,0.64801,0.00088,9.50303,-0.93955,8.85091,0.16415,1.0,263.13,10 x 10,243.8,245.9,4360.0,103.0,104.2,62 x 15,68.22,-0.35948,0.00098,9.49329,-0.45718,-4.68209,0.16118,480.0,78.1,0.018
1692129600,2023-08-15 16:00,2023-08-15,16.0,4438.11,2023-12-15,1702674000,122.04,0.63951,0.00089,9.58734,-0.94149,8.73915,0.1643,1.0,308.98,12 x 12,237.7,239.8,4370.0,106.3,107.4,26 x 15,94.69,-0.36973,0.00103,9.56922,-0.45641,-4.76801,0.16055,46.0,68.1,0.015
1692129600,2023-08-15 16:00,2023-08-15,16.0,4438.11,2023-12-15,1702674000,122.04,0.63518,0.00084,9.62466,-0.93932,8.69018,0.16393,50.0,331.04,12 x 12,234.1,236.2,4375.0,107.5,108.7,26 x 15,100.85,-0.37396,0.00097,9.60206,-0.45392,-4.80487,0.15923,2.0,63.1,0.014
1692129600,2023-08-15 16:00,2023-08-15,16.0,4438.11,2023-12-15,1702674000,122.04,0.63145,0.0009,9.65616,-0.93325,8.65526,0.1616,1.0,286.48,12 x 12,229.4,231.4,4380.0,108.8,110.1,25 x 15,97.93,-0.37859,0.00101,9.63469,-0.45155,-4.84266,0.1584,3.0,58.1,0.013
1692129600,2023-08-15 16:00,2023-08-15,16.0,4438.11,2023-12-15,1702674000,122.04,0.62321,0.00092,9.72689,-0.92931,8.5534,0.15999,1.0,296.03,12 x 12,222.3,224.3,4390.0,110.8,112.1,25 x 15,77.47,-0.38782,0.00106,9.69304,-0.44482,-4.90631,0.15597,3.0,48.1,0.011
1692129600,2023-08-15 16:00,2023-08-15,16.0,4438.11,2023-12-15,1702674000,122.04,0.61405,0.00094,9.7996,-0.93,8.43509,0.16072,50.0,228.08,12 x 12,216.5,218.4,4400.0,114.3,115.6,24 x 13,110.27,-0.39802,0.00102,9.75364,-0.44304,-4.98992,0.15577,310.0,38.1,0.009
1692129600,2023-08-15 16:00,2023-08-15,16.0,4438.11,2023-12-15,1702674000,122.04,0.60534,0.00089,9.85948,-0.9205,8.33999,0.15826,1.0,216.17,12 x 12,208.2,210.4,4410.0,116.5,117.7,62 x 13,106.23,-0.4083,0.00108,9.8016,-0.43415,-5.05092,0.15316,3.0,28.1,0.006
1692129600,2023-08-15 16:00,2023-08-15,16.0,4438.11,2023-12-15,1702674000,122.04,0.59616,0.00096,9.92331,-0.92024,8.21687,0.15759,16.0,210.7,12 x 12,202.7,204.6,4420.0,120.2,121.4,24 x 13,73.87,-0.41853,0.00107,9.84901,-0.43209,-5.12956,0.1526,2.0,18.1,0.004
1692129600,2023-08-15 16:00,2023-08-15,16.0,4438.11,2023-12-15,1702674000,122.04,0.59244,0.00092,9.94869,-0.9131,8.17122,0.15554,2.0,211.72,14 x 14,198.1,200.1,4425.0,120.9,122.2,61 x 13,113.78,-0.42396,0.00113,9.86653,-0.42545,-5.15262,0.15095,205.0,13.1,0.003
1692129600,2023-08-15 16:00,2023-08-15,16.0,4438.11,2023-12-15,1702674000,122.04,0.58708,0.00097,9.97588,-0.90999,8.1137,0.15532,2.0,286.42,14 x 14,194.7,196.7,4430.0,122.5,123.7,23 x 12,105.55,-0.42967,0.0011,9.88399,-0.42305,-5.1853,0.14993,2.0,8.1,0.002
1692129600,2023-08-15 16:00,2023-08-15,16.0,4438.11,2023-12-15,1702674000,122.04,0.57752,0.001,10.02755,-0.90384,7.99658,0.15369,2.0,278.28,14 x 14,188.0,190.0,4440.0,126.3,127.6,22 x 12,116.0,-0.44051,0.00117,9.9174,-0.41939,-5.25838,0.14994,15.0,1.9,0.0
1692129600,2023-08-15 16:00,2023-08-15,16.0,4438.11,2023-12-15,1702674000,122.04,0.56825,0.00096,10.07482,-0.90227,7.86838,0.15398,6.0,189.32,14 x 14,182.6,184.4,4450.0,128.7,130.0,59 x 12,123.47,-0.45209,0.00117,9.93739,-0.40867,-5.30791,0.14752,1.0,11.9,0.003
1692129600,2023-08-15 16:00,2023-08-15,16.0,4438.11,2023-12-15,1702674000,122.04,0.55854,0.00101,10.11541,-0.89511,7.74674,0.15274,12.0,183.06,14 x 14,176.1,177.9,4460.0,132.9,134.1,21 x 12,127.56,-0.46373,0.00116,9.95331,-0.40541,-5.37519,0.14668,12.0,21.9,0.005
1692129600,2023-08-15 16:00,2023-08-15,16.0,4438.11,2023-12-15,1702674000,122.04,0.54852,0.00104,10.15036,-0.8829,7.62724,0.15013,28.0,187.25,14 x 14,168.5,170.5,4470.0,135.4,136.6,21 x 20,129.89,-0.47603,0.00121,9.95275,-0.39337,-5.41302,0.14389,12.0,31.9,0.007
1692129600,2023-08-15 16:00,2023-08-15,16.0,4438.11,2023-12-15,1702674000,122.04,0.54326,0.00101,10.16562,-0.88089,7.56122,0.14961,131.0,175.94,20 x 34,165.8,167.3,4475.0,137.9,139.3,21 x 12,132.78,-0.48226,0.00123,9.95399,-0.39274,-5.44866,0.14415,277.0,36.9,0.008
1692129600,2023-08-15 16:00,2023-08-15,16.0,4438.11,2023-12-15,1702674000,122.04,0.53898,0.00102,10.17938,-0.87664,7.49678,0.14932,3.0,180.4,20 x 34,162.7,164.2,4480.0,139.5,141.0,12 x 12,119.9,-0.48795,0.00129,9.94808,-0.38772,-5.4688,0.1432,1.0,41.9,0.009
1692129600,2023-08-15 16:00,2023-08-15,16.0,4438.11,2023-12-15,1702674000,122.04,0.52856,0.00105,10.20337,-0.86786,7.3648,0.1478,3.0,190.71,21 x 14,156.4,157.8,4490.0,143.3,144.6,20 x 10,124.7,-0.50159,0.00123,9.92957,-0.37871,-5.51032,0.14134,1.0,51.9,0.012
1692129600,2023-08-15 16:00,2023-08-15,16.0,4438.11,2023-12-15,1702674000,122.04,0.51762,0.00104,10.21972,-0.85862,7.229,0.14669,647.0,158.53,21 x 35,150.3,151.8,4500.0,146.0,147.4,10 x 10,141.53,-0.51497,0.00128,9.89196,-0.36533,-5.52776,0.13901,533.0,61.9,0.014
1692129600,2023-08-15 16:00,2023-08-15,16.0,4438.11,2023-12-15,1702674000,122.04,0.50683,0.00109,10.22926,-0.85017,7.09083,0.14522,4.0,167.2,22 x 36,144.3,145.8,4510.0,150.7,152.2,10 x 10,134.86,-0.52803,0.00137,9.85003,-0.35931,-5.56595,0.13889,3.0,71.9,0.016
1692129600,2023-08-15 16:00,2023-08-15,16.0,4438.11,2023-12-15,1702674000,122.04,0.49629,0.00109,10.23148,-0.8403,6.95066,0.14428,4.0,156.8,22 x 14,138.5,139.8,4520.0,154.6,156.1,10 x 10,119.22,-0.54326,0.00138,9.78652,-0.34735,-5.58081,0.13684,10.0,81.9,0.018
1692129600,2023-08-15 16:00,2023-08-15,16.0,4438.11,2023-12-15,1702674000,122.04,0.49108,0.00108,10.23052,-0.83815,6.87996,0.14371,25.0,151.82,22 x 20,136.4,137.7,4525.0,155.7,157.2,10 x 10,160.36,-0.55076,0.00138,9.73884,-0.33788,-5.56629,0.13442,127.0,86.9,0.02
1692129600,2023-08-15 16:00,2023-08-15,16.0,4438.11,2023-12-15,1702674000,122.04,0.48605,0.00113,10.22706,-0.82983,6.80688,0.14305,1.0,186.82,23 x 37,132.6,134.2,4530.0,158.6,160.1,10 x 10,132.1,-0.55772,0.00137,9.70489,-0.33558,-5.58242,0.13517,15.0,91.9,0.021
1692129600,2023-08-15 16:00,2023-08-15,16.0,4438.11,2023-12-15,1702674000,122.04,0.4747,0.00113,10.21407,-0.82233,6.66299,0.14248,3.0,136.6,23 x 37,127.9,129.4,4540.0,161.9,163.3,10 x 10,108.85,-0.57509,0.00139,9.59029,-0.31957,-5.55382,0.13255,3.0,101.9,0.023
1692129600,2023-08-15 16:00,2023-08-15,16.0,4438.11,2023-12-15,1702674000,122.04,0.46297,0.00112,10.19288,-0.80706,6.51262,0.14076,151.0,130.37,24 x 10,121.6,122.8,4550.0,167.1,168.6,10 x 10,160.95,-0.58989,0.00149,9.48042,-0.31009,-5.54983,0.1313,15.0,111.9,0.025
1692129600,2023-08-15 16:00,2023-08-15,16.0,4438.11,2023-12-15,1702674000,122.04,0.45215,0.00108,10.16312,-0.79577,6.36191,0.13927,5.0,212.61,25 x 12,116.2,117.4,4560.0,170.5,172.0,10 x 10,127.7,-0.60843,0.00155,9.30749,-0.29219,-5.48202,0.12863,25.0,121.9,0.027
1692129600,2023-08-15 16:00,2023-08-15,16.0,4438.11,2023-12-15,1702674000,122.04,0.44075,0.00107,10.12704,-0.78615,6.21405,0.13831,8.0,117.74,62 x 12,111.6,113.0,4570.0,174.9,176.7,14 x 14,161.37,-0.62607,0.00151,9.12189,-0.27675,-5.41727,0.12648,10.0,131.9,0.03
1692129600,2023-08-15 16:00,2023-08-15,16.0,4438.11,2023-12-15,1702674000,122.04,0.43522,0.00111,10.102,-0.77622,6.13185,0.1371,550.0,128.08,26 x 12,108.3,109.5,4575.0,178.1,180.1,14 x 14,149.86,-0.63332,0.00152,9.04668,-0.27344,-5.40744,0.12599,1.0,136.9,0.031
1692129600,2023-08-15 16:00,2023-08-15,16.0,4438.11,2023-12-15,1702674000,122.04,0.42905,0.00116,10.07707,-0.77029,6.05284,0.13718,3.0,124.2,26 x 12,105.7,106.9,4580.0,179.4,181.4,14 x 14,172.14,-0.64534,0.00156,8.89767,-0.26102,-5.3249,0.12442,1.0,141.9,0.032
1692129600,2023-08-15 16:00,2023-08-15,16.0,4438.11,2023-12-15,1702674000,122.04,0.41837,0.00107,10.02457,-0.76082,5.90339,0.13649,2.0,146.48,27 x 12,101.5,102.8,4590.0,184.3,186.2,14 x 14,176.59,-0.66609,0.00165,8.63458,-0.24366,-5.20673,0.12242,6.0,151.9,0.034
1692129600,2023-08-15 16:00,2023-08-15,16.0,4438.11,2023-12-15,1702674000,122.04,0.40559,0.00109,9.95556,-0.74392,5.73857,0.1342,15.0,102.57,28 x 20,95.9,97.1,4600.0,189.5,190.9,11 x 11,160.48,-0.68748,0.00164,8.31839,-0.22578,-5.04991,0.11978,151.0,161.9,0.036
1692129600,2023-08-15 16:00,2023-08-15,16.0,4438.11,2023-12-15,1702674000,122.04,0.39417,0.00108,9.88431,-0.73331,5.5867,0.13375,32.0,94.25,69 x 20,91.8,93.1,4610.0,195.3,197.3,12 x 12,128.58,-0.70808,0.00174,8.00712,-0.21109,-4.90614,0.11873,2.0,171.9,0.039
1692129600,2023-08-15 16:00,2023-08-15,16.0,4438.11,2023-12-15,1702674000,122.04,0.38243,0.00117,9.79478,-0.71561,5.41731,0.13237,2.0,164.65,29 x 20,86.6,87.8,4620.0,199.5,201.4,12 x 12,131.96,-0.7374,0.00177,7.45934,-0.18321,-4.57469,0.11429,30.0,181.9,0.041
1692129600,2023-08-15 16:00,2023-08-15,16.0,4438.11,2023-12-15,1702674000,122.04,0.3756,0.0011,9.74802,-0.70801,5.33592,0.13145,51.0,98.51,30 x 20,84.3,85.5,4625.0,202.2,204.2,12 x 12,171.66,-0.75192,0.00185,7.18999,-0.17132,-4.418,0.11261,1.0,186.9,0.042
1692129600,2023-08-15 16:00,2023-08-15,16.0,4438.11,2023-12-15,1702674000,122.04,0.37045,0.00108,9.69924,-0.69977,5.25507,0.13162,0.0,91.11,30 x 20,82.2,83.2,4630.0,204.9,206.9,12 x 12,158.85,-0.76638,0.00188,6.87623,-0.15875,-4.22898,0.11124,1.0,191.9,0.043
1692129600,2023-08-15 16:00,2023-08-15,16.0,4438.11,2023-12-15,1702674000,122.04,0.35755,0.00106,9.59311,-0.68444,5.08879,0.13066,2.0,124.17,30 x 20,77.8,78.7,4640.0,210.3,212.3,12 x 12,176.65,-0.80208,0.00196,6.0833,-0.12964,-3.73343,0.10666,8.0,201.9,0.045
1692129600,2023-08-15 16:00,2023-08-15,16.0,4438.11,2023-12-15,1702674000,122.04,0.34665,0.00115,9.48189,-0.66972,4.92899,0.12924,28.0,78.03,30 x 25,73.8,74.8,4650.0,216.0,218.0,10 x 10,209.42,-0.84702,0.00213,4.96384,-0.09539,-3.01069,0.10265,1.0,211.9,0.048
1692129600,2023-08-15 16:00,2023-08-15,16.0,4438.11,2023-12-15,1702674000,122.04,0.33506,0.00108,9.35905,-0.65387,4.76722,0.1283,25.0,73.55,31 x 25,69.8,70.9,4660.0,221.8,223.9,10 x 10,190.49,-0.92039,0.00247,2.82022,-0.04584,-1.59257,0.09453,2.0,221.9,0.05
1692129600,2023-08-15 16:00,2023-08-15,16.0,4438.11,2023-12-29,1703883600,136.04,0.93287,0.00012,3.43736,-0.71501,11.87723,0.27448,1.0,862.47,100 x 100,962.9,972.0,3550.0,21.5,21.9,60 x 70,23.81,-0.06344,0.00015,3.38751,-0.29759,-1.10599,0.27136,4.0,888.1,0.2
1692129600,2023-08-15 16:00,2023-08-15,16.0,4438.11,2023-12-29,1703883600,136.04,0.93146,0.00022,3.49836,-0.72098,11.88743,0.27304,,0.0,100 x 115,953.5,962.8,3560.0,21.8,22.4,60 x 119,17.4,-0.06472,0.00015,3.4408,-0.30076,-1.12789,0.27016,9.0,878.1,0.198
1692129600,2023-08-15 16:00,2023-08-15,16.0,4438.11,2023-12-29,1703883600,136.04,0.93003,0.00018,3.5511,-0.72434,11.90136,0.27114,,0.0,100 x 79,944.6,952.9,3570.0,22.2,22.8,63 x 122,0.0,-0.06602,0.00014,3.49374,-0.30364,-1.14973,0.26875,,868.1,0.196
1692129600,2023-08-15 16:00,2023-08-15,16.0,4438.11,2023-12-29,1703883600,136.04,0.9289,0.0002,3.57384,-0.72592,11.90982,0.2708,0.0,908.07,115 x 115,939.3,948.7,3575.0,22.4,22.9,60 x 51,19.65,-0.06686,0.00018,3.51705,-0.30456,-1.15863,0.26834,16.0,863.1,0.194
1692129600,2023-08-15 16:00,2023-08-15,16.0,4438.11,2023-12-29,1703883600,136.04,0.92857,0.00014,3.59855,-0.72793,11.91693,0.27026,,0.0,115 x 115,934.6,944.0,3580.0,22.6,23.1,58 x 51,23.3,-0.06677,0.00019,3.54305,-0.3056,-1.16923,0.2677,19.0,858.1,0.193
1692129600,2023-08-15 16:00,2023-08-15,16.0,4438.11,2023-12-29,1703883600,136.04,0.92742,0.00015,3.6553,-0.73288,11.92907,0.26884,,0.0,100 x 115,925.3,934.6,3590.0,23.0,23.5,58 x 50,0.0,-0.06851,0.00019,3.59693,-0.30868,-1.19179,0.26618,,848.1,0.191
1692129600,2023-08-15 16:00,2023-08-15,16.0,4438.11,2023-12-29,1703883600,136.04,0.93182,0.00014,3.45677,-0.70346,12.05763,0.25836,0.0,685.47,15 x 15,912.5,921.9,3600.0,23.5,23.9,18 x 17,20.18,-0.07009,0.00022,3.65371,-0.3119,-1.21561,0.26489,8.0,838.1,0.189
1692129600,2023-08-15 16:00,2023-08-15,16.0,4438.11,2023-12-29,1703883600,136.04,0.92502,0.00022,3.76524,-0.7407,11.95384,0.26579,,0.0,15 x 15,906.5,915.9,3610.0,23.8,24.3,65 x 50,19.67,-0.0712,0.0002,3.70439,-0.3138,-1.23639,0.26343,2.0,828.1,0.187
1692129600,2023-08-15 16:00,2023-08-15,16.0,4438.11,2023-12-29,1703883600,136.04,0.92362,0.00018,3.81862,-0.74484,11.96569,0.26437,,0.0,115 x 115,897.1,906.5,3620.0,24.3,24.8,34 x 50,0.0,-0.0727,0.00015,3.76537,-0.31706,-1.26328,0.26145,,818.1,0.184
1692129600,2023-08-15 16:00,2023-08-15,16.0,4438.11,2023-12-29,1703883600,136.04,0.92201,0.00023,3.85337,-0.74743,11.96885,0.26395,0.0,674.58,115 x 115,892.5,901.9,3625.0,24.5,25.0,40 x 50,24.5,-0.07343,0.00018,3.79263,-0.31841,-1.27446,0.26099,61.0,813.1,0.183
1692129600,2023-08-15 16:00,2023-08-15,16.0,4438.11,2023-12-29,1703883600,136.04,0.9214,0.00015,3.87967,-0.74946,11.97508,0.26271,,0.0,115 x 115,887.8,897.2,3630.0,24.7,25.2,46 x 49,0.0,-0.07448,0.00023,3.82017,-0.31898,-1.28632,0.26061,,808.1,0.182
1692129600,2023-08-15 16:00,2023-08-15,16.0,4438.11,2023-12-29,1703883600,136.04,0.92064,0.00023,3.93411,-0.7527,11.98764,0.2615,,0.0,100 x 100,878.5,887.7,3640.0,25.4,25.8,48 x 49,0.0,-0.07645,0.00015,3.89203,-0.32361,-1.31703,0.26001,,798.1,0.18
1692129600,2023-08-15 16:00,2023-08-15,16.0,4438.11,2023-12-29,1703883600,136.04,0.91876,0.00017,3.99498,-0.75681,11.99561,0.26069,0.0,901.95,115 x 115,869.1,878.5,3650.0,25.6,26.1,103 x 60,22.5,-0.07691,0.00024,3.93588,-0.32457,-1.33576,0.25762,8.0,788.1,0.178
1692129600,2023-08-15 16:00,2023-08-15,16.0,4438.11,2023-12-29,1703883600,136.04,0.91654,0.00022,4.05665,-0.76108,12.004,0.25863,,0.0,115 x 115,859.8,869.2,3660.0,26.0,26.7,63 x 98,0.0,-0.0792,0.00017,3.9987,-0.32771,-1.36247,0.25639,,778.1,0.175
1692129600,2023-08-15 16:00,2023-08-15,16.0,4438.11,2023-12-29,1703883600,136.04,0.91555,0.00026,4.11833,-0.76603,12.01189,0.25742,,0.0,15 x 15,850.5,859.9,3670.0,26.7,27.2,54 x 47,22.29,-0.08076,0.00025,4.06759,-0.33099,-1.39246,0.25567,2.0,768.1,0.173
1692129600,2023-08-15 16:00,2023-08-15,16.0,4438.11,2023-12-29,1703883600,136.04,0.91373,0.00023,4.17833,-0.77185,12.00138,0.25797,0.0,819.17,66 x 15,846.8,855.2,3675.0,26.9,27.5,54 x 47,29.98,-0.0816,0.00027,4.09806,-0.33268,-1.40633,0.25416,10.0,763.1,0.172
1692129600,2023-08-15 16:00,2023-08-15,16.0,4438.11,2023-12-29,1703883600,136.04,0.91264,0.00018,4.20602,-0.7733,12.00614,0.25756,,0.0,100 x 115,842.1,850.5,3680.0,27.0,27.6,53 x 47,0.0,-0.08147,0.00023,4.11886,-0.33267,-1.41533,0.25305,,758.1,0.171
1692129600,2023-08-15 16:00,2023-08-15,16.0,4438.11,2023-12-29,1703883600,136.04,0.91134,0.00018,4.26982,-0.77802,12.01228,0.25622,,0.0,100 x 100,832.8,841.3,3690.0,27.5,28.1,52 x 47,0.0,-0.08327,0.00024,4.1818,-0.33603,-1.44269,0.25237,,748.1,0.169
1692129600,2023-08-15 16:00,2023-08-15,16.0,4438.11,2023-12-29,1703883600,136.04,0.90925,0.00022,4.3346,-0.7821,12.01767,0.25499,3.0,899.2,72 x 115,823.6,832.0,3700.0,28.1,28.5,44 x 50,27.5,-0.08537,0.0002,4.24487,-0.33818,-1.4706,0.25075,41.0,738.1,0.166
1692129600,2023-08-15 16:00,2023-08-15,16.0,4438.11,2023-12-29,1703883600,136.04,0.90764,0.00021,4.41537,-0.78811,12.01555,0.25396,,0.0,38 x 115,814.9,822.7,3710.0,28.4,29.0,51 x 46,24.4,-0.0863,0.00028,4.30069,-0.34008,-1.49536,0.24906,2.0,728.1,0.164
1692129600,2023-08-15 16:00,2023-08-15,16.0,4438.11,2023-12-29,1703883600,136.04,0.90742,0.00022,4.41502,-0.78355,12.05406,0.25014,,0.0,4 x 5,804.2,812.8,3720.0,29.0,29.6,51 x 46,0.0,-0.08828,0.00025,4.37051,-0.34317,-1.52696,0.24779,,718.1,0.162
1692129600,2023-08-15 16:00,2023-08-15,16.0,4438.11,2023-12-29,1703883600,136.04,0.90594,0.00028,4.46474,-0.78793,12.04809,0.24982,0.0,768.51,115 x 115,799.5,808.8,3725.0,29.3,29.8,51 x 46,33.7,-0.08907,0.00023,4.40218,-0.34466,-1.54118,0.24704,1.0,713.1,0.161
1692129600,2023-08-15 16:00,2023-08-15,16.0,4438.11,2023-12-29,1703883600,136.04,0.90477,0.00027,4.49908,-0.79059,12.04868,0.24935,,0.0,115 x 115,794.9,804.2,3730.0,29.6,30.1,50 x 46,23.0,-0.09049,0.00021,4.43698,-0.34611,-1.55739,0.24655,73.0,708.1,0.16
1692129600,2023-08-15 16:00,2023-08-15,16.0,4438.11,2023-12-29,1703883600,136.04,0.903,0.00021,4.55911,-0.79365,12.05625,0.24737,,0.0,100 x 100,785.7,794.7,3740.0,30.1,30.7,50 x 44,30.4,-0.09192,0.00029,4.50362,-0.34895,-1.58736,0.24468,1.0,698.1,0.157
1692129600,2023-08-15 16:00,2023-08-15,16.0,4438.11,2023-12-29,1703883600,136.04,0.90156,0.00027,4.63027,-0.79781,12.05753,0.24664,3.0,712.17,115 x 115,776.4,785.7,3750.0,30.8,31.3,46 x 44,29.3,-0.09442,0.00023,4.57623,-0.35279,-1.62138,0.24418,2.0,688.1,0.155
1692129600,2023-08-15 16:00,2023-08-15,16.0,4438.11,2023-12-29,1703883600,136.04,0.89909,0.0003,4.72877,-0.80675,12.04381,0.24589,,0.0,81 x 115,768.2,776.5,3760.0,31.3,31.9,49 x 44,0.0,-0.09624,0.00029,4.64345,-0.35515,-1.65148,0.24202,,678.1,0.153
1692129600,2023-08-15 16:00,2023-08-15,16.0,4438.11,2023-12-29,1703883600,136.04,0.89648,0.0003,4.79815,-0.8106,12.04492,0.24461,,0.0,87 x 115,759.0,767.3,3770.0,32.1,32.7,48 x 43,30.67,-0.09831,0.00029,4.72537,-0.35942,-1.69094,0.24191,1.0,668.1,0.151
1692129600,2023-08-15 16:00,2023-08-15,16.0,4438.11,2023-12-29,1703883600,136.04,0.89677,0.00027,4.80605,-0.80947,12.06031,0.24338,0.0,689.04,100 x 115,753.5,762.7,3775.0,32.1,32.8,48 x 43,31.56,-0.09885,0.00023,4.74532,-0.3592,-1.69945,0.2407,1.0,663.1,0.149
1692129600,2023-08-15 16:00,2023-08-15,16.0,4438.11,2023-12-29,1703883600,136.04,0.89506,0.00025,4.87015,-0.81525,12.04477,0.24387,,0.0,60 x 115,749.9,758.1,3780.0,32.5,33.3,43 x 43,25.8,-0.09999,0.00025,4.78921,-0.36184,-1.72071,0.23962,2.0,658.1,0.148
1692129600,2023-08-15 16:00,2023-08-15,16.0,4438.11,2023-12-29,1703883600,136.04,0.89286,0.00032,4.94188,-0.81865,12.04444,0.24235,0.0,774.27,100 x 100,740.7,749.0,3790.0,33.1,33.8,47 x 43,30.6,-0.10237,0.00029,4.85669,-0.36316,-1.75236,0.23879,5.0,648.1,0.146
1692129600,2023-08-15 16:00,2023-08-15,16.0,4438.11,2023-12-29,1703883600,136.04,0.89072,0.00032,5.01369,-0.82262,12.04292,0.24134,0.0,666.9,100 x 115,731.6,739.8,3800.0,33.9,34.4,36 x 42,28.9,-0.10444,0.00026,4.93331,-0.36726,-1.78835,0.2369,16.0,638.1,0.144
1692129600,2023-08-15 16:00,2023-08-15,16.0,4438.11,2023-12-29,1703883600,136.04,0.88944,0.00029,5.04999,-0.82235,12.06234,0.23789,,0.0,100 x 100,721.5,730.3,3810.0,34.3,35.0,46 x 42,29.7,-0.10646,0.00031,4.99853,-0.36853,-1.81883,0.23532,5.0,628.1,0.142
1692129600,2023-08-15 16:00,2023-08-15,16.0,4438.11,2023-12-29,1703883600,136.04,0.88608,0.00026,5.15588,-0.83015,12.04127,0.23782,,0.0,3 x 3,714.4,720.3,3820.0,34.9,35.9,42 x 42,39.8,-0.10933,0.00031,5.07805,-0.37218,-1.85798,0.23443,20.0,618.1,0.139
1692129600,2023-08-15 16:00,2023-08-15,16.0,4438.11,2023-12-29,1703883600,136.04,0.88456,0.00027,5.19585,-0.83287,12.03783,0.23749,1.0,849.94,38 x 100,708.9,716.8,3825.0,35.3,36.0,46 x 42,34.5,-0.11045,0.00029,5.1108,-0.37209,-1.87346,0.23399,1.0,613.1,0.138
1692129600,2023-08-15 16:00,2023-08-15,16.0,4438.11,2023-12-29,1703883600,136.04,0.88462,0.00032,5.20935,-0.83126,12.05062,0.23584,10.0,845.3,100 x 115,703.3,712.4,3830.0,35.7,36.3,46 x 40,27.26,-0.11093,0.00029,5.14843,-0.37425,-1.89175,0.23256,4.0,608.1,0.137
1692129600,2023-08-15 16:00,2023-08-15,16.0,4438.11,2023-12-29,1703883600,136.04,0.8808,0.00027,5.33507,-0.84221,12.01674,0.2362,5.0,836.04,32 x 115,696.1,703.3,3840.0,36.6,37.3,45 x 40,27.32,-0.11438,0.00035,5.23973,-0.37897,-1.93736,0.23206,1.0,598.1,0.135
1692129600,2023-08-15 16:00,2023-08-15,16.0,4438.11,2023-12-29,1703883600,136.04,0.88007,0.0003,5.34107,-0.83646,12.0527,0.23218,1.0,826.94,116 x 1,685.0,693.6,3850.0,37.2,37.8,50 x 40,32.1,-0.11581,0.00037,5.30818,-0.38004,-1.97019,0.23065,1.0,588.1,0.133
1692129600,2023-08-15 16:00,2023-08-15,16.0,4438.11,2023-12-29,1703883600,136.04,0.87699,0.00036,5.46486,-0.84683,12.01938,0.23235,,0.0,61 x 15,677.1,685.1,3860.0,37.8,38.6,44 x 78,0.0,-0.11883,0.00029,5.38517,-0.38203,-2.00903,0.22931,,578.1,0.13
1692129600,2023-08-15 16:00,2023-08-15,16.0,4438.11,2023-12-29,1703883600,136.04,0.87536,0.00032,5.51444,-0.84733,12.02914,0.23043,,0.0,115 x 115,666.9,676.1,3870.0,38.5,39.2,44 x 39,0.0,-0.1209,0.00037,5.45985,-0.38477,-2.04533,0.22695,,568.1,0.128
1692129600,2023-08-15 16:00,2023-08-15,16.0,4438.11,2023-12-29,1703883600,136.04,0.87379,0.00036,5.55473,-0.84862,12.02436,0.22996,1.0,804.39,115 x 115,662.4,671.6,3875.0,38.9,39.6,43 x 39,36.92,-0.12161,0.00038,5.50098,-0.38614,-2.06607,0.22693,5.0,563.1,0.127
1692129600,2023-08-15 16:00,2023-08-15,16.0,4438.11,2023-12-29,1703883600,136.04,0.87206,0.00034,5.59577,-0.85112,12.01971,0.22944,1.0,701.11,115 x 115,657.9,667.1,3880.0,39.2,39.9,43 x 39,0.0,-0.12305,0.00032,5.5371,-0.38626,-2.08487,0.22591,,558.1,0.126
1692129600,2023-08-15 16:00,2023-08-15,16.0,4438.11,2023-12-29,1703883600,136.04,0.8705,0.0003,5.66284,-0.85696,11.99848,0.22937,,0.0,100 x 115,654.5,662.6,3885.0,39.7,40.3,43 x 37,0.0,-0.12484,0.00037,5.57843,-0.38829,-2.10588,0.22531,,553.1,0.125
1692129600,2023-08-15 16:00,2023-08-15,16.0,4438.11,2023-12-29,1703883600,136.04,0.87089,0.00033,5.65618,-0.85229,12.02232,0.22738,5.0,756.48,115 x 100,648.9,657.3,3890.0,40.1,40.8,43 x 37,52.15,-0.12573,0.00035,5.62471,-0.39015,-2.12968,0.22502,0.0,548.1,0.123
1692129600,2023-08-15 16:00,2023-08-15,16.0,4438.11,2023-12-29,1703883600,136.04,0.86698,0.00031,5.75856,-0.86253,11.98033,0.22823,,0.0,15 x 15,646.1,653.6,3895.0,40.4,41.2,42 x 37,0.0,-0.12741,0.00034,5.66367,-0.39139,-2.14922,0.22444,,543.1,0.122
1692129600,2023-08-15 16:00,2023-08-15,16.0,4438.11,2023-12-29,1703883600,136.04,0.86775,0.00033,5.74015,-0.8567,12.01136,0.22566,0.0,677.04,115 x 100,640.0,648.3,3900.0,41.2,41.9,42 x 37,42.3,-0.12906,0.00034,5.72212,-0.39475,-2.18018,0.22421,20.0,538.1,0.121
1692129600,2023-08-15 16:00,2023-08-15,16.0,4438.11,2023-12-29,1703883600,136.04,0.86408,0.00033,5.83911,-0.86647,11.97008,0.22719,3.0,678.42,37 x 15,637.1,644.6,3905.0,41.2,41.9,42 x 37,0.0,-0.13012,0.00034,5.7435,-0.39372,-2.1899,0.22211,,533.1,0.12
1692129600,2023-08-15 16:00,2023-08-15,16.0,4438.11,2023-12-29,1703883600,136.04,0.86538,0.00036,5.8215,-0.86042,12.0005,0.22449,1.0,664.09,115 x 100,631.0,639.3,3910.0,41.7,42.5,42 x 36,54.6,-0.13138,0.00036,5.79227,-0.39537,-2.21567,0.22237,2.0,528.1,0.119
1692129600,2023-08-15 16:00,2023-08-15,16.0,4438.11,2023-12-29,1703883600,136.04,0.8622,0.00036,5.9098,-0.86861,11.9653,0.22503,2.0,669.56,41 x 15,627.7,635.6,3915.0,41.8,42.7,65 x 36,33.9,-0.13233,0.00039,5.82014,-0.39518,-2.2292,0.22156,20.0,523.1,0.118
1692129600,2023-08-15 16:00,2023-08-15,16.0,4438.11,2023-12-29,1703883600,136.04,0.86174,0.00034,5.92242,-0.86582,11.97683,0.22339,3.0,665.26,115 x 115,622.0,631.1,3920.0,42.5,43.5,36 x 36,35.7,-0.13472,0.00039,5.87801,-0.39877,-2.26087,0.22135,22.0,518.1,0.117
1692129600,2023-08-15 16:00,2023-08-15,16.0,4438.11,2023-12-29,1703883600,136.04,0.86089,0.00034,5.94897,-0.8658,11.98013,0.222,9.0,660.43,115 x 100,617.6,625.9,3925.0,42.9,43.7,41 x 36,41.08,-0.13569,0.00035,5.91503,-0.39916,-2.27949,0.22051,1.0,513.1,0.116
1692129600,2023-08-15 16:00,2023-08-15,16.0,4438.11,2023-12-29,1703883600,136.04,0.85921,0.00036,6.00877,-0.87014,11.96171,0.22225,,0.0,115 x 115,613.1,622.2,3930.0,43.3,44.1,41 x 36,0.0,-0.13697,0.00041,5.95614,-0.39998,-2.30132,0.21888,,508.1,0.114
1692129600,2023-08-15 16:00,2023-08-15,16.0,4438.11,2023-12-29,1703883600,136.04,0.85756,0.00035,6.05158,-0.87222,11.95443,0.22162,,0.0,115 x 115,608.7,617.7,3935.0,43.8,44.6,41 x 35,32.91,-0.1386,0.00042,6.00209,-0.40179,-2.32564,0.2188,2.0,503.1,0.113
1692129600,2023-08-15 16:00,2023-08-15,16.0,4438.11,2023-12-29,1703883600,136.04,0.85547,0.00034,6.1188,-0.87795,11.93043,0.22217,,0.0,100 x 115,605.3,613.3,3940.0,44.2,45.1,40 x 71,35.92,-0.14041,0.00042,6.04624,-0.40312,-2.34955,0.21773,2.0,498.1,0.112
1692129600,2023-08-15 16:00,2023-08-15,16.0,4438.11,2023-12-29,1703883600,136.04,0.85396,0.00038,6.13709,-0.87604,11.93923,0.22097,,0.0,15 x 15,599.8,608.8,3945.0,44.7,45.5,40 x 35,41.7,-0.14203,0.00034,6.08985,-0.40366,-2.37232,0.21775,10.0,493.1,0.111
1692129600,2023-08-15 16:00,2023-08-15,16.0,4438.11,2023-12-29,1703883600,136.04,0.8539,0.00034,6.16212,-0.87499,11.94246,0.21952,27.0,710.93,115 x 100,595.3,603.6,3950.0,45.2,46.2,35 x 35,42.4,-0.14307,0.00038,6.14169,-0.40689,-2.40164,0.21696,10.0,488.1,0.11
1692129600,2023-08-15 16:00,2023-08-15,16.0,4438.11,2023-12-29,1703883600,136.04,0.85182,0.00036,6.22047,-0.87931,11.92469,0.21913,,0.0,15 x 100,590.9,599.8,3955.0,45.6,46.4,40 x 35,0.0,-0.14427,0.00038,6.17869,-0.40617,-2.42033,0.21626,,483.1,0.109
1692129600,2023-08-15 16:00,2023-08-15,16.0,4438.11,2023-12-29,1703883600,136.04,0.84961,0.00044,6.26748,-0.88166,11.9134,0.21859,1.0,699.47,15 x 15,586.5,595.5,3960.0,46.4,47.1,40 x 33,36.76,-0.14704,0.00045,6.23581,-0.41004,-2.45237,0.21622,2.0,478.1,0.108
1692129600,2023-08-15 16:00,2023-08-15,16.0,4438.11,2023-12-29,1703883600,136.04,0.8482,0.00037,6.31263,-0.8833,11.90349,0.21806,,0.0,100 x 100,582.9,590.3,3965.0,46.5,47.3,39 x 33,37.6,-0.14743,0.00037,6.2658,-0.40901,-2.46857,0.21528,15.0,473.1,0.107
1692129600,2023-08-15 16:00,2023-08-15,16.0,4438.11,2023-12-29,1703883600,136.04,0.84628,0.00042,6.37432,-0.88721,11.88198,0.2176,,0.0,100 x 115,578.5,586.7,3970.0,47.3,48.1,39 x 33,44.9,-0.15012,0.00042,6.3254,-0.41227,-2.50177,0.21448,20.0,468.1,0.105
1692129600,2023-08-15 16:00,2023-08-15,16.0,4438.11,2023-12-29,1703883600,136.04,0.84491,0.00037,6.40019,-0.88702,11.88418,0.21696,2.0,691.37,115 x 115,573.3,582.2,3975.0,47.8,48.6,39 x 33,44.96,-0.15132,0.00039,6.37062,-0.41365,-2.52703,0.21441,2.0,463.1,0.104
1692129600,2023-08-15 16:00,2023-08-15,16.0,4438.11,2023-12-29,1703883600,136.04,0.84346,0.00044,6.44465,-0.88812,11.87451,0.21637,1.0,630.08,115 x 115,568.9,577.8,3980.0,48.3,49.0,39 x 32,32.7,-0.15281,0.00037,6.41418,-0.41393,-2.55076,0.21328,1.0,458.1,0.103
1692129600,2023-08-15 16:00,2023-08-15,16.0,4438.11,2023-12-29,1703883600,136.04,0.84061,0.0004,6.52065,-0.89501,11.84212,0.21626,6.0,671.7,60 x 115,566.0,573.4,3985.0,48.5,49.5,32 x 32,39.2,-0.15478,0.00046,6.45326,-0.4144,-2.57125,0.21211,3.0,453.1,0.102
1692129600,2023-08-15 16:00,2023-08-15,16.0,4438.11,2023-12-29,1703883600,136.04,0.84049,0.00036,6.53433,-0.89176,11.85303,0.21489,2.0,593.16,115 x 115,560.1,569.0,3990.0,49.0,50.0,32 x 32,47.8,-0.15584,0.00041,6.49922,-0.41549,-2.59768,0.21219,20.0,448.1,0.101
1692129600,2023-08-15 16:00,2023-08-15,16.0,4438.11,2023-12-29,1703883600,136.04,0.83927,0.00038,6.57347,-0.89287,11.84674,0.2142,6.0,592.58,100 x 1,555.8,564.2,3995.0,49.5,50.5,32 x 32,39.9,-0.1578,0.00046,6.54291,-0.41605,-2.62164,0.2111,6.0,443.1,0.1
1692129600,2023-08-15 16:00,2023-08-15,16.0,4438.11,2023-12-29,1703883600,136.04,0.83693,0.00046,6.62386,-0.89557,11.83144,0.21324,8.0,594.64,115 x 115,551.3,560.2,4000.0,50.2,50.6,30 x 33,42.35,-0.15973,0.00047,6.58532,-0.41684,-2.64487,0.21062,10.0,438.1,0.099
1692129600,2023-08-15 16:00,2023-08-15,16.0,4438.11,2023-12-29,1703883600,136.04,0.83505,0.00039,6.66245,-0.89583,11.82439,0.21244,,0.0,1 x 1,547.5,554.9,4005.0,50.5,51.6,32 x 32,52.04,-0.16115,0.0004,6.63669,-0.41874,-2.67454,0.20972,2.0,433.1,0.098
1692129600,2023-08-15 16:00,2023-08-15,16.0,4438.11,2023-12-29,1703883600,136.04,0.83207,0.00039,6.74575,-0.9031,11.78488,0.21286,13.0,640.33,115 x 15,544.1,551.5,4010.0,51.3,52.1,37 x 30,53.9,-0.16297,0.0004,6.68814,-0.42046,-2.70456,0.20919,1.0,428.1,0.096
1692129600,2023-08-15 16:00,2023-08-15,16.0,4438.11,2023-12-29,1703883600,136.04,0.83143,0.00039,6.77421,-0.9017,11.78453,0.21194,,0.0,46 x 1,539.3,546.7,4015.0,51.9,52.6,37 x 30,0.0,-0.16518,0.00042,6.73566,-0.42181,-2.73113,0.209,,423.1,0.095
1692129600,2023-08-15 16:00,2023-08-15,16.0,4438.11,2023-12-29,1703883600,136.04,0.82952,0.00048,6.81866,-0.90382,11.77335,0.21093,1.0,643.36,100 x 100,534.9,542.3,4020.0,51.9,52.7,37 x 30,0.0,-0.16637,0.00048,6.76291,-0.42051,-2.74545,0.20721,,418.1,0.094
1692129600,2023-08-15 16:00,2023-08-15,16.0,4438.11,2023-12-29,1703883600,136.04,0.82734,0.00042,6.86916,-0.90607,11.7569,0.21011,1.0,576.67,40 x 1,530.6,538.1,4025.0,52.9,53.7,37 x 30,53.17,-0.16887,0.00049,6.82834,-0.42339,-2.78529,0.20772,36.0,413.1,0.093
1692129600,2023-08-15 16:00,2023-08-15,16.0,4438.11,2023-12-29,1703883600,136.04,0.8258,0.00043,6.91735,-0.90781,11.74272,0.20964,2.0,654.64,3 x 3,527.3,532.8,4030.0,53.1,54.0,36 x 30,40.17,-0.17063,0.00049,6.86358,-0.42314,-2.80408,0.20643,1.0,408.1,0.092
1692129600,2023-08-15 16:00,2023-08-15,16.0,4438.11,2023-12-29,1703883600,136.04,0.82506,0.00046,6.94627,-0.90649,11.74101,0.20869,3.0,658.07,100 x 100,521.0,529.5,4035.0,53.7,54.8,30 x 30,68.41,-0.17225,0.00043,6.91718,-0.42454,-2.83613,0.2056,2.0,403.1,0.091
1692129600,2023-08-15 16:00,2023-08-15,16.0,4438.11,2023-12-29,1703883600,136.04,0.82181,0.00044,7.01419,-0.91081,11.7109,0.20849,2.0,644.98,31 x 115,517.6,525.4,4040.0,54.2,55.1,37 x 30,47.47,-0.17353,0.00049,6.95849,-0.42458,-2.85965,0.2048,2.0,398.1,0.09
1692129600,2023-08-15 16:00,2023-08-15,16.0,4438.11,2023-12-29,1703883600,136.04,0.82114,0.00042,7.03718,-0.90872,11.7152,0.20729,6.0,648.72,100 x 1,512.3,520.7,4045.0,54.8,55.7,36 x 29,46.26,-0.17596,0.00046,7.00802,-0.42587,-2.88897,0.20392,9.0,393.1,0.089
1692129600,2023-08-15 16:00,2023-08-15,16.0,4438.11,2023-12-29,1703883600,136.04,0.81842,0.00048,7.10605,-0.91432,11.68285,0.20721,4.0,644.52,52 x 15,508.9,516.7,4050.0,55.6,56.2,26 x 29,47.79,-0.17823,0.00049,7.0587,-0.42745,-2.91966,0.20388,9.0,388.1,0.087
1692129600,2023-08-15 16:00,2023-08-15,16.0,4438.11,2023-12-29,1703883600,136.04,0.81666,0.00052,7.15146,-0.91512,11.66909,0.20676,,0.0,3 x 3,505.7,511.2,4055.0,55.8,56.6,36 x 29,46.93,-0.17974,0.00052,7.09646,-0.42673,-2.94091,0.20273,2.0,383.1,0.086
1692129600,2023-08-15 16:00,2023-08-15,16.0,4438.11,2023-12-29,1703883600,136.04,0.815,0.00047,7.18375,-0.91404,11.66532,0.20512,,0.0,115 x 115,499.3,508.1,4060.0,56.5,57.4,36 x 29,57.12,-0.18175,0.00048,7.15082,-0.42903,-2.97339,0.20207,10.0,378.1,0.085
1692129600,2023-08-15 16:00,2023-08-15,16.0,4438.11,2023-12-29,1703883600,136.04,0.81306,0.00051,7.22437,-0.91489,11.65399,0.20418,,0.0,115 x 1,495.0,503.4,4065.0,57.1,58.0,36 x 29,50.51,-0.18404,0.00054,7.1993,-0.42956,-3.00269,0.20134,2.0,373.1,0.084
1692129600,2023-08-15 16:00,2023-08-15,16.0,4438.11,2023-12-29,1703883600,136.04,0.80941,0.00052,7.31126,-0.922,11.60635,0.2058,1.0,566.77,101 x 15,492.7,499.5,4070.0,57.7,58.6,36 x 29,0.0,-0.18576,0.00048,7.24793,-0.43082,-3.03257,0.20048,,368.1,0.083
1692129600,2023-08-15 16:00,2023-08-15,16.0,4438.11,2023-12-29,1703883600,136.04,0.80915,0.00046,7.32431,-0.91773,11.61761,0.20331,32.0,535.99,100 x 2,486.6,494.9,4075.0,58.7,59.6,35 x 28,50.28,-0.18883,0.00056,7.31007,-0.43326,-3.07219,0.20029,7.0,363.1,0.082
1692129600,2023-08-15 16:00,2023-08-15,16.0,4438.11,2023-12-29,1703883600,136.04,0.80792,0.00053,7.36782,-0.91895,11.60332,0.20237,32.0,529.65,1 x 1,482.8,489.9,4080.0,59.0,60.2,28 x 28,45.36,-0.19066,0.00054,7.35362,-0.43371,-3.09826,0.20001,4.0,358.1,0.081
1692129600,2023-08-15 16:00,2023-08-15,16.0,4438.11,2023-12-29,1703883600,136.04,0.80594,0.00051,7.41477,-0.91959,11.58597,0.20179,,0.0,100 x 100,478.0,486.1,4085.0,59.5,60.4,34 x 28,50.3,-0.19179,0.00047,7.39333,-0.43323,-3.12159,0.19928,6.0,353.1,0.08
1692129600,2023-08-15 16:00,2023-08-15,16.0,4438.11,2023-12-29,1703883600,136.04,0.80332,0.00047,7.4714,-0.9225,11.56105,0.20124,1.0,543.87,15 x 15,473.7,482.4,4090.0,60.4,61.5,28 x 28,43.5,-0.19476,0.00051,7.45395,-0.43575,-3.16033,0.1987,16.0,348.1,0.078
1692129600,2023-08-15 16:00,2023-08-15,16.0,4438.11,2023-12-29,1703883600,136.04,0.80121,0.00053,7.52153,-0.92378,11.54186,0.20141,1.0,603.73,100 x 115,469.6,478.1,4095.0,60.8,61.7,35 x 28,44.7,-0.19653,0.00055,7.49222,-0.43432,-3.18273,0.19764,2.0,343.1,0.077
1692129600,2023-08-15 16:00,2023-08-15,16.0,4438.11,2023-12-29,1703883600,136.04,0.79908,0.00053,7.55975,-0.92312,11.53121,0.19997,1.0,590.13,100 x 100,465.3,473.2,4100.0,61.7,62.8,26 x 26,58.58,-0.19925,0.00048,7.55303,-0.43669,-3.22256,0.1975,4.0,338.1,0.076
1692129600,2023-08-15 16:00,2023-08-15,16.0,4438.11,2023-12-29,1703883600,136.04,0.79543,0.00056,7.64032,-0.93019,11.48378,0.20042,1.0,573.81,115 x 15,462.5,469.7,4105.0,62.1,63.1,34 x 26,54.97,-0.20096,0.00053,7.59338,-0.4363,-3.24606,0.19642,9.0,333.1,0.075
1692129600,2023-08-15 16:00,2023-08-15,16.0,4438.11,2023-12-29,1703883600,136.04,0.79476,0.00053,7.65546,-0.92614,11.49318,0.19864,1.0,566.42,115 x 100,456.8,464.7,4110.0,62.8,63.9,34 x 30,55.47,-0.20313,0.00056,7.64535,-0.43678,-3.28024,0.19569,9.0,328.1,0.074
1692129600,2023-08-15 16:00,2023-08-15,16.0,4438.11,2023-12-29,1703883600,136.04,0.79211,0.00051,7.71282,-0.92837,11.46564,0.19819,,0.0,15 x 100,452.6,461.0,4115.0,63.6,64.8,26 x 26,59.68,-0.20559,0.00051,7.70093,-0.43872,-3.31538,0.19554,18.0,323.1,0.073
1692129600,2023-08-15 16:00,2023-08-15,16.0,4438.11,2023-12-29,1703883600,136.04,0.79024,0.00057,7.76152,-0.92912,11.44444,0.19752,2.0,580.11,100 x 100,448.5,456.7,4120.0,64.1,65.2,58 x 56,68.67,-0.20803,0.00054,7.74349,-0.43811,-3.3422,0.194,1.0,318.1,0.072
1692129600,2023-08-15 16:00,2023-08-15,16.0,4438.11,2023-12-29,1703883600,136.04,0.78687,0.00056,7.82947,-0.93329,11.40676,0.19783,50.0,433.66,50 x 100,445.6,452.5,4125.0,64.8,65.8,34 x 26,62.18,-0.21005,0.00052,7.79193,-0.43868,-3.37384,0.19403,18.0,313.1,0.071
1692129600,2023-08-15 16:00,2023-08-15,16.0,4438.11,2023-12-29,1703883600,136.04,0.78571,0.0005,7.87243,-0.93335,11.39033,0.19667,,0.0,57 x 42,441.4,447.9,4130.0,65.5,66.5,33 x 25,63.6,-0.21234,0.00055,7.84206,-0.43911,-3.40617,0.19314,9.0,308.1,0.069
1692129600,2023-08-15 16:00,2023-08-15,16.0,4438.11,2023-12-29,1703883600,136.04,0.78295,0.00054,7.91116,-0.9332,11.37786,0.19569,,0.0,1 x 118,435.9,444.3,4135.0,66.4,67.6,25 x 25,61.92,-0.21474,0.00055,7.90125,-0.44174,-3.44572,0.19231,9.0,303.1,0.068
1692129600,2023-08-15 16:00,2023-08-15,16.0,4438.11,2023-12-29,1703883600,136.04,0.78135,0.00058,7.95381,-0.93325,11.36162,0.19454,,0.0,100 x 100,431.7,439.6,4140.0,66.9,67.9,33 x 25,63.1,-0.21653,0.00061,7.94221,-0.44024,-3.47127,0.19173,14.0,298.1,0.067
1692129600,2023-08-15 16:00,2023-08-15,16.0,4438.11,2023-12-29,1703883600,136.04,0.77863,0.00055,8.01005,-0.93484,11.33239,0.19425,2.0,557.83,100 x 100,428.2,435.3,4145.0,67.7,68.6,33 x 25,64.05,-0.21986,0.00062,7.99294,-0.44042,-3.50561,0.1908,9.0,293.1,0.066
1692129600,2023-08-15 16:00,2023-08-15,16.0,4438.11,2023-12-29,1703883600,136.04,0.77624,0.00058,8.05784,-0.93601,11.30892,0.19392,1.0,508.12,100 x 15,423.4,431.8,4150.0,68.8,69.4,31 x 25,66.15,-0.22185,0.00057,8.04933,-0.44227,-3.54319,0.19084,33.0,288.1,0.065
1692129600,2023-08-15 16:00,2023-08-15,16.0,4438.11,2023-12-29,1703883600,136.04,0.774,0.00056,8.10859,-0.93688,11.28418,0.19344,1.0,531.68,100 x 100,419.9,427.0,4155.0,69.1,70.0,33 x 20,64.44,-0.22429,0.00062,8.09101,-0.44114,-3.57101,0.18947,3.0,283.1,0.064
1692129600,2023-08-15 16:00,2023-08-15,16.0,4438.11,2023-12-29,1703883600,136.04,0.77164,0.00055,8.15484,-0.93704,11.26233,0.19253,,0.0,100 x 100,415.2,423.3,4160.0,70.3,70.7,31 x 19,60.69,-0.22685,0.00064,8.14688,-0.4426,-3.60931,0.18899,30.0,278.1,0.063
1692129600,2023-08-15 16:00,2023-08-15,16.0,4438.11,2023-12-29,1703883600,136.04,0.76887,0.00055,8.20596,-0.93828,11.2356,0.19212,,0.0,100 x 15,411.0,419.4,4165.0,70.7,71.5,32 x 19,61.29,-0.22996,0.00058,8.19323,-0.44199,-3.64005,0.18824,9.0,273.1,0.062
1692129600,2023-08-15 16:00,2023-08-15,16.0,4438.11,2023-12-29,1703883600,136.04,0.76644,0.00062,8.2535,-0.93894,11.21244,0.19136,1.0,523.67,115 x 115,406.8,415.2,4170.0,71.3,72.1,32 x 19,57.61,-0.23212,0.00063,8.23891,-0.44213,-3.67039,0.18724,1.0,268.1,0.06
1692129600,2023-08-15 16:00,2023-08-15,16.0,4438.11,2023-12-29,1703883600,136.04,0.76402,0.00057,8.30475,-0.94015,11.18439,0.19075,0.0,382.58,15 x 15,402.7,411.1,4175.0,72.6,73.1,33 x 19,74.77,-0.23474,0.00066,8.29807,-0.44417,-3.71295,0.18673,10.0,263.1,0.059
1692129600,2023-08-15 16:00,2023-08-15,16.0,4438.11,2023-12-29,1703883600,136.04,0.76172,0.00061,8.35399,-0.94059,11.15744,0.18991,,0.0,115 x 115,398.6,407.0,4180.0,73.5,74.7,32 x 28,52.35,-0.23847,0.00061,8.35944,-0.44601,-3.75784,0.18733,9.0,258.1,0.058
1692129600,2023-08-15 16:00,2023-08-15,16.0,4438.11,2023-12-29,1703883600,136.04,0.75958,0.00059,8.40053,-0.94077,11.13488,0.18878,1.0,434.29,100 x 100,394.7,402.4,4185.0,73.8,75.0,32 x 28,0.0,-0.24005,0.00064,8.39818,-0.44397,-3.78284,0.18614,,253.1,0.057
1692129600,2023-08-15 16:00,2023-08-15,16.0,4438.11,2023-12-29,1703883600,136.04,0.75639,0.00058,8.4526,-0.94176,11.10378,0.18897,1.0,457.37,115 x 115,390.5,398.8,4190.0,74.6,75.5,31 x 17,56.15,-0.24306,0.00069,8.44474,-0.44349,-3.81439,0.18477,1.0,248.1,0.056
1692129600,2023-08-15 16:00,2023-08-15,16.0,4438.11,2023-12-29,1703883600,136.04,0.75442,0.00061,8.50142,-0.94276,11.07544,0.18766,2.0,508.86,100 x 15,386.5,394.7,4195.0,75.4,76.3,31 x 17,0.0,-0.24524,0.00063,8.49419,-0.44383,-3.84911,0.18393,,243.1,0.055
1692129600,2023-08-15 16:00,2023-08-15,16.0,4438.11,2023-12-29,1703883600,136.04,0.75343,0.00065,8.52081,-0.93688,11.07926,0.1858,2.0,464.19,115 x 18,382.4,387.8,4200.0,76.7,77.2,33 x 17,78.87,-0.24851,0.00068,8.55017,-0.44555,-3.89069,0.18359,11.0,238.1,0.054
1692129600,2023-08-15 16:00,2023-08-15,16.0,4438.11,2023-12-29,1703883600,136.04,0.75091,0.00061,8.57004,-0.93667,11.051,0.18476,1.0,467.73,115 x 18,378.3,383.7,4205.0,77.1,78.0,31 x 17,0.0,-0.25113,0.00069,8.59522,-0.44386,-3.92183,0.18311,,233.1,0.053
1692129600,2023-08-15 16:00,2023-08-15,16.0,4438.11,2023-12-29,1703883600,136.04,0.74775,0.0006,8.62046,-0.93804,11.02084,0.18492,85.0,383.4,115 x 18,374.3,379.7,4210.0,78.5,79.7,31 x 27,0.0,-0.25443,0.00064,8.65867,-0.44747,-3.97204,0.18353,,228.1,0.051
1692129600,2023-08-15 16:00,2023-08-15,16.0,4438.11,2023-12-29,1703883600,136.04,0.74354,0.0006,8.69756,-0.94452,10.95952,0.18534,,0.0,18 x 18,373.0,375.7,4215.0,79.4,80.6,31 x 27,56.14,-0.25755,0.0007,8.70863,-0.447,-4.00962,0.18203,8.0,223.1,0.05
1692129600,2023-08-15 16:00,2023-08-15,16.0,4438.11,2023-12-29,1703883600,136.04,0.7408,0.00067,8.74512,-0.94409,10.93016,0.18444,2.0,468.33,18 x 18,369.0,371.6,4220.0,79.7,80.5,31 x 16,80.84,-0.26003,0.00069,8.7432,-0.44377,-4.03039,0.1807,13.0,218.1,0.049
1692129600,2023-08-15 16:00,2023-08-15,16.0,4438.11,2023-12-29,1703883600,136.04,0.73794,0.00061,8.79458,-0.94431,10.89856,0.18429,0.0,342.15,18 x 18,365.0,367.6,4225.0,80.6,81.4,30 x 16,69.54,-0.26308,0.00073,8.79251,-0.44397,-4.06729,0.18025,1.0,213.1,0.048
1692129600,2023-08-15 16:00,2023-08-15,16.0,4438.11,2023-12-29,1703883600,136.04,0.73528,0.00066,8.84332,-0.94531,10.86695,0.18316,1.0,455.19,18 x 18,361.0,363.6,4230.0,81.5,82.3,30 x 16,73.25,-0.26565,0.00067,8.84192,-0.44417,-4.10491,0.17912,1.0,208.1,0.047
1692129600,2023-08-15 16:00,2023-08-15,16.0,4438.11,2023-12-29,1703883600,136.04,0.73187,0.00061,8.89147,-0.94495,10.83475,0.18309,,0.0,18 x 18,357.0,359.6,4235.0,82.2,83.0,30 x 16,102.51,-0.26845,0.00074,8.88784,-0.44316,-4.13705,0.17856,0.0,203.1,0.046
1692129600,2023-08-15 16:00,2023-08-15,16.0,4438.11,2023-12-29,1703883600,136.04,0.72951,0.00067,8.94138,-0.946,10.80015,0.18226,2.0,440.72,18 x 18,353.1,355.7,4240.0,83.3,84.1,30 x 16,61.95,-0.27205,0.00074,8.9398,-0.4431,-4.17801,0.17783,2.0,198.1,0.045
1692129600,2023-08-15 16:00,2023-08-15,16.0,4438.11,2023-12-29,1703883600,136.04,0.72655,0.00069,8.98887,-0.94545,10.76746,0.18176,15.0,372.37,18 x 18,349.1,351.7,4245.0,84.2,85.2,30 x 15,72.07,-0.27568,0.00075,8.98924,-0.4434,-4.21685,0.17807,3.0,193.1,0.044
1692129600,2023-08-15 16:00,2023-08-15,16.0,4438.11,2023-12-29,1703883600,136.04,0.72377,0.00071,9.03808,-0.94551,10.73237,0.18153,2.0,380.06,18 x 18,345.2,347.8,4250.0,85.6,86.0,22 x 15,73.9,-0.27874,0.0007,9.04056,-0.44369,-4.25768,0.17694,250.0,188.1,0.042
1692129600,2023-08-15 16:00,2023-08-15,16.0,4438.11,2023-12-29,1703883600,136.04,0.72027,0.00068,9.08462,-0.9452,10.69854,0.18043,,0.0,18 x 18,341.2,343.8,4255.0,86.1,87.0,30 x 15,0.0,-0.28116,0.00075,9.08505,-0.44215,-4.29128,0.17634,,183.1,0.041
1692129600,2023-08-15 16:00,2023-08-15,16.0,4438.11,2023-12-29,1703883600,136.04,0.71756,0.00073,9.13319,-0.94517,10.6633,0.17969,11.0,365.86,18 x 18,337.3,339.9,4260.0,87.1,87.9,29 x 15,85.0,-0.28534,0.00075,9.13299,-0.44208,-4.32901,0.17565,1.0,178.1,0.04
1692129600,2023-08-15 16:00,2023-08-15,16.0,4438.11,2023-12-29,1703883600,136.04,0.71431,0.0007,9.18107,-0.94578,10.62676,0.17872,2.0,362.74,18 x 18,333.4,336.0,4265.0,88.1,88.9,29 x 15,0.0,-0.28803,0.00079,9.18009,-0.44203,-4.36762,0.17524,,173.1,0.039
1692129600,2023-08-15 16:00,2023-08-15,16.0,4438.11,2023-12-29,1703883600,136.04,0.7118,0.00066,9.22756,-0.9459,10.59075,0.17803,1.0,373.66,18 x 18,329.5,332.1,4270.0,89.0,89.9,29 x 15,92.68,-0.2916,0.00078,9.22735,-0.44083,-4.40466,0.17458,12.0,168.1,0.038
1692129600,2023-08-15 16:00,2023-08-15,16.0,4438.11,2023-12-29,1703883600,136.04,0.70871,0.00071,9.27444,-0.94492,10.55345,0.17741,6.0,352.37,18 x 18,325.6,328.2,4275.0,90.0,91.0,29 x 14,92.28,-0.29487,0.00076,9.27444,-0.44089,-4.44392,0.17336,1.0,163.1,0.037
1692129600,2023-08-15 16:00,2023-08-15,16.0,4438.11,2023-12-29,1703883600,136.04,0.70506,0.00075,9.32143,-0.94521,10.51625,0.17704,16.0,345.31,18 x 18,321.7,324.3,4280.0,91.0,91.9,29 x 14,76.82,-0.29823,0.00081,9.3197,-0.44009,-4.48166,0.17289,1.0,158.1,0.036
1692129600,2023-08-15 16:00,2023-08-15,16.0,4438.11,2023-12-29,1703883600,136.04,0.70151,0.00067,9.3666,-0.94462,10.47931,0.17647,2.0,343.47,18 x 18,317.8,320.4,4285.0,92.1,93.4,29 x 25,0.0,-0.30161,0.00076,9.37007,-0.43977,-4.52417,0.17242,,153.1,0.035
1692129600,2023-08-15 16:00,2023-08-15,16.0,4438.11,2023-12-29,1703883600,136.04,0.69838,0.00069,9.41277,-0.94401,10.43991,0.17597,14.0,338.34,18 x 18,314.0,316.5,4290.0,93.1,94.0,29 x 14,86.96,-0.30522,0.0008,9.41207,-0.43812,-4.55883,0.17175,2.0,148.1,0.033
1692129600,2023-08-15 16:00,2023-08-15,16.0,4438.11,2023-12-29,1703883600,136.04,0.69406,0.00069,9.47273,-0.94751,10.37964,0.17627,12.0,333.94,18 x 100,310.0,315.2,4295.0,94.2,95.1,29 x 14,69.42,-0.3093,0.00077,9.45775,-0.43832,-4.59824,0.17113,6.0,143.1,0.032
1692129600,2023-08-15 16:00,2023-08-15,16.0,4438.11,2023-12-29,1703883600,136.04,0.69199,0.0007,9.50354,-0.94234,10.36168,0.17433,1.0,326.8,18 x 18,306.2,308.9,4300.0,95.2,96.2,28 x 39,97.53,-0.31218,0.00083,9.50183,-0.43715,-4.6359,0.16999,1.0,138.1,0.031
1692129600,2023-08-15 16:00,2023-08-15,16.0,4438.11,2023-12-29,1703883600,136.04,0.68898,0.00078,9.54932,-0.9427,10.32059,0.17398,1.0,307.19,18 x 18,302.5,305.0,4305.0,96.3,97.3,28 x 13,0.0,-0.31628,0.00086,9.54706,-0.43591,-4.67481,0.16905,,133.1,0.03
1692129600,2023-08-15 16:00,2023-08-15,16.0,4438.11,2023-12-29,1703883600,136.04,0.68623,0.00074,9.58332,-0.93781,10.29556,0.17262,1.0,305.09,102 x 18,296.8,301.2,4310.0,97.4,98.3,28 x 13,71.84,-0.31947,0.00084,9.58928,-0.43465,-4.71253,0.16881,1.0,128.1,0.029
1692129600,2023-08-15 16:00,2023-08-15,16.0,4438.11,2023-12-29,1703883600,136.04,0.68316,0.00081,9.62528,-0.93611,10.25837,0.17162,2.0,320.52,115 x 18,292.4,297.4,4315.0,98.5,99.4,28 x 13,0.0,-0.32395,0.00088,9.63287,-0.43424,-4.75135,0.1679,,123.1,0.028
1692129600,2023-08-15 16:00,2023-08-15,16.0,4438.11,2023-12-29,1703883600,136.04,0.67985,0.00073,9.67051,-0.93585,10.21434,0.17091,1.0,315.94,115 x 18,288.7,293.7,4320.0,99.6,100.6,28 x 13,81.17,-0.32702,0.00085,9.67503,-0.43246,-4.78994,0.16771,3.0,118.1,0.027
1692129600,2023-08-15 16:00,2023-08-15,16.0,4438.11,2023-12-29,1703883600,136.04,0.67582,0.00077,9.71379,-0.93467,10.17166,0.17023,2.0,310.6,115 x 18,284.9,289.9,4325.0,101.1,101.7,33 x 13,85.0,-0.33096,0.0009,9.71871,-0.43196,-4.83123,0.16666,1.0,113.1,0.025
1692129600,2023-08-15 16:00,2023-08-15,16.0,4438.11,2023-12-29,1703883600,136.04,0.67287,0.00082,9.75756,-0.93342,10.12664,0.16903,1.0,302.36,115 x 18,281.2,286.2,4330.0,101.9,102.8,28 x 12,93.28,-0.33509,0.00082,9.75758,-0.4307,-4.86591,0.16599,1.0,108.1,0.024
1692129600,2023-08-15 16:00,2023-08-15,16.0,4438.11,2023-12-29,1703883600,136.04,0.66923,0.00075,9.80064,-0.9324,10.08208,0.16865,1.0,301.86,115 x 18,277.5,282.4,4335.0,103.1,104.0,28 x 12,82.62,-0.33934,0.00089,9.79894,-0.42942,-4.90471,0.16555,2.0,103.1,0.023
1692129600,2023-08-15 16:00,2023-08-15,16.0,4438.11,2023-12-29,1703883600,136.04,0.66498,0.00078,9.85221,-0.93536,10.01875,0.16918,1.0,300.81,4 x 4,276.7,278.0,4340.0,104.3,105.2,28 x 12,106.93,-0.34305,0.00084,9.83818,-0.42838,-4.94364,0.16491,4.0,98.1,0.022
1692129600,2023-08-15 16:00,2023-08-15,16.0,4438.11,2023-12-29,1703883600,136.04,0.66109,0.00081,9.89356,-0.93438,9.97274,0.16855,6.0,294.11,4 x 4,273.0,274.3,4345.0,105.5,106.5,28 x 12,90.47,-0.34697,0.00094,9.87791,-0.4263,-4.98224,0.1635,3.0,93.1,0.021
1692129600,2023-08-15 16:00,2023-08-15,16.0,4438.11,2023-12-29,1703883600,136.04,0.65717,0.00081,9.93451,-0.93364,9.92575,0.16763,2.0,288.69,5 x 5,269.4,270.6,4350.0,107.0,107.6,31 x 12,93.13,-0.35194,0.00086,9.91673,-0.42572,-5.0215,0.16307,3.0,88.1,0.02
1692129600,2023-08-15 16:00,2023-08-15,16.0,4438.11,2023-12-29,1703883600,136.04,0.65407,0.00082,9.97454,-0.93174,9.87893,0.16777,2.0,284.0,5 x 5,265.7,266.9,4355.0,107.9,108.9,27 x 12,98.35,-0.35563,0.00086,9.95216,-0.42326,-5.05725,0.16226,2.0,83.1,0.019
1692129600,2023-08-15 16:00,2023-08-15,16.0,4438.11,2023-12-29,1703883600,136.04,0.65098,0.00083,10.00565,-0.92538,9.85108,0.16496,1.0,297.63,15 x 5,259.1,263.4,4360.0,109.1,110.1,27 x 12,75.39,-0.35971,0.00093,9.98877,-0.42128,-5.09369,0.16165,5.0,78.1,0.018
1692129600,2023-08-15 16:00,2023-08-15,16.0,4438.11,2023-12-29,1703883600,136.04,0.64639,0.00078,10.05372,-0.92883,9.7826,0.16621,2.0,282.74,5 x 5,258.3,259.7,4365.0,110.4,111.4,27 x 11,98.22,-0.36402,0.00088,10.02408,-0.41974,-5.13099,0.16098,1.0,73.1,0.016
1692129600,2023-08-15 16:00,2023-08-15,16.0,4438.11,2023-12-29,1703883600,136.04,0.6427,0.00079,10.09256,-0.92774,9.7334,0.16566,2.0,336.53,5 x 5,254.7,256.0,4370.0,111.6,112.6,26 x 11,114.36,-0.3683,0.00098,10.0574,-0.41774,-5.16713,0.16066,2.0,68.1,0.015
1692129600,2023-08-15 16:00,2023-08-15,16.0,4438.11,2023-12-29,1703883600,136.04,0.63888,0.00083,10.12957,-0.92615,9.68342,0.16476,1.0,257.23,5 x 5,251.1,252.4,4375.0,112.9,113.9,26 x 11,75.44,-0.37271,0.00092,10.0906,-0.41624,-5.20349,0.15965,1.0,63.1,0.014
1692129600,2023-08-15 16:00,2023-08-15,16.0,4438.11,2023-12-29,1703883600,136.04,0.63449,0.00087,10.16736,-0.92423,9.63229,0.16479,9.0,328.78,5 x 5,247.6,248.8,4380.0,114.2,115.2,26 x 11,117.01,-0.37776,0.00096,10.12309,-0.41356,-5.23906,0.15875,2.0,58.1,0.013
1692129600,2023-08-15 16:00,2023-08-15,16.0,4438.11,2023-12-29,1703883600,136.04,0.63103,0.00079,10.20466,-0.92301,9.57738,0.16403,1.0,261.69,5 x 5,244.3,245.5,4385.0,115.6,116.6,26 x 11,141.64,-0.38146,0.00101,10.15484,-0.4118,-5.27639,0.15851,2.0,53.1,0.012
1692129600,2023-08-15 16:00,2023-08-15,16.0,4438.11,2023-12-29,1703883600,136.04,0.62749,0.00081,10.23942,-0.92086,9.52912,0.16341,,0.0,6 x 6,240.4,241.7,4390.0,116.9,117.9,25 x 11,107.79,-0.38657,0.001,10.18467,-0.4096,-5.31187,0.15787,2.0,48.1,0.011
1692129600,2023-08-15 16:00,2023-08-15,16.0,4438.11,2023-12-29,1703883600,136.04,0.62307,0.00083,10.27425,-0.91905,9.47454,0.16228,1.0,241.96,6 x 6,237.0,238.3,4395.0,118.2,119.1,25 x 11,101.61,-0.39099,0.00104,10.21253,-0.40672,-5.34564,0.15629,6.0,43.1,0.01
1692129600,2023-08-15 16:00,2023-08-15,16.0,4438.11,2023-12-29,1703883600,136.04,0.61949,0.00082,10.30761,-0.91563,9.42286,0.1616,1.0,257.0,6 x 21,233.4,234.4,4400.0,120.0,120.6,21 x 36,123.0,-0.3956,0.00103,10.24074,-0.40602,-5.38393,0.15636,32.0,38.1,0.009
1692129600,2023-08-15 16:00,2023-08-15,16.0,4438.11,2023-12-29,1703883600,136.04,0.61474,0.0009,10.34168,-0.91447,9.36795,0.16113,7.0,236.66,6 x 6,229.8,231.2,4405.0,121.0,122.1,25 x 10,104.17,-0.4012,0.001,10.26648,-0.40329,-5.41694,0.15549,2.0,33.1,0.007
1692129600,2023-08-15 16:00,2023-08-15,16.0,4438.11,2023-12-29,1703883600,136.04,0.6105,0.00093,10.37357,-0.91198,9.31282,0.16053,3.0,231.5,6 x 6,226.3,227.7,4410.0,122.4,123.5,24 x 10,105.0,-0.40507,0.00106,10.29084,-0.40034,-5.45038,0.1551,30.0,28.1,0.006
1692129600,2023-08-15 16:00,2023-08-15,16.0,4438.11,2023-12-29,1703883600,136.04,0.60694,0.00087,10.40236,-0.90625,9.26785,0.15861,6.0,227.53,15 x 19,220.2,224.9,4415.0,123.8,124.8,24 x 10,104.88,-0.41044,0.00098,10.31287,-0.39786,-5.48075,0.15357,3.0,23.1,0.005
1692129600,2023-08-15 16:00,2023-08-15,16.0,4438.11,2023-12-29,1703883600,136.04,0.60244,0.0009,10.43635,-0.90812,9.19745,0.15934,7.0,224.09,6 x 6,219.8,221.0,4420.0,125.3,126.3,24 x 10,129.21,-0.4154,0.00108,10.33447,-0.39503,-5.51373,0.15332,25.0,18.1,0.004
1692129600,2023-08-15 16:00,2023-08-15,16.0,4438.11,2023-12-29,1703883600,136.04,0.59816,0.0009,10.46517,-0.90499,9.14179,0.15854,3.0,222.2,6 x 6,216.1,217.4,4425.0,127.0,127.8,26 x 38,122.5,-0.42072,0.0011,10.35518,-0.39278,-5.54745,0.15195,1.0,13.1,0.003
1692129600,2023-08-15 16:00,2023-08-15,16.0,4438.11,2023-12-29,1703883600,136.04,0.5943,0.00093,10.49354,-0.90234,9.08423,0.15825,2.0,236.21,6 x 6,212.6,214.0,4430.0,128.2,129.3,24 x 10,122.29,-0.42556,0.00107,10.37204,-0.38939,-5.57653,0.15135,2.0,8.1,0.002
1692129600,2023-08-15 16:00,2023-08-15,16.0,4438.11,2023-12-29,1703883600,136.04,0.58951,0.00088,10.52216,-0.90026,9.0224,0.15762,1.0,229.52,18 x 6,209.6,210.9,4435.0,129.7,130.6,23 x 10,110.71,-0.43092,0.00107,10.38837,-0.38584,-5.60497,0.15064,2.0,3.1,0.001
1692129600,2023-08-15 16:00,2023-08-15,16.0,4438.11,2023-12-29,1703883600,136.04,0.58521,0.00088,10.54783,-0.89694,8.96569,0.15668,1.0,217.01,25 x 7,206.0,207.2,4440.0,131.2,132.3,31 x 8,123.8,-0.4366,0.00112,10.40255,-0.38331,-5.63425,0.14982,2.0,1.9,0.0
1692129600,2023-08-15 16:00,2023-08-15,16.0,4438.11,2023-12-29,1703883600,136.04,0.58086,0.00095,10.57287,-0.89404,8.90577,0.15653,,0.0,26 x 26,202.5,204.0,4445.0,132.8,133.9,23 x 8,92.8,-0.44227,0.00111,10.41521,-0.37988,-5.66332,0.14903,4.0,6.9,0.002
1692129600,2023-08-15 16:00,2023-08-15,16.0,4438.11,2023-12-29,1703883600,136.04,0.57606,0.00088,10.59764,-0.89126,8.84391,0.15562,6.0,239.91,35 x 30,199.4,200.4,4450.0,134.8,135.4,21 x 8,116.79,-0.44734,0.00109,10.42608,-0.37766,-5.69297,0.14875,4.0,11.9,0.003
1692129600,2023-08-15 16:00,2023-08-15,16.0,4438.11,2023-12-29,1703883600,136.04,0.57227,0.00095,10.62076,-0.88759,8.78315,0.15481,1.0,218.54,26 x 7,195.9,197.2,4455.0,135.9,137.0,30 x 8,96.8,-0.45287,0.00111,10.43291,-0.37315,-5.7165,0.14727,1.0,16.9,0.004
1692129600,2023-08-15 16:00,2023-08-15,16.0,4438.11,2023-12-29,1703883600,136.04,0.56724,0.00093,10.64235,-0.88495,8.71974,0.15394,1.0,225.15,26 x 7,192.6,194.0,4460.0,137.3,138.6,8 x 8,91.24,-0.45862,0.00112,10.43867,-0.369,-5.73847,0.14645,3.0,21.9,0.005
1692129600,2023-08-15 16:00,2023-08-15,16.0,4438.11,2023-12-29,1703883600,136.04,0.56322,0.00098,10.66307,-0.88146,8.65674,0.15351,1.0,211.08,26 x 7,189.5,190.7,4465.0,139.2,140.3,22 x 8,98.59,-0.46396,0.00116,10.44256,-0.36635,-5.76528,0.14581,2.0,26.9,0.006
1692129600,2023-08-15 16:00,2023-08-15,16.0,4438.11,2023-12-29,1703883600,136.04,0.55851,0.00095,10.68306,-0.87794,8.59375,0.15309,7.0,207.91,26 x 7,186.1,187.5,4470.0,140.8,141.9,30 x 8,123.11,-0.47048,0.00118,10.44264,-0.36228,-5.7862,0.14508,1.0,31.9,0.007
1692129600,2023-08-15 16:00,2023-08-15,16.0,4438.11,2023-12-29,1703883600,136.04,0.55364,0.00096,10.70053,-0.87434,8.52925,0.15255,2.0,206.7,27 x 7,182.9,184.2,4475.0,142.9,143.6,20 x 8,114.36,-0.47631,0.00115,10.44168,-0.35951,-5.80989,0.1452,1.0,36.9,0.008
1692129600,2023-08-15 16:00,2023-08-15,16.0,4438.11,2023-12-29,1703883600,136.04,0.54938,0.00101,10.71759,-0.87074,8.46234,0.15227,1.0,197.3,7 x 7,179.8,181.0,4480.0,144.2,145.4,21 x 8,148.98,-0.48267,0.0012,10.43676,-0.35466,-5.82826,0.1438,1.0,41.9,0.009
1692129600,2023-08-15 16:00,2023-08-15,16.0,4438.11,2023-12-29,1703883600,136.04,0.5446,0.00099,10.73362,-0.86748,8.39615,0.15118,2.0,198.46,7 x 7,176.6,177.9,4485.0,145.9,147.0,29 x 8,135.21,-0.48815,0.00121,10.42817,-0.35039,-5.84438,0.14277,6.0,46.9,0.011
1692129600,2023-08-15 16:00,2023-08-15,16.0,4438.11,2023-12-29,1703883600,136.04,0.53994,0.00098,10.7474,-0.86318,8.32984,0.15094,1.0,195.15,27 x 7,173.4,174.7,4490.0,147.6,148.8,29 x 8,125.38,-0.4946,0.00126,10.41835,-0.34669,-5.8607,0.14185,1.0,51.9,0.012
1692129600,2023-08-15 16:00,2023-08-15,16.0,4438.11,2023-12-29,1703883600,136.04,0.53515,0.001,10.7594,-0.86009,8.26203,0.14981,1.0,222.12,20 x 20,170.3,171.7,4495.0,149.4,150.5,8 x 8,101.76,-0.50067,0.0012,10.40339,-0.34185,-5.87426,0.1413,6.0,56.9,0.013
1692129600,2023-08-15 16:00,2023-08-15,16.0,4438.11,2023-12-29,1703883600,136.04,0.5303,0.00099,10.77055,-0.85551,8.19372,0.14874,4.0,171.5,7 x 20,167.3,168.2,4500.0,151.6,152.2,20 x 21,153.3,-0.50735,0.00127,10.38743,-0.33785,-5.88855,0.14069,66.0,61.9,0.014
1692129600,2023-08-15 16:00,2023-08-15,16.0,4438.11,2023-12-29,1703883600,136.04,0.52532,0.00094,10.7808,-0.85125,8.12377,0.14899,1.0,201.74,7 x 7,164.2,165.4,4505.0,153.0,154.1,7 x 7,142.11,-0.51396,0.00126,10.36505,-0.33299,-5.89587,0.14013,3.0,66.9,0.015
1692129600,2023-08-15 16:00,2023-08-15,16.0,4438.11,2023-12-29,1703883600,136.04,0.52039,0.00098,10.7889,-0.84775,8.05364,0.14841,1.0,191.28,7 x 7,161.1,162.4,4510.0,154.9,156.0,20 x 7,138.26,-0.52087,0.00125,10.34076,-0.32856,-5.90462,0.13908,1.0,71.9,0.016
1692129600,2023-08-15 16:00,2023-08-15,16.0,4438.11,2023-12-29,1703883600,136.04,0.51546,0.00104,10.79545,-0.84274,7.98298,0.14759,2.0,194.14,28 x 28,158.0,159.4,4515.0,156.7,157.9,27 x 7,116.12,-0.52804,0.00127,10.31235,-0.32352,-5.90914,0.13825,12.0,76.9,0.017
1692129600,2023-08-15 16:00,2023-08-15,16.0,4438.11,2023-12-29,1703883600,136.04,0.51051,0.00096,10.8004,-0.83856,7.91112,0.14689,1.0,207.69,28 x 28,155.0,156.4,4520.0,158.6,159.9,27 x 7,152.13,-0.53457,0.00135,10.27943,-0.31861,-5.9122,0.13673,6.0,81.9,0.018
1692129600,2023-08-15 16:00,2023-08-15,16.0,4438.11,2023-12-29,1703883600,136.04,0.50536,0.001,10.80276,-0.83406,7.83952,0.14619,1.0,167.2,7 x 7,152.1,153.4,4525.0,160.5,161.7,26 x 7,152.57,-0.54159,0.00134,10.24156,-0.31341,-5.91123,0.13667,12.0,86.9,0.02
1692129600,2023-08-15 16:00,2023-08-15,16.0,4438.11,2023-12-29,1703883600,136.04,0.49988,0.00103,10.8051,-0.82947,7.76667,0.14568,5.0,213.35,7 x 7,149.2,150.4,4530.0,162.6,163.7,19 x 7,140.5,-0.5495,0.00131,10.20003,-0.30826,-5.90947,0.1357,3.0,91.9,0.021
1692129600,2023-08-15 16:00,2023-08-15,16.0,4438.11,2023-12-29,1703883600,136.04,0.49483,0.00105,10.8043,-0.82457,7.69253,0.14543,1.0,165.8,7 x 7,146.3,147.5,4535.0,164.4,165.6,26 x 7,156.27,-0.55659,0.00133,10.15091,-0.30197,-5.90088,0.13488,12.0,96.9,0.022
1692129600,2023-08-15 16:00,2023-08-15,16.0,4438.11,2023-12-29,1703883600,136.04,0.49028,0.00105,10.8019,-0.81905,7.61865,0.14479,1.0,174.56,29 x 7,143.3,144.6,4540.0,166.6,167.7,19 x 7,159.91,-0.56429,0.00135,10.10091,-0.29736,-5.89378,0.13397,8.0,101.9,0.023
1692129600,2023-08-15 16:00,2023-08-15,16.0,4438.11,2023-12-29,1703883600,136.04,0.48478,0.00106,10.79857,-0.81504,7.54391,0.14379,3.0,175.96,7 x 7,140.6,141.8,4545.0,168.7,169.6,32 x 33,162.7,-0.5726,0.00135,10.04172,-0.29136,-5.87881,0.13252,9.0,106.9,0.024
1692129600,2023-08-15 16:00,2023-08-15,16.0,4438.11,2023-12-29,1703883600,136.04,0.47929,0.00099,10.79298,-0.80873,7.46832,0.14317,6.0,143.54,7 x 28,137.7,138.6,4550.0,170.8,171.7,28 x 36,163.98,-0.57988,0.00145,9.97903,-0.28513,-5.86228,0.1322,9.0,111.9,0.025
1692129600,2023-08-15 16:00,2023-08-15,16.0,4438.11,2023-12-29,1703883600,136.04,0.47413,0.00104,10.78506,-0.80412,7.3922,0.14256,1.0,140.51,30 x 7,134.8,136.1,4555.0,172.6,173.8,25 x 7,165.91,-0.58893,0.00143,9.90529,-0.27805,-5.83572,0.13076,3.0,116.9,0.026
1692129600,2023-08-15 16:00,2023-08-15,16.0,4438.11,2023-12-29,1703883600,136.04,0.46942,0.00104,10.77566,-0.79931,7.31574,0.14212,1.0,196.62,31 x 29,132.0,133.4,4560.0,174.7,176.0,7 x 7,168.14,-0.59684,0.00141,9.82741,-0.27193,-5.81016,0.1299,2.0,121.9,0.027
1692129600,2023-08-15 16:00,2023-08-15,16.0,4438.11,2023-12-29,1703883600,136.04,0.46371,0.00099,10.76455,-0.79402,7.2383,0.14126,4.0,217.06,31 x 29,129.4,130.8,4565.0,176.8,178.1,7 x 7,116.77,-0.60578,0.00142,9.74215,-0.26523,-5.77733,0.12878,1.0,126.9,0.029
1692129600,2023-08-15 16:00,2023-08-15,16.0,4438.11,2023-12-29,1703883600,136.04,0.45848,0.00099,10.75089,-0.78721,7.15988,0.14077,4.0,126.9,8 x 32,126.7,127.6,4570.0,179.0,180.2,7 x 7,172.26,-0.61423,0.00147,9.64684,-0.25868,-5.73749,0.12819,4.0,131.9,0.03
1692129600,2023-08-15 16:00,2023-08-15,16.0,4438.11,2023-12-29,1703883600,136.04,0.45331,0.00102,10.73606,-0.78196,7.08201,0.14014,1.0,169.6,32 x 31,123.9,125.2,4575.0,181.2,182.4,7 x 7,174.51,-0.62394,0.00146,9.54338,-0.2512,-5.69375,0.12612,2.0,136.9,0.031
1692129600,2023-08-15 16:00,2023-08-15,16.0,4438.11,2023-12-29,1703883600,136.04,0.44821,0.00102,10.71878,-0.77626,7.00262,0.13938,1.0,140.0,8 x 8,121.3,122.5,4580.0,183.4,184.7,7 x 7,176.66,-0.63239,0.00151,9.43223,-0.24417,-5.64392,0.12534,2.0,141.9,0.032
1692129600,2023-08-15 16:00,2023-08-15,16.0,4438.11,2023-12-29,1703883600,136.04,0.44232,0.00106,10.69931,-0.77068,6.92346,0.13908,2.0,202.94,8 x 8,118.7,119.9,4585.0,185.7,187.0,7 x 7,178.69,-0.64239,0.00159,9.31101,-0.23678,-5.58675,0.12485,6.0,146.9,0.033
1692129600,2023-08-15 16:00,2023-08-15,16.0,4438.11,2023-12-29,1703883600,136.04,0.43762,0.001,10.67771,-0.76549,6.84301,0.13853,2.0,177.88,8 x 8,116.1,117.3,4590.0,188.0,189.2,7 x 7,183.73,-0.65211,0.00161,9.17414,-0.22908,-5.51923,0.12362,218.0,151.9,0.034
1692129600,2023-08-15 16:00,2023-08-15,16.0,4438.11,2023-12-29,1703883600,136.04,0.43213,0.00106,10.65411,-0.75867,6.76196,0.13849,4.0,195.98,8 x 8,113.5,114.7,4595.0,190.3,191.6,7 x 7,157.2,-0.66237,0.00156,9.0288,-0.22053,-5.44529,0.12241,70.0,156.9,0.035
1692129600,2023-08-15 16:00,2023-08-15,16.0,4438.11,2023-12-29,1703883600,136.04,0.42606,0.00101,10.62752,-0.75236,6.68108,0.13749,30.0,132.9,27 x 22,111.2,111.8,4600.0,193.0,193.8,18 x 23,187.06,-0.67374,0.00165,8.87211,-0.213,-5.36422,0.1212,19.0,161.9,0.036
1692129600,2023-08-15 16:00,2023-08-15,16.0,4438.11,2023-12-29,1703883600,136.04,0.42078,0.00103,10.59989,-0.74623,6.59937,0.13709,1.0,128.9,34 x 31,108.4,109.7,4605.0,195.1,196.3,7 x 7,164.36,-0.68449,0.00161,8.68961,-0.20333,-5.2637,0.11944,1.0,166.9,0.038
1692129600,2023-08-15 16:00,2023-08-15,16.0,4438.11,2023-12-29,1703883600,136.04,0.41579,0.00105,10.56972,-0.74041,6.51781,0.1364,1.0,118.4,8 x 8,106.0,107.2,4610.0,197.5,198.7,7 x 7,168.57,-0.69663,0.00164,8.49271,-0.19444,-5.1532,0.11817,1.0,171.9,0.039
1692129600,2023-08-15 16:00,2023-08-15,16.0,4438.11,2023-12-29,1703883600,136.04,0.41016,0.00103,10.53729,-0.73405,6.43574,0.13574,85.0,130.85,35 x 8,103.5,104.8,4615.0,199.9,201.2,7 x 7,165.98,-0.70888,0.0017,8.27591,-0.18424,-5.02832,0.11703,1.0,176.9,0.04
1692129600,2023-08-15 16:00,2023-08-15,16.0,4438.11,2023-12-29,1703883600,136.04,0.40442,0.00106,10.50296,-0.72741,6.35178,0.13588,1.0,161.45,35 x 30,101.3,102.0,4620.0,202.4,203.6,6 x 6,171.11,-0.72177,0.0018,8.03188,-0.17426,-4.88418,0.11551,2.0,181.9,0.041
1692129600,2023-08-15 16:00,2023-08-15,16.0,4438.11,2023-12-29,1703883600,136.04,0.39863,0.00105,10.46666,-0.72155,6.27009,0.1354,1.0,122.75,10 x 10,98.8,100.0,4625.0,204.9,206.2,6 x 6,175.14,-0.73543,0.00184,7.76446,-0.16436,-4.72488,0.11396,2.0,186.9,0.042
1692129600,2023-08-15 16:00,2023-08-15,16.0,4438.11,2023-12-29,1703883600,136.04,0.39376,0.00107,10.42767,-0.71504,6.18706,0.13497,1.0,121.41,27 x 24,96.4,97.8,4630.0,207.5,208.7,6 x 6,180.89,-0.75087,0.00181,7.45928,-0.15259,-4.53943,0.11216,1.0,191.9,0.043
1692129600,2023-08-15 16:00,2023-08-15,16.0,4438.11,2023-12-29,1703883600,136.04,0.38765,0.00108,10.38721,-0.70754,6.10305,0.13357,2.0,109.18,27 x 24,94.1,95.5,4635.0,210.1,211.3,6 x 6,175.46,-0.76613,0.00191,7.11424,-0.14143,-4.32456,0.11069,1.0,196.9,0.044
1692129600,2023-08-15 16:00,2023-08-15,16.0,4438.11,2023-12-29,1703883600,136.04,0.38251,0.00101,10.34267,-0.70073,6.0181,0.13311,3.0,171.09,10 x 10,91.9,93.0,4640.0,212.7,213.9,6 x 6,182.78,-0.78388,0.00196,6.71329,-0.12816,-4.07229,0.10837,1.0,201.9,0.045
1692129600,2023-08-15 16:00,2023-08-15,16.0,4438.11,2023-12-29,1703883600,136.04,0.37653,0.00103,10.29659,-0.69392,5.93291,0.13263,2.0,108.6,37 x 10,89.6,90.8,4645.0,215.3,216.6,6 x 6,179.51,-0.80337,0.00202,6.24205,-0.114,-3.77133,0.10707,1.0,206.9,0.047
1692129600,2023-08-15 16:00,2023-08-15,16.0,4438.11,2023-12-29,1703883600,136.04,0.37034,0.00103,10.24757,-0.68615,5.84631,0.13233,3.0,101.4,10 x 31,87.5,88.2,4650.0,218.0,219.3,6 x 6,202.53,-0.82552,0.00212,5.66593,-0.09834,-3.39803,0.10452,1.0,211.9,0.048
1692129600,2023-08-15 16:00,2023-08-15,16.0,4438.11,2023-12-29,1703883600,136.04,0.36568,0.00102,10.19834,-0.68021,5.7639,0.13207,1.0,160.01,11 x 11,85.3,86.4,4655.0,220.7,222.1,6 x 6,154.29,-0.85318,0.00218,4.93222,-0.08077,-2.9186,0.10156,3.0,216.9,0.049
1692129600,2023-08-15 16:00,2023-08-15,16.0,4438.11,2023-12-29,1703883600,136.04,0.35981,0.00101,10.14574,-0.67267,5.67877,0.13171,2.0,141.33,28 x 24,83.0,84.4,4660.0,223.1,227.5,17 x 15,186.38,-0.86924,0.00225,4.4585,-0.07081,-2.62271,0.10065,6.0,221.9,0.05
1692129600,2023-08-15 16:00,2023-08-15,16.0,4438.11,2023-12-29,1703883600,136.04,0.35409,0.00102,10.09092,-0.6651,5.5937,0.13101,1.0,153.94,11 x 11,81.0,82.2,4665.0,226.3,227.5,5 x 5,176.73,-0.95985,0.00274,1.56556,-0.01015,-0.10473,0.09054,1.0,226.9,0.051
1692129600,2023-08-15 16:00,2023-08-15,16.0,4438.11,2024-01-19,1705698000,157.04,0.92451,0.00013,4.01846,-0.71248,13.49175,0.2701,3.0,1029.15,60 x 50,973.4,989.5,3550.0,25.8,26.4,225 x 120,26.16,-0.07024,0.00021,3.95394,-0.29188,-1.41957,0.26695,300.0,888.1,0.2
1692129600,2023-08-15 16:00,2023-08-15,16.0,4438.11,2024-01-19,1705698000,157.04,0.92156,0.00018,4.1601,-0.72198,13.52799,0.26677,0.0,743.68,60 x 50,950.1,966.2,3575.0,26.9,27.5,180 x 221,25.17,-0.07372,0.00021,4.09511,-0.29733,-1.48376,0.26372,1.0,863.1,0.194
1692129600,2023-08-15 16:00,2023-08-15,16.0,4438.11,2024-01-19,1705698000,157.04,0.91762,0.00023,4.30425,-0.73023,13.56175,0.26333,1.0,1019.5,60 x 50,926.8,942.9,3600.0,28.0,28.6,225 x 180,28.81,-0.07725,0.0002,4.2387,-0.30276,-1.54976,0.2605,400.0,838.1,0.189
1692129600,2023-08-15 16:00,2023-08-15,16.0,4438.11,2024-01-19,1705698000,157.04,0.9146,0.0002,4.45828,-0.74029,13.58988,0.2602,2.0,886.34,50 x 50,903.7,919.7,3625.0,29.3,29.8,45 x 192,28.1,-0.08124,0.00021,4.39278,-0.30881,-1.62083,0.25715,2.0,813.1,0.183
1692129600,2023-08-15 16:00,2023-08-15,16.0,4438.11,2024-01-19,1705698000,157.04,0.91007,0.00018,4.60975,-0.74918,13.61808,0.25617,0.0,860.26,60 x 50,880.5,896.5,3650.0,30.5,31.1,255 x 152,30.6,-0.08513,0.00024,4.54795,-0.31447,-1.69511,0.25392,20.0,788.1,0.178
1692129600,2023-08-15 16:00,2023-08-15,16.0,4438.11,2024-01-19,1705698000,157.04,0.90677,0.00025,4.77142,-0.75837,13.6383,0.2532,0.0,840.88,30 x 50,857.5,873.4,3675.0,31.9,32.4,158 x 213,26.72,-0.08965,0.00021,4.71212,-0.32091,-1.77304,0.24985,6.0,763.1,0.172
1692129600,2023-08-15 16:00,2023-08-15,16.0,4438.11,2024-01-19,1705698000,157.04,0.90278,0.00025,4.89303,-0.76238,13.68175,0.24833,0.0,807.51,12 x 12,839.8,843.6,3700.0,33.1,33.5,214 x 123,32.7,-0.09321,0.00026,4.8636,-0.32472,-1.8463,0.24647,2.0,738.1,0.166
1692129600,2023-08-15 16:00,2023-08-15,16.0,4438.11,2024-01-19,1705698000,157.04,0.89877,0.00027,5.06509,-0.77178,13.69401,0.24503,0.0,792.41,12 x 12,816.9,820.6,3725.0,34.7,35.3,45 x 165,34.0,-0.09753,0.00025,5.05038,-0.33224,-1.93925,0.24356,30.0,713.1,0.161
1692129600,2023-08-15 16:00,2023-08-15,16.0,4438.11,2024-01-19,1705698000,157.04,0.89377,0.00022,5.24318,-0.78037,13.70132,0.24224,0.0,770.03,12 x 12,794.0,797.8,3750.0,36.0,36.6,150 x 60,37.0,-0.10246,0.00021,5.21354,-0.33682,-2.02024,0.24021,15.0,688.1,0.155
1692129600,2023-08-15 16:00,2023-08-15,16.0,4438.11,2024-01-19,1705698000,157.04,0.89245,0.0003,5.31368,-0.77735,13.77157,0.23541,0.0,749.08,50 x 20,766.1,776.2,3775.0,37.6,38.2,208 x 105,37.3,-0.10714,0.00025,5.39548,-0.34156,-2.11246,0.2371,2.0,663.1,0.149
1692129600,2023-08-15 16:00,2023-08-15,16.0,4438.11,2024-01-19,1705698000,157.04,0.88463,0.00024,5.56899,-0.7933,13.72834,0.23452,1.0,831.3,50 x 40,743.4,755.8,3800.0,39.5,40.5,45 x 45,40.28,-0.11363,0.00032,5.6067,-0.35021,-2.22333,0.23402,4.0,638.1,0.144
1692129600,2023-08-15 16:00,2023-08-15,16.0,4438.11,2024-01-19,1705698000,157.04,0.88491,0.00027,5.58387,-0.78962,13.76501,0.23056,,0.0,50 x 20,734.4,744.4,3810.0,40.0,40.7,105 x 40,0.0,-0.11522,0.00031,5.66411,-0.35047,-2.25194,0.23245,,628.1,0.142
1692129600,2023-08-15 16:00,2023-08-15,16.0,4438.11,2024-01-19,1705698000,157.04,0.88024,0.00029,5.72165,-0.80006,13.72418,0.2319,,0.0,50 x 20,725.4,737.5,3820.0,40.7,41.4,130 x 40,0.0,-0.11732,0.00032,5.74163,-0.35169,-2.29281,0.23059,,618.1,0.139
1692129600,2023-08-15 16:00,2023-08-15,16.0,4438.11,2024-01-19,1705698000,157.04,0.87957,0.00028,5.76154,-0.80192,13.72054,0.23073,2.0,762.88,50 x 40,720.9,733.0,3825.0,41.1,41.8,40 x 40,36.53,-0.11879,0.0003,5.78237,-0.35299,-2.31472,0.22995,12.0,613.1,0.138
1692129600,2023-08-15 16:00,2023-08-15,16.0,4438.11,2024-01-19,1705698000,157.04,0.87871,0.0003,5.8021,-0.80386,13.71802,0.23067,,0.0,50 x 40,716.4,728.5,3830.0,41.4,42.1,169 x 65,39.17,-0.11911,0.00026,5.81811,-0.35428,-2.33352,0.22987,4.0,608.1,0.137
1692129600,2023-08-15 16:00,2023-08-15,16.0,4438.11,2024-01-19,1705698000,157.04,0.87611,0.00025,5.87976,-0.807,13.71384,0.22895,,0.0,50 x 40,707.4,719.4,3840.0,42.2,43.0,40 x 40,0.0,-0.12196,0.00035,5.90333,-0.35648,-2.37936,0.22801,,598.1,0.135
1692129600,2023-08-15 16:00,2023-08-15,16.0,4438.11,2024-01-19,1705698000,157.04,0.87545,0.00031,5.90678,-0.8046,13.74273,0.22573,0.0,693.6,50 x 20,698.4,708.3,3850.0,43.0,43.7,85 x 40,44.02,-0.12471,0.00032,5.9835,-0.35912,-2.42218,0.22742,5.0,588.1,0.133
1692129600,2023-08-15 16:00,2023-08-15,16.0,4438.11,2024-01-19,1705698000,157.04,0.87215,0.00029,5.99287,-0.80874,13.7318,0.22484,,0.0,50 x 20,689.5,699.4,3860.0,43.7,44.5,163 x 65,0.0,-0.1266,0.00028,6.06295,-0.36039,-2.46524,0.2261,,578.1,0.13
1692129600,2023-08-15 16:00,2023-08-15,16.0,4438.11,2024-01-19,1705698000,157.04,0.86981,0.00029,6.07778,-0.81208,13.72187,0.22328,,0.0,50 x 20,680.6,690.4,3870.0,44.5,45.3,162 x 65,0.0,-0.12932,0.0003,6.14591,-0.36262,-2.51053,0.22421,,568.1,0.128
1692129600,2023-08-15 16:00,2023-08-15,16.0,4438.11,2024-01-19,1705698000,157.04,0.86852,0.00034,6.11774,-0.81333,13.71763,0.2225,0.0,672.0,50 x 40,676.1,685.9,3875.0,45.0,45.7,65 x 40,39.27,-0.13077,0.00031,6.18966,-0.36446,-2.5345,0.22401,1.0,563.1,0.127
1692129600,2023-08-15 16:00,2023-08-15,16.0,4438.11,2024-01-19,1705698000,157.04,0.86268,0.00031,6.31696,-0.83419,13.60651,0.22788,,0.0,20 x 40,676.3,683.3,3880.0,45.4,46.1,65 x 40,43.56,-0.13198,0.00034,6.23068,-0.36472,-2.55776,0.22359,4.0,558.1,0.126
1692129600,2023-08-15 16:00,2023-08-15,16.0,4438.11,2024-01-19,1705698000,157.04,0.86231,0.00034,6.34561,-0.83042,13.63326,0.22467,,0.0,20 x 40,665.1,674.3,3890.0,46.2,46.9,40 x 65,0.0,-0.13463,0.00038,6.31145,-0.36705,-2.6021,0.22209,,548.1,0.123
1692129600,2023-08-15 16:00,2023-08-15,16.0,4438.11,2024-01-19,1705698000,157.04,0.85951,0.00034,6.42939,-0.83443,13.62146,0.22288,2.0,740.22,20 x 20,656.3,665.3,3900.0,47.3,48.1,25 x 25,46.6,-0.13799,0.00033,6.41046,-0.3703,-2.65847,0.22145,34.0,538.1,0.121
1692129600,2023-08-15 16:00,2023-08-15,16.0,4438.11,2024-01-19,1705698000,157.04,0.85616,0.00033,6.52326,-0.83867,13.60222,0.22225,,0.0,20 x 20,649.4,654.8,3910.0,48.1,48.9,39 x 40,0.0,-0.14021,0.0003,6.49344,-0.37174,-2.70494,0.21928,,528.1,0.119
1692129600,2023-08-15 16:00,2023-08-15,16.0,4438.11,2024-01-19,1705698000,157.04,0.85388,0.00035,6.60922,-0.84197,13.58664,0.22093,,0.0,40 x 40,640.6,645.9,3920.0,49.1,49.8,25 x 40,36.2,-0.14283,0.00037,6.58449,-0.37437,-2.75782,0.21807,1.0,518.1,0.117
1692129600,2023-08-15 16:00,2023-08-15,16.0,4438.11,2024-01-19,1705698000,157.04,0.85229,0.00031,6.64774,-0.84285,13.58284,0.22026,4.0,737.13,20 x 20,634.3,643.1,3925.0,49.5,50.3,38 x 40,47.67,-0.14497,0.00035,6.62754,-0.37523,-2.78229,0.21751,1.0,513.1,0.116
1692129600,2023-08-15 16:00,2023-08-15,16.0,4438.11,2024-01-19,1705698000,157.04,0.85054,0.00034,6.69579,-0.84476,13.57114,0.21929,,0.0,40 x 40,631.7,637.1,3930.0,49.7,50.5,90 x 65,0.0,-0.14542,0.00041,6.66074,-0.37506,-2.80027,0.21727,,508.1,0.114
1692129600,2023-08-15 16:00,2023-08-15,16.0,4438.11,2024-01-19,1705698000,157.04,0.8475,0.0004,6.77785,-0.84745,13.55849,0.21841,,0.0,20 x 20,621.2,629.7,3940.0,50.7,51.4,65 x 65,0.0,-0.14869,0.00035,6.74996,-0.37698,-2.85187,0.21559,,498.1,0.112
1692129600,2023-08-15 16:00,2023-08-15,16.0,4438.11,2024-01-19,1705698000,157.04,0.84508,0.00041,6.86448,-0.8498,13.54216,0.21687,3.0,646.05,20 x 20,612.4,620.8,3950.0,51.9,52.7,25 x 40,45.2,-0.15208,0.00033,6.85203,-0.38098,-2.91232,0.21475,17.0,488.1,0.11
1692129600,2023-08-15 16:00,2023-08-15,16.0,4438.11,2024-01-19,1705698000,157.04,0.84253,0.00038,6.95165,-0.8521,13.52482,0.21582,,0.0,12 x 12,605.9,609.6,3960.0,52.9,53.7,50 x 65,51.48,-0.15519,0.00037,6.94403,-0.38268,-2.96628,0.21364,1.0,478.1,0.108
1692129600,2023-08-15 16:00,2023-08-15,16.0,4438.11,2024-01-19,1705698000,157.04,0.8395,0.00035,7.03991,-0.85543,13.50525,0.21421,,0.0,12 x 12,597.1,600.8,3970.0,53.9,54.7,50 x 25,51.78,-0.15837,0.0004,7.03268,-0.38385,-3.01893,0.21237,10.0,468.1,0.105
1692129600,2023-08-15 16:00,2023-08-15,16.0,4438.11,2024-01-19,1705698000,157.04,0.8372,0.00041,7.08836,-0.8575,13.49201,0.2133,0.0,583.99,12 x 12,592.8,596.5,3975.0,54.1,54.9,40 x 40,53.26,-0.15905,0.00036,7.06656,-0.38322,-3.03758,0.21084,24.0,463.1,0.104
1692129600,2023-08-15 16:00,2023-08-15,16.0,4438.11,2024-01-19,1705698000,157.04,0.836,0.0004,7.13238,-0.85832,13.48112,0.21318,,0.0,32 x 12,588.4,592.1,3980.0,54.6,55.4,90 x 65,0.0,-0.16095,0.00046,7.11172,-0.38368,-3.06474,0.21015,,458.1,0.103
1692129600,2023-08-15 16:00,2023-08-15,16.0,4438.11,2024-01-19,1705698000,157.04,0.83253,0.00041,7.22389,-0.86153,13.45689,0.21155,1.0,659.59,52 x 12,579.7,583.4,3990.0,56.0,56.8,50 x 25,51.8,-0.16438,0.00046,7.21842,-0.38712,-3.13053,0.21005,1.0,448.1,0.101
1692129600,2023-08-15 16:00,2023-08-15,16.0,4438.11,2024-01-19,1705698000,157.04,0.82958,0.00037,7.31662,-0.86439,13.43276,0.21023,1.0,580.25,12 x 12,572.3,573.4,4000.0,56.9,57.4,25 x 25,57.0,-0.16728,0.00042,7.29965,-0.38725,-3.17869,0.20747,330.0,438.1,0.099
1692129600,2023-08-15 16:00,2023-08-15,16.0,4438.11,2024-01-19,1705698000,157.04,0.82602,0.00047,7.41127,-0.86672,13.40437,0.20926,,0.0,52 x 12,562.4,566.1,4010.0,57.8,58.7,65 x 65,54.8,-0.1713,0.00041,7.39479,-0.38955,-3.23687,0.20645,9.0,428.1,0.096
1692129600,2023-08-15 16:00,2023-08-15,16.0,4438.11,2024-01-19,1705698000,157.04,0.82315,0.00038,7.50345,-0.86905,13.37791,0.2084,,0.0,52 x 12,553.7,557.4,4020.0,59.0,59.8,65 x 65,54.81,-0.17494,0.00048,7.49157,-0.39084,-3.29684,0.20528,36.0,418.1,0.094
1692129600,2023-08-15 16:00,2023-08-15,16.0,4438.11,2024-01-19,1705698000,157.04,0.82104,0.00043,7.55388,-0.87084,13.36018,0.20732,56.0,677.01,12 x 12,549.5,553.2,4025.0,59.5,60.3,40 x 40,56.7,-0.17632,0.00042,7.53671,-0.39158,-3.32402,0.20501,19.0,413.1,0.093
1692129600,2023-08-15 16:00,2023-08-15,16.0,4438.11,2024-01-19,1705698000,157.04,0.81829,0.0004,7.63244,-0.87644,13.31937,0.20827,,0.0,40 x 20,545.1,550.8,4030.0,60.1,61.0,65 x 65,60.9,-0.17882,0.0005,7.58752,-0.39265,-3.35664,0.20411,25.0,408.1,0.092
1692129600,2023-08-15 16:00,2023-08-15,16.0,4438.11,2024-01-19,1705698000,157.04,0.81408,0.00048,7.72766,-0.87925,13.28694,0.20673,,0.0,40 x 20,536.6,542.2,4040.0,61.6,62.4,25 x 40,53.37,-0.18211,0.00042,7.69347,-0.39539,-3.42529,0.2037,8.0,398.1,0.09
1692129600,2023-08-15 16:00,2023-08-15,16.0,4438.11,2024-01-19,1705698000,157.04,0.81159,0.00046,7.80472,-0.87927,13.26955,0.20465,1.0,576.89,40 x 20,528.0,532.6,4050.0,62.5,63.3,40 x 40,60.45,-0.18543,0.00046,7.77999,-0.39537,-3.4791,0.20144,1.0,388.1,0.087
1692129600,2023-08-15 16:00,2023-08-15,16.0,4438.11,2024-01-19,1705698000,157.04,0.80724,0.0005,7.90146,-0.88211,13.23537,0.20431,,0.0,40 x 40,519.5,524.1,4060.0,63.6,64.6,50 x 65,64.2,-0.18947,0.0005,7.87695,-0.39663,-3.54103,0.20079,52.0,378.1,0.085
1692129600,2023-08-15 16:00,2023-08-15,16.0,4438.11,2024-01-19,1705698000,157.04,0.80378,0.00049,7.99833,-0.88367,13.19921,0.20218,1.0,638.15,40 x 40,511.0,515.6,4070.0,64.9,66.1,25 x 29,57.61,-0.19352,0.00052,7.98028,-0.39821,-3.60812,0.19964,36.0,368.1,0.083
1692129600,2023-08-15 16:00,2023-08-15,16.0,4438.11,2024-01-19,1705698000,157.04,0.80112,0.00044,8.0591,-0.88707,13.16854,0.20247,4.0,609.64,40 x 20,506.8,512.2,4075.0,65.9,67.1,25 x 29,63.25,-0.19648,0.00047,8.04079,-0.40057,-3.65004,0.19868,41.0,363.1,0.082
1692129600,2023-08-15 16:00,2023-08-15,16.0,4438.11,2024-01-19,1705698000,157.04,0.79904,0.00045,8.10876,-0.8885,13.1482,0.20242,,0.0,40 x 20,502.6,508.0,4080.0,66.1,67.1,50 x 65,59.74,-0.19717,0.00046,8.07259,-0.39863,-3.66861,0.19743,8.0,358.1,0.081
1692129600,2023-08-15 16:00,2023-08-15,16.0,4438.11,2024-01-19,1705698000,157.04,0.7958,0.00048,8.20384,-0.89042,13.11063,0.20111,,0.0,40 x 20,494.1,499.5,4090.0,67.4,68.7,25 x 29,68.7,-0.2022,0.00053,8.17632,-0.3999,-3.738,0.19705,18.0,348.1,0.078
1692129600,2023-08-15 16:00,2023-08-15,16.0,4438.11,2024-01-19,1705698000,157.04,0.79275,0.00048,8.28148,-0.88942,13.08901,0.19816,100.0,616.2,40 x 20,484.1,491.3,4100.0,69.2,70.5,25 x 28,69.21,-0.20635,0.00053,8.28909,-0.40353,-3.81555,0.19633,94.0,338.1,0.076
1692129600,2023-08-15 16:00,2023-08-15,16.0,4438.11,2024-01-19,1705698000,157.04,0.78783,0.00051,8.39765,-0.89358,13.02867,0.1987,,0.0,40 x 20,477.4,482.6,4110.0,70.5,72.0,25 x 28,61.79,-0.2109,0.00056,8.38927,-0.40455,-3.88419,0.19507,24.0,328.1,0.074
1692129600,2023-08-15 16:00,2023-08-15,16.0,4438.11,2024-01-19,1705698000,157.04,0.78393,0.00056,8.48339,-0.89334,12.99556,0.19644,,0.0,40 x 20,469.0,473.5,4120.0,72.0,73.2,25 x 28,51.7,-0.21576,0.00053,8.48693,-0.40513,-3.95129,0.19302,1.0,318.1,0.072
1692129600,2023-08-15 16:00,2023-08-15,16.0,4438.11,2024-01-19,1705698000,157.04,0.78151,0.00053,8.54334,-0.89592,12.96198,0.19634,1.0,542.27,40 x 20,464.9,470.1,4125.0,72.2,73.5,25 x 98,63.98,-0.21756,0.00054,8.525,-0.40328,-3.97351,0.19237,1.0,313.1,0.071
1692129600,2023-08-15 16:00,2023-08-15,16.0,4438.11,2024-01-19,1705698000,157.04,0.77901,0.00052,8.58306,-0.89534,12.94829,0.19555,,0.0,40 x 20,460.7,465.1,4130.0,73.0,74.1,50 x 35,64.24,-0.21912,0.00059,8.57436,-0.40378,-4.00866,0.19104,28.0,308.1,0.069
1692129600,2023-08-15 16:00,2023-08-15,16.0,4438.11,2024-01-19,1705698000,157.04,0.7753,0.00055,8.67294,-0.89566,12.90933,0.19384,,0.0,40 x 40,452.4,456.1,4140.0,74.7,76.2,32 x 27,66.38,-0.2242,0.00059,8.6855,-0.40609,-4.08867,0.1903,19.0,298.1,0.067
1692129600,2023-08-15 16:00,2023-08-15,16.0,4438.11,2024-01-19,1705698000,157.04,0.77073,0.00058,8.76983,-0.89665,12.8601,0.19283,12.0,449.34,20 x 20,442.7,449.3,4150.0,75.8,77.3,101 x 97,78.32,-0.22908,0.00059,8.77496,-0.40479,-4.15049,0.18896,59.0,288.1,0.065
1692129600,2023-08-15 16:00,2023-08-15,16.0,4438.11,2024-01-19,1705698000,157.04,0.76622,0.00051,8.86982,-0.8979,12.80825,0.19092,,0.0,40 x 40,436.0,439.6,4160.0,77.9,79.3,25 x 27,67.75,-0.23414,0.00054,8.88801,-0.40685,-4.23456,0.18793,18.0,278.1,0.063
1692129600,2023-08-15 16:00,2023-08-15,16.0,4438.11,2024-01-19,1705698000,157.04,0.76207,0.00059,8.9675,-0.89926,12.75374,0.18945,,0.0,40 x 20,427.8,431.4,4170.0,79.0,80.4,25 x 61,76.0,-0.23906,0.00061,8.97719,-0.40511,-4.29633,0.18646,3.0,268.1,0.06
1692129600,2023-08-15 16:00,2023-08-15,16.0,4438.11,2024-01-19,1705698000,157.04,0.75891,0.00057,9.0174,-0.89985,12.72649,0.18882,1.0,438.46,40 x 20,423.7,427.3,4175.0,80.1,80.8,20 x 20,78.66,-0.24087,0.00056,9.02553,-0.40477,-4.33135,0.18628,4.0,263.1,0.059
1692129600,2023-08-15 16:00,2023-08-15,16.0,4438.11,2024-01-19,1705698000,157.04,0.75589,0.00051,9.08461,-0.90378,12.67734,0.18978,,0.0,40 x 40,419.7,424.9,4180.0,80.6,81.8,45 x 50,75.6,-0.24338,0.00055,9.07429,-0.40537,-4.36665,0.18544,12.0,258.1,0.058
1692129600,2023-08-15 16:00,2023-08-15,16.0,4438.11,2024-01-19,1705698000,157.04,0.75211,0.00055,9.1658,-0.90079,12.63884,0.18735,,0.0,52 x 12,411.6,415.1,4190.0,82.3,83.7,40 x 61,77.8,-0.24912,0.00066,9.17717,-0.40539,-4.44517,0.1839,3.0,248.1,0.056
1692129600,2023-08-15 16:00,2023-08-15,16.0,4438.11,2024-01-19,1705698000,157.04,0.74693,0.00058,9.26356,-0.90189,12.57897,0.18595,1.0,419.61,20 x 20,403.9,406.6,4200.0,84.4,85.6,30 x 20,81.42,-0.25481,0.00065,9.28345,-0.40625,-4.52653,0.18348,4.0,238.1,0.054
1692129600,2023-08-15 16:00,2023-08-15,16.0,4438.11,2024-01-19,1705698000,157.04,0.74202,0.00056,9.36267,-0.90222,12.51636,0.18467,,0.0,20 x 20,395.9,398.6,4210.0,86.0,87.6,30 x 25,84.4,-0.26067,0.00061,9.3828,-0.40695,-4.60372,0.18206,4.0,228.1,0.051
1692129600,2023-08-15 16:00,2023-08-15,16.0,4438.11,2024-01-19,1705698000,157.04,0.7365,0.00062,9.46014,-0.90261,12.45117,0.18351,1.0,504.15,20 x 20,387.9,390.6,4220.0,87.8,89.4,29 x 25,83.8,-0.26616,0.00061,9.4819,-0.40669,-4.68052,0.18052,1.0,218.1,0.049
1692129600,2023-08-15 16:00,2023-08-15,16.0,4438.11,2024-01-19,1705698000,157.04,0.73381,0.00056,9.51024,-0.9027,12.41695,0.18323,1.0,440.67,20 x 20,384.0,386.6,4225.0,88.8,90.3,29 x 25,86.95,-0.26938,0.00069,9.531,-0.40676,-4.7204,0.17995,12.0,213.1,0.048
1692129600,2023-08-15 16:00,2023-08-15,16.0,4438.11,2024-01-19,1705698000,157.04,0.73132,0.00059,9.55916,-0.90288,12.38296,0.18308,,0.0,20 x 20,378.1,384.6,4230.0,89.6,91.2,29 x 25,83.8,-0.27148,0.00064,9.57873,-0.40609,-4.75711,0.17973,3.0,208.1,0.047
1692129600,2023-08-15 16:00,2023-08-15,16.0,4438.11,2024-01-19,1705698000,157.04,0.72785,0.00063,9.62442,-0.89626,12.35533,0.17979,,0.0,10 x 20,367.6,375.5,4240.0,91.5,93.1,29 x 25,95.25,-0.2774,0.00064,9.67541,-0.40529,-4.83543,0.17812,2.0,198.1,0.045
1692129600,2023-08-15 16:00,2023-08-15,16.0,4438.11,2024-01-19,1705698000,157.04,0.72037,0.00065,9.75228,-0.90318,12.24192,0.18019,17.0,395.26,20 x 20,362.4,368.8,4250.0,93.0,94.3,20 x 30,79.75,-0.28333,0.00069,9.7621,-0.40308,-4.90208,0.17658,497.0,188.1,0.042
1692129600,2023-08-15 16:00,2023-08-15,16.0,4438.11,2024-01-19,1705698000,157.04,0.71455,0.00065,9.84642,-0.90246,12.16937,0.17932,,0.0,50 x 30,355.7,359.7,4260.0,94.8,96.5,28 x 24,86.12,-0.28975,0.00068,9.85804,-0.40202,-4.98166,0.17468,4.0,178.1,0.04
1692129600,2023-08-15 16:00,2023-08-15,16.0,4438.11,2024-01-19,1705698000,157.04,0.71005,0.00068,9.91937,-0.89754,12.12451,0.17655,1.0,449.26,10 x 10,346.4,350.4,4270.0,96.9,98.1,50 x 30,85.4,-0.29534,0.00068,9.94888,-0.4002,-5.05782,0.1733,1.0,168.1,0.038
1692129600,2023-08-15 16:00,2023-08-15,16.0,4438.11,2024-01-19,1705698000,157.04,0.70582,0.00067,9.98854,-0.90182,12.0514,0.17698,1.0,461.64,20 x 20,344.8,347.5,4275.0,98.3,100.0,28 x 24,82.1,-0.29976,0.00072,10.00458,-0.40207,-5.10937,0.17336,1.0,163.1,0.037
1692129600,2023-08-15 16:00,2023-08-15,16.0,4438.11,2024-01-19,1705698000,157.04,0.70412,0.00064,10.01501,-0.89689,12.04392,0.17483,,0.0,10 x 10,338.7,342.7,4280.0,99.4,101.1,28 x 43,90.3,-0.30273,0.00073,10.05082,-0.4007,-5.14979,0.17314,15.0,158.1,0.036
1692129600,2023-08-15 16:00,2023-08-15,16.0,4438.11,2024-01-19,1705698000,157.04,0.69741,0.00071,10.12675,-0.90098,11.93222,0.17539,1.0,459.72,50 x 30,332.5,336.6,4290.0,101.0,102.4,20 x 20,0.0,-0.3093,0.00072,10.13216,-0.39773,-5.21616,0.17131,,148.1,0.033
1692129600,2023-08-15 16:00,2023-08-15,16.0,4438.11,2024-01-19,1705698000,157.04,0.69242,0.00072,10.20171,-0.89524,11.8763,0.17267,7.0,400.94,10 x 50,323.4,327.5,4300.0,103.1,104.7,48 x 24,102.0,-0.31624,0.00078,10.22181,-0.39574,-5.29626,0.17024,1.0,138.1,0.031
1692129600,2023-08-15 16:00,2023-08-15,16.0,4438.11,2024-01-19,1705698000,157.04,0.68629,0.00073,10.29226,-0.89332,11.78839,0.17143,1.0,376.15,10 x 30,315.9,319.9,4310.0,105.8,107.5,27 x 23,0.0,-0.32341,0.00078,10.31358,-0.39623,-5.38531,0.16936,,128.1,0.029
1692129600,2023-08-15 16:00,2023-08-15,16.0,4438.11,2024-01-19,1705698000,157.04,0.67993,0.00072,10.38253,-0.89209,11.69799,0.17078,1.0,408.19,10 x 30,308.4,312.4,4320.0,108.1,109.8,27 x 41,86.01,-0.33008,0.00082,10.39784,-0.39353,-5.46504,0.16777,7.0,118.1,0.027
1692129600,2023-08-15 16:00,2023-08-15,16.0,4438.11,2024-01-19,1705698000,157.04,0.67537,0.00072,10.43948,-0.89616,11.6284,0.17114,2.0,369.82,30 x 30,305.9,310.1,4325.0,108.6,110.3,52 x 23,100.4,-0.33405,0.00085,10.43193,-0.39038,-5.49247,0.16652,1.0,113.1,0.025
1692129600,2023-08-15 16:00,2023-08-15,16.0,4438.11,2024-01-19,1705698000,157.04,0.67243,0.00071,10.48339,-0.89563,11.57888,0.17046,,0.0,20 x 20,303.2,305.7,4330.0,110.3,112.0,27 x 23,108.09,-0.33777,0.00079,10.47741,-0.39108,-5.54147,0.16649,1.0,108.1,0.024
1692129600,2023-08-15 16:00,2023-08-15,16.0,4438.11,2024-01-19,1705698000,157.04,0.66555,0.00069,10.56903,-0.89357,11.48435,0.1695,,0.0,20 x 21,295.8,298.3,4340.0,112.7,114.4,27 x 23,84.75,-0.34476,0.00087,10.55625,-0.38862,-5.61943,0.16485,250.0,98.1,0.022
1692129600,2023-08-15 16:00,2023-08-15,16.0,4438.11,2024-01-19,1705698000,157.04,0.65932,0.00077,10.64015,-0.88625,11.41128,0.16694,261.0,322.5,10 x 30,286.2,290.2,4350.0,114.5,116.2,52 x 23,116.79,-0.35237,0.0009,10.62689,-0.38411,-5.68515,0.16304,301.0,88.1,0.02
1692129600,2023-08-15 16:00,2023-08-15,16.0,4438.11,2024-01-19,1705698000,157.04,0.65193,0.00073,10.73165,-0.88908,11.28843,0.16697,1.0,337.2,20 x 21,281.1,283.6,4360.0,117.5,119.3,26 x 23,103.42,-0.36055,0.00087,10.70281,-0.38297,-5.77046,0.16282,1.0,78.1,0.018
1692129600,2023-08-15 16:00,2023-08-15,16.0,4438.11,2024-01-19,1705698000,157.04,0.64546,0.00078,10.80226,-0.88163,11.20669,0.16467,,0.0,12 x 52,271.7,275.7,4370.0,120.0,121.8,26 x 22,114.08,-0.36862,0.00085,10.77078,-0.37993,-5.84405,0.16074,1.0,68.1,0.015
1692129600,2023-08-15 16:00,2023-08-15,16.0,4438.11,2024-01-19,1705698000,157.04,0.6424,0.00077,10.84108,-0.87962,11.15418,0.16381,1.0,316.88,12 x 32,268.1,272.1,4375.0,120.7,122.5,51 x 22,123.14,-0.37289,0.00085,10.7995,-0.3758,-5.87049,0.1598,1.0,63.1,0.014
1692129600,2023-08-15 16:00,2023-08-15,16.0,4438.11,2024-01-19,1705698000,157.04,0.63784,0.00077,10.88556,-0.8826,11.08075,0.16446,,0.0,52 x 32,265.8,269.9,4380.0,122.0,123.8,51 x 22,111.5,-0.37761,0.00095,10.83081,-0.37448,-5.9058,0.15881,17.0,58.1,0.013
1692129600,2023-08-15 16:00,2023-08-15,16.0,4438.11,2024-01-19,1705698000,157.04,0.63119,0.00075,10.9526,-0.87496,10.99144,0.16233,,0.0,12 x 52,257.4,261.4,4390.0,125.3,127.1,26 x 22,0.0,-0.3862,0.00088,10.89385,-0.37234,-5.98803,0.15812,,48.1,0.011
1692129600,2023-08-15 16:00,2023-08-15,16.0,4438.11,2024-01-19,1705698000,157.04,0.62409,0.00082,11.02465,-0.87133,10.8786,0.16141,26.0,256.19,12 x 32,250.4,254.3,4400.0,127.3,129.2,25 x 37,131.42,-0.39426,0.00096,10.9452,-0.36647,-6.04624,0.15626,80.0,38.1,0.009
1692129600,2023-08-15 16:00,2023-08-15,16.0,4438.11,2024-01-19,1705698000,157.04,0.61583,0.00082,11.09306,-0.86786,10.76406,0.15998,3.0,279.86,12 x 12,243.4,247.3,4410.0,130.8,132.7,25 x 35,127.65,-0.40408,0.00094,10.99898,-0.36379,-6.12653,0.15566,3.0,28.1,0.006
1692129600,2023-08-15 16:00,2023-08-15,16.0,4438.11,2024-01-19,1705698000,157.04,0.60832,0.00079,11.15834,-0.86347,10.64608,0.15909,10.0,281.56,12 x 12,236.5,240.4,4420.0,132.9,134.3,25 x 20,130.95,-0.41355,0.00099,11.03748,-0.35613,-6.17283,0.15348,9.0,18.1,0.004
1692129600,2023-08-15 16:00,2023-08-15,16.0,4438.11,2024-01-19,1705698000,157.04,0.60408,0.00082,11.18926,-0.86176,10.58494,0.15838,17.0,261.21,12 x 12,233.1,237.0,4425.0,135.1,137.0,24 x 22,128.25,-0.4183,0.00103,11.06151,-0.35714,-6.22013,0.15387,6.0,13.1,0.003
1692129600,2023-08-15 16:00,2023-08-15,16.0,4438.11,2024-01-19,1705698000,157.04,0.60017,0.00083,11.22003,-0.85948,10.52406,0.15716,1.0,239.19,12 x 12,229.7,233.6,4430.0,136.5,138.3,24 x 22,132.34,-0.42241,0.00104,11.07938,-0.35431,-6.24889,0.15261,3.0,8.1,0.002
1692129600,2023-08-15 16:00,2023-08-15,16.0,4438.11,2024-01-19,1705698000,157.04,0.59167,0.00088,11.28048,-0.85907,10.38433,0.15753,1.0,256.73,25 x 39,224.8,228.1,4440.0,139.6,141.5,23 x 35,134.42,-0.43259,0.00099,11.1102,-0.34909,-6.30838,0.15111,6.0,1.9,0.0
1692129600,2023-08-15 16:00,2023-08-15,16.0,4438.11,2024-01-19,1705698000,157.04,0.58412,0.00083,11.33139,-0.8494,10.27288,0.15481,2.0,222.97,14 x 39,216.2,220.2,4450.0,142.6,144.5,23 x 22,139.79,-0.44249,0.00107,11.1333,-0.34354,-6.36129,0.14925,3.0,11.9,0.003
1692129600,2023-08-15 16:00,2023-08-15,16.0,4438.11,2024-01-19,1705698000,157.04,0.57533,0.00083,11.38316,-0.8484,10.13176,0.15532,1.0,302.81,89 x 64,210.9,214.8,4460.0,145.7,147.6,23 x 21,140.85,-0.45354,0.00104,11.1471,-0.33747,-6.41019,0.1478,3.0,21.9,0.005
1692129600,2023-08-15 16:00,2023-08-15,16.0,4438.11,2024-01-19,1705698000,157.04,0.56751,0.0009,11.42758,-0.84257,9.99988,0.15365,1.0,253.1,89 x 39,204.3,208.2,4470.0,149.0,150.9,22 x 21,143.85,-0.46398,0.00108,11.15364,-0.33096,-6.45505,0.1463,3.0,31.9,0.007
1692129600,2023-08-15 16:00,2023-08-15,16.0,4438.11,2024-01-19,1705698000,157.04,0.56371,0.00091,11.448,-0.83577,9.94155,0.15205,6.0,254.6,14 x 25,199.9,203.6,4475.0,150.5,152.4,22 x 21,134.15,-0.47017,0.00107,11.15242,-0.32737,-6.47232,0.14597,2.0,36.9,0.008
1692129600,2023-08-15 16:00,2023-08-15,16.0,4438.11,2024-01-19,1705698000,157.04,0.55897,0.00088,11.46721,-0.83263,9.87325,0.15226,3.0,231.06,14 x 14,196.7,200.5,4480.0,151.5,152.8,22 x 20,141.97,-0.47617,0.00112,11.14415,-0.32178,-6.47576,0.14442,1.0,41.9,0.009
1692129600,2023-08-15 16:00,2023-08-15,16.0,4438.11,2024-01-19,1705698000,157.04,0.55024,0.00087,11.50311,-0.83058,9.72612,0.15147,10.0,232.16,44 x 44,191.5,195.4,4490.0,155.6,157.5,21 x 21,134.3,-0.48755,0.00111,11.13388,-0.31707,-6.52482,0.14413,52.0,51.9,0.012
1692129600,2023-08-15 16:00,2023-08-15,16.0,4438.11,2024-01-19,1705698000,157.04,0.54161,0.0009,11.53348,-0.82384,9.58598,0.15076,110.0,191.17,99 x 44,185.2,189.1,4500.0,159.0,161.0,21 x 21,155.04,-0.49954,0.00112,11.10717,-0.30995,-6.54912,0.14227,110.0,61.9,0.014
1692129600,2023-08-15 16:00,2023-08-15,16.0,4438.11,2024-01-19,1705698000,157.04,0.53242,0.00086,11.55918,-0.81618,9.44118,0.1499,6.0,230.47,20 x 20,180.1,181.9,4510.0,162.7,164.7,21 x 33,141.45,-0.51151,0.00124,11.06743,-0.30154,-6.56801,0.14098,3.0,71.9,0.016
1692129600,2023-08-15 16:00,2023-08-15,16.0,4438.11,2024-01-19,1705698000,157.04,0.52377,0.00087,11.5781,-0.80917,9.29405,0.14881,1.0,213.71,21 x 21,174.1,176.0,4520.0,165.5,167.4,20 x 20,0.0,-0.52483,0.00123,11.00471,-0.29057,-6.55653,0.13852,,81.9,0.018
1692129600,2023-08-15 16:00,2023-08-15,16.0,4438.11,2024-01-19,1705698000,157.04,0.51896,0.00094,11.58584,-0.80327,9.22155,0.14758,52.0,178.2,21 x 21,170.1,172.1,4525.0,167.4,170.3,10 x 10,169.55,-0.53155,0.00123,10.97571,-0.28813,-6.56666,0.13804,6.0,86.9,0.02
1692129600,2023-08-15 16:00,2023-08-15,16.0,4438.11,2024-01-19,1705698000,157.04,0.51418,0.00091,11.5926,-0.79924,9.14576,0.14634,1.0,273.97,21 x 21,167.1,169.0,4530.0,168.8,171.3,25 x 40,150.7,-0.53857,0.00128,10.9298,-0.28164,-6.54819,0.13644,50.0,91.9,0.021
1692129600,2023-08-15 16:00,2023-08-15,16.0,4438.11,2024-01-19,1705698000,157.04,0.50471,0.00098,11.59963,-0.79045,8.99214,0.14495,1.0,259.91,22 x 21,161.2,163.1,4540.0,173.1,176.0,10 x 10,172.42,-0.55184,0.00126,10.84651,-0.27417,-6.54672,0.13524,1.0,101.9,0.023
1692129600,2023-08-15 16:00,2023-08-15,16.0,4438.11,2024-01-19,1705698000,157.04,0.4958,0.00092,11.60101,-0.78493,8.83488,0.1446,102.0,172.47,22 x 20,156.2,157.9,4550.0,176.0,179.0,70 x 10,179.3,-0.56806,0.00136,10.71893,-0.26127,-6.48981,0.1324,12.0,111.9,0.025
1692129600,2023-08-15 16:00,2023-08-15,16.0,4438.11,2024-01-19,1705698000,157.04,0.48615,0.00091,11.59573,-0.77352,8.67657,0.14319,1.0,228.54,23 x 21,149.7,151.6,4560.0,181.1,184.0,10 x 10,123.32,-0.58244,0.00135,10.60147,-0.25326,-6.46904,0.13191,1.0,121.9,0.027
1692129600,2023-08-15 16:00,2023-08-15,16.0,4438.11,2024-01-19,1705698000,157.04,0.47617,0.00093,11.58352,-0.76718,8.51728,0.14261,,0.0,23 x 56,145.0,146.9,4570.0,184.2,187.2,35 x 60,173.34,-0.59982,0.00142,10.41533,-0.2394,-6.37109,0.12862,3.0,131.9,0.03
1692129600,2023-08-15 16:00,2023-08-15,16.0,4438.11,2024-01-19,1705698000,157.04,0.47178,0.00095,11.57487,-0.76208,8.43558,0.14201,1.0,182.07,23 x 21,142.1,144.0,4575.0,186.3,189.3,60 x 10,177.84,-0.60824,0.0014,10.31996,-0.23264,-6.32781,0.12765,10.0,136.9,0.031
1692129600,2023-08-15 16:00,2023-08-15,16.0,4438.11,2024-01-19,1705698000,157.04,0.46569,0.001,11.56356,-0.75465,8.35052,0.14041,31.0,186.18,24 x 21,138.5,140.4,4580.0,188.4,191.4,35 x 10,167.28,-0.61642,0.00145,10.21528,-0.22678,-6.27709,0.127,2.0,141.9,0.032
1692129600,2023-08-15 16:00,2023-08-15,16.0,4438.11,2024-01-19,1705698000,157.04,0.45667,0.00094,11.53832,-0.74768,8.1873,0.14059,1.0,153.7,24 x 22,133.9,135.8,4590.0,193.8,196.8,10 x 10,168.04,-0.63278,0.00144,10.01729,-0.21741,-6.1996,0.12566,12.0,151.9,0.034
1692129600,2023-08-15 16:00,2023-08-15,16.0,4438.11,2024-01-19,1705698000,157.04,0.44593,0.00096,11.50236,-0.73472,8.01445,0.1387,1.0,147.7,25 x 22,127.9,129.7,4600.0,197.2,200.2,35 x 10,202.77,-0.65475,0.00157,9.69402,-0.19992,-6.00331,0.12253,4.0,161.9,0.036
1692129600,2023-08-15 16:00,2023-08-15,16.0,4438.11,2024-01-19,1705698000,157.04,0.43598,0.00097,11.46019,-0.72408,7.84431,0.13763,2.0,141.15,26 x 34,122.8,124.7,4610.0,201.3,205.2,39 x 64,135.7,-0.67588,0.00164,9.3529,-0.18469,-5.80861,0.11991,2.0,171.9,0.039
1692129600,2023-08-15 16:00,2023-08-15,16.0,4438.11,2024-01-19,1705698000,157.04,0.42631,0.00093,11.41004,-0.71373,7.67133,0.1368,1.0,160.8,26 x 34,117.7,119.6,4620.0,206.0,209.9,39 x 64,139.5,-0.69871,0.00165,8.94134,-0.16848,-5.56261,0.11725,1.0,181.9,0.041
1692129600,2023-08-15 16:00,2023-08-15,16.0,4438.11,2024-01-19,1705698000,157.04,0.42126,0.00102,11.38505,-0.71021,7.58977,0.13657,162.0,149.69,26 x 22,115.9,117.7,4625.0,208.4,212.3,34 x 54,186.68,-0.71127,0.00165,8.70218,-0.15998,-5.41615,0.1162,100.0,186.9,0.042
1692129600,2023-08-15 16:00,2023-08-15,16.0,4438.11,2024-01-19,1705698000,157.04,0.41544,0.00095,11.35049,-0.70059,7.49164,0.13545,50.0,155.25,12 x 12,111.9,114.6,4630.0,211.9,215.8,14 x 14,170.1,-0.72006,0.00167,8.53757,-0.15576,-5.33568,0.11569,50.0,191.9,0.043
1692129600,2023-08-15 16:00,2023-08-15,16.0,4438.11,2024-01-19,1705698000,157.04,0.40545,0.00094,11.28596,-0.69081,7.31966,0.13524,2.0,166.84,26 x 22,107.9,109.7,4640.0,216.6,219.1,20 x 20,212.27,-0.7535,0.00182,7.81642,-0.13213,-4.85882,0.11138,1.0,201.9,0.045
1692129600,2023-08-15 16:00,2023-08-15,16.0,4438.11,2024-01-19,1705698000,157.04,0.39546,0.00095,11.21607,-0.68135,7.15002,0.13432,1.0,107.74,26 x 22,103.9,105.7,4650.0,221.6,224.2,20 x 20,194.61,-0.78812,0.00193,6.976,-0.10968,-4.30793,0.10732,6.0,211.9,0.048
1692129600,2023-08-15 16:00,2023-08-15,16.0,4438.11,2024-01-19,1705698000,157.04,0.38498,0.00096,11.12776,-0.66725,6.96154,0.13259,,0.0,27 x 23,98.7,100.4,4660.0,226.8,229.3,20 x 20,198.69,-0.83358,0.00216,5.75529,-0.08203,-3.49311,0.10322,2.0,221.9,0.05
1692129600,2023-08-15 16:00,2023-08-15,16.0,4438.11,2024-01-19,1705698000,157.04,0.37456,0.00096,11.04308,-0.65685,6.79171,0.13246,,0.0,27 x 103,94.9,96.6,4670.0,231.2,235.2,32 x 12,0.0,-0.91069,0.00245,3.32664,-0.03929,-1.86204,0.09449,,231.9,0.052
1692129600,2023-08-15 16:00,2023-08-15,16.0,4438.11,2024-01-19,1705698000,157.04,0.36926,0.00099,10.99411,-0.65125,6.70136,0.13163,2.0,99.79,27 x 103,92.7,94.4,4675.0,235.1,239.0,32 x 12,163.87,-0.95337,0.00262,1.8799,-0.02106,-0.91034,0.09177,15.0,236.9,0.053
1692129600,2023-08-15 16:00,2023-08-15,16.0,4438.11,2024-01-31,1706734800,169.04,0.92029,0.00021,4.34326,-0.70535,14.3943,0.26779,,0.0,15 x 15,983.8,993.6,3550.0,28.4,29.1,40 x 94,0.0,-0.07441,0.00021,4.27796,-0.28919,-1.61356,0.26473,,888.1,0.2
1692129600,2023-08-15 16:00,2023-08-15,16.0,4438.11,2024-01-31,1706734800,169.04,0.91382,0.00016,4.63433,-0.72237,14.46902,0.26135,,0.0,1 x 1,937.9,946.6,3600.0,30.7,31.3,84 x 33,27.5,-0.08172,0.0002,4.56827,-0.2983,-1.75256,0.25843,4.0,838.1,0.189
1692129600,2023-08-15 16:00,2023-08-15,16.0,4438.11,2024-01-31,1706734800,169.04,0.90566,0.00026,4.9578,-0.74043,14.52146,0.2551,,0.0,15 x 15,891.4,901.1,3650.0,33.3,34.0,78 x 31,0.0,-0.0888,0.00017,4.88993,-0.30953,-1.9107,0.25187,,788.1,0.178
1692129600,2023-08-15 16:00,2023-08-15,16.0,4438.11,2024-01-31,1706734800,169.04,0.89704,0.00021,5.297,-0.75752,14.55756,0.24875,,0.0,15 x 15,845.6,855.3,3700.0,36.2,36.9,75 x 74,32.63,-0.09755,0.00024,5.23078,-0.32071,-2.08436,0.24529,4.0,738.1,0.166
1692129600,2023-08-15 16:00,2023-08-15,16.0,4438.11,2024-01-31,1706734800,169.04,0.88796,0.00025,5.65619,-0.77509,14.57512,0.24193,1.0,872.31,15 x 15,800.2,809.7,3750.0,39.6,40.4,43 x 42,35.37,-0.10818,0.00031,5.60676,-0.33267,-2.28233,0.23934,5.0,688.1,0.155
1692129600,2023-08-15 16:00,2023-08-15,16.0,4438.11,2024-01-31,1706734800,169.04,0.88282,0.00028,5.84268,-0.78305,14.576,0.23855,2.0,847.48,15 x 15,777.5,787.1,3775.0,41.3,42.1,42 x 40,0.0,-0.11302,0.00027,5.79437,-0.33714,-2.38276,0.23607,,663.1,0.149
1692129600,2023-08-15 16:00,2023-08-15,16.0,4438.11,2024-01-31,1706734800,169.04,0.87705,0.00029,6.03489,-0.79214,14.57135,0.23624,12.0,829.08,15 x 15,755.0,764.5,3800.0,43.1,43.9,41 x 39,38.05,-0.11815,0.00027,5.98693,-0.34263,-2.48789,0.23305,5.0,638.1,0.144
1692129600,2023-08-15 16:00,2023-08-15,16.0,4438.11,2024-01-31,1706734800,169.04,0.87499,0.00025,6.11694,-0.78774,14.63913,0.22923,21.0,803.64,1 x 15,728.0,742.0,3825.0,45.0,45.9,40 x 74,0.0,-0.12348,0.00032,6.18895,-0.34785,-2.59947,0.22947,,613.1,0.138
1692129600,2023-08-15 16:00,2023-08-15,16.0,4438.11,2024-01-31,1706734800,169.04,0.8663,0.00034,6.43472,-0.80841,14.54218,0.22923,26.0,785.39,15 x 15,710.2,719.7,3850.0,46.7,47.9,37 x 71,45.43,-0.12933,0.00027,6.38641,-0.3518,-2.71017,0.22641,1.0,588.1,0.133
1692129600,2023-08-15 16:00,2023-08-15,16.0,4438.11,2024-01-31,1706734800,169.04,0.85961,0.00029,6.64629,-0.81647,14.51524,0.22629,7.0,762.67,3 x 3,689.7,695.9,3875.0,48.8,49.7,38 x 36,0.0,-0.13618,0.00036,6.5892,-0.35596,-2.82553,0.22309,,563.1,0.127
1692129600,2023-08-15 16:00,2023-08-15,16.0,4438.11,2024-01-31,1706734800,169.04,0.85327,0.00035,6.85564,-0.8241,14.48631,0.22356,,0.0,15 x 15,665.9,675.3,3900.0,51.1,52.0,24 x 68,44.69,-0.14229,0.0003,6.8087,-0.36135,-2.95421,0.21994,2.0,538.1,0.121
1692129600,2023-08-15 16:00,2023-08-15,16.0,4438.11,2024-01-31,1706734800,169.04,0.84626,0.00037,7.07314,-0.83077,14.44714,0.22055,,0.0,15 x 15,643.9,653.3,3925.0,53.1,54.6,33 x 33,0.0,-0.14952,0.00032,7.02789,-0.36468,-3.08431,0.21655,,513.1,0.116
1692129600,2023-08-15 16:00,2023-08-15,16.0,4438.11,2024-01-31,1706734800,169.04,0.83899,0.00041,7.29633,-0.83787,14.39958,0.21772,4.0,692.14,15 x 15,622.1,631.4,3950.0,56.1,57.1,36 x 32,54.83,-0.1569,0.00033,7.26347,-0.37084,-3.22895,0.2142,18.0,488.1,0.11
1692129600,2023-08-15 16:00,2023-08-15,16.0,4438.11,2024-01-31,1706734800,169.04,0.8318,0.00036,7.52251,-0.84501,14.34409,0.21462,1.0,651.67,15 x 15,600.4,609.6,3975.0,58.7,59.7,35 x 30,54.67,-0.16534,0.00039,7.49407,-0.374,-3.37117,0.21119,1.0,463.1,0.104
1692129600,2023-08-15 16:00,2023-08-15,16.0,4438.11,2024-01-31,1706734800,169.04,0.82358,0.0004,7.75276,-0.85148,14.28046,0.21165,101.0,630.38,15 x 15,578.8,588.0,4000.0,61.5,62.5,34 x 30,59.33,-0.17368,0.00041,7.73061,-0.37809,-3.52073,0.20865,1.0,438.1,0.099
1692129600,2023-08-15 16:00,2023-08-15,16.0,4438.11,2024-01-31,1706734800,169.04,0.81554,0.00043,7.96712,-0.85479,14.22521,0.20744,,0.0,1 x 1,557.5,565.2,4025.0,63.9,65.1,33 x 29,56.68,-0.18119,0.00042,7.95601,-0.38031,-3.66415,0.20492,20.0,413.1,0.093
1692129600,2023-08-15 16:00,2023-08-15,16.0,4438.11,2024-01-31,1706734800,169.04,0.80932,0.00042,8.12958,-0.86084,14.15866,0.20677,3.0,599.56,15 x 15,544.6,553.7,4040.0,65.8,66.9,33 x 57,58.23,-0.18669,0.00044,8.10263,-0.38172,-3.76143,0.20247,13.0,398.1,0.09
1692129600,2023-08-15 16:00,2023-08-15,16.0,4438.11,2024-01-31,1706734800,169.04,0.80617,0.00047,8.2246,-0.86305,14.12428,0.20552,2.0,588.34,15 x 15,536.1,545.2,4050.0,67.4,68.5,32 x 28,62.22,-0.19116,0.00044,8.21092,-0.38491,-3.83521,0.20179,5.0,388.1,0.087
1692129600,2023-08-15 16:00,2023-08-15,16.0,4438.11,2024-01-31,1706734800,169.04,0.80218,0.00048,8.32148,-0.86492,14.08782,0.20443,,0.0,15 x 15,527.7,536.7,4060.0,68.3,69.4,32 x 28,0.0,-0.19485,0.00042,8.29783,-0.38386,-3.89175,0.19991,,378.1,0.085
1692129600,2023-08-15 16:00,2023-08-15,16.0,4438.11,2024-01-31,1706734800,169.04,0.79913,0.00041,8.41669,-0.86687,14.05025,0.20335,,0.0,15 x 15,519.3,528.2,4070.0,69.6,70.7,32 x 28,68.5,-0.1988,0.00047,8.39547,-0.3853,-3.95822,0.19957,10.0,368.1,0.083
1692129600,2023-08-15 16:00,2023-08-15,16.0,4438.11,2024-01-31,1706734800,169.04,0.80018,0.00048,8.39359,-0.85853,14.10136,0.19999,,0.0,1 x 15,510.2,524.0,4075.0,70.2,71.9,26 x 53,0.0,-0.20094,0.0005,8.45259,-0.38683,-3.99804,0.19841,,363.1,0.082
1692129600,2023-08-15 16:00,2023-08-15,16.0,4438.11,2024-01-31,1706734800,169.04,0.79786,0.00049,8.44302,-0.85923,14.08044,0.19859,,0.0,1 x 15,506.0,519.8,4080.0,70.9,72.1,31 x 27,0.0,-0.20277,0.00046,8.49586,-0.38648,-4.02676,0.19781,,358.1,0.081
1692129600,2023-08-15 16:00,2023-08-15,16.0,4438.11,2024-01-31,1706734800,169.04,0.79123,0.00052,8.61085,-0.87074,13.97032,0.20088,,0.0,15 x 15,502.5,511.4,4090.0,72.7,73.9,31 x 53,0.0,-0.20782,0.00052,8.60735,-0.38853,-4.10684,0.19678,,348.1,0.078
1692129600,2023-08-15 16:00,2023-08-15,16.0,4438.11,2024-01-31,1706734800,169.04,0.78752,0.00046,8.69162,-0.87091,13.9438,0.19889,,0.0,1 x 1,494.3,501.8,4100.0,73.9,74.8,19 x 26,0.0,-0.2109,0.00048,8.69689,-0.38777,-4.16689,0.19548,,338.1,0.076
1692129600,2023-08-15 16:00,2023-08-15,16.0,4438.11,2024-01-31,1706734800,169.04,0.78265,0.00049,8.80649,-0.875,13.88135,0.19819,,0.0,15 x 15,485.9,494.7,4110.0,75.0,76.3,31 x 27,0.0,-0.21577,0.00053,8.79333,-0.38864,-4.23458,0.19415,,328.1,0.074
1692129600,2023-08-15 16:00,2023-08-15,16.0,4438.11,2024-01-31,1706734800,169.04,0.77935,0.00047,8.90411,-0.87596,13.8356,0.19715,,0.0,15 x 15,477.6,486.4,4120.0,76.5,78.2,25 x 51,0.0,-0.21975,0.00054,8.90027,-0.39022,-4.31189,0.19362,,318.1,0.072
1692129600,2023-08-15 16:00,2023-08-15,16.0,4438.11,2024-01-31,1706734800,169.04,0.77658,0.00046,8.95366,-0.87652,13.81099,0.19671,,0.0,15 x 15,473.5,482.3,4125.0,77.2,78.9,25 x 25,0.0,-0.22175,0.0005,8.94949,-0.39019,-4.34729,0.19299,,313.1,0.071
1692129600,2023-08-15 16:00,2023-08-15,16.0,4438.11,2024-01-31,1706734800,169.04,0.77491,0.00053,9.00055,-0.87695,13.78901,0.19578,2.0,561.05,15 x 15,469.4,478.1,4130.0,78.0,79.7,25 x 51,0.0,-0.22488,0.00056,8.99994,-0.39011,-4.38482,0.19228,,308.1,0.069
1692129600,2023-08-15 16:00,2023-08-15,16.0,4438.11,2024-01-31,1706734800,169.04,0.77037,0.00052,9.09839,-0.87862,13.73895,0.19474,24.0,552.83,15 x 15,461.1,469.9,4140.0,79.5,80.5,30 x 19,0.0,-0.229,0.00055,9.09079,-0.38986,-4.44909,0.1906,,298.1,0.067
1692129600,2023-08-15 16:00,2023-08-15,16.0,4438.11,2024-01-31,1706734800,169.04,0.76899,0.00051,9.13884,-0.87062,13.75121,0.19109,,0.0,1 x 15,448.0,461.7,4150.0,80.6,82.8,15 x 26,71.16,-0.23301,0.00052,9.19496,-0.39067,-4.5261,0.18895,2.0,288.1,0.065
1692129600,2023-08-15 16:00,2023-08-15,16.0,4438.11,2024-01-31,1706734800,169.04,0.76141,0.00053,9.2946,-0.88078,13.63288,0.19277,,0.0,15 x 15,444.8,453.5,4160.0,82.6,83.7,29 x 19,0.0,-0.23841,0.0006,9.29208,-0.39076,-4.59743,0.18836,,278.1,0.063
1692129600,2023-08-15 16:00,2023-08-15,16.0,4438.11,2024-01-31,1706734800,169.04,0.75678,0.00053,9.39284,-0.88205,13.57575,0.19144,,0.0,15 x 15,436.7,445.4,4170.0,83.8,86.1,15 x 25,0.0,-0.24288,0.00057,9.39561,-0.39139,-4.67675,0.18653,20.0,268.1,0.06
1692129600,2023-08-15 16:00,2023-08-15,16.0,4438.11,2024-01-31,1706734800,169.04,0.75474,0.00056,9.4422,-0.88262,13.54689,0.19049,,0.0,15 x 15,432.7,441.3,4175.0,84.6,86.9,15 x 25,83.47,-0.246,0.00056,9.44487,-0.39133,-4.71426,0.18655,3.0,263.1,0.059
1692129600,2023-08-15 16:00,2023-08-15,16.0,4438.11,2024-01-31,1706734800,169.04,0.7529,0.00056,9.49111,-0.88264,13.51826,0.18944,,0.0,15 x 15,428.6,437.3,4180.0,85.4,87.8,15 x 25,0.0,-0.24814,0.00061,9.49505,-0.39058,-4.75313,0.18529,,258.1,0.058
1692129600,2023-08-15 16:00,2023-08-15,16.0,4438.11,2024-01-31,1706734800,169.04,0.74898,0.00053,9.55652,-0.8782,13.49778,0.18732,,0.0,15 x 6,420.6,425.9,4190.0,88.1,89.5,28 x 25,78.18,-0.25357,0.00061,9.60414,-0.39316,-4.84077,0.18539,4.0,248.1,0.056
1692129600,2023-08-15 16:00,2023-08-15,16.0,4438.11,2024-01-31,1706734800,169.04,0.74381,0.00051,9.67662,-0.8826,13.40849,0.18692,,0.0,7 x 7,414.8,417.9,4200.0,89.9,91.2,28 x 25,0.0,-0.25927,0.00057,9.70239,-0.39221,-4.91889,0.18423,,238.1,0.054
1692129600,2023-08-15 16:00,2023-08-15,16.0,4438.11,2024-01-31,1706734800,169.04,0.73882,0.00058,9.77324,-0.88261,13.34346,0.1856,,0.0,7 x 7,406.8,409.9,4210.0,91.1,92.2,28 x 16,0.0,-0.26362,0.00064,9.78838,-0.39027,-4.9813,0.18163,,228.1,0.051
1692129600,2023-08-15 16:00,2023-08-15,16.0,4438.11,2024-01-31,1706734800,169.04,0.73331,0.00061,9.87133,-0.88295,13.27621,0.18467,,0.0,7 x 7,398.9,402.0,4220.0,92.4,94.9,15 x 24,0.0,-0.26924,0.00066,9.88848,-0.39011,-5.0646,0.18099,,218.1,0.049
1692129600,2023-08-15 16:00,2023-08-15,16.0,4438.11,2024-01-31,1706734800,169.04,0.73081,0.00061,9.92073,-0.88334,13.24022,0.18414,,0.0,7 x 7,395.0,398.1,4225.0,94.4,95.8,28 x 24,91.19,-0.27288,0.00062,9.94654,-0.39144,-5.11546,0.18071,2.0,213.1,0.048
1692129600,2023-08-15 16:00,2023-08-15,16.0,4438.11,2024-01-31,1706734800,169.04,0.72839,0.00059,9.96803,-0.88343,13.20711,0.18356,9.0,400.61,7 x 7,391.0,394.1,4230.0,94.2,96.7,15 x 24,87.99,-0.27493,0.00065,9.98402,-0.38961,-5.14219,0.17967,1.0,208.1,0.047
1692129600,2023-08-15 16:00,2023-08-15,16.0,4438.11,2024-01-31,1706734800,169.04,0.72338,0.00058,10.06411,-0.88381,13.13385,0.18276,1.0,392.61,7 x 7,383.2,386.3,4240.0,96.6,97.7,27 x 15,86.54,-0.28116,0.00068,10.077,-0.38747,-5.21796,0.17856,1.0,198.1,0.045
1692129600,2023-08-15 16:00,2023-08-15,16.0,4438.11,2024-01-31,1706734800,169.04,0.71727,0.00058,10.15971,-0.88354,13.06036,0.18122,7.0,385.5,7 x 7,375.4,378.5,4250.0,98.9,99.7,16 x 15,96.06,-0.2869,0.00072,10.17449,-0.38788,-5.30172,0.17697,1.0,188.1,0.042
1692129600,2023-08-15 16:00,2023-08-15,16.0,4438.11,2024-01-31,1706734800,169.04,0.71234,0.0006,10.25467,-0.88329,12.98377,0.18032,1.0,402.11,7 x 7,368.5,369.9,4260.0,100.6,101.7,27 x 15,84.9,-0.29264,0.00071,10.26583,-0.38674,-5.37884,0.17535,2.0,178.1,0.04
1692129600,2023-08-15 16:00,2023-08-15,16.0,4438.11,2024-01-31,1706734800,169.04,0.70687,0.00063,10.34746,-0.88252,12.90539,0.17872,1.0,370.62,7 x 7,359.9,363.0,4270.0,102.6,103.7,27 x 14,0.0,-0.29848,0.00066,10.35829,-0.38461,-5.4583,0.17397,,168.1,0.038
1692129600,2023-08-15 16:00,2023-08-15,16.0,4438.11,2024-01-31,1706734800,169.04,0.7038,0.00065,10.39416,-0.88186,12.86514,0.17792,1.0,395.08,7 x 7,356.1,359.1,4275.0,103.6,105.1,27 x 23,100.96,-0.30258,0.00073,10.40606,-0.38441,-5.50205,0.17387,2.0,163.1,0.037
1692129600,2023-08-15 16:00,2023-08-15,16.0,4438.11,2024-01-31,1706734800,169.04,0.70111,0.0006,10.43957,-0.8813,12.82519,0.17796,,0.0,7 x 7,352.2,355.3,4280.0,104.6,105.8,27 x 14,0.0,-0.30516,0.00068,10.44782,-0.38369,-5.53834,0.17292,,158.1,0.036
1692129600,2023-08-15 16:00,2023-08-15,16.0,4438.11,2024-01-31,1706734800,169.04,0.69404,0.00065,10.54784,-0.88525,12.71237,0.17775,,0.0,7 x 15,344.5,350.7,4290.0,106.8,107.9,26 x 14,0.0,-0.31174,0.00068,10.53743,-0.38187,-5.61911,0.17185,2.0,148.1,0.033
1692129600,2023-08-15 16:00,2023-08-15,16.0,4438.11,2024-01-31,1706734800,169.04,0.68909,0.00066,10.6221,-0.87987,12.65543,0.17495,,0.0,7 x 7,337.0,340.1,4300.0,109.2,110.1,15 x 13,100.9,-0.31849,0.00078,10.62584,-0.38061,-5.70237,0.17056,1.0,138.1,0.031
1692129600,2023-08-15 16:00,2023-08-15,16.0,4438.11,2024-01-31,1706734800,169.04,0.68421,0.00069,10.70063,-0.876,12.58561,0.17332,,0.0,15 x 8,327.6,332.5,4310.0,111.4,112.3,14 x 13,0.0,-0.32504,0.00076,10.71058,-0.37898,-5.7813,0.16969,,128.1,0.029
1692129600,2023-08-15 16:00,2023-08-15,16.0,4438.11,2024-01-31,1706734800,169.04,0.67726,0.00071,10.78919,-0.87379,12.49403,0.17268,,0.0,15 x 8,320.1,325.0,4320.0,113.6,114.6,14 x 13,0.0,-0.33232,0.00079,10.79276,-0.37684,-5.86022,0.16857,,118.1,0.027
1692129600,2023-08-15 16:00,2023-08-15,16.0,4438.11,2024-01-31,1706734800,169.04,0.67458,0.00064,10.83344,-0.87353,12.44508,0.17172,,0.0,2 x 8,316.6,321.3,4325.0,114.5,115.7,26 x 13,0.0,-0.33531,0.00081,10.83131,-0.37489,-5.89733,0.16755,,113.1,0.025
1692129600,2023-08-15 16:00,2023-08-15,16.0,4438.11,2024-01-31,1706734800,169.04,0.67164,0.00068,10.87605,-0.87289,12.39975,0.17137,,0.0,15 x 8,312.7,317.6,4330.0,115.9,116.9,14 x 13,0.0,-0.33943,0.00077,10.87219,-0.37417,-5.9396,0.16737,,108.1,0.024
1692129600,2023-08-15 16:00,2023-08-15,16.0,4438.11,2024-01-31,1706734800,169.04,0.66413,0.00068,10.96689,-0.87309,12.28797,0.17056,,0.0,4 x 4,307.7,309.5,4340.0,118.0,119.3,25 x 12,105.85,-0.34697,0.00083,10.94827,-0.37192,-6.01475,0.16598,2.0,98.1,0.022
1692129600,2023-08-15 16:00,2023-08-15,16.0,4438.11,2024-01-31,1706734800,169.04,0.65804,0.00068,11.04924,-0.87088,12.18973,0.16986,1.0,339.22,5 x 5,300.4,302.1,4350.0,120.7,121.7,14 x 12,107.72,-0.35386,0.00085,11.02343,-0.36898,-6.09498,0.164,8.0,88.1,0.02
1692129600,2023-08-15 16:00,2023-08-15,16.0,4438.11,2024-01-31,1706734800,169.04,0.65143,0.00073,11.12929,-0.86883,12.08634,0.1689,,0.0,5 x 5,293.2,294.9,4360.0,123.0,124.2,25 x 12,0.0,-0.36209,0.00081,11.09315,-0.36645,-6.1696,0.16274,,78.1,0.018
1692129600,2023-08-15 16:00,2023-08-15,16.0,4438.11,2024-01-31,1706734800,169.04,0.64498,0.00072,11.20791,-0.86612,11.98245,0.1676,,0.0,5 x 5,286.0,287.7,4370.0,125.5,126.7,25 x 11,110.25,-0.36947,0.00083,11.16039,-0.36254,-6.24331,0.16138,2.0,68.1,0.015
1692129600,2023-08-15 16:00,2023-08-15,16.0,4438.11,2024-01-31,1706734800,169.04,0.64209,0.00074,11.24156,-0.86237,11.9415,0.16596,,0.0,15 x 8,280.0,284.9,4375.0,126.7,128.0,25 x 11,0.0,-0.37374,0.00091,11.19166,-0.36123,-6.27835,0.16042,,63.1,0.014
1692129600,2023-08-15 16:00,2023-08-15,16.0,4438.11,2024-01-31,1706734800,169.04,0.63816,0.00076,11.28356,-0.86309,11.87426,0.16652,,0.0,5 x 5,278.9,280.5,4380.0,128.2,129.3,13 x 11,0.0,-0.37722,0.00085,11.22353,-0.35926,-6.31583,0.1606,,58.1,0.013
1692129600,2023-08-15 16:00,2023-08-15,16.0,4438.11,2024-01-31,1706734800,169.04,0.63093,0.00073,11.35593,-0.86017,11.76509,0.16479,,0.0,5 x 5,271.6,273.5,4390.0,130.9,131.9,13 x 13,0.0,-0.38588,0.00091,11.28175,-0.35568,-6.38837,0.15864,,48.1,0.011
1692129600,2023-08-15 16:00,2023-08-15,16.0,4438.11,2024-01-31,1706734800,169.04,0.62448,0.00072,11.42695,-0.85676,11.65103,0.16377,47.0,0.0,9 x 9,265.0,266.2,4400.0,133.6,134.6,13 x 13,131.08,-0.39406,0.0009,11.33663,-0.3518,-6.45733,0.15806,6.0,38.1,0.009
1692129600,2023-08-15 16:00,2023-08-15,16.0,4438.11,2024-01-31,1706734800,169.04,0.61657,0.00082,11.49404,-0.85315,11.53636,0.16233,,0.0,6 x 9,257.8,259.3,4410.0,136.2,137.5,24 x 10,121.19,-0.40294,0.00092,11.38574,-0.34837,-6.52444,0.15575,2.0,28.1,0.006
1692129600,2023-08-15 16:00,2023-08-15,16.0,4438.11,2024-01-31,1706734800,169.04,0.60905,0.00075,11.55976,-0.84988,11.41412,0.162,2.0,302.27,6 x 6,251.1,252.8,4420.0,139.0,140.4,24 x 10,0.0,-0.41201,0.00092,11.42849,-0.34321,-6.58746,0.15438,,18.1,0.004
1692129600,2023-08-15 16:00,2023-08-15,16.0,4438.11,2024-01-31,1706734800,169.04,0.60595,0.00077,11.58949,-0.84716,11.35853,0.16117,,0.0,6 x 9,247.5,248.8,4425.0,140.6,141.6,12 x 12,138.0,-0.41725,0.00098,11.44798,-0.3411,-6.61775,0.15395,3.0,13.1,0.003
1692129600,2023-08-15 16:00,2023-08-15,16.0,4438.11,2024-01-31,1706734800,169.04,0.60194,0.00082,11.6183,-0.84304,11.30517,0.1596,2.0,297.97,15 x 9,241.8,246.4,4430.0,141.9,143.3,24 x 10,0.0,-0.42196,0.00098,11.46514,-0.33904,-6.64849,0.15308,,8.1,0.002
1692129600,2023-08-15 16:00,2023-08-15,16.0,4438.11,2024-01-31,1706734800,169.04,0.59473,0.00077,11.67864,-0.84148,11.17118,0.1595,,0.0,6 x 6,237.3,239.0,4440.0,144.8,146.2,24 x 10,146.13,-0.43101,0.00095,11.49567,-0.33414,-6.70529,0.15224,3.0,1.9,0.0
1692129600,2023-08-15 16:00,2023-08-15,16.0,4438.11,2024-01-31,1706734800,169.04,0.58646,0.00085,11.73254,-0.83669,11.04466,0.158,1.0,254.28,9 x 9,230.8,231.9,4450.0,148.1,149.3,12 x 10,145.5,-0.44064,0.00102,11.51952,-0.32875,-6.7611,0.15093,2.0,11.9,0.003
1692129600,2023-08-15 16:00,2023-08-15,16.0,4438.11,2024-01-31,1706734800,169.04,0.57887,0.00078,11.78327,-0.83143,10.91351,0.15673,1.0,298.19,7 x 7,224.0,225.7,4460.0,151.0,152.4,23 x 8,133.48,-0.45075,0.00105,11.53497,-0.32281,-6.80837,0.14949,4.0,21.9,0.005
1692129600,2023-08-15 16:00,2023-08-15,16.0,4438.11,2024-01-31,1706734800,169.04,0.5712,0.00083,11.82931,-0.82714,10.77951,0.15568,1.0,283.29,7 x 7,217.4,219.2,4470.0,154.2,155.6,23 x 8,145.0,-0.46117,0.00106,11.5416,-0.3176,-6.85254,0.14783,1.0,31.9,0.007
1692129600,2023-08-15 16:00,2023-08-15,16.0,4438.11,2024-01-31,1706734800,169.04,0.56681,0.00088,11.85159,-0.82428,10.71057,0.15557,1.0,245.5,7 x 7,214.4,216.1,4475.0,155.8,157.3,22 x 8,141.8,-0.46683,0.00108,11.54124,-0.31451,-6.87284,0.14668,2.0,36.9,0.008
1692129600,2023-08-15 16:00,2023-08-15,16.0,4438.11,2024-01-31,1706734800,169.04,0.56253,0.00085,11.8716,-0.82098,10.64413,0.15474,,0.0,7 x 7,211.0,212.7,4480.0,157.4,158.9,22 x 8,145.59,-0.4723,0.00111,11.53837,-0.31112,-6.89094,0.14596,1.0,41.9,0.009
1692129600,2023-08-15 16:00,2023-08-15,16.0,4438.11,2024-01-31,1706734800,169.04,0.55501,0.00087,11.90946,-0.81382,10.50833,0.15342,,0.0,15 x 10,202.4,207.0,4490.0,160.8,162.3,22 x 8,144.21,-0.48354,0.00114,11.52562,-0.30429,-6.92382,0.14497,4.0,51.9,0.012
1692129600,2023-08-15 16:00,2023-08-15,16.0,4438.11,2024-01-31,1706734800,169.04,0.54673,0.00089,11.94239,-0.80873,10.36327,0.15273,4.0,248.46,10 x 10,198.4,199.5,4500.0,164.3,165.6,11 x 8,147.1,-0.49446,0.00113,11.50154,-0.29796,-6.94806,0.14304,1.0,61.9,0.014
1692129600,2023-08-15 16:00,2023-08-15,16.0,4438.11,2024-01-31,1706734800,169.04,0.53826,0.00082,11.97075,-0.803,10.21797,0.1515,,0.0,20 x 27,192.0,193.7,4510.0,167.7,169.2,21 x 8,145.5,-0.50638,0.00113,11.46401,-0.28996,-6.96437,0.14129,5.0,71.9,0.016
1692129600,2023-08-15 16:00,2023-08-15,16.0,4438.11,2024-01-31,1706734800,169.04,0.52911,0.00089,11.9941,-0.7964,10.06945,0.15014,,0.0,27 x 7,185.9,187.6,4520.0,171.3,172.7,21 x 8,148.09,-0.51951,0.00117,11.41223,-0.28237,-6.97092,0.13996,1.0,81.9,0.018
1692129600,2023-08-15 16:00,2023-08-15,16.0,4438.11,2024-01-31,1706734800,169.04,0.52467,0.00088,12.00369,-0.7932,9.99458,0.14971,2.0,256.96,28 x 7,182.9,184.5,4525.0,173.1,174.6,20 x 7,167.1,-0.5252,0.00116,11.38077,-0.27835,-6.97093,0.13911,1.0,86.9,0.02
1692129600,2023-08-15 16:00,2023-08-15,16.0,4438.11,2024-01-31,1706734800,169.04,0.52089,0.00084,12.01126,-0.78952,9.91843,0.14923,2.0,253.86,21 x 7,179.8,181.5,4530.0,174.6,176.3,7 x 7,0.0,-0.5319,0.00115,11.34336,-0.27378,-6.96268,0.13784,,91.9,0.021
1692129600,2023-08-15 16:00,2023-08-15,16.0,4438.11,2024-01-31,1706734800,169.04,0.51192,0.00087,12.02343,-0.78213,9.76399,0.14801,2.0,247.63,28 x 7,173.9,175.5,4540.0,178.6,180.2,7 x 7,0.0,-0.54548,0.00118,11.26118,-0.26516,-6.95167,0.13673,,101.9,0.023
1692129600,2023-08-15 16:00,2023-08-15,16.0,4438.11,2024-01-31,1706734800,169.04,0.50241,0.0009,12.02979,-0.7738,9.60777,0.14656,,0.0,29 x 11,168.0,169.1,4550.0,182.6,184.0,10 x 7,177.55,-0.5591,0.00126,11.15778,-0.25606,-6.9244,0.13506,1.0,111.9,0.025
1692129600,2023-08-15 16:00,2023-08-15,16.0,4438.11,2024-01-31,1706734800,169.04,0.49406,0.00089,12.03003,-0.76672,9.44857,0.14643,3.0,192.91,29 x 7,162.2,163.8,4560.0,186.3,188.0,7 x 7,0.0,-0.57376,0.00128,11.03037,-0.24577,-6.87744,0.13255,,121.9,0.027
1692129600,2023-08-15 16:00,2023-08-15,16.0,4438.11,2024-01-31,1706734800,169.04,0.4845,0.00095,12.02433,-0.7581,9.28688,0.14485,,0.0,22 x 20,156.6,158.3,4570.0,190.4,192.0,7 x 7,0.0,-0.58973,0.00129,10.87907,-0.23624,-6.81485,0.13096,,131.9,0.03
1692129600,2023-08-15 16:00,2023-08-15,16.0,4438.11,2024-01-31,1706734800,169.04,0.48029,0.00089,12.01813,-0.75373,9.20411,0.14435,2.0,181.2,30 x 7,153.7,155.3,4575.0,191.7,196.2,9 x 15,0.0,-0.59602,0.00133,10.8105,-0.23292,-6.79819,0.13125,,136.9,0.031
1692129600,2023-08-15 16:00,2023-08-15,16.0,4438.11,2024-01-31,1706734800,169.04,0.4755,0.00096,12.01105,-0.74977,9.12279,0.14382,1.0,182.64,23 x 21,151.0,152.7,4580.0,194.5,196.1,7 x 7,189.85,-0.60542,0.00135,10.69822,-0.2251,-6.72906,0.12897,2.0,141.9,0.032
1692129600,2023-08-15 16:00,2023-08-15,16.0,4438.11,2024-01-31,1706734800,169.04,0.46637,0.00095,11.99213,-0.74115,8.95631,0.14324,1.0,144.84,30 x 7,145.7,147.2,4590.0,198.7,200.4,7 x 7,0.0,-0.62299,0.00144,10.48455,-0.21382,-6.62167,0.12686,,151.9,0.034
1692129600,2023-08-15 16:00,2023-08-15,16.0,4438.11,2024-01-31,1706734800,169.04,0.45678,0.0009,11.96549,-0.73064,8.78431,0.14174,2.0,144.76,24 x 13,140.1,141.1,4600.0,203.3,204.5,9 x 8,198.56,-0.64105,0.00143,10.23169,-0.20085,-6.48411,0.12461,1.0,161.9,0.036
1692129600,2023-08-15 16:00,2023-08-15,16.0,4438.11,2024-01-31,1706734800,169.04,0.44695,0.00096,11.93225,-0.72168,8.61455,0.1404,,0.0,8 x 8,134.7,136.4,4610.0,207.5,209.1,7 x 7,199.73,-0.66025,0.00152,9.92721,-0.1874,-6.30831,0.12269,1.0,171.9,0.039
1692129600,2023-08-15 16:00,2023-08-15,16.0,4438.11,2024-01-31,1706734800,169.04,0.43717,0.00094,11.89146,-0.71174,8.44043,0.13957,2.0,134.16,24 x 8,129.6,131.1,4620.0,212.0,213.7,7 x 7,180.73,-0.68155,0.00157,9.56429,-0.17309,-6.09053,0.12056,2.0,181.9,0.041
1692129600,2023-08-15 16:00,2023-08-15,16.0,4438.11,2024-01-31,1706734800,169.04,0.43265,0.00096,11.86915,-0.70649,8.35233,0.13968,4.0,153.59,24 x 8,127.1,128.5,4625.0,214.3,216.1,7 x 7,203.7,-0.69303,0.00157,9.3575,-0.16624,-5.96312,0.1187,2.0,186.9,0.042
1692129600,2023-08-15 16:00,2023-08-15,16.0,4438.11,2024-01-31,1706734800,169.04,0.42841,0.00089,11.84431,-0.70176,8.26486,0.13866,,0.0,24 x 8,124.6,126.0,4630.0,216.7,218.4,7 x 7,206.71,-0.70397,0.00167,9.12826,-0.1577,-5.81882,0.11745,1.0,191.9,0.043
1692129600,2023-08-15 16:00,2023-08-15,16.0,4438.11,2024-01-31,1706734800,169.04,0.41791,0.00091,11.78858,-0.69063,8.08611,0.13786,2.0,145.77,25 x 8,119.6,121.0,4640.0,221.4,223.3,7 x 7,190.99,-0.72977,0.00164,8.59318,-0.14118,-5.47497,0.11499,5.0,201.9,0.045
1692129600,2023-08-15 16:00,2023-08-15,16.0,4438.11,2024-01-31,1706734800,169.04,0.40801,0.00095,11.7244,-0.67941,7.90522,0.1363,12.0,140.0,39 x 14,114.8,115.7,4650.0,226.3,228.0,7 x 7,219.85,-0.76051,0.0018,7.89535,-0.12196,-5.01275,0.1114,1.0,211.9,0.048
1692129600,2023-08-15 16:00,2023-08-15,16.0,4438.11,2024-01-31,1706734800,169.04,0.3987,0.00091,11.65387,-0.6696,7.72649,0.13603,,0.0,25 x 10,110.0,111.4,4660.0,231.3,233.2,6 x 6,196.48,-0.79552,0.00189,6.98614,-0.09922,-4.3989,0.10767,5.0,221.9,0.05
1692129600,2023-08-15 16:00,2023-08-15,16.0,4438.11,2024-01-31,1706734800,169.04,0.38853,0.00091,11.57521,-0.658,7.54377,0.13456,3.0,139.39,25 x 10,105.4,106.8,4670.0,236.5,238.1,6 x 6,201.18,-0.84413,0.00205,5.61018,-0.07148,-3.45429,0.10233,26.0,231.9,0.052
1692129600,2023-08-15 16:00,2023-08-15,16.0,4438.11,2024-01-31,1706734800,169.04,0.38382,0.00094,11.53385,-0.65313,7.45453,0.13416,2.0,106.78,25 x 22,103.2,104.7,4675.0,239.1,240.7,6 x 6,204.88,-0.87767,0.00224,4.53652,-0.05407,-2.71659,0.09883,1.0,236.9,0.053
1692129600,2023-08-15 16:00,2023-08-15,16.0,4438.11,2024-01-31,1706734800,169.04,0.37906,0.00095,11.48875,-0.64741,7.36131,0.13378,,0.0,25 x 10,101.0,102.3,4680.0,241.7,243.4,6 x 6,207.26,-0.93245,0.00254,2.664,-0.02858,-1.44085,0.09401,2.0,241.9,0.054
1692129600,2023-08-15 16:00,2023-08-15,16.0,4438.11,2024-02-16,1708117200,185.04,0.92187,0.0002,4.48707,-0.67259,15.7408,0.2562,1.0,811.04,50 x 50,986.6,1003.0,3550.0,31.8,32.3,407 x 165,43.39,-0.07981,0.00022,4.68447,-0.28307,-1.87263,0.26236,4.0,888.1,0.2
1692129600,2023-08-15 16:00,2023-08-15,16.0,4438.11,2024-02-16,1708117200,185.04,0.91301,0.0002,4.86711,-0.70235,15.6494,0.26088,0.0,777.75,60 x 50,966.9,983.3,3575.0,33.1,33.5,146 x 131,33.7,-0.08277,0.00024,4.83907,-0.28709,-1.9507,0.2584,1.0,863.1,0.194
1692129600,2023-08-15 16:00,2023-08-15,16.0,4438.11,2024-02-16,1708117200,185.04,0.90886,0.00022,5.02804,-0.71138,15.68194,0.25789,0.0,920.29,60 x 50,944.0,960.3,3600.0,34.6,35.0,90 x 60,37.2,-0.087,0.0002,5.0096,-0.29382,-2.04011,0.25606,3.0,838.1,0.189
1692129600,2023-08-15 16:00,2023-08-15,16.0,4438.11,2024-02-16,1708117200,185.04,0.90561,0.00023,5.1937,-0.71977,15.71113,0.25469,0.0,594.12,60 x 50,921.1,937.4,3625.0,36.0,36.4,45 x 107,38.19,-0.09044,0.0002,5.17536,-0.29874,-2.12558,0.25334,2.0,813.1,0.183
1692129600,2023-08-15 16:00,2023-08-15,16.0,4438.11,2024-02-16,1708117200,185.04,0.90126,0.00024,5.36329,-0.72786,15.73584,0.25127,2.0,675.06,50 x 50,898.3,914.5,3650.0,37.2,37.7,268 x 209,30.43,-0.09412,0.00018,5.33239,-0.30256,-2.20875,0.24946,511.0,788.1,0.178
1692129600,2023-08-15 16:00,2023-08-15,16.0,4438.11,2024-02-16,1708117200,185.04,0.89708,0.0002,5.53918,-0.73671,15.75475,0.24876,0.0,506.11,50 x 50,875.6,891.7,3675.0,38.7,39.2,222 x 140,28.65,-0.09911,0.00019,5.50608,-0.30668,-2.30095,0.24606,1.0,763.1,0.172
1692129600,2023-08-15 16:00,2023-08-15,16.0,4438.11,2024-02-16,1708117200,185.04,0.89245,0.00026,5.71908,-0.74432,15.76973,0.24589,0.0,827.69,10 x 30,852.9,869.0,3700.0,40.3,40.8,90 x 40,41.2,-0.10338,0.00028,5.68657,-0.31168,-2.3993,0.24337,10.0,738.1,0.166
1692129600,2023-08-15 16:00,2023-08-15,16.0,4438.11,2024-02-16,1708117200,185.04,0.89195,0.00021,5.72592,-0.73532,15.89796,0.23688,0.0,828.31,30 x 30,827.1,843.2,3725.0,42.0,42.7,45 x 40,37.3,-0.10802,0.00024,5.87844,-0.31792,-2.50492,0.24017,145.0,713.1,0.161
1692129600,2023-08-15 16:00,2023-08-15,16.0,4438.11,2024-02-16,1708117200,185.04,0.88277,0.00022,6.09541,-0.76058,15.78221,0.23949,0.0,625.01,30 x 30,807.9,823.8,3750.0,43.8,44.8,94 x 36,39.2,-0.1136,0.00026,6.07885,-0.32364,-2.61806,0.23725,27.0,688.1,0.155
1692129600,2023-08-15 16:00,2023-08-15,16.0,4438.11,2024-02-16,1708117200,185.04,0.8793,0.0003,6.21548,-0.76158,15.83263,0.23429,0.0,754.24,50 x 40,785.5,798.4,3775.0,45.7,46.3,39 x 40,44.53,-0.11851,0.0003,6.26648,-0.32732,-2.72416,0.234,12.0,663.1,0.149
1692129600,2023-08-15 16:00,2023-08-15,16.0,4438.11,2024-02-16,1708117200,185.04,0.87406,0.00027,6.42012,-0.77043,15.82187,0.23177,1.0,884.8,30 x 40,763.2,776.1,3800.0,47.6,48.3,43 x 40,46.4,-0.12384,0.00026,6.46665,-0.33181,-2.8402,0.23186,3.0,638.1,0.144
1692129600,2023-08-15 16:00,2023-08-15,16.0,4438.11,2024-02-16,1708117200,185.04,0.86294,0.00026,6.80964,-0.79643,15.67058,0.2343,0.0,741.31,20 x 30,746.0,756.7,3825.0,49.4,50.2,37 x 40,47.28,-0.12942,0.00032,6.66396,-0.33484,-2.95466,0.22818,2.0,613.1,0.138
1692129600,2023-08-15 16:00,2023-08-15,16.0,4438.11,2024-02-16,1708117200,185.04,0.86262,0.0003,6.8277,-0.78449,15.79334,0.22554,0.0,751.08,50 x 20,718.9,731.1,3850.0,51.8,52.2,32 x 32,50.7,-0.13579,0.00026,6.8783,-0.33958,-3.08264,0.22489,7.0,588.1,0.133
1692129600,2023-08-15 16:00,2023-08-15,16.0,4438.11,2024-02-16,1708117200,185.04,0.85504,0.00036,7.09399,-0.79694,15.72486,0.22375,0.0,681.48,20 x 20,699.3,708.9,3875.0,53.9,54.5,25 x 40,52.52,-0.14207,0.0003,7.09155,-0.34379,-3.21139,0.22255,3.0,563.1,0.127
1692129600,2023-08-15 16:00,2023-08-15,16.0,4438.11,2024-02-16,1708117200,185.04,0.84996,0.00031,7.26237,-0.79879,15.7311,0.21928,3.0,720.27,50 x 20,675.1,686.8,3900.0,56.3,56.9,25 x 40,57.04,-0.14871,0.00034,7.3148,-0.34809,-3.34907,0.21936,8.0,538.1,0.121
1692129600,2023-08-15 16:00,2023-08-15,16.0,4438.11,2024-02-16,1708117200,185.04,0.84116,0.00029,7.53818,-0.81113,15.64407,0.21847,18.0,699.02,13 x 13,658.4,662.4,3925.0,58.7,59.4,25 x 40,59.95,-0.15562,0.00038,7.53846,-0.35216,-3.4898,0.21641,29.0,513.1,0.116
1692129600,2023-08-15 16:00,2023-08-15,16.0,4438.11,2024-02-16,1708117200,185.04,0.8339,0.00035,7.76725,-0.81788,15.5913,0.21534,2.0,676.76,13 x 13,637.9,639.6,3950.0,61.4,62.3,33 x 40,59.7,-0.16334,0.00032,7.77353,-0.35623,-3.64074,0.21324,62.0,488.1,0.11
1692129600,2023-08-15 16:00,2023-08-15,16.0,4438.11,2024-02-16,1708117200,185.04,0.82695,0.0004,7.99813,-0.82479,15.53099,0.21255,3.0,655.46,13 x 13,615.2,619.2,3975.0,64.2,65.1,32 x 40,66.07,-0.17054,0.00038,8.01016,-0.35931,-3.79531,0.21044,369.0,463.1,0.104
1692129600,2023-08-15 16:00,2023-08-15,16.0,4438.11,2024-02-16,1708117200,185.04,0.81914,0.00037,8.23018,-0.83008,15.46442,0.21025,9.0,633.63,40 x 20,591.6,599.8,4000.0,67.1,67.7,25 x 40,68.15,-0.17935,0.00046,8.24321,-0.36253,-3.95047,0.20766,313.0,438.1,0.099
1692129600,2023-08-15 16:00,2023-08-15,16.0,4438.11,2024-02-16,1708117200,185.04,0.81076,0.00045,8.47268,-0.83596,15.38038,0.20698,2.0,693.63,20 x 20,572.6,576.6,4025.0,69.9,70.7,90 x 40,69.18,-0.18791,0.00046,8.48046,-0.36415,-4.11029,0.20422,33.0,413.1,0.093
1692129600,2023-08-15 16:00,2023-08-15,16.0,4438.11,2024-02-16,1708117200,185.04,0.80212,0.00046,8.71558,-0.84089,15.29058,0.20435,1.0,687.31,20 x 20,551.6,555.5,4050.0,73.3,74.6,30 x 27,72.39,-0.19725,0.00045,8.73808,-0.36874,-4.29272,0.20206,4.0,388.1,0.087
1692129600,2023-08-15 16:00,2023-08-15,16.0,4438.11,2024-02-16,1708117200,185.04,0.79271,0.00042,8.95964,-0.84547,15.18976,0.20162,3.0,639.76,20 x 20,530.7,534.6,4075.0,76.0,78.5,53 x 28,74.99,-0.20676,0.00045,8.98215,-0.37081,-4.46543,0.19901,24.0,363.1,0.082
1692129600,2023-08-15 16:00,2023-08-15,16.0,4438.11,2024-02-16,1708117200,185.04,0.78326,0.00048,9.20111,-0.84913,15.08348,0.19913,1.0,593.87,20 x 40,508.2,515.5,4100.0,79.6,82.1,52 x 52,78.55,-0.21706,0.0005,9.2316,-0.37231,-4.6474,0.19592,39.0,338.1,0.076
1692129600,2023-08-15 16:00,2023-08-15,16.0,4438.11,2024-02-16,1708117200,185.04,0.77341,0.00051,9.45078,-0.85376,14.95733,0.19574,0.0,517.72,53 x 53,489.5,493.4,4125.0,83.6,84.9,45 x 25,84.53,-0.22688,0.00054,9.47187,-0.37193,-4.82381,0.1923,30.0,313.1,0.071
1692129600,2023-08-15 16:00,2023-08-15,16.0,4438.11,2024-02-16,1708117200,185.04,0.76237,0.00045,9.69583,-0.85598,14.82467,0.19322,2.0,477.6,40 x 40,469.1,473.0,4150.0,88.0,89.4,25 x 25,86.15,-0.23895,0.00052,9.7318,-0.37441,-5.02695,0.18991,3.0,288.1,0.065
1692129600,2023-08-15 16:00,2023-08-15,16.0,4438.11,2024-02-16,1708117200,185.04,0.75166,0.00051,9.94365,-0.85842,14.67571,0.19048,0.0,445.11,20 x 53,449.1,452.9,4175.0,91.6,93.1,27 x 24,88.77,-0.25045,0.00059,9.96839,-0.3724,-5.20938,0.18707,4.0,263.1,0.059
1692129600,2023-08-15 16:00,2023-08-15,16.0,4438.11,2024-02-16,1708117200,185.04,0.74026,0.00052,10.18782,-0.85989,14.51688,0.18772,2.0,447.14,21 x 21,429.6,432.5,4200.0,96.5,98.0,27 x 24,91.94,-0.26336,0.00063,10.22252,-0.37323,-5.42032,0.18436,27.0,238.1,0.054
1692129600,2023-08-15 16:00,2023-08-15,16.0,4438.11,2024-02-16,1708117200,185.04,0.72783,0.00053,10.42897,-0.86133,14.34451,0.18529,1.0,459.79,20 x 20,408.1,414.6,4225.0,100.6,102.1,46 x 23,90.18,-0.27648,0.00058,10.45394,-0.3711,-5.60986,0.18043,3.0,213.1,0.048
1692129600,2023-08-15 16:00,2023-08-15,16.0,4438.11,2024-02-16,1708117200,185.04,0.71669,0.00061,10.64375,-0.85615,14.19586,0.1807,15.0,497.8,10 x 10,387.9,392.6,4250.0,105.9,107.4,26 x 23,101.26,-0.29075,0.00063,10.69533,-0.36956,-5.8223,0.17796,1.0,188.1,0.042
1692129600,2023-08-15 16:00,2023-08-15,16.0,4438.11,2024-02-16,1708117200,185.04,0.70208,0.00057,10.8973,-0.8587,13.96068,0.17938,1.0,410.18,50 x 50,370.2,374.9,4275.0,111.1,112.7,25 x 22,109.36,-0.30529,0.00068,10.92347,-0.36723,-6.02881,0.17545,309.0,163.1,0.037
1692129600,2023-08-15 16:00,2023-08-15,16.0,4438.11,2024-02-16,1708117200,185.04,0.68854,0.00066,11.10808,-0.8529,13.77406,0.17554,3.0,405.97,10 x 20,349.9,354.4,4300.0,116.0,117.4,20 x 20,112.81,-0.32107,0.00074,11.13162,-0.36144,-6.21908,0.17183,8.0,138.1,0.031
1692129600,2023-08-15 16:00,2023-08-15,16.0,4438.11,2024-02-16,1708117200,185.04,0.67343,0.00062,11.34423,-0.85395,13.50701,0.17413,3.0,395.16,21 x 22,333.9,336.7,4325.0,122.2,123.8,24 x 21,123.68,-0.33755,0.00077,11.34061,-0.35771,-6.43202,0.16966,3.0,113.1,0.025
1692129600,2023-08-15 16:00,2023-08-15,16.0,4438.11,2024-02-16,1708117200,185.04,0.6588,0.00067,11.54037,-0.84556,13.2871,0.1697,22.0,354.43,10 x 50,313.0,317.7,4350.0,128.2,129.9,24 x 21,117.0,-0.3554,0.00076,11.52684,-0.35183,-6.62797,0.16604,3.0,88.1,0.02
1692129600,2023-08-15 16:00,2023-08-15,16.0,4438.11,2024-02-16,1708117200,185.04,0.64277,0.00072,11.74569,-0.84297,12.99786,0.16833,1.0,392.02,52 x 32,296.5,301.1,4375.0,133.3,136.6,45 x 15,133.31,-0.37384,0.00083,11.68864,-0.34382,-6.80679,0.16249,15.0,63.1,0.014
1692129600,2023-08-15 16:00,2023-08-15,16.0,4438.11,2024-02-16,1708117200,185.04,0.62633,0.00074,11.92404,-0.83358,12.72849,0.16467,5.0,322.62,77 x 22,278.9,281.7,4400.0,140.5,142.2,48 x 21,144.12,-0.39422,0.00087,11.82788,-0.33483,-6.97826,0.15861,40.0,38.1,0.009
1692129600,2023-08-15 16:00,2023-08-15,16.0,4438.11,2024-02-16,1708117200,185.04,0.60883,0.00071,12.09237,-0.82807,12.41614,0.1627,7.0,373.62,77 x 32,261.6,266.2,4425.0,147.1,150.4,13 x 13,145.22,-0.4157,0.00094,11.94021,-0.32553,-7.14642,0.15651,6.0,13.1,0.003
1692129600,2023-08-15 16:00,2023-08-15,16.0,4438.11,2024-02-16,1708117200,185.04,0.59157,0.00079,12.23603,-0.8139,12.11472,0.15882,5.0,252.17,14 x 20,243.5,247.8,4450.0,155.7,157.5,23 x 20,152.01,-0.4385,0.00091,12.0141,-0.31433,-7.2937,0.15264,9.0,11.9,0.003
1692129600,2023-08-15 16:00,2023-08-15,16.0,4438.11,2024-02-16,1708117200,185.04,0.57234,0.00078,12.36278,-0.80741,11.75988,0.15783,1.0,291.55,20 x 34,229.3,232.9,4475.0,162.5,165.7,12 x 12,154.84,-0.46285,0.00104,12.03747,-0.30126,-7.39997,0.14887,9.0,36.9,0.008
1692129600,2023-08-15 16:00,2023-08-15,16.0,4438.11,2024-02-16,1708117200,185.04,0.55322,0.00084,12.46104,-0.79298,11.41044,0.15474,1.0,243.0,89 x 39,212.3,216.8,4500.0,171.6,172.5,23 x 20,149.85,-0.48927,0.0011,12.0028,-0.28531,-7.46973,0.14492,4.0,61.9,0.014
1692129600,2023-08-15 16:00,2023-08-15,16.0,4438.11,2024-02-16,1708117200,185.04,0.53351,0.00085,12.53243,-0.77917,11.03887,0.15178,1.0,247.1,20 x 19,198.2,200.2,4525.0,179.7,181.2,21 x 20,175.69,-0.51873,0.0011,11.89277,-0.26699,-7.48659,0.14106,15.0,86.9,0.02
1692129600,2023-08-15 16:00,2023-08-15,16.0,4438.11,2024-02-16,1708117200,185.04,0.51275,0.00087,12.57265,-0.76226,10.65005,0.1492,61.0,195.6,21 x 20,183.1,185.0,4550.0,189.9,191.8,20 x 20,182.59,-0.54904,0.00114,11.70554,-0.24973,-7.47485,0.13782,3.0,111.9,0.025
1692129600,2023-08-15 16:00,2023-08-15,16.0,4438.11,2024-02-16,1708117200,185.04,0.49128,0.00083,12.57924,-0.74176,10.24276,0.14631,2.0,201.06,22 x 20,167.7,169.6,4575.0,197.4,201.0,35 x 60,187.85,-0.5861,0.00122,11.35339,-0.22382,-7.30356,0.13214,6.0,136.9,0.031
1692129600,2023-08-15 16:00,2023-08-15,16.0,4438.11,2024-02-16,1708117200,185.04,0.46941,0.00084,12.54795,-0.72362,9.82026,0.14452,3.0,172.01,24 x 24,155.1,156.1,4600.0,208.7,212.2,10 x 10,196.98,-0.62533,0.00136,10.87585,-0.20004,-7.07194,0.12837,26.0,161.9,0.036
1692129600,2023-08-15 16:00,2023-08-15,16.0,4438.11,2024-02-16,1708117200,185.04,0.44664,0.00093,12.47553,-0.69949,9.37818,0.1411,4.0,230.63,23 x 20,140.6,142.4,4625.0,218.6,222.1,50 x 10,219.95,-0.67449,0.00149,10.05633,-0.16616,-6.55614,0.12202,8.0,186.9,0.042
1692129600,2023-08-15 16:00,2023-08-15,16.0,4438.11,2024-02-16,1708117200,185.04,0.42433,0.00094,12.36337,-0.67913,8.93175,0.13963,2.0,157.21,23 x 20,128.7,130.4,4650.0,229.6,234.1,54 x 54,198.59,-0.73516,0.00164,8.78861,-0.12818,-5.71814,0.11497,1.0,211.9,0.048
1692129600,2023-08-15 16:00,2023-08-15,16.0,4438.11,2024-02-16,1708117200,185.04,0.40058,0.00087,12.2052,-0.65432,8.4698,0.13655,11.0,143.7,24 x 21,116.6,118.3,4675.0,241.8,246.3,34 x 54,186.87,-0.82615,0.00198,6.35876,-0.07603,-4.03066,0.10445,1.0,236.9,0.053
1692129600,2023-08-15 16:00,2023-08-15,16.0,4438.11,2024-03-15,1710532800,213.0,0.91259,0.00017,5.17735,-0.6529,17.79778,0.25258,0.0,975.59,30 x 30,1001.3,1017.8,3550.0,38.1,38.6,40 x 212,40.02,-0.08784,0.00019,5.40739,-0.27598,-2.37308,0.25816,10.0,888.1,0.2
1692129600,2023-08-15 16:00,2023-08-15,16.0,4438.11,2024-03-15,1710532800,213.0,0.90935,0.00018,5.35473,-0.66111,17.83292,0.25071,,0.0,30 x 30,978.6,995.1,3575.0,39.4,39.8,139 x 185,38.55,-0.09138,0.00022,5.56316,-0.27911,-2.45956,0.25559,3.0,863.1,0.194
1692129600,2023-08-15 16:00,2023-08-15,16.0,4438.11,2024-03-15,1710532800,213.0,0.90068,0.00017,5.70801,-0.68408,17.74517,0.25258,0.0,931.42,14 x 14,964.9,969.3,3600.0,41.1,41.5,67 x 118,36.4,-0.09503,0.0002,5.74611,-0.28434,-2.56446,0.25275,3.0,838.1,0.189
1692129600,2023-08-15 16:00,2023-08-15,16.0,4438.11,2024-03-15,1710532800,213.0,0.89672,0.00021,5.8873,-0.69201,17.7733,0.2499,12.0,701.15,14 x 14,942.3,946.7,3625.0,42.4,42.9,252 x 130,36.6,-0.09935,0.00017,5.90989,-0.2873,-2.65713,0.24933,2.0,813.1,0.183
1692129600,2023-08-15 16:00,2023-08-15,16.0,4438.11,2024-03-15,1710532800,213.0,0.89198,0.00017,6.08903,-0.70122,17.78279,0.24792,0.0,917.4,50 x 50,914.2,930.4,3650.0,44.2,44.8,43 x 43,34.6,-0.10366,0.00017,6.1033,-0.29258,-2.77122,0.24656,1.0,788.1,0.178
1692129600,2023-08-15 16:00,2023-08-15,16.0,4438.11,2024-03-15,1710532800,213.0,0.88798,0.00026,6.27921,-0.70873,17.79748,0.24514,0.0,694.84,50 x 50,891.8,908.0,3675.0,45.8,46.3,91 x 42,42.95,-0.10744,0.00019,6.28023,-0.29597,-2.87389,0.24392,1.0,763.1,0.172
1692129600,2023-08-15 16:00,2023-08-15,16.0,4438.11,2024-03-15,1710532800,213.0,0.8836,0.00023,6.47005,-0.71663,17.81031,0.24221,0.0,827.06,50 x 50,869.5,885.5,3700.0,47.6,48.1,122 x 36,48.4,-0.11183,0.00029,6.4718,-0.30013,-2.9879,0.24039,1504.0,738.1,0.166
1692129600,2023-08-15 16:00,2023-08-15,16.0,4438.11,2024-03-15,1710532800,213.0,0.88276,0.00026,6.50101,-0.7099,17.93958,0.23455,1.0,794.67,30 x 30,844.0,860.0,3725.0,49.6,50.3,40 x 30,50.51,-0.11722,0.0003,6.67816,-0.30605,-3.11496,0.23813,5.0,713.1,0.161
1692129600,2023-08-15 16:00,2023-08-15,16.0,4438.11,2024-03-15,1710532800,213.0,0.87773,0.00022,6.70778,-0.71801,17.93783,0.23191,0.0,765.48,30 x 30,821.8,837.8,3750.0,51.4,52.1,84 x 30,50.61,-0.12257,0.00024,6.87081,-0.30919,-3.23199,0.23519,8.0,688.1,0.155
1692129600,2023-08-15 16:00,2023-08-15,16.0,4438.11,2024-03-15,1710532800,213.0,0.86777,0.00028,7.07355,-0.73912,17.80743,0.23386,0.0,828.38,50 x 50,803.0,818.8,3775.0,53.5,54.2,30 x 30,45.8,-0.12732,0.00028,7.07751,-0.31281,-3.36152,0.23206,1.0,663.1,0.149
1692129600,2023-08-15 16:00,2023-08-15,16.0,4438.11,2024-03-15,1710532800,213.0,0.8629,0.0003,7.26829,-0.74475,17.80583,0.23071,1.0,862.88,14 x 14,787.6,789.5,3800.0,55.6,56.3,83 x 30,54.69,-0.1328,0.0003,7.28494,-0.31697,-3.49207,0.22907,4.0,638.1,0.144
1692129600,2023-08-15 16:00,2023-08-15,16.0,4438.11,2024-03-15,1710532800,213.0,0.85851,0.00026,7.42843,-0.74635,17.8313,0.22708,0.0,735.28,50 x 40,759.1,771.7,3825.0,57.9,58.6,30 x 30,59.12,-0.13857,0.00028,7.5016,-0.32058,-3.63144,0.22665,6.0,613.1,0.138
1692129600,2023-08-15 16:00,2023-08-15,16.0,4438.11,2024-03-15,1710532800,213.0,0.85275,0.00033,7.64492,-0.75293,17.80639,0.22373,0.0,657.5,50 x 40,737.4,749.6,3850.0,60.3,61.0,30 x 30,59.23,-0.1451,0.00033,7.7222,-0.32455,-3.77567,0.2237,4.0,588.1,0.133
1692129600,2023-08-15 16:00,2023-08-15,16.0,4438.11,2024-03-15,1710532800,213.0,0.84725,0.00032,7.86548,-0.7597,17.7736,0.22151,0.0,717.09,50 x 20,715.7,727.7,3875.0,62.7,63.5,50 x 30,62.94,-0.15115,0.00028,7.9443,-0.32727,-3.92228,0.22145,4.0,563.1,0.127
1692129600,2023-08-15 16:00,2023-08-15,16.0,4438.11,2024-03-15,1710532800,213.0,0.83902,0.00036,8.14774,-0.77073,17.6812,0.22007,0.0,683.19,14 x 14,700.6,702.4,3900.0,65.3,66.1,50 x 30,66.34,-0.15798,0.00035,8.17133,-0.33081,-4.07552,0.21831,234.0,538.1,0.121
1692129600,2023-08-15 16:00,2023-08-15,16.0,4438.11,2024-03-15,1710532800,213.0,0.8313,0.00033,8.38022,-0.77724,17.62742,0.21751,9.0,799.88,14 x 34,678.0,682.2,3925.0,68.0,68.8,50 x 30,65.9,-0.16576,0.00037,8.4021,-0.33378,-4.23334,0.21506,11.0,513.1,0.116
1692129600,2023-08-15 16:00,2023-08-15,16.0,4438.11,2024-03-15,1710532800,213.0,0.82483,0.00037,8.60766,-0.78227,17.57228,0.21489,1.0,730.43,20 x 20,654.2,663.0,3950.0,71.0,72.0,29 x 30,69.98,-0.17335,0.00034,8.6461,-0.33741,-4.4061,0.21338,127.0,488.1,0.11
1692129600,2023-08-15 16:00,2023-08-15,16.0,4438.11,2024-03-15,1710532800,213.0,0.8185,0.00034,8.80901,-0.78504,17.53855,0.21158,1.0,767.68,20 x 40,633.0,639.7,3975.0,74.2,75.0,30 x 30,72.75,-0.18065,0.00038,8.88855,-0.34015,-4.57872,0.21038,2003.0,463.1,0.104
1692129600,2023-08-15 16:00,2023-08-15,16.0,4438.11,2024-03-15,1710532800,213.0,0.80972,0.00033,9.08274,-0.79336,17.42404,0.20928,2.0,745.73,20 x 20,612.3,620.4,4000.0,76.6,78.2,20 x 25,75.65,-0.18865,0.00043,9.11952,-0.34149,-4.74412,0.20729,3503.0,438.1,0.099
1692129600,2023-08-15 16:00,2023-08-15,16.0,4438.11,2024-03-15,1710532800,213.0,0.8012,0.00038,9.32952,-0.7985,17.3302,0.20713,1.0,722.41,20 x 40,593.5,597.7,4025.0,80.1,81.4,47 x 70,82.54,-0.1972,0.00044,9.3659,-0.34378,-4.92658,0.20411,2.0,413.1,0.093
1692129600,2023-08-15 16:00,2023-08-15,16.0,4438.11,2024-03-15,1710532800,213.0,0.79245,0.00045,9.57207,-0.80316,17.23124,0.20461,3.0,701.67,20 x 40,572.8,576.9,4050.0,83.8,85.2,27 x 28,82.75,-0.20618,0.00045,9.62039,-0.34656,-5.12097,0.20229,1004.0,388.1,0.087
1692129600,2023-08-15 16:00,2023-08-15,16.0,4438.11,2024-03-15,1710532800,213.0,0.78424,0.00041,9.8156,-0.80639,17.12378,0.20157,1.0,608.0,40 x 40,552.2,556.4,4075.0,87.5,88.8,26 x 27,89.69,-0.21645,0.00046,9.86786,-0.34844,-5.31267,0.19964,2.0,363.1,0.082
1692129600,2023-08-15 16:00,2023-08-15,16.0,4438.11,2024-03-15,1710532800,213.0,0.77513,0.00041,10.0569,-0.80994,17.0083,0.1992,7.0,559.44,20 x 20,530.1,537.3,4100.0,90.8,92.2,71 x 67,89.68,-0.22519,0.00044,10.10456,-0.34758,-5.49622,0.19646,9.0,338.1,0.076
1692129600,2023-08-15 16:00,2023-08-15,16.0,4438.11,2024-03-15,1710532800,213.0,0.76499,0.00048,10.30677,-0.81271,16.87057,0.1972,4.0,637.37,40 x 40,511.6,515.7,4125.0,95.1,96.6,25 x 47,96.12,-0.23644,0.00049,10.36042,-0.34913,-5.70537,0.19344,28.0,313.1,0.071
1692129600,2023-08-15 16:00,2023-08-15,16.0,4438.11,2024-03-15,1710532800,213.0,0.755,0.00045,10.55225,-0.81532,16.72553,0.19392,9.0,510.67,14 x 14,492.8,494.5,4150.0,98.8,100.3,25 x 96,89.8,-0.2472,0.00047,10.59672,-0.34798,-5.89726,0.19078,574.0,288.1,0.065
1692129600,2023-08-15 16:00,2023-08-15,16.0,4438.11,2024-03-15,1710532800,213.0,0.74403,0.00047,10.7965,-0.81776,16.56905,0.19149,1.0,567.37,22 x 22,472.3,475.3,4175.0,103.2,104.6,24 x 24,103.68,-0.25856,0.00049,10.84103,-0.34736,-6.10453,0.1878,2.0,263.1,0.059
1692129600,2023-08-15 16:00,2023-08-15,16.0,4438.11,2024-03-15,1710532800,213.0,0.73317,0.00049,11.03491,-0.81795,16.40434,0.18893,2.0,473.27,20 x 20,450.7,457.3,4200.0,108.1,109.7,24 x 43,103.67,-0.27035,0.00058,11.08868,-0.34766,-6.32449,0.18584,41.0,238.1,0.054
1692129600,2023-08-15 16:00,2023-08-15,16.0,4438.11,2024-03-15,1710532800,213.0,0.72155,0.00054,11.27374,-0.81827,16.22034,0.18651,4.0,550.95,50 x 30,432.6,436.6,4225.0,112.4,113.9,23 x 20,102.7,-0.28305,0.00054,11.31531,-0.34422,-6.52273,0.18232,208.0,213.1,0.048
1692129600,2023-08-15 16:00,2023-08-15,16.0,4438.11,2024-03-15,1710532800,213.0,0.7109,0.00053,11.48922,-0.81415,16.05974,0.1822,1.0,450.06,10 x 50,411.9,415.9,4250.0,117.4,119.0,23 x 21,112.75,-0.29611,0.00058,11.54451,-0.34223,-6.73562,0.17883,1.0,188.1,0.042
1692129600,2023-08-15 16:00,2023-08-15,16.0,4438.11,2024-03-15,1710532800,213.0,0.69774,0.00059,11.7384,-0.81674,15.81228,0.18087,175.0,480.29,50 x 30,394.5,398.5,4275.0,122.9,124.2,20 x 39,119.9,-0.31038,0.00065,11.76657,-0.33902,-6.94955,0.17649,8.0,163.1,0.037
1692129600,2023-08-15 16:00,2023-08-15,16.0,4438.11,2024-03-15,1710532800,213.0,0.68516,0.00056,11.94629,-0.8118,15.61771,0.17771,5.0,383.43,10 x 50,374.4,378.3,4300.0,128.1,129.7,22 x 18,119.85,-0.32513,0.00062,11.97361,-0.33565,-7.15522,0.17344,3.0,138.1,0.031
1692129600,2023-08-15 16:00,2023-08-15,16.0,4438.11,2024-03-15,1710532800,213.0,0.67122,0.00062,12.17604,-0.81221,15.34259,0.17582,12.0,468.32,22 x 22,358.1,361.0,4325.0,133.8,135.5,22 x 18,134.4,-0.34141,0.00071,12.16989,-0.33024,-7.36126,0.17023,8.0,113.1,0.025
1692129600,2023-08-15 16:00,2023-08-15,16.0,4438.11,2024-03-15,1710532800,213.0,0.65812,0.00063,12.37001,-0.80428,15.11494,0.17236,14.0,367.31,10 x 50,337.9,341.7,4350.0,140.5,142.1,22 x 16,143.63,-0.35797,0.00071,12.35514,-0.32658,-7.57241,0.16762,712.0,88.1,0.02
1692129600,2023-08-15 16:00,2023-08-15,16.0,4438.11,2024-03-15,1710532800,213.0,0.64271,0.00061,12.57341,-0.80261,14.81556,0.17097,1.0,395.01,52 x 32,321.5,325.3,4375.0,146.2,147.9,21 x 15,140.1,-0.3755,0.00074,12.51023,-0.31757,-7.74959,0.16456,9.0,63.1,0.014
1692129600,2023-08-15 16:00,2023-08-15,16.0,4438.11,2024-03-15,1710532800,213.0,0.62749,0.00065,12.75427,-0.79674,14.52575,0.16858,6.0,344.82,52 x 32,304.0,307.8,4400.0,152.9,154.6,21 x 15,154.68,-0.39348,0.00083,12.64835,-0.311,-7.93085,0.16118,754.0,38.1,0.009
1692129600,2023-08-15 16:00,2023-08-15,16.0,4438.11,2024-03-15,1710532800,213.0,0.61219,0.00069,12.91999,-0.78996,14.21963,0.16591,1.0,322.81,77 x 32,286.8,290.6,4425.0,160.5,162.3,21 x 13,162.27,-0.41373,0.00084,12.7589,-0.30288,-8.10524,0.15873,5.0,13.1,0.003
1692129600,2023-08-15 16:00,2023-08-15,16.0,4438.11,2024-03-15,1710532800,213.0,0.59587,0.00073,13.0687,-0.7809,13.89641,0.16339,21.0,295.65,79 x 34,270.0,273.7,4450.0,167.2,169.0,20 x 13,164.86,-0.4347,0.00084,12.82872,-0.29166,-8.2341,0.15465,76.0,11.9,0.003
1692129600,2023-08-15 16:00,2023-08-15,16.0,4438.11,2024-03-15,1710532800,213.0,0.57857,0.00075,13.19867,-0.77196,13.55415,0.16012,2.0,339.94,79 x 34,253.6,257.3,4475.0,174.9,176.7,20 x 12,168.7,-0.45774,0.00091,12.85831,-0.27945,-8.34831,0.15185,10.0,36.9,0.008
1692129600,2023-08-15 16:00,2023-08-15,16.0,4438.11,2024-03-15,1710532800,213.0,0.5614,0.00073,13.30693,-0.76091,13.19499,0.15788,100.0,244.48,79 x 34,237.5,241.2,4500.0,183.8,185.6,20 x 12,185.67,-0.48208,0.00098,12.84167,-0.26856,-8.44484,0.14882,113.0,61.9,0.014
1692129600,2023-08-15 16:00,2023-08-15,16.0,4438.11,2024-03-15,1710532800,213.0,0.54358,0.00073,13.39128,-0.74901,12.81939,0.15574,1.0,287.28,79 x 54,221.9,225.5,4525.0,192.4,194.2,20 x 12,189.05,-0.50732,0.00098,12.75556,-0.25413,-8.4802,0.14497,1.0,86.9,0.02
1692129600,2023-08-15 16:00,2023-08-15,16.0,4438.11,2024-03-15,1710532800,213.0,0.52477,0.00074,13.44846,-0.73491,12.42459,0.1535,100.0,258.0,24 x 24,208.1,208.9,4550.0,201.4,203.2,20 x 10,197.34,-0.53664,0.00111,12.58892,-0.23736,-8.45523,0.1409,245.0,111.9,0.025
1692129600,2023-08-15 16:00,2023-08-15,16.0,4438.11,2024-03-15,1710532800,213.0,0.50518,0.00079,13.47734,-0.72015,12.01167,0.15113,50.0,255.08,20 x 20,193.0,194.7,4575.0,210.0,211.8,20 x 10,214.76,-0.56871,0.00111,12.30192,-0.21688,-8.32516,0.13667,1009.0,136.9,0.031
1692129600,2023-08-15 16:00,2023-08-15,16.0,4438.11,2024-03-15,1710532800,213.0,0.48524,0.00081,13.47429,-0.70309,11.58382,0.14784,2.0,183.53,20 x 20,178.7,180.4,4600.0,218.9,221.7,50 x 10,195.23,-0.60547,0.00126,11.86651,-0.19414,-8.08308,0.13154,2.0,161.9,0.036
1692129600,2023-08-15 16:00,2023-08-15,16.0,4438.11,2024-03-15,1710532800,213.0,0.46551,0.00076,13.43582,-0.68404,11.13715,0.14521,4.0,261.1,20 x 12,164.1,165.9,4625.0,229.3,232.1,50 x 10,221.21,-0.64649,0.00132,11.23028,-0.16886,-7.69082,0.12602,1.0,186.9,0.042
1692129600,2023-08-15 16:00,2023-08-15,16.0,4438.11,2024-03-15,1710532800,213.0,0.44441,0.00084,13.36203,-0.66675,10.68257,0.14336,10.0,160.92,21 x 43,151.7,153.7,4650.0,240.2,243.1,50 x 10,224.7,-0.69615,0.0015,10.26682,-0.13941,-7.04172,0.12062,12.0,211.9,0.048
1692129600,2023-08-15 16:00,2023-08-15,16.0,4438.11,2024-03-15,1710532800,213.0,0.4232,0.00081,13.24541,-0.64438,10.20278,0.1401,50.0,189.53,21 x 12,138.5,140.0,4675.0,252.4,256.1,34 x 14,209.67,-0.75624,0.00165,8.82514,-0.10696,-6.03229,0.11399,50.0,236.9,0.053
1692129600,2023-08-15 16:00,2023-08-15,16.0,4438.11,2024-03-15,1710532800,213.0,0.40206,0.00083,13.09056,-0.62184,9.71836,0.13854,91.0,129.63,21 x 13,126.5,128.0,4700.0,264.6,268.3,34 x 14,227.9,-0.85977,0.00195,5.62846,-0.05436,-3.674,0.10323,26.0,261.9,0.059
1692129600,2023-08-15 16:00,2023-08-15,16.0,4438.11,2024-03-28,1711656000,226.0,0.90492,0.00022,5.70527,-0.66858,18.58544,0.25784,,0.0,15 x 15,1016.5,1027.1,3550.0,40.9,41.4,89 x 46,40.56,-0.09107,0.00018,5.72216,-0.27194,-2.6073,0.25761,1.0,888.1,0.2
1692129600,2023-08-15 16:00,2023-08-15,16.0,4438.11,2024-03-28,1711656000,226.0,0.90098,0.00022,5.87935,-0.6763,18.62214,0.25584,0.0,842.02,15 x 15,993.9,1004.5,3575.0,42.6,43.1,36 x 44,40.3,-0.09478,0.00017,5.90409,-0.27638,-2.71331,0.25527,1.0,863.1,0.194
1692129600,2023-08-15 16:00,2023-08-15,16.0,4438.11,2024-03-28,1711656000,226.0,0.89702,0.00022,6.06051,-0.68376,18.65291,0.25313,,0.0,15 x 15,971.4,982.0,3600.0,44.0,44.6,97 x 44,39.66,-0.09879,0.00025,6.07343,-0.28015,-2.81198,0.25191,1.0,838.1,0.189
1692129600,2023-08-15 16:00,2023-08-15,16.0,4438.11,2024-03-28,1711656000,226.0,0.89317,0.00018,6.24403,-0.69136,18.67965,0.25043,,0.0,15 x 15,949.0,959.5,3625.0,45.7,46.3,35 x 43,54.33,-0.10245,0.00024,6.25791,-0.28441,-2.92209,0.24851,0.0,813.1,0.183
1692129600,2023-08-15 16:00,2023-08-15,16.0,4438.11,2024-03-28,1711656000,226.0,0.88834,0.00016,6.4314,-0.6984,18.70115,0.24762,1.0,903.92,15 x 15,926.6,937.1,3650.0,47.3,48.2,42 x 42,39.57,-0.10741,0.00018,6.4441,-0.28762,-3.03541,0.24621,1.0,788.1,0.178
1692129600,2023-08-15 16:00,2023-08-15,16.0,4438.11,2024-03-28,1711656000,226.0,0.8842,0.00018,6.62278,-0.70599,18.71733,0.24497,0.0,635.23,15 x 15,904.3,914.8,3675.0,49.1,50.1,40 x 40,50.08,-0.11167,0.00019,6.63691,-0.29218,-3.15328,0.24363,64.0,763.1,0.172
1692129600,2023-08-15 16:00,2023-08-15,16.0,4438.11,2024-03-28,1711656000,226.0,0.8793,0.0002,6.82075,-0.71408,18.72637,0.24255,0.0,862.68,15 x 15,882.1,892.6,3700.0,51.2,52.0,40 x 40,45.99,-0.11675,0.00025,6.83694,-0.29655,-3.27879,0.24084,10.0,738.1,0.166
1692129600,2023-08-15 16:00,2023-08-15,16.0,4438.11,2024-03-28,1711656000,226.0,0.87439,0.0002,7.02193,-0.72072,18.72935,0.23973,0.0,838.56,15 x 15,860.0,870.4,3725.0,53.0,54.0,39 x 39,64.98,-0.12125,0.0003,7.03369,-0.29948,-3.40149,0.23784,0.0,713.1,0.161
1692129600,2023-08-15 16:00,2023-08-15,16.0,4438.11,2024-03-28,1711656000,226.0,0.86932,0.00028,7.22925,-0.72851,18.72603,0.23729,0.0,816.93,15 x 15,838.0,848.4,3750.0,55.1,56.1,37 x 37,46.0,-0.12639,0.00025,7.23938,-0.30427,-3.53296,0.23496,19.0,688.1,0.155
1692129600,2023-08-15 16:00,2023-08-15,16.0,4438.11,2024-03-28,1711656000,226.0,0.86425,0.00022,7.43561,-0.73525,18.71806,0.23415,0.0,796.73,15 x 15,816.0,826.4,3775.0,57.3,58.3,37 x 37,67.49,-0.13213,0.00029,7.45054,-0.30784,-3.66949,0.23215,0.0,663.1,0.149
1692129600,2023-08-15 16:00,2023-08-15,16.0,4438.11,2024-03-28,1711656000,226.0,0.86071,0.00024,7.56893,-0.73495,18.77145,0.22902,0.0,774.64,1 x 15,790.4,804.6,3800.0,59.7,60.3,51 x 46,54.3,-0.13723,0.0003,7.66107,-0.31114,-3.80713,0.2294,6.0,638.1,0.144
1692129600,2023-08-15 16:00,2023-08-15,16.0,4438.11,2024-03-28,1711656000,226.0,0.85311,0.00023,7.86899,-0.74885,18.67789,0.22869,0.0,562.81,15 x 15,772.5,782.8,3825.0,61.7,62.6,65 x 35,61.79,-0.14326,0.00026,7.86893,-0.31394,-3.9452,0.22617,3.0,613.1,0.138
1692129600,2023-08-15 16:00,2023-08-15,16.0,4438.11,2024-03-28,1711656000,226.0,0.84702,0.00028,8.08705,-0.75452,18.64929,0.22622,0.0,720.05,15 x 15,750.8,761.1,3850.0,64.6,65.5,29 x 33,50.65,-0.14965,0.00026,8.10904,-0.3181,-4.11008,0.22419,3.0,588.1,0.133
1692129600,2023-08-15 16:00,2023-08-15,16.0,4438.11,2024-03-28,1711656000,226.0,0.84049,0.00033,8.31306,-0.76162,18.61012,0.22429,0.0,572.39,15 x 15,729.3,739.6,3875.0,66.8,68.3,29 x 26,66.14,-0.15604,0.0003,8.33043,-0.32069,-4.26078,0.22199,3.0,563.1,0.127
1692129600,2023-08-15 16:00,2023-08-15,16.0,4438.11,2024-03-28,1711656000,226.0,0.83387,0.00035,8.54015,-0.76699,18.56446,0.22112,0.0,690.43,15 x 15,707.9,718.1,3900.0,69.7,70.8,32 x 32,68.64,-0.1626,0.00033,8.55946,-0.324,-4.42052,0.21876,45.0,538.1,0.121
1692129600,2023-08-15 16:00,2023-08-15,16.0,4438.11,2024-03-28,1711656000,226.0,0.82705,0.00034,8.77059,-0.77225,18.51062,0.21912,0.0,660.78,15 x 15,686.6,696.8,3925.0,72.6,73.3,51 x 30,64.94,-0.1693,0.00037,8.78869,-0.32606,-4.58246,0.21614,6.0,513.1,0.116
1692129600,2023-08-15 16:00,2023-08-15,16.0,4438.11,2024-03-28,1711656000,226.0,0.82066,0.00035,9.00582,-0.77851,18.44603,0.21644,1.0,658.6,15 x 15,665.5,675.6,3950.0,75.4,76.6,30 x 30,68.9,-0.1769,0.00036,9.02877,-0.32953,-4.75718,0.21342,9.0,488.1,0.11
1692129600,2023-08-15 16:00,2023-08-15,16.0,4438.11,2024-03-28,1711656000,226.0,0.81272,0.00031,9.24183,-0.78353,18.37472,0.21366,1.0,735.52,15 x 15,644.5,654.5,3975.0,78.7,79.7,26 x 29,76.54,-0.18439,0.00038,9.27187,-0.33127,-4.936,0.21101,9.0,463.1,0.104
1692129600,2023-08-15 16:00,2023-08-15,16.0,4438.11,2024-03-28,1711656000,226.0,0.8049,0.00036,9.48015,-0.78853,18.29278,0.21138,4.0,715.02,15 x 15,623.6,633.6,4000.0,81.9,83.0,26 x 28,81.3,-0.19313,0.00037,9.51356,-0.33429,-5.11805,0.2085,1.0,438.1,0.099
1692129600,2023-08-15 16:00,2023-08-15,16.0,4438.11,2024-03-28,1711656000,226.0,0.79685,0.0004,9.72182,-0.79209,18.20085,0.20879,6.0,704.23,15 x 15,602.9,612.8,4025.0,85.3,86.4,25 x 28,85.74,-0.2012,0.00041,9.75808,-0.33565,-5.30465,0.2053,3.0,413.1,0.093
1692129600,2023-08-15 16:00,2023-08-15,16.0,4438.11,2024-03-28,1711656000,226.0,0.78948,0.00043,9.96189,-0.796,18.10219,0.20601,41.0,683.84,1 x 1,578.2,596.3,4050.0,88.8,89.5,46 x 26,84.29,-0.2097,0.0004,9.99634,-0.33596,-5.48821,0.20279,18.0,388.1,0.087
1692129600,2023-08-15 16:00,2023-08-15,16.0,4438.11,2024-03-28,1711656000,226.0,0.7804,0.0004,10.20449,-0.80024,17.98982,0.20331,12.0,662.76,15 x 15,561.9,571.7,4075.0,92.4,93.7,25 x 25,89.93,-0.21944,0.00041,10.24773,-0.33782,-5.68945,0.20018,10.0,363.1,0.082
1692129600,2023-08-15 16:00,2023-08-15,16.0,4438.11,2024-03-28,1711656000,226.0,0.77104,0.00044,10.44825,-0.80309,17.86558,0.20087,3.0,671.7,15 x 15,541.7,551.4,4100.0,96.4,97.6,24 x 25,80.55,-0.22981,0.00049,10.49616,-0.3384,-5.89083,0.19772,15.0,338.1,0.076
1692129600,2023-08-15 16:00,2023-08-15,16.0,4438.11,2024-03-28,1711656000,226.0,0.76153,0.00043,10.69238,-0.80584,17.73149,0.19828,0.0,513.6,15 x 15,521.6,531.3,4125.0,99.5,102.2,15 x 21,91.42,-0.23909,0.00044,10.73659,-0.338,-6.0896,0.195,33.0,313.1,0.071
1692129600,2023-08-15 16:00,2023-08-15,16.0,4438.11,2024-03-28,1711656000,226.0,0.75191,0.00049,10.93435,-0.80739,17.58543,0.19523,0.0,479.53,15 x 15,501.7,511.3,4150.0,104.6,106.5,23 x 21,95.06,-0.25073,0.0005,10.98961,-0.33921,-6.30753,0.19181,12.0,288.1,0.065
1692129600,2023-08-15 16:00,2023-08-15,16.0,4438.11,2024-03-28,1711656000,226.0,0.74173,0.00047,11.16856,-0.80863,17.43644,0.1933,0.0,475.24,23 x 23,484.8,488.0,4175.0,108.1,110.9,15 x 20,99.7,-0.26146,0.00048,11.2217,-0.33783,-6.50549,0.1896,22.0,263.1,0.059
1692129600,2023-08-15 16:00,2023-08-15,16.0,4438.11,2024-03-28,1711656000,226.0,0.73172,0.00048,11.40872,-0.80887,17.26486,0.19073,2.0,582.98,23 x 23,465.3,468.5,4200.0,113.6,115.6,22 x 20,102.09,-0.27362,0.00059,11.46647,-0.33774,-6.72854,0.18659,10.0,238.1,0.054
1692129600,2023-08-15 16:00,2023-08-15,16.0,4438.11,2024-03-28,1711656000,226.0,0.7201,0.00047,11.64532,-0.80971,17.07923,0.18771,9.0,455.81,23 x 23,446.0,449.2,4225.0,117.5,120.4,15 x 20,117.1,-0.28534,0.00058,11.69117,-0.3349,-6.93004,0.18348,1.0,213.1,0.048
1692129600,2023-08-15 16:00,2023-08-15,16.0,4438.11,2024-03-28,1711656000,226.0,0.70878,0.00048,11.8777,-0.80923,16.87896,0.18548,1.0,436.51,23 x 23,427.0,430.1,4250.0,123.5,124.1,39 x 15,126.38,-0.29898,0.00058,11.91327,-0.33175,-7.13808,0.18088,3.0,188.1,0.042
1692129600,2023-08-15 16:00,2023-08-15,16.0,4438.11,2024-03-28,1711656000,226.0,0.69741,0.00052,12.08535,-0.80448,16.70515,0.1818,7.0,418.3,15 x 37,405.6,410.4,4275.0,128.2,129.4,41 x 14,131.43,-0.31181,0.00066,12.12693,-0.32779,-7.34386,0.1777,3.0,163.1,0.037
1692129600,2023-08-15 16:00,2023-08-15,16.0,4438.11,2024-03-28,1711656000,226.0,0.68548,0.00053,12.30773,-0.80209,16.47813,0.17903,1.0,400.37,15 x 33,387.0,391.6,4300.0,134.2,134.8,34 x 13,132.02,-0.32634,0.00063,12.33565,-0.32377,-7.55765,0.175,1.0,138.1,0.031
1692129600,2023-08-15 16:00,2023-08-15,16.0,4438.11,2024-03-28,1711656000,226.0,0.67102,0.00062,12.53654,-0.8028,16.19898,0.1777,1.0,394.68,4 x 4,371.8,373.5,4325.0,140.0,140.6,39 x 13,149.9,-0.34231,0.00071,12.52913,-0.31949,-7.76279,0.17139,0.0,113.1,0.025
1692129600,2023-08-15 16:00,2023-08-15,16.0,4438.11,2024-03-28,1711656000,226.0,0.6575,0.00061,12.7396,-0.79879,15.94192,0.1756,2.0,361.7,5 x 5,353.7,355.3,4350.0,145.5,146.7,12 x 12,133.69,-0.35779,0.00071,12.70439,-0.31337,-7.95683,0.16884,16.0,88.1,0.02
1692129600,2023-08-15 16:00,2023-08-15,16.0,4438.11,2024-03-28,1711656000,226.0,0.64399,0.00057,12.93179,-0.79416,15.66776,0.17264,3.0,447.45,5 x 5,335.9,337.5,4375.0,151.8,153.1,12 x 12,117.9,-0.3747,0.0007,12.86137,-0.3067,-8.14494,0.16577,1.0,63.1,0.014
1692129600,2023-08-15 16:00,2023-08-15,16.0,4438.11,2024-03-28,1711656000,226.0,0.62895,0.00066,13.11275,-0.78801,15.37844,0.17043,3.0,424.06,6 x 6,318.4,320.0,4400.0,158.9,159.6,35 x 11,158.33,-0.39372,0.0008,12.99737,-0.30048,-8.32729,0.16312,1.0,38.1,0.009
1692129600,2023-08-15 16:00,2023-08-15,16.0,4438.11,2024-03-28,1711656000,226.0,0.61406,0.00066,13.27966,-0.78111,15.0718,0.16769,1.0,389.79,43 x 33,301.4,302.6,4425.0,165.9,166.6,35 x 10,163.14,-0.41244,0.00084,13.10433,-0.29209,-8.48676,0.15991,15.0,13.1,0.003
1692129600,2023-08-15 16:00,2023-08-15,16.0,4438.11,2024-03-28,1711656000,226.0,0.59886,0.00065,13.42981,-0.77392,14.74771,0.16476,1.0,296.0,6 x 38,284.5,285.8,4450.0,173.1,173.8,40 x 10,158.4,-0.43319,0.00083,13.1762,-0.28156,-8.62475,0.15596,3.0,11.9,0.003
1692129600,2023-08-15 16:00,2023-08-15,16.0,4438.11,2024-03-28,1711656000,226.0,0.58291,0.00064,13.56266,-0.76484,14.40778,0.16266,1.0,301.41,7 x 7,267.9,269.4,4475.0,180.2,181.6,29 x 10,173.75,-0.45484,0.00092,13.20694,-0.2709,-8.7333,0.15274,7.0,36.9,0.008
1692129600,2023-08-15 16:00,2023-08-15,16.0,4438.11,2024-03-28,1711656000,226.0,0.56614,0.00067,13.6764,-0.75485,14.04918,0.16049,6.0,302.3,48 x 33,251.9,253.0,4500.0,188.7,189.5,34 x 8,183.4,-0.47811,0.00098,13.18958,-0.25896,-8.81549,0.14983,3.0,61.9,0.014
1692129600,2023-08-15 16:00,2023-08-15,16.0,4438.11,2024-03-28,1711656000,226.0,0.54906,0.00069,13.76669,-0.7432,13.67354,0.15721,4.0,312.62,7 x 7,236.1,237.5,4525.0,196.6,197.8,8 x 8,188.74,-0.50383,0.00096,13.10615,-0.24427,-8.83976,0.1461,1.0,86.9,0.02
1692129600,2023-08-15 16:00,2023-08-15,16.0,4438.11,2024-03-28,1711656000,226.0,0.53135,0.00074,13.83265,-0.73099,13.28048,0.15485,24.0,310.0,39 x 35,220.9,221.9,4550.0,205.8,206.8,44 x 8,197.63,-0.53132,0.00102,12.94921,-0.22919,-8.81967,0.14265,7.0,111.9,0.025
1692129600,2023-08-15 16:00,2023-08-15,16.0,4438.11,2024-03-28,1711656000,226.0,0.51313,0.00074,13.87229,-0.71715,12.86961,0.15253,5.0,298.67,7 x 7,205.8,207.2,4575.0,214.5,215.8,26 x 7,196.68,-0.56255,0.00108,12.68209,-0.21144,-8.70256,0.13735,12.0,136.9,0.031
1692129600,2023-08-15 16:00,2023-08-15,16.0,4438.11,2024-03-28,1711656000,226.0,0.49378,0.00072,13.88195,-0.70097,12.44247,0.15009,3.0,282.31,7 x 35,191.4,192.5,4600.0,224.6,225.5,40 x 7,212.02,-0.59633,0.00115,12.28781,-0.1916,-8.49604,0.13347,10.0,161.9,0.036
1692129600,2023-08-15 16:00,2023-08-15,16.0,4438.11,2024-03-28,1711656000,226.0,0.4743,0.00075,13.86024,-0.68412,11.99876,0.14748,8.0,233.73,7 x 7,177.3,178.7,4625.0,234.2,238.6,7 x 15,180.09,-0.63333,0.00124,11.74815,-0.17146,-8.18616,0.13,3.0,186.9,0.042
1692129600,2023-08-15 16:00,2023-08-15,16.0,4438.11,2024-03-28,1711656000,226.0,0.45549,0.00076,13.80329,-0.66666,11.54086,0.14568,3.0,249.36,42 x 39,164.1,165.1,4650.0,245.4,246.3,41 x 7,213.91,-0.68173,0.00137,10.81862,-0.14112,-7.52862,0.12275,1.0,211.9,0.048
1692129600,2023-08-15 16:00,2023-08-15,16.0,4438.11,2024-03-28,1711656000,226.0,0.43487,0.00077,13.71142,-0.64789,11.06683,0.14378,1.0,227.5,28 x 8,151.0,152.3,4675.0,256.6,257.5,39 x 7,197.8,-0.7416,0.0016,9.40711,-0.10852,-6.5098,0.11586,1.0,236.9,0.053
1692129600,2023-08-15 16:00,2023-08-15,16.0,4438.11,2024-03-28,1711656000,226.0,0.4149,0.00081,13.5808,-0.62725,10.58282,0.14126,4.0,189.6,43 x 40,138.8,139.8,4700.0,268.4,269.2,34 x 7,234.96,-0.83335,0.0019,6.64974,-0.0627,-4.45386,0.10561,1.0,261.9,0.059
1692129600,2023-08-15 16:00,2023-08-15,16.0,4438.11,2024-04-19,1713556800,248.0,0.90086,0.00014,6.14278,-0.65383,20.18751,0.25446,0.0,807.07,17 x 17,1031.4,1036.4,3550.0,45.2,45.8,181 x 41,41.89,-0.09562,0.0002,6.22062,-0.26323,-3.00057,0.25452,4.0,888.1,0.2
1692129600,2023-08-15 16:00,2023-08-15,16.0,4438.11,2024-04-19,1713556800,248.0,0.89707,0.00022,6.33156,-0.66149,20.22044,0.25171,0.0,968.54,17 x 17,1009.1,1014.1,3575.0,47.1,47.8,66 x 133,45.76,-0.09956,0.00021,6.41739,-0.26745,-3.12249,0.25248,4.0,863.1,0.194
1692129600,2023-08-15 16:00,2023-08-15,16.0,4438.11,2024-04-19,1713556800,248.0,0.89277,0.00014,6.5473,-0.67093,20.22982,0.25058,0.0,769.64,50 x 10,981.4,998.2,3600.0,48.6,49.3,61 x 51,47.4,-0.10355,0.00017,6.59108,-0.27088,-3.2306,0.24935,2.0,838.1,0.189
1692129600,2023-08-15 16:00,2023-08-15,16.0,4438.11,2024-04-19,1713556800,248.0,0.88848,0.00018,6.74035,-0.67809,20.25396,0.24772,0.0,924.6,50 x 10,959.2,976.0,3625.0,50.6,51.3,34 x 30,43.67,-0.10824,0.00017,6.79092,-0.27479,-3.35782,0.24715,1.0,813.1,0.183
1692129600,2023-08-15 16:00,2023-08-15,16.0,4438.11,2024-04-19,1713556800,248.0,0.88326,0.00024,6.93743,-0.68472,20.27279,0.24509,0.0,903.38,50 x 10,937.1,953.8,3650.0,52.4,53.2,39 x 30,51.14,-0.11241,0.00018,6.9835,-0.27909,-3.48064,0.24427,4.0,788.1,0.178
1692129600,2023-08-15 16:00,2023-08-15,16.0,4438.11,2024-04-19,1713556800,248.0,0.88261,0.0002,6.97934,-0.68079,20.4176,0.23837,,0.0,50 x 50,911.8,928.6,3675.0,54.2,55.0,88 x 30,50.92,-0.11714,0.00025,7.17344,-0.28198,-3.60293,0.2414,5.0,763.1,0.172
1692129600,2023-08-15 16:00,2023-08-15,16.0,4438.11,2024-04-19,1713556800,248.0,0.87467,0.00027,7.34551,-0.69883,20.29105,0.23993,0.0,840.79,50 x 60,893.1,909.8,3700.0,56.2,57.1,82 x 30,50.8,-0.12123,0.00027,7.37751,-0.28483,-3.73629,0.23885,36.0,738.1,0.166
1692129600,2023-08-15 16:00,2023-08-15,16.0,4438.11,2024-04-19,1713556800,248.0,0.86939,0.00021,7.55214,-0.70618,20.29433,0.23763,0.0,681.94,50 x 60,871.2,887.8,3725.0,58.4,59.2,57 x 30,47.33,-0.12634,0.00023,7.58563,-0.28871,-3.87501,0.23609,100.0,713.1,0.161
1692129600,2023-08-15 16:00,2023-08-15,16.0,4438.11,2024-04-19,1713556800,248.0,0.8641,0.00022,7.76437,-0.71298,20.28812,0.23555,6.0,995.23,50 x 60,849.4,866.0,3750.0,60.6,61.5,81 x 30,74.61,-0.13135,0.00021,7.7981,-0.29234,-4.01862,0.23373,0.0,688.1,0.155
1692129600,2023-08-15 16:00,2023-08-15,16.0,4438.11,2024-04-19,1713556800,248.0,0.85945,0.00025,7.97821,-0.7194,20.27687,0.2327,1.0,650.53,50 x 50,827.7,844.2,3775.0,63.1,64.5,31 x 28,60.25,-0.13724,0.00023,8.03241,-0.29676,-4.18103,0.23203,1.0,663.1,0.149
1692129600,2023-08-15 16:00,2023-08-15,16.0,4438.11,2024-04-19,1713556800,248.0,0.85613,0.00024,8.08339,-0.71641,20.36452,0.22659,8.0,944.42,50 x 20,806.1,817.1,3800.0,65.3,66.2,80 x 30,66.98,-0.1427,0.0003,8.23152,-0.29844,-4.31641,0.22875,1.0,638.1,0.144
1692129600,2023-08-15 16:00,2023-08-15,16.0,4438.11,2024-04-19,1713556800,248.0,0.84994,0.00025,8.35702,-0.726,20.29267,0.22595,24.0,928.58,50 x 40,784.7,797.7,3825.0,67.8,68.8,79 x 30,63.27,-0.14866,0.00032,8.4563,-0.30166,-4.47477,0.22538,5.0,613.1,0.138
1692129600,2023-08-15 16:00,2023-08-15,16.0,4438.11,2024-04-19,1713556800,248.0,0.8421,0.00033,8.6257,-0.73628,20.21747,0.22421,40.0,899.91,16 x 16,768.4,773.3,3850.0,70.5,71.4,50 x 30,70.75,-0.15507,0.00029,8.68235,-0.30434,-4.63564,0.22308,1.0,588.1,0.133
1692129600,2023-08-15 16:00,2023-08-15,16.0,4438.11,2024-04-19,1713556800,248.0,0.83628,0.00029,8.85647,-0.74133,20.17424,0.22227,2.0,541.08,16 x 56,747.1,752.0,3875.0,73.2,74.2,50 x 70,67.71,-0.16124,0.00027,8.91362,-0.30707,-4.80311,0.22114,1.0,563.1,0.127
1692129600,2023-08-15 16:00,2023-08-15,16.0,4438.11,2024-04-19,1713556800,248.0,0.82997,0.00035,9.08892,-0.74737,20.12384,0.21984,1.0,809.25,16 x 56,725.9,730.8,3900.0,76.2,77.4,28 x 25,69.0,-0.16834,0.00028,9.15632,-0.3102,-4.98312,0.21883,2.0,538.1,0.121
1692129600,2023-08-15 16:00,2023-08-15,16.0,4438.11,2024-04-19,1713556800,248.0,0.82559,0.00033,9.24117,-0.745,20.15435,0.21513,1.0,787.85,50 x 40,699.9,709.7,3925.0,79.0,80.0,25 x 25,74.91,-0.17507,0.00031,9.384,-0.31165,-5.15058,0.21586,400.0,513.1,0.116
1692129600,2023-08-15 16:00,2023-08-15,16.0,4438.11,2024-04-19,1713556800,248.0,0.81626,0.00031,9.55611,-0.75722,20.00357,0.21484,9.0,803.03,20 x 40,683.5,688.8,3950.0,82.3,83.5,27 x 25,91.17,-0.1828,0.00035,9.63226,-0.31511,-5.34184,0.21286,1.0,488.1,0.11
1692129600,2023-08-15 16:00,2023-08-15,16.0,4438.11,2024-04-19,1713556800,248.0,0.80905,0.00033,9.80397,-0.76179,19.91772,0.21282,1.0,781.13,20 x 40,663.1,668.0,3975.0,85.4,86.4,25 x 25,77.09,-0.18977,0.00033,9.86678,-0.31623,-5.52084,0.21,9.0,463.1,0.104
1692129600,2023-08-15 16:00,2023-08-15,16.0,4438.11,2024-04-19,1713556800,248.0,0.80112,0.00037,10.05204,-0.767,19.82347,0.21079,2.0,668.07,20 x 40,642.1,648.1,4000.0,88.6,90.2,71 x 63,89.38,-0.19837,0.00041,10.1142,-0.31847,-5.71643,0.20776,2.0,438.1,0.099
1692129600,2023-08-15 16:00,2023-08-15,16.0,4438.11,2024-04-19,1713556800,248.0,0.793,0.00032,10.28886,-0.77096,19.73299,0.20775,11.0,730.71,40 x 40,621.9,626.8,4025.0,92.1,93.7,25 x 63,78.92,-0.20609,0.00044,10.35865,-0.31962,-5.91065,0.20525,12.0,413.1,0.093
1692129600,2023-08-15 16:00,2023-08-15,16.0,4438.11,2024-04-19,1713556800,248.0,0.78485,0.00042,10.53237,-0.77428,19.62712,0.2056,1.0,735.0,40 x 40,601.6,606.4,4050.0,96.1,97.8,25 x 23,92.15,-0.21603,0.00042,10.61334,-0.32155,-6.12182,0.20266,63.0,388.1,0.087
1692129600,2023-08-15 16:00,2023-08-15,16.0,4438.11,2024-04-19,1713556800,248.0,0.77682,0.00036,10.77763,-0.7772,19.50835,0.20315,2.0,702.99,40 x 40,581.4,586.2,4075.0,99.9,101.7,24 x 22,96.67,-0.22507,0.00047,10.85879,-0.32219,-6.32624,0.20062,4.0,363.1,0.082
1692129600,2023-08-15 16:00,2023-08-15,16.0,4438.11,2024-04-19,1713556800,248.0,0.76768,0.00038,11.01798,-0.77974,19.38449,0.20015,4.0,579.48,20 x 40,559.6,567.5,4100.0,103.9,105.7,24 x 22,102.14,-0.23406,0.00046,11.10431,-0.32187,-6.53391,0.19789,6.0,338.1,0.076
1692129600,2023-08-15 16:00,2023-08-15,16.0,4438.11,2024-04-19,1713556800,248.0,0.75849,0.00039,11.26681,-0.78288,19.23817,0.19823,1.0,637.8,40 x 40,541.5,546.2,4125.0,107.6,109.5,68 x 61,87.0,-0.24393,0.00049,11.33961,-0.32163,-6.73323,0.19475,2.0,313.1,0.071
1692129600,2023-08-15 16:00,2023-08-15,16.0,4438.11,2024-04-19,1713556800,248.0,0.74943,0.00045,11.50962,-0.78434,19.08648,0.19584,2.0,634.71,25 x 25,523.3,524.9,4150.0,112.0,113.8,23 x 41,108.8,-0.25473,0.00046,11.582,-0.32094,-6.9477,0.19252,4.0,288.1,0.065
1692129600,2023-08-15 16:00,2023-08-15,16.0,4438.11,2024-04-19,1713556800,248.0,0.73993,0.00044,11.73199,-0.78381,18.95284,0.19269,2.0,621.02,20 x 25,500.6,506.3,4175.0,116.9,118.8,23 x 21,90.2,-0.26583,0.00052,11.82766,-0.32089,-7.17343,0.19002,1.0,263.1,0.059
1692129600,2023-08-15 16:00,2023-08-15,16.0,4438.11,2024-04-19,1713556800,248.0,0.7294,0.00047,11.97377,-0.78411,18.77136,0.1902,5.0,539.15,20 x 20,481.4,487.0,4200.0,121.7,123.6,22 x 20,109.0,-0.27743,0.00056,12.06236,-0.31939,-7.39177,0.18767,903.0,238.1,0.054
1692129600,2023-08-15 16:00,2023-08-15,16.0,4438.11,2024-04-19,1713556800,248.0,0.71923,0.00045,12.19525,-0.78195,18.60867,0.18699,28.0,584.56,10 x 40,461.0,466.9,4225.0,126.5,128.4,22 x 20,114.7,-0.28954,0.00051,12.289,-0.31754,-7.60592,0.18492,1.0,213.1,0.048
1692129600,2023-08-15 16:00,2023-08-15,16.0,4438.11,2024-04-19,1713556800,248.0,0.70822,0.00051,12.42885,-0.78224,18.40298,0.18488,5.0,564.36,10 x 20,442.0,448.0,4250.0,131.6,133.6,22 x 20,115.8,-0.30211,0.0006,12.51082,-0.3149,-7.82318,0.18198,24.0,188.1,0.042
1692129600,2023-08-15 16:00,2023-08-15,16.0,4438.11,2024-04-19,1713556800,248.0,0.69669,0.00048,12.66183,-0.78121,18.17497,0.18242,2.0,481.57,10 x 10,423.4,429.8,4275.0,136.9,138.9,21 x 19,113.3,-0.31528,0.00058,12.72168,-0.31142,-8.03714,0.17938,160.0,163.1,0.037
1692129600,2023-08-15 16:00,2023-08-15,16.0,4438.11,2024-04-19,1713556800,248.0,0.68384,0.00052,12.89561,-0.7825,17.91082,0.18109,1.0,417.07,10 x 30,406.3,412.6,4300.0,142.0,144.0,21 x 19,139.3,-0.3289,0.00064,12.91949,-0.30676,-8.23703,0.17601,2.0,138.1,0.031
1692129600,2023-08-15 16:00,2023-08-15,16.0,4438.11,2024-04-19,1713556800,248.0,0.67311,0.00052,13.09479,-0.77667,17.69832,0.17788,1.0,503.92,10 x 50,386.6,392.5,4325.0,148.2,150.3,21 x 19,114.56,-0.34305,0.00067,13.11232,-0.30309,-8.45359,0.17333,12.0,113.1,0.025
1692129600,2023-08-15 16:00,2023-08-15,16.0,4438.11,2024-04-19,1713556800,248.0,0.65904,0.00054,13.31513,-0.7771,17.392,0.1769,40.0,475.26,25 x 26,372.0,375.3,4350.0,154.3,156.4,20 x 19,116.0,-0.35867,0.0007,13.28513,-0.29789,-8.65277,0.17099,40.0,88.1,0.02
1692129600,2023-08-15 16:00,2023-08-15,16.0,4438.11,2024-04-19,1713556800,248.0,0.64638,0.00054,13.49728,-0.76859,17.15333,0.1727,1.0,389.92,12 x 20,350.9,356.7,4375.0,160.6,162.8,20 x 18,127.25,-0.3755,0.00071,13.43844,-0.29158,-8.8393,0.16808,3.0,63.1,0.014
1692129600,2023-08-15 16:00,2023-08-15,16.0,4438.11,2024-04-19,1713556800,248.0,0.63186,0.00061,13.68778,-0.76644,16.8305,0.1714,2.0,406.94,52 x 32,334.8,341.0,4400.0,167.2,169.4,20 x 18,151.7,-0.39216,0.00072,13.5718,-0.28484,-9.01797,0.16503,1.0,38.1,0.009
1692129600,2023-08-15 16:00,2023-08-15,16.0,4438.11,2024-04-19,1713556800,248.0,0.61758,0.00065,13.85931,-0.76124,16.512,0.16898,350.0,342.46,20 x 32,318.6,323.8,4425.0,174.0,176.3,20 x 18,166.36,-0.41124,0.0008,13.67548,-0.27739,-9.17426,0.16163,3.0,13.1,0.003
1692129600,2023-08-15 16:00,2023-08-15,16.0,4438.11,2024-04-19,1713556800,248.0,0.60412,0.00068,14.00889,-0.75114,16.21139,0.16544,4.0,317.93,20 x 34,299.6,305.3,4450.0,181.2,183.5,19 x 18,176.15,-0.43007,0.00079,13.74881,-0.26835,-9.31272,0.15858,8.0,11.9,0.003
1692129600,2023-08-15 16:00,2023-08-15,16.0,4438.11,2024-04-19,1713556800,248.0,0.58836,0.00065,14.15073,-0.74521,15.84818,0.16427,2.0,342.53,79 x 54,284.3,290.4,4475.0,188.2,190.0,20 x 20,179.18,-0.45059,0.00087,13.77873,-0.25669,-9.40725,0.15439,4.0,36.9,0.008
1692129600,2023-08-15 16:00,2023-08-15,16.0,4438.11,2024-04-19,1713556800,248.0,0.57282,0.00068,14.27097,-0.73399,15.4981,0.16096,4.0,349.3,20 x 34,267.0,272.6,4500.0,196.6,198.9,19 x 17,167.68,-0.4734,0.00086,13.77069,-0.24678,-9.50163,0.1519,1.0,61.9,0.014
1692129600,2023-08-15 16:00,2023-08-15,16.0,4438.11,2024-04-19,1713556800,248.0,0.55609,0.00063,14.37199,-0.72644,15.1077,0.15977,2.0,348.7,79 x 34,252.3,258.3,4525.0,204.8,207.1,19 x 17,185.2,-0.49721,0.00091,13.70001,-0.23458,-9.53398,0.14864,5.0,86.9,0.02
1692129600,2023-08-15 16:00,2023-08-15,16.0,4438.11,2024-04-19,1713556800,248.0,0.53961,0.00074,14.44945,-0.71258,14.71863,0.15646,20.0,282.3,20 x 34,235.8,241.3,4550.0,213.4,215.8,19 x 17,189.92,-0.52307,0.00101,13.55793,-0.22098,-9.5124,0.14447,3.0,111.9,0.025
1692129600,2023-08-15 16:00,2023-08-15,16.0,4438.11,2024-04-19,1713556800,248.0,0.52237,0.00067,14.50308,-0.70213,14.29771,0.15467,1.0,230.09,19 x 17,223.3,225.7,4575.0,222.4,224.8,19 x 17,213.03,-0.55114,0.00108,13.32445,-0.20499,-9.41831,0.1407,21.0,136.9,0.031
1692129600,2023-08-15 16:00,2023-08-15,16.0,4438.11,2024-04-19,1713556800,248.0,0.50539,0.00066,14.53085,-0.68866,13.86643,0.15264,1.0,215.97,19 x 17,208.7,211.1,4600.0,231.8,234.3,19 x 17,231.1,-0.58368,0.00109,12.97016,-0.18777,-9.22721,0.13637,1.0,161.9,0.036
1692129600,2023-08-15 16:00,2023-08-15,16.0,4438.11,2024-04-19,1713556800,248.0,0.48736,0.00067,14.52881,-0.67441,13.41822,0.14953,1.0,236.26,19 x 17,194.6,196.9,4625.0,239.3,243.9,30 x 30,217.1,-0.62068,0.0012,12.40537,-0.16441,-8.83911,0.13074,1.0,186.9,0.042
1692129600,2023-08-15 16:00,2023-08-15,16.0,4438.11,2024-04-19,1713556800,248.0,0.46893,0.00074,14.49703,-0.65999,12.95711,0.14833,2.0,257.5,28 x 28,181.9,183.1,4650.0,249.5,254.3,55 x 50,185.5,-0.66414,0.00132,11.61449,-0.14056,-8.28861,0.12515,2.0,211.9,0.048
1692129600,2023-08-15 16:00,2023-08-15,16.0,4438.11,2024-04-19,1713556800,248.0,0.44971,0.00078,14.43023,-0.642,12.4776,0.14538,3.0,205.74,20 x 12,167.7,169.9,4675.0,260.3,265.1,55 x 50,235.3,-0.71674,0.00143,10.40302,-0.1123,-7.39808,0.11906,4.0,236.9,0.053
1692129600,2023-08-15 16:00,2023-08-15,16.0,4438.11,2024-04-19,1713556800,248.0,0.43033,0.00079,14.33042,-0.62364,11.98508,0.14327,1.0,171.56,20 x 12,155.0,157.2,4700.0,272.2,278.1,20 x 14,210.1,-0.78383,0.0017,8.51915,-0.08029,-5.98537,0.11219,8.0,261.9,0.059
1692129600,2023-08-15 16:00,2023-08-15,16.0,4438.11,2024-04-19,1713556800,248.0,0.41119,0.00072,14.19399,-0.60524,11.48221,0.14154,1.0,219.89,20 x 13,142.9,145.0,4725.0,284.2,290.0,14 x 14,267.27,-0.9598,0.00241,1.98654,-0.01306,-1.0301,0.09434,2.0,286.9,0.065
1692129600,2023-08-15 16:00,2023-08-15,16.0,4438.11,2024-05-17,1715976000,276.0,0.89624,0.00023,6.64112,-0.62772,22.22053,0.248,1.0,1189.66,30 x 30,1037.8,1055.4,3550.0,51.2,52.0,59 x 30,49.5,-0.10244,0.00015,6.86835,-0.25474,-3.54428,0.2522,1.0,888.1,0.2
1692129600,2023-08-15 16:00,2023-08-15,16.0,4438.11,2024-05-17,1715976000,276.0,0.88859,0.00022,7.01143,-0.64598,22.11065,0.25137,0.0,995.07,60 x 50,1019.0,1036.5,3575.0,53.2,54.2,34 x 42,49.77,-0.10586,0.00022,7.07428,-0.25943,-3.68181,0.25035,2.0,863.1,0.194
1692129600,2023-08-15 16:00,2023-08-15,16.0,4438.11,2024-05-17,1715976000,276.0,0.88532,0.00018,7.20858,-0.65309,22.13816,0.24866,1.0,1145.44,60 x 50,997.0,1014.5,3600.0,55.1,56.0,33 x 30,56.0,-0.11032,0.00022,7.26461,-0.2628,-3.81009,0.24809,6.0,838.1,0.189
1692129600,2023-08-15 16:00,2023-08-15,16.0,4438.11,2024-05-17,1715976000,276.0,0.88067,0.00021,7.41015,-0.66016,22.16147,0.24622,0.0,951.44,30 x 30,975.1,992.5,3625.0,56.9,57.8,62 x 30,57.63,-0.11446,0.00025,7.45457,-0.26531,-3.9367,0.24537,8.0,813.1,0.183
1692129600,2023-08-15 16:00,2023-08-15,16.0,4438.11,2024-05-17,1715976000,276.0,0.87662,0.00023,7.61585,-0.66609,22.17746,0.24353,2.0,1101.95,50 x 50,953.3,970.6,3650.0,59.0,59.9,30 x 30,44.9,-0.11911,0.00026,7.65953,-0.26889,-4.07727,0.24293,6.0,788.1,0.178
1692129600,2023-08-15 16:00,2023-08-15,16.0,4438.11,2024-05-17,1715976000,276.0,0.87138,0.00023,7.82242,-0.67244,22.19013,0.24176,0.0,889.34,50 x 30,931.5,948.8,3675.0,61.2,62.2,25 x 30,53.93,-0.12352,0.00023,7.87115,-0.27222,-4.22522,0.2405,54.0,763.1,0.172
1692129600,2023-08-15 16:00,2023-08-15,16.0,4438.11,2024-05-17,1715976000,276.0,0.8667,0.00021,8.03447,-0.6797,22.19406,0.23921,,0.0,50 x 50,909.9,927.0,3700.0,63.4,64.4,50 x 30,50.9,-0.12845,0.00023,8.08018,-0.27564,-4.37232,0.23792,44.0,738.1,0.166
1692129600,2023-08-15 16:00,2023-08-15,16.0,4438.11,2024-05-17,1715976000,276.0,0.86543,0.00024,8.11242,-0.67659,22.32258,0.23359,1.0,1035.22,30 x 30,885.1,902.3,3725.0,65.7,66.7,30 x 30,67.7,-0.13363,0.00022,8.29321,-0.27836,-4.52398,0.23484,1.0,713.1,0.161
1692129600,2023-08-15 16:00,2023-08-15,16.0,4438.11,2024-05-17,1715976000,276.0,0.85949,0.00029,8.33597,-0.68251,22.31141,0.2309,1.0,1013.39,30 x 30,863.7,880.7,3750.0,68.1,69.1,30 x 30,75.6,-0.1392,0.00024,8.51143,-0.28156,-4.6806,0.23289,0.0,688.1,0.155
1692129600,2023-08-15 16:00,2023-08-15,16.0,4438.11,2024-05-17,1715976000,276.0,0.85454,0.00028,8.5632,-0.68894,22.29228,0.22844,1.0,979.77,30 x 30,842.3,859.3,3775.0,70.7,71.9,28 x 30,75.5,-0.14484,0.00024,8.7416,-0.28453,-4.8501,0.23044,0.0,663.1,0.149
1692129600,2023-08-15 16:00,2023-08-15,16.0,4438.11,2024-05-17,1715976000,276.0,0.84702,0.00024,8.85088,-0.69964,22.20846,0.22805,24.0,928.82,30 x 20,824.1,837.8,3800.0,73.2,74.3,50 x 50,75.75,-0.15006,0.00024,8.95968,-0.28685,-5.01057,0.22819,4.0,638.1,0.144
1692129600,2023-08-15 16:00,2023-08-15,16.0,4438.11,2024-05-17,1715976000,276.0,0.84225,0.00027,9.078,-0.70487,22.17905,0.22582,4.0,947.4,50 x 20,803.0,816.3,3825.0,76.0,77.0,25 x 25,80.49,-0.15589,0.00024,9.1887,-0.28901,-5.18157,0.22561,4.0,613.1,0.138
1692129600,2023-08-15 16:00,2023-08-15,16.0,4438.11,2024-05-17,1715976000,276.0,0.83545,0.0003,9.30771,-0.71024,22.14195,0.22361,2.0,913.59,30 x 20,781.9,795.0,3850.0,79.0,79.9,20 x 25,78.65,-0.16234,0.00025,9.42471,-0.29257,-5.36195,0.22273,6.0,588.1,0.133
1692129600,2023-08-15 16:00,2023-08-15,16.0,4438.11,2024-05-17,1715976000,276.0,0.82956,0.00032,9.54194,-0.71587,22.09587,0.22075,10.0,900.15,30 x 20,761.0,773.8,3875.0,81.8,82.9,25 x 45,86.32,-0.16832,0.00031,9.65788,-0.29477,-5.54271,0.22051,2.0,563.1,0.127
1692129600,2023-08-15 16:00,2023-08-15,16.0,4438.11,2024-05-17,1715976000,276.0,0.82375,0.00031,9.76278,-0.71975,22.058,0.21844,2.0,875.87,30 x 20,740.2,751.9,3900.0,84.9,86.0,25 x 25,87.07,-0.17536,0.0003,9.89754,-0.297,-5.73034,0.21779,1.0,538.1,0.121
1692129600,2023-08-15 16:00,2023-08-15,16.0,4438.11,2024-05-17,1715976000,276.0,0.81676,0.0003,10.01765,-0.72566,21.97617,0.21697,2.0,850.82,50 x 40,719.5,731.8,3925.0,88.0,89.5,25 x 25,66.6,-0.18278,0.00035,10.14118,-0.2985,-5.92531,0.21636,21.0,513.1,0.116
1692129600,2023-08-15 16:00,2023-08-15,16.0,4438.11,2024-05-17,1715976000,276.0,0.81009,0.00029,10.25831,-0.72944,21.90304,0.21443,1.0,818.35,50 x 40,698.9,711.0,3950.0,91.4,92.5,25 x 25,74.6,-0.18965,0.00031,10.37947,-0.30062,-6.11716,0.21377,1.0,488.1,0.11
1692129600,2023-08-15 16:00,2023-08-15,16.0,4438.11,2024-05-17,1715976000,276.0,0.80291,0.00031,10.50089,-0.7338,21.81932,0.2123,0.0,504.17,50 x 40,678.5,690.3,3975.0,94.3,96.1,89 x 62,97.37,-0.19727,0.00041,10.61766,-0.30132,-6.3105,0.2103,5.0,463.1,0.104
1692129600,2023-08-15 16:00,2023-08-15,16.0,4438.11,2024-05-17,1715976000,276.0,0.79431,0.00036,10.77708,-0.74056,21.68472,0.21104,1.0,760.0,40 x 40,660.6,669.8,4000.0,98.3,100.1,24 x 22,100.87,-0.2048,0.00037,10.87354,-0.30314,-6.52763,0.20856,705.0,438.1,0.099
1692129600,2023-08-15 16:00,2023-08-15,16.0,4438.11,2024-05-17,1715976000,276.0,0.78703,0.00035,11.01868,-0.74375,21.58435,0.20892,0.0,535.06,20 x 20,640.5,649.4,4025.0,101.0,104.7,68 x 20,82.78,-0.21348,0.00039,11.1168,-0.30452,-6.73333,0.20603,36.0,413.1,0.093
1692129600,2023-08-15 16:00,2023-08-15,16.0,4438.11,2024-05-17,1715976000,276.0,0.77883,0.00039,11.26309,-0.74709,21.47023,0.20675,0.0,653.61,20 x 20,620.5,629.2,4050.0,104.9,108.6,67 x 20,94.77,-0.22164,0.00043,11.36238,-0.30497,-6.94631,0.20383,2.0,388.1,0.087
1692129600,2023-08-15 16:00,2023-08-15,16.0,4438.11,2024-05-17,1715976000,276.0,0.77101,0.00041,11.50782,-0.75005,21.34437,0.20381,0.0,562.19,20 x 20,600.7,609.2,4075.0,109.7,111.2,60 x 20,87.5,-0.23055,0.00037,11.60027,-0.3049,-7.1526,0.2013,25.0,363.1,0.082
1692129600,2023-08-15 16:00,2023-08-15,16.0,4438.11,2024-05-17,1715976000,276.0,0.75953,0.00037,11.81223,-0.75944,21.11247,0.20429,1.0,543.47,20 x 10,582.8,593.7,4100.0,113.9,115.4,20 x 20,107.5,-0.24028,0.00039,11.8449,-0.30458,-7.37084,0.19832,1.0,338.1,0.076
1692129600,2023-08-15 16:00,2023-08-15,16.0,4438.11,2024-05-17,1715976000,276.0,0.75358,0.00043,11.99509,-0.7554,21.06081,0.19949,1.0,641.2,20 x 40,561.5,569.6,4125.0,117.8,119.8,42 x 40,109.49,-0.24973,0.00046,12.08302,-0.30455,-7.58691,0.19603,1.0,313.1,0.071
1692129600,2023-08-15 16:00,2023-08-15,16.0,4438.11,2024-05-17,1715976000,276.0,0.74427,0.00043,12.23797,-0.75642,20.89941,0.19725,1.0,667.4,26 x 26,545.4,547.0,4150.0,122.8,124.8,22 x 20,113.8,-0.26012,0.00044,12.33145,-0.30431,-7.82325,0.19369,288.0,288.1,0.065
1692129600,2023-08-15 16:00,2023-08-15,16.0,4438.11,2024-05-17,1715976000,276.0,0.73513,0.00047,12.47529,-0.75779,20.73145,0.19495,15.0,485.08,20 x 20,522.9,530.7,4175.0,126.9,129.0,41 x 40,126.65,-0.27077,0.00048,12.5578,-0.30274,-8.03284,0.19087,3.0,263.1,0.059
1692129600,2023-08-15 16:00,2023-08-15,16.0,4438.11,2024-05-17,1715976000,276.0,0.72609,0.00044,12.67708,-0.7542,20.61394,0.19065,1.0,518.8,10 x 30,502.0,508.7,4200.0,131.7,133.9,41 x 19,130.4,-0.28189,0.00055,12.78798,-0.30067,-8.25678,0.18801,1.0,238.1,0.054
1692129600,2023-08-15 16:00,2023-08-15,16.0,4438.11,2024-05-17,1715976000,276.0,0.71523,0.00046,12.93547,-0.7578,20.36946,0.19059,1.0,563.55,50 x 30,484.6,491.7,4225.0,137.3,139.4,21 x 19,160.94,-0.29374,0.00051,13.01915,-0.30017,-8.49317,0.18577,1.0,213.1,0.048
1692129600,2023-08-15 16:00,2023-08-15,16.0,4438.11,2024-05-17,1715976000,276.0,0.70536,0.00049,13.14444,-0.75423,20.20383,0.18698,1.0,491.56,10 x 20,464.4,471.0,4250.0,142.5,144.7,20 x 19,137.4,-0.30568,0.00049,13.23588,-0.29786,-8.71592,0.18342,1.0,188.1,0.042
1692129600,2023-08-15 16:00,2023-08-15,16.0,4438.11,2024-05-17,1715976000,276.0,0.69322,0.00047,13.39469,-0.7575,19.9175,0.18598,1.0,557.4,26 x 26,449.9,453.4,4275.0,147.8,149.6,20 x 38,146.8,-0.31832,0.00055,13.43949,-0.29376,-8.92724,0.18066,1.0,163.1,0.037
1692129600,2023-08-15 16:00,2023-08-15,16.0,4438.11,2024-05-17,1715976000,276.0,0.68268,0.00054,13.60342,-0.75436,19.70131,0.183,0.0,428.28,10 x 30,429.0,436.0,4300.0,153.5,155.8,20 x 18,141.25,-0.33142,0.00058,13.63922,-0.29084,-9.14927,0.17778,180.0,138.1,0.031
1692129600,2023-08-15 16:00,2023-08-15,16.0,4438.11,2024-05-17,1715976000,276.0,0.67085,0.00056,13.81991,-0.75337,19.43149,0.18135,12.0,365.73,26 x 27,413.5,416.9,4325.0,158.8,161.1,40 x 18,138.38,-0.3448,0.0006,13.8185,-0.28535,-9.34513,0.17533,1.0,113.1,0.025
1692129600,2023-08-15 16:00,2023-08-15,16.0,4438.11,2024-05-17,1715976000,276.0,0.65965,0.00057,14.00549,-0.74588,19.217,0.17749,1.0,432.25,10 x 10,391.6,398.2,4350.0,164.8,167.1,39 x 18,166.93,-0.35962,0.00068,13.98567,-0.27987,-9.54192,0.17181,3.0,88.1,0.02
1692129600,2023-08-15 16:00,2023-08-15,16.0,4438.11,2024-05-17,1715976000,276.0,0.64602,0.00052,14.21183,-0.7468,18.88663,0.17702,2.0,376.47,52 x 27,378.0,381.4,4375.0,171.1,173.5,59 x 17,158.3,-0.3754,0.00063,14.1367,-0.27413,-9.73327,0.16942,1.0,63.1,0.014
1692129600,2023-08-15 16:00,2023-08-15,16.0,4438.11,2024-05-17,1715976000,276.0,0.63323,0.00051,14.39494,-0.74273,18.58275,0.17492,501.0,351.6,25 x 32,360.6,365.0,4400.0,178.2,180.7,19 x 17,179.09,-0.39196,0.00065,14.27007,-0.26936,-9.92508,0.16708,1.0,38.1,0.009
1692129600,2023-08-15 16:00,2023-08-15,16.0,4438.11,2024-05-17,1715976000,276.0,0.62077,0.00056,14.55557,-0.73293,18.31645,0.17082,1.0,431.4,12 x 32,339.6,346.2,4425.0,185.0,187.6,19 x 17,188.26,-0.40893,0.00077,14.37382,-0.26158,-10.08229,0.1636,2.0,13.1,0.003
1692129600,2023-08-15 16:00,2023-08-15,16.0,4438.11,2024-05-17,1715976000,276.0,0.60736,0.00054,14.71868,-0.72977,17.95389,0.17018,0.0,348.15,20 x 54,325.5,331.0,4450.0,191.5,194.0,38 x 17,151.12,-0.4272,0.00077,14.44372,-0.2526,-10.2066,0.15982,1.0,11.9,0.003
1692129600,2023-08-15 16:00,2023-08-15,16.0,4438.11,2024-05-17,1715976000,276.0,0.59301,0.00057,14.8586,-0.72027,17.63355,0.16643,1.0,331.06,20 x 34,306.9,312.8,4475.0,199.5,202.1,18 x 17,218.65,-0.44685,0.00074,14.48513,-0.24444,-10.33235,0.15751,1.0,36.9,0.008
1692129600,2023-08-15 16:00,2023-08-15,16.0,4438.11,2024-05-17,1715976000,276.0,0.57904,0.00062,14.98558,-0.71317,17.26703,0.16429,1.0,317.4,20 x 34,290.8,296.6,4500.0,207.2,209.9,18 x 17,184.09,-0.46803,0.00085,14.48002,-0.23507,-10.41425,0.15426,1.0,61.9,0.014
1692129600,2023-08-15 16:00,2023-08-15,16.0,4438.11,2024-05-17,1715976000,276.0,0.56361,0.0006,15.0952,-0.70728,16.87013,0.16299,4.0,372.81,20 x 54,276.8,282.3,4525.0,215.2,217.9,18 x 16,235.43,-0.48993,0.00083,14.42084,-0.22435,-10.45066,0.15088,0.0,86.9,0.02
1692129600,2023-08-15 16:00,2023-08-15,16.0,4438.11,2024-05-17,1715976000,276.0,0.5483,0.00068,15.18366,-0.69642,16.47977,0.16064,1.0,350.34,79 x 54,259.9,266.7,4550.0,223.5,226.3,18 x 16,191.52,-0.51439,0.00091,14.29673,-0.2113,-10.43348,0.14752,19.0,111.9,0.025
1692129600,2023-08-15 16:00,2023-08-15,16.0,4438.11,2024-05-17,1715976000,276.0,0.53284,0.0006,15.25037,-0.68609,16.0646,0.15842,1.0,336.1,18 x 16,247.1,249.8,4575.0,232.3,235.0,18 x 16,198.82,-0.54029,0.00096,14.09185,-0.19775,-10.35102,0.14392,30.0,136.9,0.031
1692129600,2023-08-15 16:00,2023-08-15,16.0,4438.11,2024-05-17,1715976000,276.0,0.51701,0.00068,15.29472,-0.67313,15.63712,0.15517,8.0,293.48,18 x 16,231.4,234.1,4600.0,241.5,242.8,28 x 28,219.3,-0.57007,0.00104,13.76967,-0.18094,-10.15994,0.13868,3.0,161.9,0.036
1692129600,2023-08-15 16:00,2023-08-15,16.0,4438.11,2024-05-17,1715976000,276.0,0.49956,0.0007,15.31303,-0.66057,15.18769,0.15312,5.0,232.63,18 x 16,216.9,219.7,4625.0,249.8,255.2,10 x 10,210.18,-0.60172,0.00108,13.33593,-0.16509,-9.90014,0.13572,1.0,186.9,0.042
1692129600,2023-08-15 16:00,2023-08-15,16.0,4438.11,2024-05-17,1715976000,276.0,0.48257,0.0007,15.30465,-0.64652,14.7237,0.15061,5.0,272.65,18 x 17,202.9,205.6,4650.0,258.9,264.3,55 x 50,235.9,-0.64121,0.00123,12.64987,-0.14407,-9.39421,0.12988,4.0,211.9,0.048
1692129600,2023-08-15 16:00,2023-08-15,16.0,4438.11,2024-05-17,1715976000,276.0,0.46575,0.00068,15.2666,-0.63254,14.24435,0.14901,1.0,218.18,18 x 17,189.5,192.1,4675.0,270.0,275.6,10 x 10,269.24,-0.68394,0.00132,11.73701,-0.12196,-8.72487,0.12485,194.0,236.9,0.053
1692129600,2023-08-15 16:00,2023-08-15,16.0,4438.11,2024-05-17,1715976000,276.0,0.4478,0.00071,15.19904,-0.61704,13.75009,0.14654,1.0,260.9,19 x 17,176.4,179.0,4700.0,280.9,286.4,10 x 10,202.34,-0.74004,0.00148,10.25762,-0.09466,-7.5694,0.11844,17.0,261.9,0.059
1692129600,2023-08-15 16:00,2023-08-15,16.0,4438.11,2024-05-17,1715976000,276.0,0.43069,0.00074,15.10001,-0.60211,13.24787,0.14471,5.0,175.03,19 x 17,164.5,167.0,4725.0,291.3,296.8,55 x 50,223.2,-0.83539,0.00176,7.13484,-0.05251,-5.06311,0.10721,20.0,286.9,0.065
1692129600,2023-08-15 16:00,2023-08-15,16.0,4438.11,2024-06-21,1719000000,311.0,0.88955,0.00015,7.34337,-0.60719,24.61626,0.24585,2.0,1207.94,30 x 30,1056.3,1073.0,3550.0,57.7,59.1,42 x 72,57.9,-0.10807,0.00018,7.60325,-0.24369,-4.21581,0.24952,7.0,888.1,0.2
1692129600,2023-08-15 16:00,2023-08-15,16.0,4438.11,2024-06-21,1719000000,311.0,0.88291,0.00016,7.71134,-0.62325,24.50184,0.24734,0.0,874.92,50 x 50,1037.8,1054.3,3575.0,59.8,61.1,42 x 42,59.1,-0.11205,0.00023,7.80542,-0.24724,-4.35976,0.24731,13.0,863.1,0.194
1692129600,2023-08-15 16:00,2023-08-15,16.0,4438.11,2024-06-21,1719000000,311.0,0.88177,0.00022,7.76299,-0.62067,24.67586,0.24115,2.0,1163.91,30 x 30,1012.9,1029.4,3600.0,62.1,63.1,50 x 30,61.2,-0.11616,0.0002,8.0121,-0.24971,-4.50848,0.24497,1.0,838.1,0.189
1692129600,2023-08-15 16:00,2023-08-15,16.0,4438.11,2024-06-21,1719000000,311.0,0.87401,0.00023,8.12619,-0.63624,24.554,0.24347,0.0,699.59,50 x 50,994.4,1010.9,3625.0,64.3,65.2,30 x 30,56.2,-0.1209,0.00019,8.21917,-0.25248,-4.65891,0.24264,3.0,813.1,0.183
1692129600,2023-08-15 16:00,2023-08-15,16.0,4438.11,2024-06-21,1719000000,311.0,0.86958,0.00022,8.33937,-0.64159,24.5692,0.24145,4.0,1121.05,50 x 50,972.9,989.3,3650.0,66.5,67.5,50 x 30,66.1,-0.12599,0.00021,8.43069,-0.25558,-4.81488,0.24019,2.0,788.1,0.178
1692129600,2023-08-15 16:00,2023-08-15,16.0,4438.11,2024-06-21,1719000000,311.0,0.86503,0.00018,8.53979,-0.64718,24.59437,0.23827,1.0,1041.13,18 x 18,956.5,962.0,3675.0,68.9,69.9,50 x 70,68.0,-0.12989,0.00019,8.64885,-0.25873,-4.97771,0.23833,3.0,763.1,0.172
1692129600,2023-08-15 16:00,2023-08-15,16.0,4438.11,2024-06-21,1719000000,311.0,0.86302,0.00022,8.64371,-0.64654,24.71548,0.23314,1.0,965.0,30 x 30,927.0,943.3,3700.0,71.3,72.3,50 x 70,70.7,-0.13527,0.00025,8.86744,-0.26133,-5.14181,0.23561,181.0,738.1,0.166
1692129600,2023-08-15 16:00,2023-08-15,16.0,4438.11,2024-06-21,1719000000,311.0,0.85849,0.00028,8.87311,-0.65246,24.70668,0.2312,2.0,1055.32,30 x 30,905.8,922.0,3725.0,73.9,74.9,50 x 70,72.9,-0.14019,0.00027,9.0928,-0.26354,-5.31473,0.23402,2.0,713.1,0.161
1692129600,2023-08-15 16:00,2023-08-15,16.0,4438.11,2024-06-21,1719000000,311.0,0.85022,0.00021,9.22436,-0.66511,24.5623,0.23273,2.0,1033.61,50 x 50,887.7,903.8,3750.0,76.4,77.8,26 x 25,75.6,-0.14557,0.0002,9.32229,-0.26626,-5.49159,0.23104,3.0,688.1,0.155
1692129600,2023-08-15 16:00,2023-08-15,16.0,4438.11,2024-06-21,1719000000,311.0,0.84449,0.0002,9.45568,-0.67079,24.54007,0.23031,1.0,936.18,50 x 50,866.7,882.7,3775.0,79.2,80.2,25 x 25,72.4,-0.15119,0.00023,9.54576,-0.26882,-5.66669,0.22921,29.0,663.1,0.149
1692129600,2023-08-15 16:00,2023-08-15,16.0,4438.11,2024-06-21,1719000000,311.0,0.84229,0.00024,9.57385,-0.66972,24.64079,0.22491,39.0,901.6,30 x 30,842.6,858.6,3800.0,82.0,83.1,29 x 45,78.6,-0.15652,0.00032,9.77794,-0.27076,-5.84937,0.22657,250.0,638.1,0.144
1692129600,2023-08-15 16:00,2023-08-15,16.0,4438.11,2024-06-21,1719000000,311.0,0.83382,0.00028,9.91863,-0.68128,24.47815,0.22648,16.0,968.32,20 x 20,829.0,836.5,3825.0,84.9,86.0,25 x 25,79.97,-0.16291,0.00024,10.01175,-0.27315,-6.03629,0.22451,10.0,613.1,0.138
1692129600,2023-08-15 16:00,2023-08-15,16.0,4438.11,2024-06-21,1719000000,311.0,0.82792,0.00027,10.14343,-0.68573,24.44764,0.22396,24.0,945.23,17 x 17,809.0,814.3,3850.0,87.9,89.4,24 x 25,81.02,-0.16849,0.0003,10.25431,-0.27604,-6.23589,0.22199,11.0,588.1,0.133
1692129600,2023-08-15 16:00,2023-08-15,16.0,4438.11,2024-06-21,1719000000,311.0,0.82384,0.00023,10.30674,-0.68601,24.48783,0.21961,21.0,920.4,50 x 20,783.5,793.7,3875.0,91.0,92.6,24 x 25,89.9,-0.17491,0.00027,10.49418,-0.27748,-6.43283,0.21952,56.0,563.1,0.127
1692129600,2023-08-15 16:00,2023-08-15,16.0,4438.11,2024-06-21,1719000000,311.0,0.81706,0.00029,10.57124,-0.69148,24.39853,0.21788,1.0,898.22,50 x 20,763.0,774.4,3900.0,94.3,95.9,24 x 25,86.91,-0.18187,0.00033,10.73716,-0.27929,-6.63632,0.21808,1.0,538.1,0.121
1692129600,2023-08-15 16:00,2023-08-15,16.0,4438.11,2024-06-21,1719000000,311.0,0.81138,0.00028,10.79673,-0.69515,24.35173,0.2156,4.0,872.57,30 x 40,742.6,752.6,3925.0,98.1,99.5,25 x 22,92.6,-0.18925,0.00027,10.9901,-0.28193,-6.85287,0.21541,25.0,513.1,0.116
1692129600,2023-08-15 16:00,2023-08-15,16.0,4438.11,2024-06-21,1719000000,311.0,0.80474,0.00034,11.04402,-0.69903,24.26917,0.21291,2.0,840.45,50 x 40,722.3,732.3,3950.0,101.1,103.0,23 x 21,79.31,-0.19618,0.00036,11.22693,-0.28245,-7.05506,0.21329,26.0,488.1,0.11
1692129600,2023-08-15 16:00,2023-08-15,16.0,4438.11,2024-06-21,1719000000,311.0,0.79591,0.00036,11.3531,-0.70816,24.09014,0.2131,0.0,565.38,40 x 40,706.8,712.1,3975.0,104.7,106.7,22 x 21,98.67,-0.20349,0.0003,11.47293,-0.28394,-7.26903,0.21063,39.0,463.1,0.104
1692129600,2023-08-15 16:00,2023-08-15,16.0,4438.11,2024-06-21,1719000000,311.0,0.7882,0.00038,11.60739,-0.71207,23.97716,0.21092,500.0,732.07,20 x 20,686.2,693.3,4000.0,108.5,109.9,22 x 1,109.77,-0.21108,0.00039,11.71134,-0.28424,-7.47832,0.2084,51.0,438.1,0.099
1692129600,2023-08-15 16:00,2023-08-15,16.0,4438.11,2024-06-21,1719000000,311.0,0.78109,0.00031,11.84226,-0.71414,23.88303,0.20858,1.0,772.87,40 x 40,666.9,672.1,4025.0,112.4,114.4,22 x 20,115.0,-0.21948,0.00033,11.96459,-0.285,-7.70875,0.20615,46.0,413.1,0.093
1692129600,2023-08-15 16:00,2023-08-15,16.0,4438.11,2024-06-21,1719000000,311.0,0.77345,0.0003,12.0867,-0.71776,23.7631,0.20709,18.0,677.85,57 x 37,647.1,652.3,4050.0,115.9,117.7,47 x 9,114.7,-0.22784,0.0004,12.19621,-0.28426,-7.91393,0.20301,17.0,388.1,0.087
1692129600,2023-08-15 16:00,2023-08-15,16.0,4438.11,2024-06-21,1719000000,311.0,0.76585,0.00037,12.33263,-0.72064,23.62996,0.20431,1.0,755.81,40 x 40,627.5,632.7,4075.0,120.6,122.1,20 x 20,120.8,-0.23636,0.00039,12.4486,-0.28527,-8.15169,0.20101,27.0,363.1,0.082
1692129600,2023-08-15 16:00,2023-08-15,16.0,4438.11,2024-06-21,1719000000,311.0,0.7567,0.00042,12.58171,-0.7228,23.47803,0.2026,2.0,616.95,20 x 20,607.4,614.4,4100.0,124.9,127.0,21 x 19,123.3,-0.24597,0.00039,12.69556,-0.28542,-8.38865,0.19872,50.0,338.1,0.076
1692129600,2023-08-15 16:00,2023-08-15,16.0,4438.11,2024-06-21,1719000000,311.0,0.74845,0.00043,12.81809,-0.72437,23.33484,0.201,0.0,566.15,27 x 48,589.3,593.2,4125.0,129.3,131.5,20 x 19,121.88,-0.25467,0.00043,12.93503,-0.28494,-8.61914,0.19711,2.0,313.1,0.071
1692129600,2023-08-15 16:00,2023-08-15,16.0,4438.11,2024-06-21,1719000000,311.0,0.74044,0.0004,13.0581,-0.72531,23.16881,0.19867,1.0,688.0,27 x 27,571.3,572.9,4150.0,134.0,136.2,20 x 19,133.9,-0.26456,0.00044,13.17231,-0.2844,-8.8519,0.19439,512.0,288.1,0.065
1692129600,2023-08-15 16:00,2023-08-15,16.0,4438.11,2024-06-21,1719000000,311.0,0.7317,0.00041,13.29205,-0.72619,23.00061,0.19583,0.0,531.72,50 x 50,549.8,555.8,4175.0,138.3,140.5,40 x 39,107.88,-0.2744,0.00049,13.39633,-0.28151,-9.06982,0.19149,45.0,263.1,0.059
1692129600,2023-08-15 16:00,2023-08-15,16.0,4438.11,2024-06-21,1719000000,311.0,0.72286,0.0004,13.50639,-0.72502,22.85452,0.19338,18.0,549.2,10 x 10,529.5,535.4,4200.0,143.2,146.5,42 x 42,142.2,-0.28547,0.00052,13.62956,-0.28117,-9.31383,0.18981,221.0,238.1,0.054
1692129600,2023-08-15 16:00,2023-08-15,16.0,4438.11,2024-06-21,1719000000,311.0,0.71252,0.00041,13.75193,-0.72635,22.62108,0.19186,2.0,616.05,50 x 20,512.3,517.4,4225.0,148.9,151.2,19 x 18,144.7,-0.29685,0.00051,13.85036,-0.27879,-9.54528,0.18656,4.0,213.1,0.048
1692129600,2023-08-15 16:00,2023-08-15,16.0,4438.11,2024-06-21,1719000000,311.0,0.70247,0.00042,13.98311,-0.72643,22.39551,0.18966,100.0,614.38,50 x 30,493.8,499.7,4250.0,154.1,156.5,19 x 18,151.72,-0.30819,0.00052,14.06276,-0.27666,-9.77148,0.18439,150.0,188.1,0.042
1692129600,2023-08-15 16:00,2023-08-15,16.0,4438.11,2024-06-21,1719000000,311.0,0.69366,0.00046,14.18841,-0.72312,22.21244,0.18595,6.0,522.3,10 x 40,473.9,479.5,4275.0,159.7,161.5,20 x 20,126.5,-0.31997,0.00058,14.26353,-0.27328,-9.99017,0.18138,364.0,163.1,0.037
1692129600,2023-08-15 16:00,2023-08-15,16.0,4438.11,2024-06-21,1719000000,311.0,0.68291,0.00043,14.40763,-0.72185,21.96181,0.1842,40.0,489.0,10 x 10,455.8,461.9,4300.0,165.4,167.2,20 x 20,166.0,-0.33363,0.00054,14.45661,-0.27006,-10.20895,0.17953,4.0,138.1,0.031
1692129600,2023-08-15 16:00,2023-08-15,16.0,4438.11,2024-06-21,1719000000,311.0,0.67206,0.00047,14.61611,-0.7196,21.71108,0.18229,1.0,505.36,10 x 20,437.9,443.4,4325.0,171.6,172.8,31 x 31,158.07,-0.34622,0.00062,14.63648,-0.26542,-10.42136,0.17608,4.0,113.1,0.025
1692129600,2023-08-15 16:00,2023-08-15,16.0,4438.11,2024-06-21,1719000000,311.0,0.66056,0.0005,14.81841,-0.71768,21.43885,0.18007,2.0,459.2,10 x 20,420.2,425.7,4350.0,177.4,179.9,18 x 17,172.6,-0.36029,0.00062,14.8032,-0.26147,-10.62959,0.17442,30.0,88.1,0.02
1692129600,2023-08-15 16:00,2023-08-15,16.0,4438.11,2024-06-21,1719000000,311.0,0.64924,0.00053,15.01245,-0.71461,21.1528,0.17772,1.0,491.29,12 x 20,402.7,408.2,4375.0,183.1,185.7,58 x 17,181.5,-0.37515,0.00064,14.94675,-0.25509,-10.80858,0.17047,25.0,63.1,0.014
1692129600,2023-08-15 16:00,2023-08-15,16.0,4438.11,2024-06-21,1719000000,311.0,0.63746,0.00053,15.19686,-0.71049,20.85024,0.17555,3.0,457.38,12 x 40,385.5,390.9,4400.0,190.2,192.8,18 x 16,183.86,-0.39087,0.00063,15.07785,-0.25093,-11.00085,0.16803,1190.0,38.1,0.009
1692129600,2023-08-15 16:00,2023-08-15,16.0,4438.11,2024-06-21,1719000000,311.0,0.62481,0.00049,15.37213,-0.70634,20.5276,0.17325,1.0,458.99,12 x 12,368.5,374.5,4425.0,196.4,199.0,58 x 16,181.9,-0.40661,0.00068,15.17696,-0.24326,-11.14562,0.16543,8.0,13.1,0.003
1692129600,2023-08-15 16:00,2023-08-15,16.0,4438.11,2024-06-21,1719000000,311.0,0.61208,0.00052,15.53298,-0.70052,20.20088,0.17105,1.0,422.72,12 x 20,351.7,357.1,4450.0,203.4,206.0,57 x 16,195.54,-0.4237,0.00073,15.2516,-0.23546,-11.28354,0.16276,1.0,11.9,0.003
1692129600,2023-08-15 16:00,2023-08-15,16.0,4438.11,2024-06-21,1719000000,311.0,0.59959,0.00054,15.68132,-0.69525,19.84634,0.16964,146.0,345.1,14 x 14,335.3,341.2,4475.0,210.6,213.4,57 x 16,195.72,-0.44218,0.0007,15.29231,-0.22796,-11.39529,0.15908,10.0,36.9,0.008
1692129600,2023-08-15 16:00,2023-08-15,16.0,4438.11,2024-06-21,1719000000,311.0,0.586,0.00059,15.81669,-0.6905,19.46313,0.16818,701.0,329.75,30 x 34,320.6,326.0,4500.0,218.8,221.6,17 x 16,214.7,-0.46194,0.00075,15.29781,-0.22053,-11.49233,0.15657,621.0,61.9,0.014
1692129600,2023-08-15 16:00,2023-08-15,16.0,4438.11,2024-06-21,1719000000,311.0,0.57252,0.00061,15.9338,-0.68325,19.08723,0.16614,26.0,407.51,54 x 34,304.4,310.0,4525.0,226.0,228.8,57 x 16,216.94,-0.48303,0.0008,15.24461,-0.20942,-11.51507,0.15278,8.0,86.9,0.02
1692129600,2023-08-15 16:00,2023-08-15,16.0,4438.11,2024-06-21,1719000000,311.0,0.55859,0.00063,16.03382,-0.67334,18.70406,0.1626,225.0,332.25,14 x 34,287.5,292.8,4550.0,234.7,236.8,20 x 20,231.92,-0.50562,0.00085,15.1384,-0.19923,-11.50794,0.14987,18.0,111.9,0.025
1692129600,2023-08-15 16:00,2023-08-15,16.0,4438.11,2024-06-21,1719000000,311.0,0.54342,0.00062,16.11587,-0.66612,18.27849,0.16137,9.0,371.81,79 x 34,273.4,279.0,4575.0,242.6,245.5,57 x 16,190.3,-0.5301,0.00094,14.95468,-0.18691,-11.4277,0.14607,1.0,136.9,0.031
1692129600,2023-08-15 16:00,2023-08-15,16.0,4438.11,2024-06-21,1719000000,311.0,0.52875,0.00061,16.17762,-0.65623,17.84751,0.15968,113.0,265.96,17 x 15,259.9,262.8,4600.0,251.9,254.1,20 x 20,255.02,-0.55651,0.00099,14.68149,-0.1739,-11.2778,0.14209,385.0,161.9,0.036
1692129600,2023-08-15 16:00,2023-08-15,16.0,4438.11,2024-06-21,1719000000,311.0,0.51373,0.00058,16.21719,-0.64656,17.4023,0.15679,1.0,322.6,17 x 16,245.2,248.2,4625.0,261.4,264.3,16 x 15,216.28,-0.58573,0.00104,14.30044,-0.15956,-11.0399,0.13812,51.0,186.9,0.042
1692129600,2023-08-15 16:00,2023-08-15,16.0,4438.11,2024-06-21,1719000000,311.0,0.49813,0.00064,16.23356,-0.63439,16.93899,0.15471,150.0,290.5,17 x 16,230.9,233.8,4650.0,270.9,273.9,16 x 15,264.5,-0.61948,0.00112,13.74054,-0.14248,-10.63358,0.13414,20.0,211.9,0.048
1692129600,2023-08-15 16:00,2023-08-15,16.0,4438.11,2024-06-21,1719000000,311.0,0.48252,0.00063,16.22473,-0.62203,16.46126,0.15262,0.0,206.7,20 x 20,217.1,219.6,4675.0,279.0,283.3,75 x 10,259.6,-0.661,0.00117,12.87451,-0.12151,-9.93437,0.12804,20.0,236.9,0.053
1692129600,2023-08-15 16:00,2023-08-15,16.0,4438.11,2024-06-21,1719000000,311.0,0.46681,0.00062,16.18954,-0.60957,15.96763,0.15055,15.0,223.92,20 x 20,203.6,206.0,4700.0,289.3,293.6,55 x 10,270.08,-0.71003,0.00136,11.63846,-0.09849,-8.93642,0.12175,15.0,261.9,0.059
1692129600,2023-08-15 16:00,2023-08-15,16.0,4438.11,2024-06-21,1719000000,311.0,0.44981,0.00065,16.12606,-0.59596,15.4587,0.14882,3.0,243.79,20 x 20,190.5,192.8,4725.0,301.0,305.4,10 x 10,278.71,-0.77125,0.00146,9.77028,-0.0726,-7.4107,0.11561,42.0,286.9,0.065
1692129600,2023-08-15 16:00,2023-08-15,16.0,4438.11,2024-06-21,1719000000,311.0,0.43371,0.00067,16.03323,-0.58166,14.93723,0.14628,1.0,220.0,18 x 56,177.8,180.5,4750.0,312.2,316.5,10 x 10,295.9,-0.89875,0.00195,4.92584,-0.02769,-3.42118,0.1022,16.0,311.9,0.07
1692129600,2023-08-15 16:00,2023-08-15,16.0,4438.11,2024-06-28,1719604800,318.0,0.87972,0.00019,7.91127,-0.62889,24.68386,0.25656,,0.0,1 x 1,1053.2,1101.0,3550.0,59.4,60.7,71 x 42,52.83,-0.1102,0.00017,7.76083,-0.24277,-4.36465,0.24965,1.0,888.1,0.2
1692129600,2023-08-15 16:00,2023-08-15,16.0,4438.11,2024-06-28,1719604800,318.0,0.87601,0.00015,8.10537,-0.63503,24.72315,0.25399,2.0,1150.08,1 x 1,1031.4,1079.2,3575.0,61.5,62.8,68 x 40,0.0,-0.11431,0.00018,7.96479,-0.24532,-4.51209,0.24723,,863.1,0.194
1692129600,2023-08-15 16:00,2023-08-15,16.0,4438.11,2024-06-28,1719604800,318.0,0.87169,0.0002,8.30264,-0.64011,24.75679,0.25128,1.0,1137.15,1 x 1,1009.6,1057.5,3600.0,63.7,64.7,63 x 74,60.67,-0.11758,0.00018,8.1668,-0.24789,-4.65849,0.24466,1.0,838.1,0.189
1692129600,2023-08-15 16:00,2023-08-15,16.0,4438.11,2024-06-28,1719604800,318.0,0.86725,0.00019,8.51202,-0.64648,24.77511,0.2495,1.0,990.2,1 x 1,988.2,1036.0,3625.0,65.9,67.2,64 x 39,0.0,-0.12293,0.0002,8.3833,-0.25083,-4.81923,0.24282,,813.1,0.183
1692129600,2023-08-15 16:00,2023-08-15,16.0,4438.11,2024-06-28,1719604800,318.0,0.86335,0.0002,8.71519,-0.65204,24.79766,0.24752,0.0,933.71,1 x 1,966.6,1014.4,3650.0,68.2,69.6,67 x 39,84.56,-0.12698,0.00019,8.59833,-0.25464,-4.98057,0.24021,0.0,788.1,0.178
1692129600,2023-08-15 16:00,2023-08-15,16.0,4438.11,2024-06-28,1719604800,318.0,0.85874,0.00025,8.93632,-0.65802,24.79715,0.24472,,0.0,1 x 1,945.6,993.1,3675.0,70.7,71.7,59 x 68,0.0,-0.13221,0.00022,8.81185,-0.25623,-5.1404,0.2379,,763.1,0.172
1692129600,2023-08-15 16:00,2023-08-15,16.0,4438.11,2024-06-28,1719604800,318.0,0.8539,0.00021,9.14123,-0.66368,24.81049,0.24299,,0.0,1 x 1,923.9,971.7,3700.0,73.3,74.5,50 x 36,0.0,-0.1373,0.0002,9.04161,-0.26033,-5.31811,0.23611,,738.1,0.166
1692129600,2023-08-15 16:00,2023-08-15,16.0,4438.11,2024-06-28,1719604800,318.0,0.84894,0.00025,9.36279,-0.66882,24.80215,0.24071,,0.0,1 x 1,902.8,950.6,3725.0,75.7,77.1,64 x 36,0.0,-0.14156,0.0002,9.26188,-0.26199,-5.48798,0.23377,,713.1,0.161
1692129600,2023-08-15 16:00,2023-08-15,16.0,4438.11,2024-06-28,1719604800,318.0,0.84404,0.00019,9.58156,-0.67381,24.79267,0.23828,,0.0,1 x 1,881.7,929.4,3750.0,78.4,79.5,61 x 66,96.94,-0.14734,0.00022,9.48349,-0.26427,-5.65976,0.23138,0.0,688.1,0.155
1692129600,2023-08-15 16:00,2023-08-15,16.0,4438.11,2024-06-28,1719604800,318.0,0.8392,0.0002,9.80183,-0.67924,24.77747,0.23615,1.0,936.48,1 x 1,860.6,908.3,3775.0,81.2,82.3,58 x 66,73.8,-0.15274,0.00031,9.71434,-0.26654,-5.84328,0.22897,1.0,663.1,0.149
1692129600,2023-08-15 16:00,2023-08-15,16.0,4438.11,2024-06-28,1719604800,318.0,0.83347,0.00028,10.02879,-0.68434,24.74833,0.23415,,0.0,1 x 1,839.7,887.5,3800.0,84.1,85.4,54 x 33,79.4,-0.1582,0.00022,9.95207,-0.26901,-6.03435,0.22651,2.0,638.1,0.144
1692129600,2023-08-15 16:00,2023-08-15,16.0,4438.11,2024-06-28,1719604800,318.0,0.82745,0.00025,10.26022,-0.6899,24.7089,0.23157,,0.0,1 x 1,819.0,866.8,3825.0,87.0,88.1,60 x 59,0.0,-0.16411,0.00027,10.18175,-0.27148,-6.22035,0.22472,,613.1,0.138
1692129600,2023-08-15 16:00,2023-08-15,16.0,4438.11,2024-06-28,1719604800,318.0,0.82216,0.00023,10.49653,-0.69426,24.65858,0.23003,,0.0,1 x 50,798.4,846.4,3850.0,90.1,91.2,57 x 58,72.9,-0.17075,0.00032,10.42117,-0.27324,-6.41679,0.22191,2.0,588.1,0.133
1692129600,2023-08-15 16:00,2023-08-15,16.0,4438.11,2024-06-28,1719604800,318.0,0.81585,0.00029,10.71907,-0.69879,24.61935,0.22682,,0.0,1 x 1,777.6,825.4,3875.0,93.3,94.8,56 x 30,0.0,-0.17681,0.00032,10.66777,-0.2755,-6.62488,0.21987,,563.1,0.127
1692129600,2023-08-15 16:00,2023-08-15,16.0,4438.11,2024-06-28,1719604800,318.0,0.81019,0.00033,10.95509,-0.70251,24.55493,0.22484,1.0,837.23,1 x 1,757.2,805.1,3900.0,96.6,98.1,54 x 29,98.23,-0.18316,0.00031,10.90941,-0.27712,-6.82916,0.21795,3.0,538.1,0.121
1692129600,2023-08-15 16:00,2023-08-15,16.0,4438.11,2024-06-28,1719604800,318.0,0.80367,0.00032,11.1869,-0.70667,24.49116,0.22297,,0.0,1 x 1,736.8,784.5,3925.0,100.0,101.6,56 x 29,0.0,-0.19092,0.00031,11.15291,-0.27832,-7.03949,0.21531,,513.1,0.116
1692129600,2023-08-15 16:00,2023-08-15,16.0,4438.11,2024-06-28,1719604800,318.0,0.79686,0.00033,11.42216,-0.71032,24.4131,0.22091,,0.0,1 x 2,716.4,764.4,3950.0,103.6,104.8,52 x 61,93.69,-0.19792,0.00033,11.39395,-0.27899,-7.24727,0.21306,1.0,488.1,0.11
1692129600,2023-08-15 16:00,2023-08-15,16.0,4438.11,2024-06-28,1719604800,318.0,0.79019,0.00035,11.65753,-0.71391,24.32742,0.21844,,0.0,1 x 1,696.4,744.1,3975.0,107.2,108.9,55 x 28,106.0,-0.20482,0.0003,11.64386,-0.2812,-7.46911,0.21141,25.0,463.1,0.104
1692129600,2023-08-15 16:00,2023-08-15,16.0,4438.11,2024-06-28,1719604800,318.0,0.78294,0.00031,11.89606,-0.71694,24.22923,0.21619,1.0,803.91,1 x 1,676.3,724.3,4000.0,111.0,112.8,55 x 26,115.0,-0.21254,0.00033,11.89065,-0.28162,-7.69048,0.2086,1.0,438.1,0.099
1692129600,2023-08-15 16:00,2023-08-15,16.0,4438.11,2024-06-28,1719604800,318.0,0.77627,0.00035,12.12826,-0.71937,24.13077,0.21375,10.0,782.89,1 x 1,656.4,704.2,4025.0,115.0,116.7,51 x 26,0.0,-0.22124,0.00039,12.1355,-0.28211,-7.91429,0.20592,,413.1,0.093
1692129600,2023-08-15 16:00,2023-08-15,16.0,4438.11,2024-06-28,1719604800,318.0,0.76852,0.00031,12.36491,-0.7225,24.01509,0.21153,,0.0,1 x 1,636.6,684.5,4050.0,119.1,120.9,49 x 25,144.99,-0.22925,0.00037,12.38204,-0.28239,-8.14262,0.20469,0.0,388.1,0.087
1692129600,2023-08-15 16:00,2023-08-15,16.0,4438.11,2024-06-28,1719604800,318.0,0.76113,0.00037,12.59906,-0.72456,23.89083,0.20999,,0.0,1 x 1,616.9,664.8,4075.0,123.3,124.5,49 x 54,0.0,-0.23804,0.0004,12.61895,-0.28197,-8.36248,0.20122,,363.1,0.082
1692129600,2023-08-15 16:00,2023-08-15,16.0,4438.11,2024-06-28,1719604800,318.0,0.7528,0.00038,12.83418,-0.72599,23.75491,0.2076,,0.0,1 x 1,597.4,645.3,4100.0,127.6,128.9,52 x 54,0.0,-0.24679,0.00039,12.8605,-0.28173,-8.593,0.19933,,338.1,0.076
1692129600,2023-08-15 16:00,2023-08-15,16.0,4438.11,2024-06-28,1719604800,318.0,0.75066,0.0004,12.90741,-0.71223,23.91098,0.19788,1.0,668.37,1 x 29,585.6,599.3,4125.0,132.2,133.4,47 x 52,133.75,-0.2556,0.00038,13.10068,-0.28182,-8.82666,0.19682,2.0,313.1,0.071
1692129600,2023-08-15 16:00,2023-08-15,16.0,4438.11,2024-06-28,1719604800,318.0,0.73852,0.00037,13.22497,-0.7209,23.59728,0.19892,,0.0,29 x 29,575.6,580.2,4150.0,136.8,138.1,50 x 52,138.49,-0.26555,0.00039,13.33535,-0.28029,-9.05933,0.19447,2.0,288.1,0.065
1692129600,2023-08-15 16:00,2023-08-15,16.0,4438.11,2024-06-28,1719604800,318.0,0.73044,0.00045,13.46159,-0.722,23.41994,0.19706,,0.0,29 x 29,556.7,561.2,4175.0,141.7,143.2,46 x 16,144.64,-0.27579,0.00045,13.56897,-0.27911,-9.29678,0.19252,72.0,263.1,0.059
1692129600,2023-08-15 16:00,2023-08-15,16.0,4438.11,2024-06-28,1719604800,318.0,0.72067,0.00039,13.69496,-0.72245,23.23088,0.19506,0.0,563.18,28 x 29,537.9,542.4,4200.0,146.7,148.2,47 x 16,137.52,-0.28635,0.00051,13.79466,-0.27752,-9.52967,0.18965,2.0,238.1,0.054
1692129600,2023-08-15 16:00,2023-08-15,16.0,4438.11,2024-06-28,1719604800,318.0,0.71108,0.00043,13.9251,-0.72268,23.02744,0.19262,0.0,505.79,28 x 29,519.3,523.8,4225.0,151.8,153.4,50 x 15,150.4,-0.29769,0.0005,14.0129,-0.27602,-9.76088,0.1879,1.0,213.1,0.048
1692129600,2023-08-15 16:00,2023-08-15,16.0,4438.11,2024-06-28,1719604800,318.0,0.70213,0.00039,14.14967,-0.72261,22.81444,0.19092,,0.0,28 x 29,500.8,505.3,4250.0,157.2,158.8,45 x 14,149.64,-0.30869,0.00053,14.22482,-0.27279,-9.99033,0.18449,0.0,188.1,0.042
1692129600,2023-08-15 16:00,2023-08-15,16.0,4438.11,2024-06-28,1719604800,318.0,0.69224,0.00043,14.36873,-0.72132,22.58677,0.18906,0.0,456.1,28 x 29,482.6,487.0,4275.0,162.7,164.3,46 x 14,147.56,-0.32075,0.00055,14.42655,-0.27035,-10.2141,0.18193,10.0,163.1,0.037
1692129600,2023-08-15 16:00,2023-08-15,16.0,4438.11,2024-06-28,1719604800,318.0,0.68163,0.00048,14.58286,-0.71991,22.34577,0.18608,2.0,518.37,28 x 29,464.5,468.9,4300.0,168.4,170.0,46 x 13,135.36,-0.33375,0.00051,14.61847,-0.26692,-10.43294,0.17966,1.0,138.1,0.031
1692129600,2023-08-15 16:00,2023-08-15,16.0,4438.11,2024-06-28,1719604800,318.0,0.67057,0.00048,14.78631,-0.71816,22.10281,0.18447,175.0,469.88,5 x 5,446.6,450.0,4325.0,174.3,175.9,47 x 13,0.0,-0.34688,0.00059,14.79679,-0.26293,-10.6455,0.17744,,113.1,0.025
1692129600,2023-08-15 16:00,2023-08-15,16.0,4438.11,2024-06-28,1719604800,318.0,0.66023,0.00046,14.9869,-0.71549,21.83226,0.18165,2.0,410.31,5 x 5,429.0,432.3,4350.0,180.3,181.9,48 x 48,141.0,-0.36067,0.00057,14.95895,-0.2585,-10.84372,0.17446,1.0,88.1,0.02
1692129600,2023-08-15 16:00,2023-08-15,16.0,4438.11,2024-06-28,1719604800,318.0,0.64911,0.00053,15.17965,-0.71208,21.54786,0.18015,1.0,464.34,5 x 5,411.5,414.9,4375.0,186.8,188.3,46 x 12,150.16,-0.37528,0.00065,15.10737,-0.25307,-11.03834,0.17177,4.0,63.1,0.014
1692129600,2023-08-15 16:00,2023-08-15,16.0,4438.11,2024-06-28,1719604800,318.0,0.63719,0.00053,15.36183,-0.70792,21.25065,0.17742,1.0,487.96,35 x 6,394.2,397.6,4400.0,193.6,194.9,32 x 11,151.4,-0.38984,0.0006,15.23489,-0.24813,-11.22117,0.16932,1.0,38.1,0.009
1692129600,2023-08-15 16:00,2023-08-15,16.0,4438.11,2024-06-28,1719604800,318.0,0.62473,0.00047,15.53531,-0.70418,20.92867,0.17577,1.0,375.35,50 x 41,378.5,380.2,4425.0,200.1,201.5,45 x 47,0.0,-0.40659,0.00064,15.33581,-0.24151,-11.37403,0.16588,,13.1,0.003
1692129600,2023-08-15 16:00,2023-08-15,16.0,4438.11,2024-06-28,1719604800,318.0,0.61236,0.00053,15.69549,-0.69936,20.59889,0.17378,1.0,410.14,48 x 41,361.8,363.4,4450.0,207.1,208.6,46 x 50,181.6,-0.42333,0.00075,15.41125,-0.23362,-11.51414,0.16307,45.0,11.9,0.003
1692129600,2023-08-15 16:00,2023-08-15,16.0,4438.11,2024-06-28,1719604800,318.0,0.5998,0.00055,15.84139,-0.6931,20.26372,0.17093,3.0,371.8,7 x 43,344.0,346.9,4475.0,213.0,216.0,10 x 10,203.5,-0.44126,0.00075,15.44927,-0.22522,-11.61214,0.1596,2.0,36.9,0.008
1692129600,2023-08-15 16:00,2023-08-15,16.0,4438.11,2024-06-28,1719604800,318.0,0.58688,0.00055,15.97641,-0.68818,19.89272,0.16965,20.0,368.9,47 x 49,328.9,330.6,4500.0,221.9,223.4,45 x 50,216.95,-0.46098,0.00073,15.45481,-0.21755,-11.70885,0.15673,2.0,61.9,0.014
1692129600,2023-08-15 16:00,2023-08-15,16.0,4438.11,2024-06-28,1719604800,318.0,0.57404,0.00059,16.09504,-0.68008,19.51681,0.16678,1.0,337.8,48 x 43,313.0,314.6,4525.0,229.7,231.2,45 x 50,177.13,-0.48142,0.00078,15.40973,-0.20828,-11.74818,0.15347,1.0,86.9,0.02
1692129600,2023-08-15 16:00,2023-08-15,16.0,4438.11,2024-06-28,1719604800,318.0,0.5604,0.00058,16.19667,-0.6727,19.12383,0.16434,1.0,293.99,48 x 44,297.3,298.9,4550.0,237.8,239.5,43 x 8,231.65,-0.50267,0.00083,15.30722,-0.19803,-11.74121,0.15091,31.0,111.9,0.025
1692129600,2023-08-15 16:00,2023-08-15,16.0,4438.11,2024-06-28,1719604800,318.0,0.54609,0.00055,16.28094,-0.66365,18.71305,0.16306,1.0,371.85,48 x 46,281.9,283.5,4575.0,246.1,247.9,46 x 8,192.9,-0.52704,0.00088,15.13126,-0.18638,-11.66756,0.14646,1.0,136.9,0.031
1692129600,2023-08-15 16:00,2023-08-15,16.0,4438.11,2024-06-28,1719604800,318.0,0.53155,0.00056,16.3452,-0.65325,18.28979,0.16026,3.0,293.75,7 x 45,265.6,268.4,4600.0,254.9,256.7,42 x 8,241.86,-0.55338,0.0009,14.86764,-0.17307,-11.51949,0.14278,0.0,161.9,0.036
1692129600,2023-08-15 16:00,2023-08-15,16.0,4438.11,2024-06-28,1719604800,318.0,0.51629,0.00061,16.3887,-0.64301,17.84464,0.15747,2.0,265.45,7 x 44,250.9,253.6,4625.0,263.9,265.7,45 x 8,0.0,-0.5824,0.00097,14.48081,-0.15877,-11.26004,0.13889,,186.9,0.042
1692129600,2023-08-15 16:00,2023-08-15,16.0,4438.11,2024-06-28,1719604800,318.0,0.50154,0.00057,16.40907,-0.63243,17.38272,0.15607,2.0,235.0,7 x 44,236.5,239.2,4650.0,273.3,275.2,45 x 7,0.0,-0.61584,0.00109,13.93427,-0.14162,-10.85962,0.13419,,211.9,0.048
1692129600,2023-08-15 16:00,2023-08-15,16.0,4438.11,2024-06-28,1719604800,318.0,0.48602,0.00059,16.40611,-0.62062,16.90463,0.15337,0.0,189.2,7 x 45,222.5,225.2,4675.0,283.1,285.0,43 x 7,0.0,-0.6537,0.0012,13.15448,-0.12399,-10.25058,0.12913,,236.9,0.053
1692129600,2023-08-15 16:00,2023-08-15,16.0,4438.11,2024-06-28,1719604800,318.0,0.47035,0.00067,16.37659,-0.6077,16.41162,0.15147,20.0,267.1,8 x 47,208.9,211.6,4700.0,293.3,294.9,42 x 49,215.69,-0.70091,0.00132,11.99331,-0.10193,-9.30417,0.12312,1.0,261.9,0.059
1692129600,2023-08-15 16:00,2023-08-15,16.0,4438.11,2024-06-28,1719604800,318.0,0.45389,0.00065,16.31983,-0.59479,15.90337,0.14977,1.0,241.8,8 x 46,195.7,198.4,4725.0,303.9,305.5,42 x 47,242.55,-0.76394,0.00149,10.11737,-0.07441,-7.74063,0.11638,1.0,286.9,0.065
1692129600,2023-08-15 16:00,2023-08-15,16.0,4438.11,2024-06-28,1719604800,318.0,0.43788,0.00067,16.23322,-0.57993,15.38026,0.14687,1.0,224.61,8 x 44,182.9,185.6,4750.0,314.9,316.6,43 x 49,251.76,-0.87609,0.00186,5.90731,-0.03377,-4.23973,0.10436,1.0,311.9,0.07
1692129600,2023-08-15 16:00,2023-08-15,16.0,4438.11,2024-07-19,1721419200,339.0,0.8815,0.00023,8.06399,-0.60508,26.30936,0.24869,1.0,1222.47,50 x 50,1074.4,1093.0,3550.0,63.1,64.1,96 x 46,59.6,-0.11248,0.00017,8.15581,-0.23414,-4.75365,0.24752,5.0,888.1,0.2
1692129600,2023-08-15 16:00,2023-08-15,16.0,4438.11,2024-07-19,1721419200,339.0,0.87741,0.00021,8.27296,-0.61189,26.34385,0.247,,0.0,50 x 50,1052.9,1071.4,3575.0,65.3,66.4,55 x 30,53.92,-0.11692,0.00017,8.36737,-0.23728,-4.91208,0.24585,1.0,863.1,0.194
1692129600,2023-08-15 16:00,2023-08-15,16.0,4438.11,2024-07-19,1721419200,339.0,0.87302,0.00016,8.48708,-0.61716,26.3699,0.24424,1.0,1179.18,30 x 50,1031.5,1049.9,3600.0,67.6,68.7,55 x 30,69.15,-0.1211,0.00023,8.5819,-0.24039,-5.0748,0.24311,1.0,838.1,0.189
1692129600,2023-08-15 16:00,2023-08-15,16.0,4438.11,2024-07-19,1721419200,339.0,0.86847,0.00018,8.70242,-0.6229,26.39093,0.24221,,0.0,30 x 50,1010.1,1028.5,3625.0,69.5,71.4,20 x 20,63.9,-0.12513,0.00024,8.79562,-0.24317,-5.23737,0.24091,900.0,813.1,0.183
1692129600,2023-08-15 16:00,2023-08-15,16.0,4438.11,2024-07-19,1721419200,339.0,0.8648,0.00019,8.90436,-0.62789,26.42389,0.23992,2.0,1136.8,10 x 10,993.4,1001.8,3650.0,71.8,73.8,40 x 50,70.93,-0.13023,0.00025,9.01134,-0.24513,-5.40381,0.2392,2.0,788.1,0.178
1692129600,2023-08-15 16:00,2023-08-15,16.0,4438.11,2024-07-19,1721419200,339.0,0.85999,0.0002,9.14243,-0.63456,26.41346,0.23832,,0.0,50 x 50,967.6,985.9,3675.0,74.3,76.3,20 x 25,62.6,-0.13452,0.00025,9.23336,-0.24787,-5.57783,0.23703,1.0,763.1,0.172
1692129600,2023-08-15 16:00,2023-08-15,16.0,4438.11,2024-07-19,1721419200,339.0,0.85526,0.00022,9.36683,-0.64022,26.41421,0.23642,4.0,1065.95,50 x 50,946.5,964.7,3700.0,77.4,78.6,45 x 65,82.8,-0.14035,0.00026,9.46357,-0.25027,-5.75984,0.23494,0.0,738.1,0.166
1692129600,2023-08-15 16:00,2023-08-15,16.0,4438.11,2024-07-19,1721419200,339.0,0.85006,0.00025,9.57828,-0.64516,26.42563,0.23335,1.0,1071.77,50 x 50,930.0,938.3,3725.0,79.6,81.6,20 x 25,65.7,-0.14441,0.00021,9.68894,-0.25299,-5.93991,0.23235,2.0,713.1,0.161
1692129600,2023-08-15 16:00,2023-08-15,16.0,4438.11,2024-07-19,1721419200,339.0,0.8449,0.00023,9.82406,-0.65154,26.39317,0.23261,1.0,1050.18,50 x 50,904.6,922.6,3750.0,82.8,84.1,45 x 65,72.3,-0.1507,0.00029,9.92246,-0.25513,-6.12988,0.23035,44.0,688.1,0.155
1692129600,2023-08-15 16:00,2023-08-15,16.0,4438.11,2024-07-19,1721419200,339.0,0.83997,0.00023,10.02825,-0.65439,26.40514,0.22922,1.0,1016.51,39 x 19,888.5,895.4,3775.0,85.7,86.9,50 x 65,66.5,-0.15598,0.00022,10.15347,-0.25736,-6.31823,0.22758,1.0,663.1,0.149
1692129600,2023-08-15 16:00,2023-08-15,16.0,4438.11,2024-07-19,1721419200,339.0,0.83503,0.00025,10.27601,-0.66008,26.359,0.22796,26.0,966.77,10 x 10,867.5,875.7,3800.0,88.6,89.9,50 x 65,71.0,-0.16155,0.00029,10.38934,-0.25962,-6.51334,0.2259,134.0,638.1,0.144
1692129600,2023-08-15 16:00,2023-08-15,16.0,4438.11,2024-07-19,1721419200,339.0,0.83127,0.00025,10.42444,-0.66003,26.43193,0.22271,4.0,985.44,50 x 40,842.5,854.0,3825.0,91.7,93.0,50 x 65,98.02,-0.16725,0.00032,10.62933,-0.26181,-6.71448,0.22341,0.0,613.1,0.138
1692129600,2023-08-15 16:00,2023-08-15,16.0,4438.11,2024-07-19,1721419200,339.0,0.82407,0.00026,10.73994,-0.66898,26.28939,0.22358,2.0,952.25,40 x 40,826.5,833.4,3850.0,94.8,96.2,25 x 65,94.2,-0.17365,0.00026,10.86902,-0.26307,-6.9176,0.2214,20.0,588.1,0.133
1692129600,2023-08-15 16:00,2023-08-15,16.0,4438.11,2024-07-19,1721419200,339.0,0.81763,0.0003,10.96749,-0.67284,26.25141,0.22098,11.0,938.0,20 x 30,801.9,816.2,3875.0,98.1,99.5,50 x 65,101.1,-0.17938,0.00032,11.11209,-0.26418,-7.12695,0.21908,30.0,563.1,0.127
1692129600,2023-08-15 16:00,2023-08-15,16.0,4438.11,2024-07-19,1721419200,339.0,0.81198,0.00026,11.21192,-0.67761,26.18532,0.21928,2.0,851.57,40 x 50,781.7,795.8,3900.0,101.6,102.9,45 x 60,94.57,-0.18649,0.00031,11.35761,-0.2661,-7.34119,0.21743,1.0,538.1,0.121
1692129600,2023-08-15 16:00,2023-08-15,16.0,4438.11,2024-07-19,1721419200,339.0,0.80527,0.00031,11.45875,-0.68146,26.10602,0.21739,2.0,890.57,40 x 50,761.7,775.6,3925.0,104.6,108.1,20 x 31,91.26,-0.19345,0.00034,11.61958,-0.26883,-7.57763,0.21586,462.0,513.1,0.116
1692129600,2023-08-15 16:00,2023-08-15,16.0,4438.11,2024-07-19,1721419200,339.0,0.79966,0.00031,11.65821,-0.6827,26.09135,0.21356,1.0,858.6,50 x 40,741.2,752.4,3950.0,106.7,110.3,10 x 20,103.0,-0.19981,0.00032,11.82498,-0.2672,-7.74764,0.21184,1.0,488.1,0.11
1692129600,2023-08-15 16:00,2023-08-15,16.0,4438.11,2024-07-19,1721419200,339.0,0.79123,0.0003,11.95869,-0.68924,25.91544,0.21362,,0.0,20 x 40,725.5,732.4,3975.0,112.3,115.3,65 x 70,103.7,-0.20806,0.00034,12.11159,-0.27024,-8.02149,0.21122,6.0,463.1,0.104
1692129600,2023-08-15 16:00,2023-08-15,16.0,4438.11,2024-07-19,1721419200,339.0,0.78444,0.00026,12.20335,-0.69276,25.81496,0.2115,1.0,730.35,40 x 40,705.7,712.6,4000.0,116.5,117.2,25 x 3,114.8,-0.21528,0.00038,12.33689,-0.26993,-8.22128,0.20774,23.0,438.1,0.099
1692129600,2023-08-15 16:00,2023-08-15,16.0,4438.11,2024-07-19,1721419200,339.0,0.77718,0.00037,12.45524,-0.69646,25.69145,0.20975,,0.0,30 x 30,685.8,693.6,4025.0,120.1,122.0,65 x 40,112.8,-0.22361,0.00038,12.58771,-0.27074,-8.45689,0.20585,1.0,413.1,0.093
1692129600,2023-08-15 16:00,2023-08-15,16.0,4438.11,2024-07-19,1721419200,339.0,0.76963,0.00038,12.69433,-0.6981,25.57832,0.20766,,0.0,40 x 40,666.4,673.3,4050.0,124.2,127.5,65 x 67,122.8,-0.23192,0.00037,12.84629,-0.27185,-8.70966,0.20396,24.0,388.1,0.087
1692129600,2023-08-15 16:00,2023-08-15,16.0,4438.11,2024-07-19,1721419200,339.0,0.76252,0.00029,12.93906,-0.70107,25.44273,0.20544,1.0,740.06,40 x 40,647.0,653.9,4075.0,128.0,132.3,20 x 45,126.43,-0.24048,0.00041,13.08918,-0.2715,-8.94363,0.20242,1.0,363.1,0.082
1692129600,2023-08-15 16:00,2023-08-15,16.0,4438.11,2024-07-19,1721419200,339.0,0.75463,0.00038,13.18358,-0.70345,25.29587,0.20335,1.0,752.69,65 x 59,627.8,634.6,4100.0,132.3,136.8,20 x 25,118.7,-0.24914,0.00038,13.32841,-0.27154,-9.17841,0.20003,18.0,338.1,0.076
1692129600,2023-08-15 16:00,2023-08-15,16.0,4438.11,2024-07-19,1721419200,339.0,0.74605,0.00032,13.42602,-0.7049,25.13756,0.20109,,0.0,65 x 70,609.6,614.6,4125.0,137.5,141.0,20 x 64,112.5,-0.25894,0.0004,13.56867,-0.27103,-9.41945,0.19717,45.0,313.1,0.071
1692129600,2023-08-15 16:00,2023-08-15,16.0,4438.11,2024-07-19,1721419200,339.0,0.73798,0.00039,13.67573,-0.707,24.94583,0.19953,1.0,688.02,65 x 40,590.6,597.1,4150.0,141.5,146.2,20 x 24,141.14,-0.26751,0.00041,13.80038,-0.26945,-9.65155,0.19529,6.0,288.1,0.065
1692129600,2023-08-15 16:00,2023-08-15,16.0,4438.11,2024-07-19,1721419200,339.0,0.72991,0.00043,13.87562,-0.70415,24.84609,0.19632,,0.0,10 x 50,568.0,576.9,4175.0,144.9,150.7,67 x 62,118.26,-0.27766,0.00042,14.0163,-0.26708,-9.86321,0.19246,1.0,263.1,0.059
1692129600,2023-08-15 16:00,2023-08-15,16.0,4438.11,2024-07-19,1721419200,339.0,0.7202,0.00044,14.14857,-0.70978,24.56624,0.19582,1.0,675.73,65 x 50,553.1,560.2,4200.0,150.0,155.8,67 x 62,130.5,-0.28758,0.00048,14.24189,-0.26468,-10.10055,0.1902,32.0,238.1,0.054
1692129600,2023-08-15 16:00,2023-08-15,16.0,4438.11,2024-07-19,1721419200,339.0,0.71138,0.00043,14.36431,-0.70774,24.39399,0.19272,1.0,636.65,65 x 40,534.6,539.5,4225.0,156.4,161.5,20 x 21,0.0,-0.29851,0.00048,14.47017,-0.26414,-10.3567,0.18804,,213.1,0.048
1692129600,2023-08-15 16:00,2023-08-15,16.0,4438.11,2024-07-19,1721419200,339.0,0.70208,0.00047,14.59694,-0.70834,24.15586,0.19199,1.0,626.29,65 x 30,516.3,522.6,4250.0,160.5,166.4,61 x 41,152.4,-0.31024,0.0005,14.66992,-0.26054,-10.56536,0.18486,410.0,188.1,0.042
1692129600,2023-08-15 16:00,2023-08-15,16.0,4438.11,2024-07-19,1721419200,339.0,0.692,0.00038,14.8101,-0.7064,23.94691,0.18912,2.0,587.05,65 x 20,498.1,503.0,4275.0,166.0,172.0,39 x 59,154.27,-0.32159,0.00054,14.87142,-0.25793,-10.79165,0.18244,1.0,163.1,0.037
1692129600,2023-08-15 16:00,2023-08-15,16.0,4438.11,2024-07-19,1721419200,339.0,0.68235,0.00045,15.02419,-0.70588,23.702,0.18666,1.0,574.67,94 x 70,480.2,485.0,4300.0,173.1,178.3,20 x 18,175.5,-0.33414,0.00053,15.07026,-0.25598,-11.03634,0.18018,2.0,138.1,0.031
1692129600,2023-08-15 16:00,2023-08-15,16.0,4438.11,2024-07-19,1721419200,339.0,0.67124,0.00043,15.24039,-0.70489,23.42028,0.1853,1.0,586.2,65 x 50,462.4,469.3,4325.0,177.5,183.7,38 x 58,142.9,-0.34661,0.00054,15.23916,-0.25085,-11.22364,0.17702,1.0,113.1,0.025
1692129600,2023-08-15 16:00,2023-08-15,16.0,4438.11,2024-07-19,1721419200,339.0,0.66117,0.00042,15.43342,-0.70185,23.17467,0.18266,2.0,453.87,65 x 20,444.8,449.6,4350.0,185.1,190.4,20 x 16,183.34,-0.35993,0.00057,15.40871,-0.24717,-11.4495,0.17554,2.0,88.1,0.02
1692129600,2023-08-15 16:00,2023-08-15,16.0,4438.11,2024-07-19,1721419200,339.0,0.65013,0.00044,15.62606,-0.69911,22.88861,0.18104,100.0,531.73,65 x 20,427.5,432.2,4375.0,191.4,196.8,20 x 16,156.38,-0.37415,0.00064,15.55397,-0.24295,-11.6421,0.17242,1.0,63.1,0.014
1692129600,2023-08-15 16:00,2023-08-15,16.0,4438.11,2024-07-19,1721419200,339.0,0.63916,0.0005,15.81431,-0.69656,22.56951,0.17905,1.0,493.29,65 x 52,410.3,417.0,4400.0,196.4,202.8,61 x 56,175.07,-0.38885,0.00063,15.67462,-0.23602,-11.79808,0.16957,21.0,38.1,0.009
1692129600,2023-08-15 16:00,2023-08-15,16.0,4438.11,2024-07-19,1721419200,339.0,0.62821,0.00046,15.98362,-0.69106,22.27929,0.1771,2.0,493.83,77 x 32,390.8,400.1,4425.0,203.1,209.6,80 x 55,166.48,-0.40499,0.00063,15.77609,-0.22963,-11.95444,0.16662,40.0,13.1,0.003
1692129600,2023-08-15 16:00,2023-08-15,16.0,4438.11,2024-07-19,1721419200,339.0,0.61639,0.00049,16.14786,-0.68728,21.94513,0.17431,1.0,409.51,30 x 30,378.3,379.6,4450.0,211.6,217.2,20 x 15,167.0,-0.4217,0.00065,15.85817,-0.22463,-12.12069,0.16403,105.0,11.9,0.003
1692129600,2023-08-15 16:00,2023-08-15,16.0,4438.11,2024-07-19,1721419200,339.0,0.60418,0.00053,16.29782,-0.6813,21.60448,0.17287,2.0,412.24,59 x 54,357.6,366.8,4475.0,218.6,224.5,20 x 13,193.65,-0.43922,0.00072,15.90019,-0.2179,-12.22846,0.16128,2.0,36.9,0.008
1692129600,2023-08-15 16:00,2023-08-15,16.0,4438.11,2024-07-19,1721419200,339.0,0.5917,0.0005,16.43635,-0.67596,21.24062,0.17008,3.0,409.77,79 x 54,341.3,350.5,4500.0,226.0,232.0,20 x 13,200.73,-0.45713,0.00075,15.90574,-0.20958,-12.31026,0.1583,2.0,61.9,0.014
1692129600,2023-08-15 16:00,2023-08-15,16.0,4438.11,2024-07-19,1721419200,339.0,0.5792,0.00059,16.56081,-0.66894,20.86495,0.16797,2.0,420.0,59 x 54,325.3,334.5,4525.0,233.8,239.8,20 x 13,226.8,-0.47707,0.00078,15.8658,-0.20033,-12.35195,0.15538,4.0,86.9,0.02
1692129600,2023-08-15 16:00,2023-08-15,16.0,4438.11,2024-07-19,1721419200,339.0,0.56605,0.00055,16.66987,-0.66237,20.47128,0.16618,2.0,393.78,10 x 10,309.9,318.4,4550.0,240.3,245.2,57 x 20,195.6,-0.49932,0.00084,15.75061,-0.18827,-12.28661,0.15062,1.0,111.9,0.025
1692129600,2023-08-15 16:00,2023-08-15,16.0,4438.11,2024-07-19,1721419200,339.0,0.55187,0.00054,16.76129,-0.65479,20.06028,0.16397,10.0,321.71,30 x 30,295.5,302.3,4575.0,249.9,256.2,20 x 12,198.2,-0.52107,0.00087,15.6066,-0.17998,-12.27462,0.14814,14.0,136.9,0.031
1692129600,2023-08-15 16:00,2023-08-15,16.0,4438.11,2024-07-19,1721419200,339.0,0.53897,0.00053,16.83592,-0.64599,19.63319,0.16178,1.0,311.11,20 x 20,281.9,285.6,4600.0,257.6,264.0,30 x 30,210.7,-0.54707,0.00086,15.34395,-0.16674,-12.10319,0.1439,13.0,161.9,0.036
1692129600,2023-08-15 16:00,2023-08-15,16.0,4438.11,2024-07-19,1721419200,339.0,0.52469,0.00056,16.89,-0.63643,19.19017,0.16003,1.0,314.82,59 x 34,264.3,273.3,4625.0,267.2,273.8,32 x 12,243.6,-0.57412,0.00095,14.99759,-0.15487,-11.88543,0.14021,1.0,186.9,0.042
1692129600,2023-08-15 16:00,2023-08-15,16.0,4438.11,2024-07-19,1721419200,339.0,0.50976,0.00057,16.92323,-0.62681,18.7302,0.1574,50.0,275.12,79 x 34,249.8,258.7,4650.0,275.6,282.2,10 x 10,274.2,-0.60718,0.00108,14.4607,-0.138,-11.46417,0.13614,20.0,211.9,0.048
1692129600,2023-08-15 16:00,2023-08-15,16.0,4438.11,2024-07-19,1721419200,339.0,0.49526,0.00054,16.93491,-0.61541,18.25352,0.15595,0.0,213.0,79 x 34,235.7,244.5,4675.0,286.0,292.7,10 x 10,0.0,-0.64148,0.00115,13.7724,-0.12233,-10.93683,0.13114,,236.9,0.053
1692129600,2023-08-15 16:00,2023-08-15,16.0,4438.11,2024-07-19,1721419200,339.0,0.48007,0.00055,16.92203,-0.60423,17.76172,0.15344,10.0,246.21,20 x 20,224.8,228.1,4700.0,294.7,301.8,55 x 50,280.12,-0.68845,0.00126,12.64847,-0.10149,-9.98556,0.12553,60.0,261.9,0.059
1692129600,2023-08-15 16:00,2023-08-15,16.0,4438.11,2024-07-19,1721419200,339.0,0.46516,0.00065,16.88414,-0.59231,17.25451,0.15195,2.0,266.88,20 x 20,211.5,214.6,4725.0,306.2,313.0,10 x 10,284.3,-0.74065,0.00139,11.11268,-0.07961,-8.70659,0.11945,120.0,286.9,0.065
1692129600,2023-08-15 16:00,2023-08-15,16.0,4438.11,2024-07-19,1721419200,339.0,0.4494,0.00059,16.81861,-0.57887,16.73187,0.14956,63.0,280.55,52 x 32,196.4,203.3,4750.0,315.6,322.8,55 x 50,255.15,-0.83771,0.00171,7.63166,-0.04311,-5.72996,0.10844,158.0,311.9,0.07
1692129600,2023-08-15 16:00,2023-08-15,16.0,4438.11,2024-08-16,1723838400,367.0,0.87592,0.00021,8.61866,-0.59135,28.08953,0.24816,,0.0,50 x 50,1089.4,1107.0,3550.0,68.9,70.2,30 x 70,0.0,-0.11732,0.00023,8.72889,-0.22796,-5.34055,0.24733,,888.1,0.2
1692129600,2023-08-15 16:00,2023-08-15,16.0,4438.11,2024-08-16,1723838400,367.0,0.8723,0.00014,8.82264,-0.59677,28.13487,0.24553,,0.0,10 x 10,1072.2,1081.1,3575.0,71.2,72.5,30 x 70,0.0,-0.12191,0.00017,8.94208,-0.2311,-5.5078,0.24468,,863.1,0.194
1692129600,2023-08-15 16:00,2023-08-15,16.0,4438.11,2024-08-16,1723838400,367.0,0.86815,0.00015,9.05075,-0.60306,28.15004,0.24415,,0.0,50 x 50,1046.9,1064.4,3600.0,73.2,75.2,20 x 40,68.1,-0.12581,0.00016,9.15801,-0.23306,-5.67856,0.24239,4.0,838.1,0.189
1692129600,2023-08-15 16:00,2023-08-15,16.0,4438.11,2024-08-16,1723838400,367.0,0.86362,0.0002,9.27145,-0.60825,28.17036,0.24145,,0.0,30 x 50,1025.8,1043.2,3625.0,76.1,77.1,61 x 36,71.51,-0.12999,0.00025,9.37522,-0.23583,-5.85261,0.2408,2.0,813.1,0.183
1692129600,2023-08-15 16:00,2023-08-15,16.0,4438.11,2024-08-16,1723838400,367.0,0.85871,0.00018,9.49324,-0.61375,28.18505,0.24033,,0.0,50 x 50,1004.7,1022.1,3650.0,78.6,80.0,25 x 65,0.0,-0.13475,0.00018,9.60559,-0.23839,-6.03987,0.23828,,788.1,0.178
1692129600,2023-08-15 16:00,2023-08-15,16.0,4438.11,2024-08-16,1723838400,367.0,0.85401,0.00018,9.71929,-0.61888,28.19163,0.23774,,0.0,30 x 50,983.7,1001.1,3675.0,81.2,82.6,25 x 65,0.0,-0.13949,0.00019,9.83,-0.24086,-6.22369,0.23643,,763.1,0.172
1692129600,2023-08-15 16:00,2023-08-15,16.0,4438.11,2024-08-16,1723838400,367.0,0.84976,0.00018,9.94578,-0.62439,28.19296,0.23559,8.0,1080.52,30 x 50,962.8,980.1,3700.0,83.9,85.3,25 x 65,71.62,-0.14427,0.00022,10.05657,-0.24241,-6.41066,0.23375,6.0,738.1,0.166
1692129600,2023-08-15 16:00,2023-08-15,16.0,4438.11,2024-08-16,1723838400,367.0,0.8445,0.00025,10.17431,-0.62986,28.18605,0.23374,4.0,1061.03,30 x 20,942.1,959.1,3725.0,86.8,88.1,25 x 65,0.0,-0.15025,0.0002,10.29209,-0.24455,-6.60826,0.23245,,713.1,0.161
1692129600,2023-08-15 16:00,2023-08-15,16.0,4438.11,2024-08-16,1723838400,367.0,0.84,0.00025,10.39822,-0.63434,28.18219,0.23148,2.0,1039.8,30 x 30,921.4,937.8,3750.0,89.7,91.1,25 x 65,0.0,-0.15465,0.00021,10.52534,-0.24626,-6.80561,0.23032,1.0,688.1,0.155
1692129600,2023-08-15 16:00,2023-08-15,16.0,4438.11,2024-08-16,1723838400,367.0,0.83457,0.00027,10.64718,-0.63986,28.13918,0.2302,,0.0,30 x 50,900.9,917.9,3775.0,92.7,94.1,25 x 65,0.0,-0.16076,0.00028,10.76208,-0.24907,-7.00867,0.2282,,663.1,0.149
1692129600,2023-08-15 16:00,2023-08-15,16.0,4438.11,2024-08-16,1723838400,367.0,0.82953,0.00025,10.88347,-0.64391,28.10793,0.22799,8.0,998.87,30 x 50,880.4,897.3,3800.0,95.8,97.2,25 x 45,95.7,-0.16599,0.0003,11.00184,-0.25063,-7.21512,0.22526,21.0,638.1,0.144
1692129600,2023-08-15 16:00,2023-08-15,16.0,4438.11,2024-08-16,1723838400,367.0,0.82334,0.0003,11.1123,-0.64842,28.08117,0.2264,1.0,1003.45,30 x 40,860.0,876.2,3825.0,99.0,100.5,25 x 60,98.29,-0.17167,0.00024,11.244,-0.25209,-7.42854,0.22398,14.0,613.1,0.138
1692129600,2023-08-15 16:00,2023-08-15,16.0,4438.11,2024-08-16,1723838400,367.0,0.81752,0.00021,11.36209,-0.65353,28.01907,0.22443,,0.0,30 x 50,839.7,856.5,3850.0,102.3,103.8,20 x 20,0.0,-0.17835,0.00025,11.48595,-0.25307,-7.64328,0.22189,,588.1,0.133
1692129600,2023-08-15 16:00,2023-08-15,16.0,4438.11,2024-08-16,1723838400,367.0,0.81182,0.0003,11.59543,-0.65627,27.97229,0.22218,,0.0,30 x 20,819.6,835.6,3875.0,105.8,107.2,20 x 20,103.0,-0.18469,0.0003,11.73141,-0.25483,-7.86278,0.21939,4.0,563.1,0.127
1692129600,2023-08-15 16:00,2023-08-15,16.0,4438.11,2024-08-16,1723838400,367.0,0.80633,0.00025,11.83717,-0.66058,27.90783,0.21971,1.0,869.71,30 x 40,799.5,815.4,3900.0,109.3,110.8,20 x 20,106.5,-0.19148,0.00032,11.97669,-0.25612,-8.08715,0.21733,5.0,538.1,0.121
1692129600,2023-08-15 16:00,2023-08-15,16.0,4438.11,2024-08-16,1723838400,367.0,0.79958,0.00031,12.08126,-0.66416,27.83036,0.21788,,0.0,40 x 40,783.3,791.7,3925.0,112.7,114.6,65 x 60,0.0,-0.19789,0.00027,12.22165,-0.25763,-8.31158,0.21461,,513.1,0.116
1692129600,2023-08-15 16:00,2023-08-15,16.0,4438.11,2024-08-16,1723838400,367.0,0.79311,0.00031,12.32523,-0.6681,27.74491,0.21649,,0.0,40 x 40,763.4,771.8,3950.0,116.5,118.4,65 x 40,109.7,-0.20494,0.00031,12.46896,-0.25834,-8.54295,0.2131,3.0,488.1,0.11
1692129600,2023-08-15 16:00,2023-08-15,16.0,4438.11,2024-08-16,1723838400,367.0,0.78778,0.00031,12.53446,-0.66919,27.70783,0.21353,,0.0,50 x 20,740.1,752.8,3975.0,120.0,124.4,20 x 28,113.2,-0.21252,0.00028,12.73588,-0.2601,-8.80357,0.21151,2.0,463.1,0.104
1692129600,2023-08-15 16:00,2023-08-15,16.0,4438.11,2024-08-16,1723838400,367.0,0.77968,0.00027,12.82098,-0.67519,27.53382,0.21238,1.0,722.43,30 x 10,720.5,736.7,4000.0,125.1,125.8,27 x 27,127.55,-0.21927,0.00038,12.96401,-0.25942,-9.01402,0.20853,1.0,438.1,0.099
1692129600,2023-08-15 16:00,2023-08-15,16.0,4438.11,2024-08-16,1723838400,367.0,0.77341,0.00034,13.05408,-0.67694,27.43723,0.21051,,0.0,20 x 20,703.6,713.6,4025.0,128.1,132.7,20 x 27,0.0,-0.22791,0.00031,13.22574,-0.2609,-9.27853,0.20766,,413.1,0.093
1692129600,2023-08-15 16:00,2023-08-15,16.0,4438.11,2024-08-16,1723838400,367.0,0.76699,0.00037,13.2732,-0.67687,27.35761,0.20733,,0.0,50 x 40,681.8,694.1,4050.0,132.8,134.8,60 x 20,131.6,-0.2359,0.00038,13.45178,-0.25973,-9.49135,0.20461,125.0,388.1,0.087
1692129600,2023-08-15 16:00,2023-08-15,16.0,4438.11,2024-08-16,1723838400,367.0,0.75893,0.00032,13.53991,-0.68089,27.17849,0.20602,,0.0,40 x 40,665.0,674.8,4075.0,137.2,141.1,20 x 65,0.0,-0.24395,0.00035,13.71061,-0.26112,-9.76175,0.20249,,363.1,0.082
1692129600,2023-08-15 16:00,2023-08-15,16.0,4438.11,2024-08-16,1723838400,367.0,0.75093,0.00029,13.78164,-0.68297,27.02884,0.20466,,0.0,65 x 40,646.0,655.7,4100.0,141.7,145.7,45 x 65,127.0,-0.25257,0.00036,13.94971,-0.26009,-10.00436,0.20091,9.0,338.1,0.076
1692129600,2023-08-15 16:00,2023-08-15,16.0,4438.11,2024-08-16,1723838400,367.0,0.74357,0.00033,14.02231,-0.68529,26.86765,0.20227,,0.0,10 x 10,629.9,634.0,4125.0,145.6,150.9,20 x 24,0.0,-0.26219,0.00037,14.1833,-0.25882,-10.24426,0.19843,,313.1,0.071
1692129600,2023-08-15 16:00,2023-08-15,16.0,4438.11,2024-08-16,1723838400,367.0,0.73582,0.00032,14.24014,-0.68429,26.7437,0.20019,,0.0,10 x 30,606.8,616.7,4150.0,150.4,155.8,20 x 44,0.0,-0.27107,0.00046,14.41448,-0.25771,-10.48754,0.19644,,288.1,0.065
1692129600,2023-08-15 16:00,2023-08-15,16.0,4438.11,2024-08-16,1723838400,367.0,0.72646,0.0004,14.50059,-0.68779,26.50082,0.1993,,0.0,50 x 30,589.8,600.1,4175.0,155.3,160.8,20 x 22,0.0,-0.28129,0.00045,14.64048,-0.25683,-10.72906,0.1939,,263.1,0.059
1692129600,2023-08-15 16:00,2023-08-15,16.0,4438.11,2024-08-16,1723838400,367.0,0.71853,0.00039,14.70996,-0.68634,26.36266,0.19612,,0.0,10 x 50,569.7,579.6,4200.0,160.4,166.0,20 x 22,129.63,-0.29139,0.00044,14.86093,-0.2552,-10.96972,0.1911,1.0,238.1,0.054
1692129600,2023-08-15 16:00,2023-08-15,16.0,4438.11,2024-08-16,1723838400,367.0,0.70977,0.00041,14.95505,-0.68849,26.11239,0.19456,,0.0,20 x 10,553.5,562.0,4225.0,164.4,168.9,86 x 20,132.5,-0.30055,0.00045,15.05411,-0.25062,-11.15917,0.18773,187.0,213.1,0.048
1692129600,2023-08-15 16:00,2023-08-15,16.0,4438.11,2024-08-16,1723838400,367.0,0.70133,0.0004,15.16426,-0.68586,25.93442,0.19179,,0.0,10 x 50,533.2,543.1,4250.0,169.8,176.3,86 x 61,158.2,-0.3123,0.00044,15.27251,-0.24923,-11.41961,0.1859,6.0,188.1,0.042
1692129600,2023-08-15 16:00,2023-08-15,16.0,4438.11,2024-08-16,1723838400,367.0,0.69165,0.00042,15.39587,-0.68716,25.66432,0.19051,,0.0,11 x 11,519.5,523.5,4275.0,176.6,182.5,20 x 19,165.1,-0.32357,0.0005,15.47835,-0.24813,-11.67201,0.18451,1.0,163.1,0.037
1692129600,2023-08-15 16:00,2023-08-15,16.0,4438.11,2024-08-16,1723838400,367.0,0.68143,0.00045,15.61154,-0.68651,25.41143,0.18935,1.0,596.35,30 x 30,498.9,509.1,4300.0,182.3,188.3,20 x 19,180.3,-0.33566,0.0005,15.66415,-0.24515,-11.89451,0.18189,10.0,138.1,0.031
1692129600,2023-08-15 16:00,2023-08-15,16.0,4438.11,2024-08-16,1723838400,367.0,0.67212,0.00039,15.81659,-0.68494,25.16145,0.18664,,0.0,11 x 11,484.1,488.0,4325.0,188.3,194.3,20 x 18,181.5,-0.3476,0.00057,15.83849,-0.24085,-12.11034,0.17969,11.0,113.1,0.025
1692129600,2023-08-15 16:00,2023-08-15,16.0,4438.11,2024-08-16,1723838400,367.0,0.66254,0.0004,16.00798,-0.68099,24.92213,0.18398,2.0,475.27,12 x 52,462.3,472.1,4350.0,194.5,200.5,20 x 18,192.94,-0.36036,0.00059,15.99815,-0.23712,-12.31438,0.17645,5.0,88.1,0.02
1692129600,2023-08-15 16:00,2023-08-15,16.0,4438.11,2024-08-16,1723838400,367.0,0.65246,0.00048,16.20189,-0.67847,24.63585,0.18253,,0.0,12 x 32,445.0,454.8,4375.0,200.7,206.9,20 x 16,197.0,-0.37378,0.00062,16.14116,-0.23237,-12.50711,0.17388,15.0,63.1,0.014
1692129600,2023-08-15 16:00,2023-08-15,16.0,4438.11,2024-08-16,1723838400,367.0,0.64051,0.00042,16.39282,-0.67707,24.30151,0.18113,20.0,459.57,77 x 32,429.3,439.5,4400.0,207.3,213.5,20 x 16,194.13,-0.38809,0.00062,16.26601,-0.2274,-12.68979,0.17121,20.0,38.1,0.009
1692129600,2023-08-15 16:00,2023-08-15,16.0,4438.11,2024-08-16,1723838400,367.0,0.6302,0.00043,16.56272,-0.67236,24.01779,0.17775,,0.0,12 x 12,411.1,420.9,4425.0,214.0,220.3,20 x 15,0.0,-0.4033,0.00063,16.36718,-0.22193,-12.84846,0.1689,,13.1,0.003
1692129600,2023-08-15 16:00,2023-08-15,16.0,4438.11,2024-08-16,1723838400,367.0,0.61912,0.00047,16.73175,-0.66945,23.66066,0.17675,235.0,400.13,12 x 12,400.2,401.3,4450.0,220.9,227.3,20 x 15,217.3,-0.4186,0.00066,16.44441,-0.21544,-12.99085,0.1666,15.0,11.9,0.003
1692129600,2023-08-15 16:00,2023-08-15,16.0,4438.11,2024-08-16,1723838400,367.0,0.60722,0.00044,16.88511,-0.6648,23.31721,0.17488,153.0,407.48,13 x 13,383.5,385.1,4475.0,228.1,234.5,20 x 15,214.2,-0.43566,0.00067,16.48979,-0.20915,-13.10261,0.16299,11.0,36.9,0.008
1692129600,2023-08-15 16:00,2023-08-15,16.0,4438.11,2024-08-16,1723838400,367.0,0.59541,0.00048,17.02747,-0.66056,22.9539,0.17342,46.0,363.64,59 x 34,363.1,373.2,4500.0,235.5,242.0,20 x 13,241.76,-0.45331,0.00068,16.50088,-0.20188,-13.18892,0.16032,50.0,61.9,0.014
1692129600,2023-08-15 16:00,2023-08-15,16.0,4438.11,2024-08-16,1723838400,367.0,0.58412,0.00049,17.15587,-0.65452,22.5807,0.17092,1.0,377.36,79 x 34,347.2,357.2,4525.0,243.1,249.7,20 x 13,235.19,-0.47184,0.00069,16.46891,-0.19346,-13.23409,0.15681,1.0,86.9,0.02
1692129600,2023-08-15 16:00,2023-08-15,16.0,4438.11,2024-08-16,1723838400,367.0,0.57141,0.00053,17.27122,-0.64785,22.19236,0.16917,2.0,397.35,79 x 34,331.4,341.4,4550.0,249.5,256.9,58 x 53,248.7,-0.49235,0.00082,16.37516,-0.18384,-13.20131,0.15326,10.0,111.9,0.025
1692129600,2023-08-15 16:00,2023-08-15,16.0,4438.11,2024-08-16,1723838400,367.0,0.55905,0.00048,17.37048,-0.64179,21.78535,0.16695,,0.0,79 x 34,316.0,325.9,4575.0,257.6,265.1,57 x 52,208.6,-0.51418,0.0008,16.22704,-0.17379,-13.13997,0.15037,1.0,136.9,0.031
1692129600,2023-08-15 16:00,2023-08-15,16.0,4438.11,2024-08-16,1723838400,367.0,0.54648,0.00049,17.45342,-0.63409,21.36323,0.1654,3.0,317.8,79 x 34,300.8,310.7,4600.0,268.5,271.1,20 x 20,0.0,-0.53809,0.00084,16.00108,-0.16325,-13.00864,0.14617,,161.9,0.036
1692129600,2023-08-15 16:00,2023-08-15,16.0,4438.11,2024-08-16,1723838400,367.0,0.53282,0.00052,17.5192,-0.62627,20.92328,0.16272,2.0,298.4,79 x 34,286.0,295.8,4625.0,277.2,279.8,20 x 20,269.5,-0.56418,0.00089,15.67398,-0.15101,-12.77974,0.14288,25.0,186.9,0.042
1692129600,2023-08-15 16:00,2023-08-15,16.0,4438.11,2024-08-16,1723838400,367.0,0.51975,0.00059,17.56586,-0.61662,20.46892,0.16041,59.0,296.25,79 x 59,271.4,281.2,4650.0,286.2,288.9,20 x 20,276.3,-0.59386,0.00099,15.21555,-0.13777,-12.43227,0.1383,4.0,211.9,0.048
1692129600,2023-08-15 16:00,2023-08-15,16.0,4438.11,2024-08-16,1723838400,367.0,0.5055,0.00057,17.59315,-0.60758,19.99738,0.15906,1.0,359.77,79 x 59,257.1,266.8,4675.0,296.6,298.2,14 x 14,0.0,-0.62611,0.00108,14.59507,-0.12332,-11.94147,0.13431,,236.9,0.053
1692129600,2023-08-15 16:00,2023-08-15,16.0,4438.11,2024-08-16,1723838400,367.0,0.49175,0.00057,17.59837,-0.59776,19.51004,0.15665,130.0,267.85,79 x 34,243.2,252.8,4700.0,302.7,310.5,55 x 50,294.9,-0.66597,0.00116,13.6664,-0.1054,-11.14639,0.12852,30.0,261.9,0.059
1692129600,2023-08-15 16:00,2023-08-15,16.0,4438.11,2024-08-16,1723838400,367.0,0.47723,0.00062,17.5805,-0.58632,19.00803,0.15427,8.0,241.4,20 x 20,232.6,235.7,4725.0,314.0,321.4,30 x 10,279.83,-0.71128,0.00128,12.42654,-0.08716,-10.09517,0.12385,1.0,286.9,0.065
1692129600,2023-08-15 16:00,2023-08-15,16.0,4438.11,2024-08-16,1723838400,367.0,0.46245,0.00053,17.53816,-0.57377,18.48439,0.15216,,0.0,12 x 12,216.3,223.5,4750.0,324.4,331.8,20 x 10,288.09,-0.77686,0.00144,10.25901,-0.0615,-8.18701,0.11653,1.0,311.9,0.07
1692129600,2023-08-15 16:00,2023-08-15,16.0,4438.11,2024-08-16,1723838400,367.0,0.44814,0.00057,17.47415,-0.56352,17.96203,0.1512,75.0,0.0,17 x 20,207.7,209.5,4775.0,335.1,342.6,30 x 10,297.49,-0.91058,0.00191,4.68563,-0.02019,-3.36247,0.10237,1.0,336.9,0.076
1692129600,2023-08-15 16:00,2023-08-15,16.0,4438.11,2024-09-20,1726862400,402.0,0.87093,0.00015,9.23716,-0.57179,30.31274,0.24559,,0.0,50 x 50,1105.6,1123.3,3550.0,75.5,76.8,25 x 65,78.4,-0.12209,0.00018,9.3846,-0.2191,-6.05527,0.24514,2.0,888.1,0.2
1692129600,2023-08-15 16:00,2023-08-15,16.0,4438.11,2024-09-20,1726862400,402.0,0.86621,0.00021,9.45604,-0.57713,30.34931,0.24363,,0.0,50 x 50,1084.5,1102.2,3575.0,78.0,79.3,45 x 65,77.7,-0.12628,0.00017,9.60663,-0.22196,-6.23932,0.2435,0.0,863.1,0.194
1692129600,2023-08-15 16:00,2023-08-15,16.0,4438.11,2024-09-20,1726862400,402.0,0.86259,0.00016,9.68048,-0.58273,30.3745,0.24205,,0.0,50 x 50,1063.6,1081.2,3600.0,80.5,81.5,72 x 47,79.61,-0.13096,0.00019,9.82148,-0.22397,-6.41825,0.24116,427.0,838.1,0.189
1692129600,2023-08-15 16:00,2023-08-15,16.0,4438.11,2024-09-20,1726862400,402.0,0.85781,0.00018,9.90365,-0.58707,30.39787,0.24003,,0.0,10 x 50,1046.8,1056.1,3625.0,83.1,84.5,45 x 45,80.6,-0.1352,0.00022,10.05572,-0.22663,-6.61734,0.23925,18.0,813.1,0.183
1692129600,2023-08-15 16:00,2023-08-15,16.0,4438.11,2024-09-20,1726862400,402.0,0.85392,0.00015,10.13596,-0.5927,30.40544,0.23833,0.0,998.89,50 x 50,1022.0,1039.5,3650.0,85.9,87.2,25 x 65,87.5,-0.13962,0.00025,10.28683,-0.22798,-6.8144,0.23754,1.0,788.1,0.178
1692129600,2023-08-15 16:00,2023-08-15,16.0,4438.11,2024-09-20,1726862400,402.0,0.85127,0.00024,10.24826,-0.59185,30.56042,0.23382,,0.0,30 x 30,998.2,1015.6,3675.0,87.6,91.0,37 x 37,77.9,-0.14468,0.00021,10.51508,-0.22985,-7.01119,0.23484,2.0,763.1,0.172
1692129600,2023-08-15 16:00,2023-08-15,16.0,4438.11,2024-09-20,1726862400,402.0,0.84442,0.00016,10.59845,-0.6027,30.40956,0.23427,2.0,1079.55,50 x 50,980.7,998.0,3700.0,90.5,94.0,37 x 37,78.79,-0.1496,0.00021,10.75131,-0.23248,-7.21719,0.23264,39.0,738.1,0.166
1692129600,2023-08-15 16:00,2023-08-15,16.0,4438.11,2024-09-20,1726862400,402.0,0.83898,0.00019,10.83202,-0.6073,30.40184,0.23318,2.0,1078.48,50 x 50,960.2,977.4,3725.0,93.4,97.0,36 x 36,75.0,-0.155,0.00026,10.98732,-0.23397,-7.424,0.23113,2.0,713.1,0.161
1692129600,2023-08-15 16:00,2023-08-15,16.0,4438.11,2024-09-20,1726862400,402.0,0.83673,0.00021,10.96806,-0.60704,30.52141,0.22874,,0.0,50 x 50,936.8,953.9,3750.0,97.6,99.0,25 x 65,117.97,-0.15998,0.00023,11.22733,-0.23554,-7.63808,0.22923,0.0,688.1,0.155
1692129600,2023-08-15 16:00,2023-08-15,16.0,4438.11,2024-09-20,1726862400,402.0,0.82896,0.00023,11.30893,-0.61677,30.35586,0.2294,,0.0,50 x 50,919.5,936.5,3775.0,100.1,102.5,20 x 20,88.2,-0.16569,0.00025,11.46296,-0.23764,-7.84859,0.22655,13.0,663.1,0.149
1692129600,2023-08-15 16:00,2023-08-15,16.0,4438.11,2024-09-20,1726862400,402.0,0.82365,0.00018,11.54757,-0.62094,30.32332,0.22721,2.0,1005.0,50 x 50,899.2,916.2,3800.0,103.4,105.8,20 x 20,86.43,-0.17092,0.00027,11.7066,-0.23868,-8.07154,0.22493,2.0,638.1,0.144
1692129600,2023-08-15 16:00,2023-08-15,16.0,4438.11,2024-09-20,1726862400,402.0,0.81892,0.00023,11.78981,-0.62508,30.27981,0.22501,,0.0,50 x 50,879.1,896.0,3825.0,107.4,108.5,20 x 42,126.09,-0.17643,0.0003,11.95069,-0.24031,-8.2949,0.22329,0.0,613.1,0.138
1692129600,2023-08-15 16:00,2023-08-15,16.0,4438.11,2024-09-20,1726862400,402.0,0.81326,0.00022,12.03599,-0.63009,30.22343,0.22373,2.0,901.48,50 x 50,859.2,876.0,3850.0,109.8,112.7,33 x 20,0.0,-0.18241,0.00028,12.19136,-0.24091,-8.51709,0.22049,,588.1,0.133
1692129600,2023-08-15 16:00,2023-08-15,16.0,4438.11,2024-09-20,1726862400,402.0,0.80706,0.00027,12.27938,-0.63301,30.16308,0.22231,,0.0,50 x 50,839.3,856.0,3875.0,113.4,116.3,31 x 20,0.0,-0.18952,0.00024,12.43892,-0.24254,-8.75026,0.21872,,563.1,0.127
1692129600,2023-08-15 16:00,2023-08-15,16.0,4438.11,2024-09-20,1726862400,402.0,0.80334,0.00028,12.44793,-0.63247,30.21603,0.21817,2.0,931.6,50 x 50,816.6,833.2,3900.0,117.5,120.1,20 x 20,117.4,-0.19595,0.0003,12.69365,-0.24334,-8.99549,0.21643,3.0,538.1,0.121
1692129600,2023-08-15 16:00,2023-08-15,16.0,4438.11,2024-09-20,1726862400,402.0,0.79562,0.00032,12.73516,-0.63826,30.07183,0.2172,,0.0,40 x 50,799.9,813.5,3925.0,121.3,123.9,20 x 20,106.3,-0.20211,0.00028,12.94034,-0.24439,-9.23485,0.21482,1.0,513.1,0.116
1692129600,2023-08-15 16:00,2023-08-15,16.0,4438.11,2024-09-20,1726862400,402.0,0.78968,0.00029,12.98507,-0.64261,29.97763,0.21508,0.0,777.01,40 x 50,780.5,793.9,3950.0,125.8,127.4,20 x 60,102.3,-0.20954,0.00034,13.19035,-0.24511,-9.47858,0.2127,1.0,488.1,0.11
1692129600,2023-08-15 16:00,2023-08-15,16.0,4438.11,2024-09-20,1726862400,402.0,0.78359,0.00027,13.23188,-0.64521,29.87812,0.21351,,0.0,20 x 30,761.2,774.4,3975.0,129.8,131.5,20 x 60,126.1,-0.2162,0.00029,13.43767,-0.24549,-9.72387,0.2109,1.0,463.1,0.104
1692129600,2023-08-15 16:00,2023-08-15,16.0,4438.11,2024-09-20,1726862400,402.0,0.77701,0.00028,13.46968,-0.64773,29.78506,0.2112,6.0,811.78,50 x 20,741.5,754.5,4000.0,133.1,137.2,48 x 48,132.0,-0.22409,0.00037,13.69169,-0.24705,-9.98246,0.2087,429.0,438.1,0.099
1692129600,2023-08-15 16:00,2023-08-15,16.0,4438.11,2024-09-20,1726862400,402.0,0.76938,0.00035,13.74312,-0.6519,29.61218,0.21053,,0.0,40 x 40,724.9,735.4,4025.0,137.4,140.4,47 x 20,0.0,-0.23097,0.00035,13.92587,-0.2464,-10.21332,0.20689,,413.1,0.093
1692129600,2023-08-15 16:00,2023-08-15,16.0,4438.11,2024-09-20,1726862400,402.0,0.76329,0.00033,13.96075,-0.65241,29.53567,0.20733,36.0,738.8,50 x 20,703.3,715.9,4050.0,141.9,146.0,20 x 27,155.38,-0.23928,0.00037,14.18138,-0.24634,-10.484,0.20488,1.0,388.1,0.087
1692129600,2023-08-15 16:00,2023-08-15,16.0,4438.11,2024-09-20,1726862400,402.0,0.75508,0.00035,14.22748,-0.65638,29.3489,0.2071,0.0,656.91,20 x 40,686.9,696.8,4075.0,147.3,149.0,20 x 20,119.9,-0.24784,0.00039,14.41573,-0.24556,-10.72469,0.20237,1.0,363.1,0.082
1692129600,2023-08-15 16:00,2023-08-15,16.0,4438.11,2024-09-20,1726862400,402.0,0.74798,0.00031,14.47251,-0.65823,29.18878,0.20521,4.0,679.65,10 x 10,669.0,677.5,4100.0,152.0,153.8,20 x 60,149.1,-0.25648,0.00042,14.6561,-0.2451,-10.98058,0.20073,0.0,338.1,0.076
1692129600,2023-08-15 16:00,2023-08-15,16.0,4438.11,2024-09-20,1726862400,402.0,0.7403,0.00037,14.69251,-0.65874,29.07156,0.20243,,0.0,20 x 40,649.5,657.0,4125.0,156.8,158.6,20 x 40,0.0,-0.26474,0.00035,14.88929,-0.24484,-11.23138,0.19817,,313.1,0.071
1692129600,2023-08-15 16:00,2023-08-15,16.0,4438.11,2024-09-20,1726862400,402.0,0.73333,0.00031,14.92513,-0.65934,28.9087,0.20031,2.0,755.73,10 x 50,630.5,638.1,4150.0,160.9,164.0,20 x 20,189.24,-0.27343,0.00038,15.11709,-0.24365,-11.47635,0.19614,0.0,288.1,0.065
1692129600,2023-08-15 16:00,2023-08-15,16.0,4438.11,2024-09-20,1726862400,402.0,0.72476,0.00036,15.16149,-0.65984,28.72166,0.19894,,0.0,10 x 30,612.1,619.7,4175.0,166.8,168.6,20 x 20,0.0,-0.28376,0.00038,15.34458,-0.24247,-11.73121,0.19376,18.0,263.1,0.059
1692129600,2023-08-15 16:00,2023-08-15,16.0,4438.11,2024-09-20,1726862400,402.0,0.71689,0.00035,15.39411,-0.66129,28.52185,0.19659,6.0,687.57,10 x 30,593.9,601.4,4200.0,172.0,173.8,20 x 20,168.0,-0.29354,0.00048,15.5634,-0.24071,-11.97805,0.19131,2.0,238.1,0.054
1692129600,2023-08-15 16:00,2023-08-15,16.0,4438.11,2024-09-20,1726862400,402.0,0.70891,0.00038,15.62361,-0.6617,28.30948,0.19478,,0.0,10 x 30,575.8,583.3,4225.0,177.4,179.4,20 x 40,0.0,-0.3029,0.00045,15.77712,-0.2389,-12.22569,0.18982,,213.1,0.048
1692129600,2023-08-15 16:00,2023-08-15,16.0,4438.11,2024-09-20,1726862400,402.0,0.70031,0.00035,15.84698,-0.66084,28.0876,0.19267,3.0,667.71,10 x 30,557.8,565.3,4250.0,182.9,184.8,20 x 20,180.71,-0.3139,0.00044,15.97991,-0.23665,-12.46387,0.18726,2.0,188.1,0.042
1692129600,2023-08-15 16:00,2023-08-15,16.0,4438.11,2024-09-20,1726862400,402.0,0.69109,0.00043,16.06701,-0.6611,27.85146,0.19133,,0.0,10 x 50,540.0,547.5,4275.0,188.6,190.5,20 x 20,183.3,-0.32504,0.00047,16.1755,-0.23375,-12.69917,0.18487,0.0,163.1,0.037
1692129600,2023-08-15 16:00,2023-08-15,16.0,4438.11,2024-09-20,1726862400,402.0,0.68158,0.00041,16.28009,-0.65971,27.60467,0.18962,1.0,618.2,10 x 30,522.3,529.8,4300.0,193.6,197.0,39 x 20,177.5,-0.33637,0.00046,16.35891,-0.23099,-12.92372,0.18267,283.0,138.1,0.031
1692129600,2023-08-15 16:00,2023-08-15,16.0,4438.11,2024-09-20,1726862400,402.0,0.67274,0.00036,16.48849,-0.6584,27.34175,0.18739,,0.0,10 x 50,504.9,512.3,4325.0,200.6,202.0,35 x 35,162.45,-0.348,0.00055,16.53077,-0.2277,-13.14273,0.1798,10.0,113.1,0.025
1692129600,2023-08-15 16:00,2023-08-15,16.0,4438.11,2024-09-20,1726862400,402.0,0.66253,0.00037,16.69945,-0.65909,27.02626,0.18671,1.0,543.78,77 x 52,489.0,496.8,4350.0,206.8,208.7,20 x 20,221.68,-0.36064,0.00057,16.69053,-0.2233,-13.35604,0.17827,23.0,88.1,0.02
1692129600,2023-08-15 16:00,2023-08-15,16.0,4438.11,2024-09-20,1726862400,402.0,0.65319,0.00041,16.8918,-0.65717,26.73955,0.18461,1.0,555.83,77 x 52,471.9,479.7,4375.0,213.2,215.2,20 x 20,208.3,-0.3737,0.00052,16.83253,-0.22012,-13.55365,0.1756,50.0,63.1,0.014
1692129600,2023-08-15 16:00,2023-08-15,16.0,4438.11,2024-09-20,1726862400,402.0,0.64282,0.00044,17.07815,-0.65447,26.4354,0.18297,2.0,524.47,31 x 31,458.1,459.9,4400.0,219.8,221.8,20 x 20,197.24,-0.38738,0.00059,16.95653,-0.21476,-13.7391,0.17305,9.0,38.1,0.009
1692129600,2023-08-15 16:00,2023-08-15,16.0,4438.11,2024-09-20,1726862400,402.0,0.63283,0.0004,17.2478,-0.64985,26.15823,0.17952,1.0,520.22,12 x 32,436.8,444.2,4425.0,226.6,228.7,20 x 20,0.0,-0.40135,0.00058,17.05865,-0.21038,-13.90279,0.17058,,13.1,0.003
1692129600,2023-08-15 16:00,2023-08-15,16.0,4438.11,2024-09-20,1726862400,402.0,0.62219,0.00041,17.41684,-0.64631,25.82665,0.17827,2.0,502.49,12 x 12,420.3,427.6,4450.0,233.5,235.1,54 x 35,238.31,-0.41659,0.00062,17.13536,-0.20391,-14.04067,0.16797,0.0,11.9,0.003
1692129600,2023-08-15 16:00,2023-08-15,16.0,4438.11,2024-09-20,1726862400,402.0,0.6121,0.0005,17.57468,-0.64281,25.47967,0.17638,0.0,379.62,14 x 14,404.0,411.3,4475.0,240.8,242.3,34 x 35,210.2,-0.43203,0.00061,17.18474,-0.19786,-14.15754,0.16473,10.0,36.9,0.008
1692129600,2023-08-15 16:00,2023-08-15,16.0,4438.11,2024-09-20,1726862400,402.0,0.60033,0.00049,17.72444,-0.63989,25.08838,0.17529,100.0,423.5,31 x 32,392.2,394.2,4500.0,247.9,250.0,20 x 20,239.76,-0.44888,0.00063,17.20027,-0.19132,-14.24743,0.16188,153.0,61.9,0.014
1692129600,2023-08-15 16:00,2023-08-15,16.0,4438.11,2024-09-20,1726862400,402.0,0.58955,0.00051,17.85771,-0.63447,24.72139,0.17329,2.0,438.61,20 x 20,375.5,378.4,4525.0,255.5,257.6,20 x 20,218.14,-0.46712,0.00068,17.17612,-0.18385,-14.29731,0.15928,1.0,86.9,0.02
1692129600,2023-08-15 16:00,2023-08-15,16.0,4438.11,2024-09-20,1726862400,402.0,0.57772,0.00043,17.9798,-0.62957,24.3325,0.17134,150.0,406.0,20 x 20,359.8,362.7,4550.0,263.3,265.4,20 x 20,248.0,-0.48586,0.00071,17.10345,-0.17606,-14.30163,0.1561,150.0,111.9,0.025
1692129600,2023-08-15 16:00,2023-08-15,16.0,4438.11,2024-09-20,1726862400,402.0,0.56636,0.00044,18.08702,-0.62395,23.92787,0.16941,5.0,441.37,20 x 20,344.3,347.3,4575.0,271.6,273.2,34 x 34,246.7,-0.50655,0.00081,16.97493,-0.16776,-14.25139,0.15296,1.0,136.9,0.031
1692129600,2023-08-15 16:00,2023-08-15,16.0,4438.11,2024-09-20,1726862400,402.0,0.55357,0.00045,18.18018,-0.61724,23.50884,0.16765,1.0,374.2,20 x 20,329.0,331.9,4600.0,279.5,281.7,20 x 20,250.33,-0.52889,0.00085,16.77462,-0.15806,-14.13257,0.14893,1.0,161.9,0.036
1692129600,2023-08-15 16:00,2023-08-15,16.0,4438.11,2024-09-20,1726862400,402.0,0.54162,0.00055,18.2582,-0.60991,23.0727,0.16518,0.0,285.9,20 x 20,314.1,316.9,4625.0,288.1,290.3,20 x 20,251.7,-0.55292,0.00088,16.48838,-0.14723,-13.93301,0.14618,10.0,186.9,0.042
1692129600,2023-08-15 16:00,2023-08-15,16.0,4438.11,2024-09-20,1726862400,402.0,0.52894,0.00056,18.31812,-0.60319,22.61715,0.16354,10.0,318.12,33 x 33,300.4,302.2,4650.0,296.9,299.2,20 x 20,291.68,-0.57952,0.00093,16.08624,-0.13502,-13.62044,0.1419,10.0,211.9,0.048
1692129600,2023-08-15 16:00,2023-08-15,16.0,4438.11,2024-09-20,1726862400,402.0,0.51644,0.00054,18.36072,-0.59425,22.1508,0.16177,10.0,303.42,20 x 34,284.1,289.1,4675.0,306.1,308.4,20 x 20,0.0,-0.6091,0.00095,15.53605,-0.12279,-13.166,0.13797,,236.9,0.053
1692129600,2023-08-15 16:00,2023-08-15,16.0,4438.11,2024-09-20,1726862400,402.0,0.50297,0.00053,18.38415,-0.58565,21.6666,0.15995,1.0,340.5,20 x 20,271.2,274.0,4700.0,315.7,317.6,33 x 33,305.26,-0.64433,0.00102,14.76902,-0.10738,-12.50236,0.13342,10.0,261.9,0.059
1692129600,2023-08-15 16:00,2023-08-15,16.0,4438.11,2024-09-20,1726862400,402.0,0.49009,0.00054,18.38782,-0.57719,21.16739,0.15814,,0.0,20 x 20,257.5,260.2,4725.0,325.7,327.3,33 x 33,317.7,-0.68503,0.00118,13.68827,-0.09078,-11.54227,0.12777,20.0,286.9,0.065
1692129600,2023-08-15 16:00,2023-08-15,16.0,4438.11,2024-09-20,1726862400,402.0,0.47671,0.00055,18.36955,-0.56696,20.6539,0.15571,0.0,256.8,20 x 20,244.1,246.8,4750.0,335.4,338.0,20 x 20,315.42,-0.73837,0.00129,12.0391,-0.07088,-10.04576,0.12182,200.0,311.9,0.07
1692129600,2023-08-15 16:00,2023-08-15,16.0,4438.11,2024-09-20,1726862400,402.0,0.46296,0.0005,18.32944,-0.55699,20.12715,0.15422,0.0,225.04,20 x 20,231.1,233.8,4775.0,346.0,348.4,20 x 20,380.0,-0.81762,0.00156,9.04782,-0.04479,-7.329,0.11246,0.0,336.9,0.076
1692129600,2023-08-15 16:00,2023-08-15,16.0,4438.11,2024-12-20,1734728400,493.04,0.85611,0.00017,10.83683,-0.53131,35.6964,0.24523,0.0,1123.1,5 x 5,1152.9,1163.3,3550.0,92.9,93.7,49 x 47,90.53,-0.13272,0.00019,10.98582,-0.19998,-7.97712,0.24266,0.0,888.1,0.2
1692129600,2023-08-15 16:00,2023-08-15,16.0,4438.11,2024-12-20,1734728400,493.04,0.84765,0.00018,11.30991,-0.54189,35.74345,0.24207,0.0,1081.08,45 x 45,1108.6,1127.0,3600.0,98.1,100.5,20 x 5,96.7,-0.14186,0.00014,11.4635,-0.20449,-8.42701,0.23926,2.0,838.1,0.189
1692129600,2023-08-15 16:00,2023-08-15,16.0,4438.11,2024-12-20,1734728400,493.04,0.8386,0.00013,11.78241,-0.55025,35.77241,0.23931,2.0,1168.13,45 x 45,1068.3,1086.6,3650.0,104.5,106.3,5 x 45,101.6,-0.15107,0.00019,11.94157,-0.20775,-8.88238,0.2354,2.0,788.1,0.178
1692129600,2023-08-15 16:00,2023-08-15,16.0,4438.11,2024-12-20,1734728400,493.04,0.82982,0.00021,12.25895,-0.55948,35.77362,0.23543,1.0,1114.53,45 x 45,1028.4,1046.5,3700.0,110.9,112.8,5 x 45,111.0,-0.16078,0.00022,12.42816,-0.21017,-9.35547,0.23174,231.0,738.1,0.166
1692129600,2023-08-15 16:00,2023-08-15,16.0,4438.11,2024-12-20,1734728400,493.04,0.82077,0.00019,12.73885,-0.5671,35.74523,0.23172,0.0,966.01,45 x 45,988.8,1006.7,3750.0,117.7,119.6,5 x 45,110.05,-0.17098,0.00019,12.92055,-0.21277,-9.84318,0.22802,29.0,688.1,0.155
1692129600,2023-08-15 16:00,2023-08-15,16.0,4438.11,2024-12-20,1734728400,493.04,0.80993,0.00025,13.22397,-0.57557,35.68104,0.22924,1.0,1002.28,45 x 45,949.5,967.4,3800.0,124.9,126.8,5 x 45,123.42,-0.18151,0.00026,13.41707,-0.21513,-10.34527,0.22497,151.0,638.1,0.144
1692129600,2023-08-15 16:00,2023-08-15,16.0,4438.11,2024-12-20,1734728400,493.04,0.80202,0.00027,13.64014,-0.57902,35.71598,0.22395,0.0,891.5,45 x 45,907.8,925.5,3850.0,132.4,134.4,5 x 45,131.5,-0.19362,0.00028,13.91592,-0.21738,-10.85857,0.2214,1.0,588.1,0.133
1692129600,2023-08-15 16:00,2023-08-15,16.0,4438.11,2024-12-20,1734728400,493.04,0.78906,0.00023,14.19996,-0.58819,35.44851,0.2221,1.0,911.72,45 x 45,872.2,889.8,3900.0,140.7,144.3,40 x 20,139.2,-0.20697,0.00024,14.44038,-0.21935,-11.42567,0.21823,7.0,538.1,0.121
1692129600,2023-08-15 16:00,2023-08-15,16.0,4438.11,2024-12-20,1734728400,493.04,0.77775,0.00022,14.6872,-0.59446,35.27701,0.2188,0.0,829.22,45 x 45,834.3,851.7,3950.0,148.6,150.9,5 x 45,148.0,-0.21874,0.00031,14.91179,-0.2187,-11.91778,0.21359,6.0,488.1,0.11
1692129600,2023-08-15 16:00,2023-08-15,16.0,4438.11,2024-12-20,1734728400,493.04,0.7663,0.0003,15.15053,-0.59842,35.11718,0.21496,2.0,808.95,40 x 45,797.0,811.2,4000.0,157.6,159.8,5 x 45,156.9,-0.23283,0.00036,15.40613,-0.21931,-12.46227,0.21007,6.0,438.1,0.099
1692129600,2023-08-15 16:00,2023-08-15,16.0,4438.11,2024-12-20,1734728400,493.04,0.75285,0.00031,15.63783,-0.60311,34.85685,0.21197,18.0,794.85,40 x 45,760.1,774.0,4050.0,165.8,171.4,5 x 25,165.8,-0.24788,0.00031,15.89989,-0.21892,-13.02678,0.20603,8.0,388.1,0.087
1692129600,2023-08-15 16:00,2023-08-15,16.0,4438.11,2024-12-20,1734728400,493.04,0.74004,0.00025,16.12736,-0.60745,34.53003,0.20927,3.0,737.15,26 x 26,725.2,737.1,4100.0,175.5,181.2,25 x 24,175.4,-0.26366,0.00035,16.36955,-0.21766,-13.56873,0.20253,28.0,338.1,0.076
1692129600,2023-08-15 16:00,2023-08-15,16.0,4438.11,2024-12-20,1734728400,493.04,0.72572,0.00028,16.59331,-0.6091,34.19458,0.2053,1.0,735.0,73 x 28,688.9,700.8,4150.0,184.9,191.6,25 x 44,183.6,-0.28049,0.00035,16.81918,-0.21602,-14.09571,0.19811,1.0,288.1,0.065
1692129600,2023-08-15 16:00,2023-08-15,16.0,4438.11,2024-12-20,1734728400,493.04,0.71192,0.00036,17.03101,-0.60982,33.8708,0.20086,70.0,694.27,8 x 28,651.7,663.1,4200.0,197.6,200.1,5 x 45,196.5,-0.29806,0.00044,17.25044,-0.21236,-14.61776,0.19448,10.0,238.1,0.054
1692129600,2023-08-15 16:00,2023-08-15,16.0,4438.11,2024-12-20,1734728400,493.04,0.69632,0.00036,17.48971,-0.61163,33.3849,0.19916,2.0,725.92,75 x 30,618.0,629.8,4250.0,209.1,211.5,5 x 45,205.7,-0.31708,0.00047,17.65564,-0.2089,-15.13272,0.19017,1.0,188.1,0.042
1692129600,2023-08-15 16:00,2023-08-15,16.0,4438.11,2024-12-20,1734728400,493.04,0.68078,0.00036,17.91011,-0.61039,32.91912,0.19474,3.0,638.94,31 x 31,588.2,589.6,4300.0,219.9,225.7,20 x 19,224.9,-0.33737,0.00045,18.02811,-0.20504,-15.63313,0.18631,4.0,138.1,0.031
1692129600,2023-08-15 16:00,2023-08-15,16.0,4438.11,2024-12-20,1734728400,493.04,0.64723,0.0004,18.68792,-0.60551,31.84704,0.18744,100.0,546.7,12 x 52,514.5,525.8,4400.0,246.4,248.2,5 x 1,243.5,-0.38383,0.00051,18.60259,-0.19101,-16.44333,0.17604,159.0,38.1,0.009
1692129600,2023-08-15 16:00,2023-08-15,16.0,4438.11,2024-12-20,1734728400,493.04,0.60979,0.00043,19.36063,-0.59711,30.48402,0.1819,3.0,460.28,79 x 34,451.4,462.9,4500.0,275.2,276.4,35 x 35,273.84,-0.43886,0.00061,18.87182,-0.1715,-16.99558,0.16671,3.0,61.9,0.014
1692129600,2023-08-15 16:00,2023-08-15,16.0,4438.11,2024-12-20,1734728400,493.04,0.57032,0.00039,19.875,-0.58218,28.93425,0.17522,15.0,400.6,5 x 34,392.7,399.7,4600.0,305.7,308.4,5 x 5,308.47,-0.50775,0.00066,18.58084,-0.14639,-16.97647,0.15516,26.0,161.9,0.036
1692129600,2023-08-15 16:00,2023-08-15,16.0,4438.11,2024-12-20,1734728400,493.04,0.52758,0.00045,20.19384,-0.56036,27.16875,0.16842,100.0,361.0,5 x 25,335.7,339.1,4700.0,340.3,343.2,25 x 5,324.0,-0.60243,0.00089,17.13319,-0.10974,-15.74964,0.14137,3.0,261.9,0.059
1692129600,2023-08-15 16:00,2023-08-15,16.0,4438.11,2024-12-20,1734728400,493.04,0.48248,0.00045,20.26994,-0.53427,25.16796,0.16234,50.0,289.22,5 x 34,280.6,287.8,4800.0,380.2,381.5,33 x 33,364.51,-0.77166,0.00128,11.788,-0.05052,-10.52706,0.1202,40.0,361.9,0.082
1692129600,2023-08-15 16:00,2023-08-15,16.0,4438.11,2025-06-20,1750449600,675.0,0.82714,0.00011,13.8595,-0.47338,44.87483,0.25346,,0.0,5 x 5,1222.1,1270.5,3550.0,118.7,128.6,5 x 52,122.1,-0.14825,0.00016,13.69409,-0.16915,-11.83843,0.23815,0.0,888.1,0.2
1692129600,2023-08-15 16:00,2023-08-15,16.0,4438.11,2025-06-20,1750449600,675.0,0.82039,0.00012,14.257,-0.47839,45.10109,0.24897,,0.0,5 x 5,1179.2,1231.7,3600.0,126.6,135.5,5 x 50,128.8,-0.15697,0.00013,14.21402,-0.17173,-12.42188,0.23557,0.0,838.1,0.189
1692129600,2023-08-15 16:00,2023-08-15,16.0,4438.11,2025-06-20,1750449600,675.0,0.81311,0.00013,14.72214,-0.48507,45.16562,0.24566,,0.0,5 x 5,1141.0,1193.5,3650.0,133.8,142.9,5 x 48,135.9,-0.16537,0.00017,14.72384,-0.17458,-12.99905,0.23244,0.0,788.1,0.178
1692129600,2023-08-15 16:00,2023-08-15,16.0,4438.11,2025-06-20,1750449600,675.0,0.80383,0.00017,15.24896,-0.49419,45.06579,0.24467,,0.0,5 x 5,1105.7,1158.1,3700.0,141.2,150.8,5 x 46,146.9,-0.17502,0.0002,15.23743,-0.17636,-13.58816,0.22952,1.0,738.1,0.166
1692129600,2023-08-15 16:00,2023-08-15,16.0,4438.11,2025-06-20,1750449600,675.0,0.79478,0.00013,15.71728,-0.49972,45.06353,0.24073,,0.0,5 x 5,1068.2,1120.6,3750.0,149.0,158.8,5 x 44,170.76,-0.1854,0.00022,15.74827,-0.17723,-14.18414,0.22602,587.0,688.1,0.155
1692129600,2023-08-15 16:00,2023-08-15,16.0,4438.11,2025-06-20,1750449600,675.0,0.78704,0.0002,16.17156,-0.5053,45.06511,0.2373,,0.0,5 x 5,1032.4,1080.6,3800.0,155.7,167.4,5 x 42,160.27,-0.19573,0.00018,16.24607,-0.17806,-14.76373,0.22294,60.0,638.1,0.144
1692129600,2023-08-15 16:00,2023-08-15,16.0,4438.11,2025-06-20,1750449600,675.0,0.77738,0.00017,16.64777,-0.51094,44.97828,0.23528,,0.0,5 x 5,993.8,1046.2,3850.0,165.6,179.5,5 x 5,152.51,-0.20708,0.00022,16.80622,-0.18123,-15.47706,0.22077,45.0,588.1,0.133
1692129600,2023-08-15 16:00,2023-08-15,16.0,4438.11,2025-06-20,1750449600,675.0,0.7703,0.00023,16.98485,-0.50997,45.23886,0.22751,,0.0,5 x 5,954.8,997.1,3900.0,174.5,184.9,5 x 40,173.12,-0.21846,0.00025,17.27358,-0.17952,-16.0207,0.21696,4.0,538.1,0.121
1692129600,2023-08-15 16:00,2023-08-15,16.0,4438.11,2025-06-20,1750449600,675.0,0.76025,0.00016,17.46278,-0.51552,45.08403,0.22462,,0.0,5 x 5,918.7,961.0,3950.0,181.1,194.8,5 x 38,168.49,-0.23036,0.00029,17.75377,-0.17954,-16.59943,0.21314,100.0,488.1,0.11
1692129600,2023-08-15 16:00,2023-08-15,16.0,4438.11,2025-06-20,1750449600,675.0,0.74972,0.00019,17.93437,-0.51873,44.8976,0.22093,1.0,912.63,5 x 5,880.2,927.8,4000.0,193.3,204.3,5 x 36,168.13,-0.24366,0.00024,18.2622,-0.17914,-17.26461,0.21002,24.0,438.1,0.099
1692129600,2023-08-15 16:00,2023-08-15,16.0,4438.11,2025-06-20,1750449600,675.0,0.73882,0.00021,18.41112,-0.52306,44.63522,0.21904,1.0,915.33,5 x 5,849.0,889.7,4050.0,203.2,214.6,5 x 34,229.3,-0.257,0.00032,18.74027,-0.17832,-17.88108,0.20703,0.0,388.1,0.087
1692129600,2023-08-15 16:00,2023-08-15,16.0,4438.11,2025-06-20,1750449600,675.0,0.7281,0.00022,18.87163,-0.5267,44.36045,0.21553,,0.0,5 x 5,814.2,854.8,4100.0,213.7,225.1,5 x 34,210.0,-0.27107,0.00027,19.20258,-0.17753,-18.49141,0.20335,2.0,338.1,0.076
1692129600,2023-08-15 16:00,2023-08-15,16.0,4438.11,2025-06-20,1750449600,675.0,0.71652,0.00026,19.32372,-0.52918,44.04345,0.21347,,0.0,5 x 5,779.8,820.4,4150.0,224.8,236.2,5 x 32,0.0,-0.2863,0.00029,19.64857,-0.17586,-19.09465,0.20041,,288.1,0.065
1692129600,2023-08-15 16:00,2023-08-15,16.0,4438.11,2025-06-20,1750449600,675.0,0.70386,0.00024,19.76742,-0.53121,43.67173,0.20992,2.0,808.07,5 x 5,744.2,788.7,4200.0,236.1,247.5,5 x 30,231.62,-0.30262,0.00038,20.06808,-0.17301,-19.67263,0.19671,2.0,238.1,0.054
1692129600,2023-08-15 16:00,2023-08-15,16.0,4438.11,2025-06-20,1750449600,675.0,0.69145,0.00026,20.19189,-0.5322,43.28403,0.20751,0.0,702.98,5 x 5,712.4,752.7,4250.0,247.8,259.4,5 x 28,212.02,-0.31914,0.00039,20.45987,-0.16996,-20.22827,0.19274,110.0,188.1,0.042
1692129600,2023-08-15 16:00,2023-08-15,16.0,4438.11,2025-06-20,1750449600,675.0,0.67894,0.00024,20.59332,-0.53184,42.9099,0.20318,0.0,701.17,5 x 5,675.4,719.4,4300.0,259.9,271.6,5 x 28,247.47,-0.33738,0.00035,20.81584,-0.16629,-20.74824,0.18929,50.0,138.1,0.031
1692129600,2023-08-15 16:00,2023-08-15,16.0,4438.11,2025-06-20,1750449600,675.0,0.66653,0.00033,20.96998,-0.52856,42.56759,0.19801,2.0,734.03,5 x 5,643.5,676.7,4350.0,272.6,284.3,5 x 26,266.65,-0.35694,0.00038,21.12909,-0.16125,-21.2259,0.18478,2.0,88.1,0.02
1692129600,2023-08-15 16:00,2023-08-15,16.0,4438.11,2025-06-20,1750449600,675.0,0.65281,0.00033,21.35593,-0.52749,42.01036,0.19526,1.0,649.21,5 x 5,611.6,644.7,4400.0,286.0,297.5,5 x 24,276.4,-0.37789,0.00041,21.38779,-0.15559,-21.64465,0.18107,30.0,38.1,0.009
1692129600,2023-08-15 16:00,2023-08-15,16.0,4438.11,2025-06-20,1750449600,675.0,0.63775,0.00036,21.71731,-0.52646,41.42217,0.19231,,0.0,5 x 12,585.4,606.6,4450.0,296.4,311.8,5 x 24,0.0,-0.4003,0.00052,21.57461,-0.14859,-21.95576,0.17662,,11.9,0.003
1692129600,2023-08-15 16:00,2023-08-15,16.0,4438.11,2025-06-20,1750449600,675.0,0.62338,0.00029,22.05503,-0.52335,40.77703,0.1899,1.0,573.89,5 x 14,554.2,575.3,4500.0,313.7,325.5,5 x 22,314.98,-0.42484,0.00049,21.68976,-0.14181,-22.24629,0.17194,1.0,61.9,0.014
1692129600,2023-08-15 16:00,2023-08-15,16.0,4438.11,2025-06-20,1750449600,675.0,0.60797,0.00036,22.3655,-0.51993,40.07936,0.18633,1.0,575.83,5 x 14,523.8,544.5,4550.0,328.5,340.4,5 x 20,291.8,-0.45192,0.00055,21.69033,-0.13427,-22.37401,0.16713,2.0,111.9,0.025
1692129600,2023-08-15 16:00,2023-08-15,16.0,4438.11,2025-06-20,1750449600,675.0,0.5912,0.00031,22.64616,-0.51594,39.32749,0.18393,15.0,538.72,5 x 14,494.1,514.3,4600.0,340.8,356.5,5 x 20,298.0,-0.48267,0.00056,21.53764,-0.12333,-22.28917,0.16166,751.0,161.9,0.036
1692129600,2023-08-15 16:00,2023-08-15,16.0,4438.11,2025-06-20,1750449600,675.0,0.57494,0.00037,22.89203,-0.51121,38.49184,0.18177,,0.0,5 x 5,471.2,482.1,4650.0,355.6,371.8,5 x 18,371.0,-0.51718,0.00067,21.18403,-0.1119,-21.9686,0.15568,0.0,211.9,0.048
1692129600,2023-08-15 16:00,2023-08-15,16.0,4438.11,2025-06-20,1750449600,675.0,0.55823,0.00033,23.10033,-0.50548,37.64129,0.1782,2.0,481.46,5 x 5,442.4,453.3,4700.0,376.8,389.1,5 x 18,359.95,-0.55478,0.00074,20.61049,-0.1013,-21.4715,0.15077,2.0,261.9,0.059
1692129600,2023-08-15 16:00,2023-08-15,16.0,4438.11,2025-06-20,1750449600,675.0,0.54148,0.00038,23.26579,-0.50043,36.70188,0.17695,46.0,400.01,5 x 5,414.2,431.4,4750.0,394.3,406.6,5 x 16,380.52,-0.60182,0.00076,19.57862,-0.08605,-20.36947,0.14456,40.0,311.9,0.07
1692129600,2023-08-15 16:00,2023-08-15,16.0,4438.11,2025-06-20,1750449600,675.0,0.52295,0.00032,23.39053,-0.49088,35.77223,0.17292,400.0,396.57,5 x 5,387.3,398.3,4800.0,410.6,425.9,5 x 16,357.9,-0.66264,0.00086,17.77439,-0.06725,-18.34873,0.13562,5.0,361.9,0.082
1692129600,2023-08-15 16:00,2023-08-15,16.0,4438.11,2025-06-20,1750449600,675.0,0.50503,0.00038,23.46578,-0.48207,34.75399,0.16982,,0.0,5 x 5,362.1,372.7,4850.0,431.7,444.5,5 x 16,0.0,-0.74953,0.00107,14.36874,-0.0446,-14.53311,0.12533,,411.9,0.093
1692129600,2023-08-15 16:00,2023-08-15,16.0,4438.11,2025-12-19,1766178000,857.04,0.80493,0.00014,16.35028,-0.41583,54.04827,0.24789,,0.0,5 x 5,1246.6,1294.2,3600.0,152.4,161.6,5 x 5,154.78,-0.1657,0.00019,16.45537,-0.14716,-16.29153,0.23184,1.0,838.1,0.189
1692129600,2023-08-15 16:00,2023-08-15,16.0,4438.11,2025-12-19,1766178000,857.04,0.79013,0.00018,17.30143,-0.42781,54.20401,0.24214,1.0,1228.99,5 x 5,1174.7,1221.3,3700.0,168.5,186.4,5 x 5,175.33,-0.18471,0.0002,17.60411,-0.1521,-17.83615,0.22917,2.0,738.1,0.166
1692129600,2023-08-15 16:00,2023-08-15,16.0,4438.11,2025-12-19,1766178000,857.04,0.77397,0.0002,18.24692,-0.43909,54.24663,0.23633,1.0,1133.04,5 x 5,1103.1,1149.6,3800.0,185.8,198.0,5 x 5,183.0,-0.20352,0.0002,18.57544,-0.15165,-19.05889,0.22146,1.0,638.1,0.144
1692129600,2023-08-15 16:00,2023-08-15,16.0,4438.11,2025-12-19,1766178000,857.04,0.75763,0.00019,19.17692,-0.44714,54.18047,0.23085,1.0,1067.87,5 x 5,1031.7,1079.2,3900.0,204.5,216.8,5 x 5,207.38,-0.22483,0.00026,19.59777,-0.15202,-20.43922,0.21548,22.0,538.1,0.121
1692129600,2023-08-15 16:00,2023-08-15,16.0,4438.11,2025-12-19,1766178000,857.04,0.73925,0.00015,20.12513,-0.45606,53.85258,0.22613,5.0,995.35,5 x 5,962.9,1012.8,4000.0,224.5,236.8,5 x 5,230.62,-0.24841,0.00025,20.58536,-0.1507,-21.80939,0.20948,252.0,438.1,0.099
1692129600,2023-08-15 16:00,2023-08-15,16.0,4438.11,2025-12-19,1766178000,857.04,0.71935,0.00023,21.05826,-0.46348,53.31619,0.22126,3.0,927.48,5 x 5,903.1,942.7,4100.0,246.0,262.2,5 x 5,245.53,-0.27457,0.00026,21.54094,-0.14983,-23.22313,0.20426,1.0,338.1,0.076
1692129600,2023-08-15 16:00,2023-08-15,16.0,4438.11,2025-12-19,1766178000,857.04,0.69874,0.00019,21.90402,-0.46719,52.88432,0.21467,2.0,860.54,5 x 5,830.8,876.7,4200.0,268.4,285.3,5 x 5,270.69,-0.30337,0.00032,22.39033,-0.14571,-24.48323,0.19811,3.0,238.1,0.054
1692129600,2023-08-15 16:00,2023-08-15,16.0,4438.11,2025-12-19,1766178000,857.04,0.67694,0.0002,22.75463,-0.47113,52.00707,0.21111,10.0,803.91,5 x 5,772.8,812.3,4300.0,293.0,309.8,5 x 5,299.45,-0.33573,0.00035,23.12801,-0.13968,-25.63138,0.1908,10.0,138.1,0.031
1692129600,2023-08-15 16:00,2023-08-15,16.0,4438.11,2025-12-19,1766178000,857.04,0.65359,0.00022,23.52713,-0.4713,51.09878,0.20483,3.0,731.12,5 x 5,707.3,751.6,4400.0,319.1,335.8,5 x 5,323.92,-0.37183,0.00036,23.70022,-0.1313,-26.57745,0.18321,2.0,38.1,0.009
1692129600,2023-08-15 16:00,2023-08-15,16.0,4438.11,2025-12-19,1766178000,857.04,0.63012,0.00022,24.22433,-0.46878,50.14074,0.1977,13.0,667.97,5 x 14,648.7,679.3,4500.0,342.6,372.0,5 x 5,351.48,-0.41344,0.00043,24.04116,-0.12172,-27.30145,0.17671,14.0,61.9,0.014
1692129600,2023-08-15 16:00,2023-08-15,16.0,4438.11,2025-12-19,1766178000,857.04,0.6037,0.00031,24.8523,-0.46503,48.85757,0.19246,4.0,611.73,5 x 14,589.6,618.5,4600.0,375.9,393.2,5 x 5,380.0,-0.46423,0.00054,23.97717,-0.10759,-27.37114,0.16644,5.0,161.9,0.036
1692129600,2023-08-15 16:00,2023-08-15,16.0,4438.11,2025-12-19,1766178000,857.04,0.57715,0.00027,25.37802,-0.46133,47.25277,0.18916,2.0,553.79,5 x 5,532.5,571.5,4700.0,407.6,426.0,5 x 5,414.53,-0.5261,0.00057,23.29292,-0.09009,-26.69792,0.15701,1.0,261.9,0.059
1692129600,2023-08-15 16:00,2023-08-15,16.0,4438.11,2025-12-19,1766178000,857.04,0.54769,0.00026,25.78752,-0.45127,45.62193,0.1826,10.0,503.62,5 x 5,484.8,503.7,4800.0,441.6,460.0,5 x 5,389.49,-0.6102,0.0007,21.3178,-0.06739,-24.3065,0.14382,1.0,361.9,0.082
1692129600,2023-08-15 16:00,2023-08-15,16.0,4438.11,2025-12-19,1766178000,857.04,0.51834,0.00034,26.05758,-0.44004,43.73608,0.17752,21.0,457.56,5 x 5,432.2,451.2,4900.0,478.1,496.5,5 x 5,482.23,-0.75789,0.00104,15.32645,-0.03411,-16.85186,0.12565,1.0,461.9,0.104
1692129600,2023-08-15 16:00,2023-08-15,16.0,4438.11,2026-12-18,1797627600,1221.04,0.77208,0.00015,20.23883,-0.34276,66.82415,0.26697,0.0,1157.57,5 x 5,1372.9,1465.1,3600.0,199.1,223.0,5 x 5,217.2,-0.17878,0.0002,20.27855,-0.11748,-24.31156,0.23345,0.0,838.1,0.189
1692129600,2023-08-15 16:00,2023-08-15,16.0,4438.11,2026-12-18,1797627600,1221.04,0.75981,0.00015,21.07485,-0.35121,67.43919,0.25988,0.0,1094.27,5 x 5,1305.3,1395.1,3700.0,217.3,241.2,5 x 5,215.0,-0.19529,0.00021,21.33651,-0.11823,-25.91074,0.22856,1.0,738.1,0.166
1692129600,2023-08-15 16:00,2023-08-15,16.0,4438.11,2026-12-18,1797627600,1221.04,0.74804,0.0001,21.86634,-0.35746,68.15936,0.25136,2.0,941.65,5 x 5,1237.4,1318.9,3800.0,236.5,262.6,5 x 5,470.6,-0.21379,0.00017,22.39287,-0.11866,-27.56451,0.22363,70.0,638.1,0.144
1692129600,2023-08-15 16:00,2023-08-15,16.0,4438.11,2026-12-18,1797627600,1221.04,0.73412,0.00015,22.7638,-0.36556,68.18433,0.24768,2.0,956.57,5 x 5,1178.3,1253.8,3900.0,257.0,283.2,5 x 5,367.11,-0.23247,0.00016,23.40522,-0.11823,-29.16048,0.21866,1.0,538.1,0.121
1692129600,2023-08-15 16:00,2023-08-15,16.0,4438.11,2026-12-18,1797627600,1221.04,0.71985,0.00014,23.59154,-0.37121,68.39566,0.24104,500.0,1176.41,5 x 5,1108.8,1190.1,4000.0,278.7,305.0,5 x 5,285.57,-0.25365,0.00025,24.37565,-0.11654,-30.72494,0.21349,100.0,438.1,0.099
1692129600,2023-08-15 16:00,2023-08-15,16.0,4438.11,2026-12-18,1797627600,1221.04,0.70499,0.00012,24.43306,-0.37731,68.29085,0.23621,0.0,966.71,5 x 5,1046.0,1127.2,4100.0,301.4,327.6,5 x 5,284.84,-0.27721,0.00021,25.28565,-0.11464,-32.21432,0.20754,1.0,338.1,0.076
1692129600,2023-08-15 16:00,2023-08-15,16.0,4438.11,2026-12-18,1797627600,1221.04,0.68876,0.00014,25.2521,-0.3823,68.02147,0.23128,0.0,762.47,5 x 5,984.6,1065.6,4200.0,325.3,351.6,5 x 5,306.52,-0.30213,0.00031,26.11825,-0.11136,-33.61166,0.20204,1.0,238.1,0.054
1692129600,2023-08-15 16:00,2023-08-15,16.0,4438.11,2026-12-18,1797627600,1221.04,0.6727,0.00019,26.04268,-0.38587,67.58598,0.22614,0.0,914.83,5 x 5,924.3,1005.3,4300.0,350.5,376.9,5 x 5,395.71,-0.33041,0.00029,26.84241,-0.10659,-34.86233,0.19554,0.0,138.1,0.031
1692129600,2023-08-15 16:00,2023-08-15,16.0,4438.11,2026-12-18,1797627600,1221.04,0.65481,0.00016,26.78104,-0.38701,67.22893,0.21978,0.0,867.84,5 x 12,870.6,930.4,4400.0,376.9,403.4,5 x 5,390.0,-0.36138,0.00034,27.4201,-0.10098,-35.88941,0.18931,6.0,38.1,0.009
1692129600,2023-08-15 16:00,2023-08-15,16.0,4438.11,2026-12-18,1797627600,1221.04,0.63735,0.00014,27.4954,-0.38857,66.48819,0.21471,1.0,857.55,5 x 14,812.9,871.3,4500.0,404.6,431.0,5 x 5,376.27,-0.39664,0.00031,27.79238,-0.09448,-36.615,0.18211,250.0,61.9,0.014
1692129600,2023-08-15 16:00,2023-08-15,16.0,4438.11,2026-12-18,1797627600,1221.04,0.61785,0.00017,28.1573,-0.38877,65.55628,0.20973,1.0,795.81,5 x 14,756.5,814.5,4600.0,433.7,460.3,5 x 5,442.9,-0.43814,0.00044,27.86845,-0.08567,-36.8778,0.17523,16.0,161.9,0.036
1692129600,2023-08-15 16:00,2023-08-15,16.0,4438.11,2026-12-18,1797627600,1221.04,0.59814,0.00023,28.75766,-0.38851,64.44943,0.20456,2.0,747.97,5 x 14,701.7,759.1,4700.0,458.7,507.9,5 x 5,473.5,-0.48421,0.00041,27.54951,-0.07666,-36.70084,0.16804,18.0,261.9,0.059
1692129600,2023-08-15 16:00,2023-08-15,16.0,4438.11,2026-12-18,1797627600,1221.04,0.57741,0.00017,29.28725,-0.38666,63.17374,0.19985,1.0,762.17,5 x 14,648.3,705.2,4800.0,496.4,522.8,5 x 5,502.86,-0.54815,0.00058,26.30902,-0.06103,-34.72023,0.15648,0.0,361.9,0.082
1692129600,2023-08-15 16:00,2023-08-15,16.0,4438.11,2026-12-18,1797627600,1221.04,0.55512,0.00023,29.73602,-0.38227,61.71759,0.19609,75.0,587.15,5 x 14,596.7,653.0,4900.0,530.2,556.6,5 x 5,0.0,-0.63381,0.0007,23.51078,-0.04445,-30.58057,0.1437,,461.9,0.104
1692129600,2023-08-15 16:00,2023-08-15,16.0,4438.11,2026-12-18,1797627600,1221.04,0.53317,0.00028,30.09653,-0.37698,60.1024,0.19035,100.0,595.55,5 x 5,557.2,589.4,5000.0,565.8,592.3,5 x 5,561.01,-0.80113,0.0011,14.84246,-0.01854,-18.16185,0.12465,500.0,561.9,0.127
1692129600,2023-08-15 16:00,2023-08-15,16.0,4438.11,2027-12-17,1829077200,1585.04,0.75399,0.00013,22.90545,-0.28498,77.15152,0.27514,0.0,1248.54,5 x 5,1485.9,1578.0,3600.0,230.1,266.5,5 x 2,315.36,-0.18313,0.0001,23.08285,-0.09419,-31.41898,0.23159,0.0,838.1,0.189
1692129600,2023-08-15 16:00,2023-08-15,16.0,4438.11,2027-12-17,1829077200,1585.04,0.74289,0.00011,23.70992,-0.29188,78.06472,0.26927,0.0,1097.26,5 x 5,1423.1,1515.3,3700.0,256.7,278.8,5 x 2,393.43,-0.19895,0.00012,24.15824,-0.09454,-33.22405,0.22665,0.0,738.1,0.166
1692129600,2023-08-15 16:00,2023-08-15,16.0,4438.11,2027-12-17,1829077200,1585.04,0.7316,0.00013,24.51753,-0.29839,78.80527,0.26395,0.0,1110.18,5 x 5,1361.5,1453.7,3800.0,270.2,306.6,5 x 2,363.55,-0.21607,0.00015,25.21476,-0.09399,-35.02665,0.22213,0.0,638.1,0.144
1692129600,2023-08-15 16:00,2023-08-15,16.0,4438.11,2027-12-17,1829077200,1585.04,0.71994,0.00016,25.32106,-0.30466,79.38953,0.25888,0.0,1068.64,5 x 5,1300.9,1393.0,3900.0,298.8,341.9,5 x 5,300.2,-0.2354,0.00019,26.34946,-0.09624,-37.3103,0.22155,5.0,538.1,0.121
1692129600,2023-08-15 16:00,2023-08-15,16.0,4438.11,2027-12-17,1829077200,1585.04,0.70835,0.0001,26.11684,-0.31056,79.81889,0.25369,100.0,1280.17,5 x 5,1241.2,1333.3,4000.0,321.4,342.9,5 x 2,336.39,-0.25389,0.00019,27.20709,-0.09143,-38.48011,0.21255,100.0,438.1,0.099
1692129600,2023-08-15 16:00,2023-08-15,16.0,4438.11,2027-12-17,1829077200,1585.04,0.69494,0.00018,26.91695,-0.31718,79.92136,0.25068,2.0,1282.3,5 x 5,1185.2,1277.5,4100.0,338.1,388.5,5 x 5,351.18,-0.27575,0.00017,28.17843,-0.09155,-40.45004,0.21039,2.0,338.1,0.076
1692129600,2023-08-15 16:00,2023-08-15,16.0,4438.11,2027-12-17,1829077200,1585.04,0.68213,0.00018,27.68234,-0.32198,80.04978,0.24502,1.0,1220.95,5 x 5,1127.5,1219.7,4200.0,369.5,394.5,5 x 2,378.8,-0.29855,0.00024,28.96781,-0.0873,-41.67404,0.20245,5.0,238.1,0.054
1692129600,2023-08-15 16:00,2023-08-15,16.0,4438.11,2027-12-17,1829077200,1585.04,0.66885,0.00011,28.40845,-0.32419,80.36967,0.23851,0.0,1064.26,5 x 5,1070.8,1150.3,4300.0,395.1,417.8,5 x 2,500.0,-0.32384,0.00027,29.69085,-0.08382,-42.94559,0.1965,0.0,138.1,0.031
1692129600,2023-08-15 16:00,2023-08-15,16.0,4438.11,2027-12-17,1829077200,1585.04,0.65444,0.00018,29.13696,-0.32854,80.15854,0.23359,0.0,1011.26,5 x 5,1015.4,1094.7,4400.0,415.1,459.5,5 x 2,465.49,-0.35202,0.0003,30.29839,-0.08015,-44.20116,0.19229,0.0,38.1,0.009
1692129600,2023-08-15 16:00,2023-08-15,16.0,4438.11,2027-12-17,1829077200,1585.04,0.6398,0.00014,29.83507,-0.33078,79.7972,0.22963,1.0,1045.38,5 x 5,960.8,1040.1,4500.0,442.9,495.6,5 x 2,437.8,-0.38352,0.00032,30.72292,-0.07638,-45.15435,0.18782,1.0,61.9,0.014
1692129600,2023-08-15 16:00,2023-08-15,16.0,4438.11,2027-12-17,1829077200,1585.04,0.62485,0.00014,30.49874,-0.33305,79.2702,0.22506,20.0,1022.84,5 x 5,907.4,986.6,4600.0,478.2,526.6,5 x 5,460.0,-0.41856,0.00032,30.89955,-0.07126,-45.66901,0.18231,21.0,161.9,0.036
1692129600,2023-08-15 16:00,2023-08-15,16.0,4438.11,2027-12-17,1829077200,1585.04,0.59335,0.00015,31.69949,-0.33509,77.76807,0.2164,0.0,672.91,5 x 14,803.9,882.0,4800.0,539.1,569.2,5 x 2,0.0,-0.51328,0.00046,29.76894,-0.05265,-43.42068,0.16319,,361.9,0.082
1692129600,2023-08-15 16:00,2023-08-15,16.0,4438.11,2027-12-17,1829077200,1585.04,0.55972,0.00022,32.69114,-0.33346,75.605,0.20865,100.0,743.63,5 x 14,705.3,784.1,5000.0,597.6,654.1,5 x 5,622.85,-0.67258,0.00069,23.89284,-0.02889,-33.75501,0.14224,100.0,561.9,0.127
