quote_unixtime,quote_readtime,quote_date,quote_time_hours,underlying_last,expire_date,expire_unixtime,dte,option_type,strike,bid,ask,last,iv,volume,delta,gamma,vega,theta,rho,strike_distance,strike_distance_pct,quarter,cme_contract,settlement,cme_rates_pct
1672866000,2023-01-04 16:00,2023-01-04,16,3853.39,2023-11-17,1700254800,317.0,call,2900,1072.7,1080.2,0.0,0.2617,0.0,0.91565,0.00016,5.1673,-0.44342,21.33331,953.4,0.247,Q1,SR1X3,95.255,4.7450000000000045
1672866000,2023-01-04 16:00,2023-01-04,16,3853.39,2023-11-17,1700254800,317.0,put,2900,59.0,60.3,65.85,0.30157,1.0,-0.103,0.00019,6.42804,-0.25854,-3.71376,953.4,0.247,Q1,SR1X3,95.255,4.7450000000000045
1672866000,2023-01-04 16:00,2023-01-04,16,3853.39,2023-11-17,1700254800,317.0,call,2925,1051.5,1061.0,0.0,0.26317,0.0,0.9097,0.00018,5.48073,-0.45766,21.30085,928.4,0.241,Q1,SR1X3,95.255,4.7450000000000045
1672866000,2023-01-04 16:00,2023-01-04,16,3853.39,2023-11-17,1700254800,317.0,put,2925,61.5,62.9,67.62,0.2998,48.0,-0.10673,0.00017,6.62119,-0.26339,-3.86079,928.4,0.241,Q1,SR1X3,95.255,4.7450000000000045
1672866000,2023-01-04 16:00,2023-01-04,16,3853.39,2023-11-17,1700254800,317.0,call,2950,1029.4,1037.0,1196.75,0.25922,6.0,0.90699,0.0002,5.61855,-0.46177,21.40863,903.4,0.234,Q1,SR1X3,95.255,4.7450000000000045
1672866000,2023-01-04 16:00,2023-01-04,16,3853.39,2023-11-17,1700254800,317.0,put,2950,64.4,65.5,72.14,0.29715,10.0,-0.11137,0.00018,6.82178,-0.26838,-4.01675,903.4,0.234,Q1,SR1X3,95.255,4.7450000000000045
1672866000,2023-01-04 16:00,2023-01-04,16,3853.39,2023-11-17,1700254800,317.0,call,2975,1009.1,1023.9,0.0,0.26607,0.0,0.89613,0.00013,6.10596,-0.48672,21.21263,878.4,0.228,Q1,SR1X3,95.255,4.7450000000000045
1672866000,2023-01-04 16:00,2023-01-04,16,3853.39,2023-11-17,1700254800,317.0,put,2975,67.0,68.4,85.25,0.29587,50.0,-0.11616,0.0002,7.02066,-0.27338,-4.17251,878.4,0.228,Q1,SR1X3,95.255,4.7450000000000045
1672866000,2023-01-04 16:00,2023-01-04,16,3853.39,2023-11-17,1700254800,317.0,call,3000,990.0,997.1,1154.54,0.26228,6.0,0.89337,0.00019,6.24954,-0.49091,21.31018,853.4,0.221,Q1,SR1X3,95.255,4.7450000000000045
1672866000,2023-01-04 16:00,2023-01-04,16,3853.39,2023-11-17,1700254800,317.0,put,3000,70.2,71.3,78.69,0.29371,3.0,-0.12115,0.00019,7.22883,-0.2793,-4.34055,853.4,0.221,Q1,SR1X3,95.255,4.7450000000000045
1672866000,2023-01-04 16:00,2023-01-04,16,3853.39,2023-11-17,1700254800,317.0,call,3025,971.6,979.5,0.0,0.26488,0.0,0.88504,0.00023,6.63255,-0.50877,21.18282,828.4,0.215,Q1,SR1X3,95.255,4.7450000000000045
1672866000,2023-01-04 16:00,2023-01-04,16,3853.39,2023-11-17,1700254800,317.0,put,3025,73.0,74.4,0.0,0.29143,0.0,-0.12651,0.00018,7.4325,-0.28395,-4.50558,828.4,0.215,Q1,SR1X3,95.255,4.7450000000000045
1672866000,2023-01-04 16:00,2023-01-04,16,3853.39,2023-11-17,1700254800,317.0,call,3050,949.0,956.9,0.0,0.26101,0.0,0.88127,0.00023,6.7924,-0.51308,21.25828,803.4,0.208,Q1,SR1X3,95.255,4.7450000000000045
1672866000,2023-01-04 16:00,2023-01-04,16,3853.39,2023-11-17,1700254800,317.0,put,3050,76.5,77.7,85.61,0.28998,5.0,-0.13135,0.00024,7.64974,-0.29006,-4.68589,803.4,0.208,Q1,SR1X3,95.255,4.7450000000000045
1672866000,2023-01-04 16:00,2023-01-04,16,3853.39,2023-11-17,1700254800,317.0,call,3075,927.0,935.3,0.0,0.25905,0.0,0.8771,0.00019,6.98921,-0.51946,21.29634,778.4,0.202,Q1,SR1X3,95.255,4.7450000000000045
1672866000,2023-01-04 16:00,2023-01-04,16,3853.39,2023-11-17,1700254800,317.0,put,3075,79.7,81.1,80.5,0.28753,3.0,-0.1367,0.0002,7.86147,-0.29456,-4.86348,778.4,0.202,Q1,SR1X3,95.255,4.7450000000000045
1672866000,2023-01-04 16:00,2023-01-04,16,3853.39,2023-11-17,1700254800,317.0,call,3100,907.4,915.4,0.0,0.25877,0.0,0.87035,0.00019,7.27145,-0.5302,21.24487,753.4,0.196,Q1,SR1X3,95.255,4.7450000000000045
1672866000,2023-01-04 16:00,2023-01-04,16,3853.39,2023-11-17,1700254800,317.0,put,3100,83.2,84.1,99.24,0.28554,1.0,-0.142,0.00019,8.0709,-0.29916,-5.04136,753.4,0.196,Q1,SR1X3,95.255,4.7450000000000045
1672866000,2023-01-04 16:00,2023-01-04,16,3853.39,2023-11-17,1700254800,317.0,call,3125,887.7,895.1,0.0,0.25855,0.0,0.86364,0.00021,7.5379,-0.54116,21.202,728.4,0.189,Q1,SR1X3,95.255,4.7450000000000045
1672866000,2023-01-04 16:00,2023-01-04,16,3853.39,2023-11-17,1700254800,317.0,put,3125,87.0,88.2,0.0,0.28324,0.0,-0.14888,0.00024,8.29577,-0.30448,-5.23919,728.4,0.189,Q1,SR1X3,95.255,4.7450000000000045
1672866000,2023-01-04 16:00,2023-01-04,16,3853.39,2023-11-17,1700254800,317.0,call,3150,867.3,875.0,0.0,0.25707,0.0,0.8579,0.00025,7.78797,-0.54982,21.169,703.4,0.183,Q1,SR1X3,95.255,4.7450000000000045
1672866000,2023-01-04 16:00,2023-01-04,16,3853.39,2023-11-17,1700254800,317.0,put,3150,90.4,91.5,107.78,0.28163,1.0,-0.15407,0.00024,8.50438,-0.30814,-5.42165,703.4,0.183,Q1,SR1X3,95.255,4.7450000000000045
1672866000,2023-01-04 16:00,2023-01-04,16,3853.39,2023-11-17,1700254800,317.0,call,3175,847.0,855.0,0.0,0.25621,0.0,0.8514,0.00028,8.03706,-0.55806,21.12985,678.4,0.176,Q1,SR1X3,95.255,4.7450000000000045
1672866000,2023-01-04 16:00,2023-01-04,16,3853.39,2023-11-17,1700254800,317.0,put,3175,94.4,95.6,92.4,0.27957,3.0,-0.16059,0.00023,8.72957,-0.31356,-5.62518,678.4,0.176,Q1,SR1X3,95.255,4.7450000000000045
1672866000,2023-01-04 16:00,2023-01-04,16,3853.39,2023-11-17,1700254800,317.0,call,3200,826.3,833.5,0.0,0.2534,0.0,0.84504,0.00022,8.24995,-0.56409,21.1256,653.4,0.17,Q1,SR1X3,95.255,4.7450000000000045
1672866000,2023-01-04 16:00,2023-01-04,16,3853.39,2023-11-17,1700254800,317.0,put,3200,98.8,100.0,108.87,0.27807,1.0,-0.16698,0.00022,8.96012,-0.31914,-5.84028,653.4,0.17,Q1,SR1X3,95.255,4.7450000000000045
1672866000,2023-01-04 16:00,2023-01-04,16,3853.39,2023-11-17,1700254800,317.0,call,3225,807.7,815.5,0.0,0.25448,0.0,0.8374,0.00029,8.55058,-0.57648,21.01286,628.4,0.163,Q1,SR1X3,95.255,4.7450000000000045
1672866000,2023-01-04 16:00,2023-01-04,16,3853.39,2023-11-17,1700254800,317.0,put,3225,102.7,104.4,100.3,0.27597,1.0,-0.17372,0.00027,9.18129,-0.32273,-6.04733,628.4,0.163,Q1,SR1X3,95.255,4.7450000000000045
1672866000,2023-01-04 16:00,2023-01-04,16,3853.39,2023-11-17,1700254800,317.0,call,3250,789.2,796.2,0.0,0.25417,0.0,0.82997,0.00023,8.82231,-0.58554,20.9216,603.4,0.157,Q1,SR1X3,95.255,4.7450000000000045
1672866000,2023-01-04 16:00,2023-01-04,16,3853.39,2023-11-17,1700254800,317.0,put,3250,107.1,108.4,119.63,0.27404,2.0,-0.18035,0.00027,9.4008,-0.32708,-6.25651,603.4,0.157,Q1,SR1X3,95.255,4.7450000000000045
1672866000,2023-01-04 16:00,2023-01-04,16,3853.39,2023-11-17,1700254800,317.0,call,3275,768.9,776.0,0.0,0.25173,0.0,0.82319,0.00029,9.05024,-0.59259,20.87788,578.4,0.15,Q1,SR1X3,95.255,4.7450000000000045
1672866000,2023-01-04 16:00,2023-01-04,16,3853.39,2023-11-17,1700254800,317.0,put,3275,111.7,113.4,0.0,0.27284,1.0,-0.18715,0.00031,9.62955,-0.33168,-6.48132,578.4,0.15,Q1,SR1X3,95.255,4.7450000000000045
1672866000,2023-01-04 16:00,2023-01-04,16,3853.39,2023-11-17,1700254800,317.0,call,3300,748.6,756.3,0.0,0.24955,0.0,0.81612,0.00029,9.28217,-0.59834,20.82164,553.4,0.144,Q1,SR1X3,95.255,4.7450000000000045
1672866000,2023-01-04 16:00,2023-01-04,16,3853.39,2023-11-17,1700254800,317.0,put,3300,116.3,117.8,128.08,0.27013,1.0,-0.19457,0.00026,9.84819,-0.33587,-6.69917,553.4,0.144,Q1,SR1X3,95.255,4.7450000000000045
1672866000,2023-01-04 16:00,2023-01-04,16,3853.39,2023-11-17,1700254800,317.0,call,3325,730.7,737.9,0.0,0.25017,0.0,0.80761,0.00025,9.55529,-0.6078,20.69948,528.4,0.137,Q1,SR1X3,95.255,4.7450000000000045
1672866000,2023-01-04 16:00,2023-01-04,16,3853.39,2023-11-17,1700254800,317.0,put,3325,121.3,123.0,133.25,0.26868,3.0,-0.20262,0.00028,10.07533,-0.33988,-6.93084,528.4,0.137,Q1,SR1X3,95.255,4.7450000000000045
1672866000,2023-01-04 16:00,2023-01-04,16,3853.39,2023-11-17,1700254800,317.0,call,3350,710.7,717.5,0.0,0.24709,0.0,0.80094,0.00027,9.77504,-0.61219,20.64363,503.4,0.131,Q1,SR1X3,95.255,4.7450000000000045
1672866000,2023-01-04 16:00,2023-01-04,16,3853.39,2023-11-17,1700254800,317.0,put,3350,126.5,127.9,138.73,0.26759,2.0,-0.21034,0.00031,10.2969,-0.34321,-7.16225,503.4,0.131,Q1,SR1X3,95.255,4.7450000000000045
1672866000,2023-01-04 16:00,2023-01-04,16,3853.39,2023-11-17,1700254800,317.0,call,3375,694.5,702.3,0.0,0.24954,0.0,0.79102,0.00032,10.08272,-0.62574,20.44211,478.4,0.124,Q1,SR1X3,95.255,4.7450000000000045
1672866000,2023-01-04 16:00,2023-01-04,16,3853.39,2023-11-17,1700254800,317.0,put,3375,131.6,133.1,119.0,0.26557,100.0,-0.21821,0.00035,10.51596,-0.34644,-7.39429,478.4,0.124,Q1,SR1X3,95.255,4.7450000000000045
1672866000,2023-01-04 16:00,2023-01-04,16,3853.39,2023-11-17,1700254800,317.0,call,3400,673.8,680.0,0.0,0.24549,0.0,0.78408,0.00035,10.26901,-0.62682,20.41683,453.4,0.118,Q1,SR1X3,95.255,4.7450000000000045
1672866000,2023-01-04 16:00,2023-01-04,16,3853.39,2023-11-17,1700254800,317.0,put,3400,137.1,138.5,149.03,0.26386,400.0,-0.22589,0.00029,10.73432,-0.35019,-7.63364,453.4,0.118,Q1,SR1X3,95.255,4.7450000000000045
1672866000,2023-01-04 16:00,2023-01-04,16,3853.39,2023-11-17,1700254800,317.0,call,3425,657.8,661.7,738.7,0.2445,2.0,0.77552,0.00028,10.53146,-0.63509,20.25629,428.4,0.111,Q1,SR1X3,95.255,4.7450000000000045
1672866000,2023-01-04 16:00,2023-01-04,16,3853.39,2023-11-17,1700254800,317.0,put,3425,142.3,144.1,150.71,0.26177,16.0,-0.23437,0.00037,10.94764,-0.35237,-7.8705,428.4,0.111,Q1,SR1X3,95.255,4.7450000000000045
1672866000,2023-01-04 16:00,2023-01-04,16,3853.39,2023-11-17,1700254800,317.0,call,3450,639.6,643.2,0.0,0.2437,0.0,0.76651,0.00037,10.7652,-0.64071,20.13014,403.4,0.105,Q1,SR1X3,95.255,4.7450000000000045
1672866000,2023-01-04 16:00,2023-01-04,16,3853.39,2023-11-17,1700254800,317.0,put,3450,148.4,149.9,162.5,0.25965,500.0,-0.24365,0.0003,11.16301,-0.35496,-8.11853,403.4,0.105,Q1,SR1X3,95.255,4.7450000000000045
1672866000,2023-01-04 16:00,2023-01-04,16,3853.39,2023-11-17,1700254800,317.0,call,3475,621.6,625.2,0.0,0.24245,0.0,0.75779,0.00033,10.9978,-0.64558,19.99077,378.4,0.098,Q1,SR1X3,95.255,4.7450000000000045
1672866000,2023-01-04 16:00,2023-01-04,16,3853.39,2023-11-17,1700254800,317.0,put,3475,154.1,156.2,171.39,0.25864,1.0,-0.25167,0.00036,11.37246,-0.3574,-8.36568,378.4,0.098,Q1,SR1X3,95.255,4.7450000000000045
1672866000,2023-01-04 16:00,2023-01-04,16,3853.39,2023-11-17,1700254800,317.0,call,3500,603.9,607.8,611.5,0.24162,2.0,0.74889,0.00033,11.22984,-0.65154,19.83557,353.4,0.092,Q1,SR1X3,95.255,4.7450000000000045
1672866000,2023-01-04 16:00,2023-01-04,16,3853.39,2023-11-17,1700254800,317.0,put,3500,160.4,161.9,162.6,0.25642,9.0,-0.26157,0.00032,11.57725,-0.35941,-8.61072,353.4,0.092,Q1,SR1X3,95.255,4.7450000000000045
1672866000,2023-01-04 16:00,2023-01-04,16,3853.39,2023-11-17,1700254800,317.0,call,3525,586.3,590.3,720.19,0.24005,2.0,0.73974,0.00039,11.45361,-0.65635,19.67741,328.4,0.085,Q1,SR1X3,95.255,4.7450000000000045
1672866000,2023-01-04 16:00,2023-01-04,16,3853.39,2023-11-17,1700254800,317.0,put,3525,166.8,168.4,191.51,0.25451,4.0,-0.27067,0.0004,11.77934,-0.36172,-8.86244,328.4,0.085,Q1,SR1X3,95.255,4.7450000000000045
1672866000,2023-01-04 16:00,2023-01-04,16,3853.39,2023-11-17,1700254800,317.0,call,3550,568.8,572.5,0.0,0.23899,0.0,0.73013,0.00037,11.66931,-0.66074,19.51886,303.4,0.079,Q1,SR1X3,95.255,4.7450000000000045
1672866000,2023-01-04 16:00,2023-01-04,16,3853.39,2023-11-17,1700254800,317.0,put,3550,173.3,175.0,197.12,0.25224,2.0,-0.28019,0.00041,11.97544,-0.36279,-9.11384,303.4,0.079,Q1,SR1X3,95.255,4.7450000000000045
1672866000,2023-01-04 16:00,2023-01-04,16,3853.39,2023-11-17,1700254800,317.0,call,3575,551.6,555.1,0.0,0.23719,0.0,0.72036,0.00041,11.8816,-0.66396,19.34817,278.4,0.072,Q1,SR1X3,95.255,4.7450000000000045
1672866000,2023-01-04 16:00,2023-01-04,16,3853.39,2023-11-17,1700254800,317.0,put,3575,179.7,181.6,203.69,0.25049,1.0,-0.28968,0.00043,12.16515,-0.36306,-9.36145,278.4,0.072,Q1,SR1X3,95.255,4.7450000000000045
1672866000,2023-01-04 16:00,2023-01-04,16,3853.39,2023-11-17,1700254800,317.0,call,3600,534.6,538.3,640.28,0.23584,2.0,0.71056,0.00041,12.08947,-0.66769,19.16429,253.4,0.066,Q1,SR1X3,95.255,4.7450000000000045
1672866000,2023-01-04 16:00,2023-01-04,16,3853.39,2023-11-17,1700254800,317.0,put,3600,187.2,188.6,204.0,0.24906,750.0,-0.29985,0.00045,12.35196,-0.36448,-9.62005,253.4,0.066,Q1,SR1X3,95.255,4.7450000000000045
1672866000,2023-01-04 16:00,2023-01-04,16,3853.39,2023-11-17,1700254800,317.0,call,3625,518.4,522.2,479.3,0.23512,1.0,0.7004,0.00043,12.29366,-0.67134,18.96313,228.4,0.059,Q1,SR1X3,95.255,4.7450000000000045
1672866000,2023-01-04 16:00,2023-01-04,16,3853.39,2023-11-17,1700254800,317.0,put,3625,192.8,195.0,196.9,0.24634,26.0,-0.3106,0.00045,12.52308,-0.36291,-9.85159,228.4,0.059,Q1,SR1X3,95.255,4.7450000000000045
1672866000,2023-01-04 16:00,2023-01-04,16,3853.39,2023-11-17,1700254800,317.0,call,3650,501.7,505.6,669.1,0.23348,10.0,0.68957,0.0004,12.48621,-0.67356,18.76659,203.4,0.053,Q1,SR1X3,95.255,4.7450000000000045
1672866000,2023-01-04 16:00,2023-01-04,16,3853.39,2023-11-17,1700254800,317.0,put,3650,201.0,203.1,201.08,0.24529,100.0,-0.32111,0.00043,12.69883,-0.36394,-10.1159,203.4,0.053,Q1,SR1X3,95.255,4.7450000000000045
1672866000,2023-01-04 16:00,2023-01-04,16,3853.39,2023-11-17,1700254800,317.0,call,3675,484.7,488.4,469.1,0.23163,1.0,0.67988,0.0004,12.6669,-0.67477,18.57453,178.4,0.046,Q1,SR1X3,95.255,4.7450000000000045
1672866000,2023-01-04 16:00,2023-01-04,16,3853.39,2023-11-17,1700254800,317.0,put,3675,208.8,210.8,234.42,0.24349,1.0,-0.33214,0.00041,12.86207,-0.3632,-10.36889,178.4,0.046,Q1,SR1X3,95.255,4.7450000000000045
1672866000,2023-01-04 16:00,2023-01-04,16,3853.39,2023-11-17,1700254800,317.0,call,3700,468.5,472.0,641.42,0.22972,3.0,0.66888,0.0004,12.84434,-0.67634,18.36174,153.4,0.04,Q1,SR1X3,95.255,4.7450000000000045
1672866000,2023-01-04 16:00,2023-01-04,16,3853.39,2023-11-17,1700254800,317.0,put,3700,216.4,218.4,238.25,0.24122,1.0,-0.34276,0.00043,13.01591,-0.36179,-10.61209,153.4,0.04,Q1,SR1X3,95.255,4.7450000000000045
1672866000,2023-01-04 16:00,2023-01-04,16,3853.39,2023-11-17,1700254800,317.0,call,3725,453.1,456.9,457.0,0.22908,1.0,0.65871,0.00045,13.01725,-0.67767,18.12595,128.4,0.033,Q1,SR1X3,95.255,4.7450000000000045
1672866000,2023-01-04 16:00,2023-01-04,16,3853.39,2023-11-17,1700254800,317.0,put,3725,224.7,226.8,263.0,0.23923,35.0,-0.35475,0.0005,13.1621,-0.36119,-10.86133,128.4,0.033,Q1,SR1X3,95.255,4.7450000000000045
1672866000,2023-01-04 16:00,2023-01-04,16,3853.39,2023-11-17,1700254800,317.0,call,3750,437.1,441.1,570.92,0.22771,2.0,0.64685,0.00048,13.17621,-0.67856,17.89829,103.4,0.027,Q1,SR1X3,95.255,4.7450000000000045
1672866000,2023-01-04 16:00,2023-01-04,16,3853.39,2023-11-17,1700254800,317.0,put,3750,232.2,234.3,255.0,0.23662,4.0,-0.3663,0.00048,13.29417,-0.35796,-11.08922,103.4,0.027,Q1,SR1X3,95.255,4.7450000000000045
1672866000,2023-01-04 16:00,2023-01-04,16,3853.39,2023-11-17,1700254800,317.0,call,3775,421.6,425.6,482.0,0.226,1.0,0.63596,0.00043,13.3277,-0.67813,17.65931,78.4,0.02,Q1,SR1X3,95.255,4.7450000000000045
1672866000,2023-01-04 16:00,2023-01-04,16,3853.39,2023-11-17,1700254800,317.0,put,3775,240.8,242.7,267.66,0.2356,1.0,-0.37862,0.00045,13.41764,-0.35541,-11.32454,78.4,0.02,Q1,SR1X3,95.255,4.7450000000000045
1672866000,2023-01-04 16:00,2023-01-04,16,3853.39,2023-11-17,1700254800,317.0,call,3800,406.2,410.2,418.05,0.22441,1.0,0.62497,0.00051,13.46827,-0.67713,17.4136,53.4,0.014,Q1,SR1X3,95.255,4.7450000000000045
1672866000,2023-01-04 16:00,2023-01-04,16,3853.39,2023-11-17,1700254800,317.0,put,3800,249.4,251.0,270.27,0.23269,1.0,-0.39063,0.00045,13.52827,-0.35215,-11.54907,53.4,0.014,Q1,SR1X3,95.255,4.7450000000000045
1672866000,2023-01-04 16:00,2023-01-04,16,3853.39,2023-11-17,1700254800,317.0,call,3825,391.2,395.1,396.92,0.2228,1.0,0.61278,0.00043,13.59926,-0.67624,17.15508,28.4,0.007,Q1,SR1X3,95.255,4.7450000000000045
1672866000,2023-01-04 16:00,2023-01-04,16,3853.39,2023-11-17,1700254800,317.0,put,3825,258.1,260.4,232.14,0.23121,210.0,-0.40335,0.00054,13.6263,-0.34861,-11.76926,28.4,0.007,Q1,SR1X3,95.255,4.7450000000000045
1672866000,2023-01-04 16:00,2023-01-04,16,3853.39,2023-11-17,1700254800,317.0,call,3850,376.2,379.5,370.21,0.22132,1.0,0.60178,0.0005,13.71854,-0.6736,16.89771,3.4,0.001,Q1,SR1X3,95.255,4.7450000000000045
1672866000,2023-01-04 16:00,2023-01-04,16,3853.39,2023-11-17,1700254800,317.0,put,3850,267.4,269.0,301.12,0.22845,8.0,-0.41729,0.0005,13.70973,-0.34399,-11.97819,3.4,0.001,Q1,SR1X3,95.255,4.7450000000000045
1672866000,2023-01-04 16:00,2023-01-04,16,3853.39,2023-11-17,1700254800,317.0,call,3875,361.5,364.8,394.9,0.22008,1.0,0.58917,0.00049,13.82759,-0.6711,16.62672,21.6,0.006,Q1,SR1X3,95.255,4.7450000000000045
1672866000,2023-01-04 16:00,2023-01-04,16,3853.39,2023-11-17,1700254800,317.0,put,3875,277.1,279.0,309.08,0.22712,4.0,-0.43007,0.00051,13.77921,-0.33993,-12.18773,21.6,0.006,Q1,SR1X3,95.255,4.7450000000000045
1672866000,2023-01-04 16:00,2023-01-04,16,3853.39,2023-11-17,1700254800,317.0,call,3900,347.4,349.3,358.2,0.21799,3451.0,0.57745,0.00045,13.92422,-0.66723,16.35026,46.6,0.012,Q1,SR1X3,95.255,4.7450000000000045
1672866000,2023-01-04 16:00,2023-01-04,16,3853.39,2023-11-17,1700254800,317.0,put,3900,286.7,288.7,318.04,0.22423,2.0,-0.44457,0.00058,13.83099,-0.33527,-12.37745,46.6,0.012,Q1,SR1X3,95.255,4.7450000000000045
1672866000,2023-01-04 16:00,2023-01-04,16,3853.39,2023-11-17,1700254800,317.0,call,3925,333.0,335.4,386.01,0.2157,120.0,0.56545,0.0005,14.0085,-0.66305,16.0613,71.6,0.019,Q1,SR1X3,95.255,4.7450000000000045
1672866000,2023-01-04 16:00,2023-01-04,16,3853.39,2023-11-17,1700254800,317.0,put,3925,296.0,298.3,286.59,0.22217,105.0,-0.45825,0.00062,13.86444,-0.32863,-12.5469,71.6,0.019,Q1,SR1X3,95.255,4.7450000000000045
1672866000,2023-01-04 16:00,2023-01-04,16,3853.39,2023-11-17,1700254800,317.0,call,3950,319.2,320.8,376.33,0.21475,52.0,0.55234,0.00047,14.08046,-0.65837,15.76607,96.6,0.025,Q1,SR1X3,95.255,4.7450000000000045
1672866000,2023-01-04 16:00,2023-01-04,16,3853.39,2023-11-17,1700254800,317.0,put,3950,305.4,307.7,339.57,0.2189,1.0,-0.4737,0.00055,13.87634,-0.32081,-12.69519,96.6,0.025,Q1,SR1X3,95.255,4.7450000000000045
1672866000,2023-01-04 16:00,2023-01-04,16,3853.39,2023-11-17,1700254800,317.0,call,3975,306.0,308.2,394.32,0.2129,9.0,0.5403,0.00054,14.13757,-0.6543,15.45704,121.6,0.032,Q1,SR1X3,95.255,4.7450000000000045
1672866000,2023-01-04 16:00,2023-01-04,16,3853.39,2023-11-17,1700254800,317.0,put,3975,316.2,318.5,338.0,0.21743,252.0,-0.48862,0.00061,13.87018,-0.31407,-12.8438,121.6,0.032,Q1,SR1X3,95.255,4.7450000000000045
1672866000,2023-01-04 16:00,2023-01-04,16,3853.39,2023-11-17,1700254800,317.0,call,4000,292.6,294.5,302.58,0.21106,2.0,0.52766,0.0005,14.18135,-0.64818,15.14626,146.6,0.038,Q1,SR1X3,95.255,4.7450000000000045
1672866000,2023-01-04 16:00,2023-01-04,16,3853.39,2023-11-17,1700254800,317.0,put,4000,326.1,328.0,340.57,0.2138,2.0,-0.50488,0.0006,13.83512,-0.30523,-12.94875,146.6,0.038,Q1,SR1X3,95.255,4.7450000000000045
1672866000,2023-01-04 16:00,2023-01-04,16,3853.39,2023-11-17,1700254800,317.0,call,4025,279.2,281.5,413.8,0.20973,1.0,0.51462,0.00049,14.21074,-0.64142,14.82602,171.6,0.045,Q1,SR1X3,95.255,4.7450000000000045
1672866000,2023-01-04 16:00,2023-01-04,16,3853.39,2023-11-17,1700254800,317.0,put,4025,337.5,339.9,273.9,0.21248,30.0,-0.52038,0.00068,13.77926,-0.29757,-13.05452,171.6,0.045,Q1,SR1X3,95.255,4.7450000000000045
1672866000,2023-01-04 16:00,2023-01-04,16,3853.39,2023-11-17,1700254800,317.0,call,4050,266.2,268.3,419.45,0.20815,300.0,0.50072,0.00057,14.22433,-0.63452,14.49836,196.6,0.051,Q1,SR1X3,95.255,4.7450000000000045
1672866000,2023-01-04 16:00,2023-01-04,16,3853.39,2023-11-17,1700254800,317.0,put,4050,347.8,350.4,330.43,0.20895,100.0,-0.5378,0.00059,13.68743,-0.28725,-13.10732,196.6,0.051,Q1,SR1X3,95.255,4.7450000000000045
1672866000,2023-01-04 16:00,2023-01-04,16,3853.39,2023-11-17,1700254800,317.0,call,4075,253.6,255.9,353.67,0.20617,1.0,0.4875,0.00054,14.22329,-0.62626,14.16423,221.6,0.058,Q1,SR1X3,95.255,4.7450000000000045
1672866000,2023-01-04 16:00,2023-01-04,16,3853.39,2023-11-17,1700254800,317.0,put,4075,357.5,360.2,397.64,0.20483,30.0,-0.55623,0.00069,13.55299,-0.27432,-13.10503,221.6,0.058,Q1,SR1X3,95.255,4.7450000000000045
1672866000,2023-01-04 16:00,2023-01-04,16,3853.39,2023-11-17,1700254800,317.0,call,4100,241.3,243.7,290.21,0.20471,120.0,0.47426,0.00058,14.20575,-0.61807,13.82169,246.6,0.064,Q1,SR1X3,95.255,4.7450000000000045
1672866000,2023-01-04 16:00,2023-01-04,16,3853.39,2023-11-17,1700254800,317.0,put,4100,370.6,372.9,411.63,0.2028,4.0,-0.5736,0.00071,13.40214,-0.26449,-13.11989,246.6,0.064,Q1,SR1X3,95.255,4.7450000000000045
1672866000,2023-01-04 16:00,2023-01-04,16,3853.39,2023-11-17,1700254800,317.0,call,4125,228.9,231.0,324.89,0.20251,10.0,0.46063,0.00054,14.17069,-0.60822,13.47194,271.6,0.07,Q1,SR1X3,95.255,4.7450000000000045
1672866000,2023-01-04 16:00,2023-01-04,16,3853.39,2023-11-17,1700254800,317.0,put,4125,383.1,386.8,421.24,0.20117,2.0,-0.59205,0.00072,13.21537,-0.25469,-13.0949,271.6,0.07,Q1,SR1X3,95.255,4.7450000000000045
1672866000,2023-01-04 16:00,2023-01-04,16,3853.39,2023-11-17,1700254800,317.0,call,4150,217.0,219.3,219.77,0.20049,2.0,0.44731,0.00051,14.11782,-0.59894,13.11417,296.6,0.077,Q1,SR1X3,95.255,4.7450000000000045
1672866000,2023-01-04 16:00,2023-01-04,16,3853.39,2023-11-17,1700254800,317.0,put,4150,395.4,399.1,432.49,0.19766,1.0,-0.6116,0.00069,12.96865,-0.24169,-12.99021,296.6,0.077,Q1,SR1X3,95.255,4.7450000000000045
1672866000,2023-01-04 16:00,2023-01-04,16,3853.39,2023-11-17,1700254800,317.0,call,4175,206.3,208.2,216.4,0.19881,35.0,0.43377,0.00053,14.05038,-0.58933,12.75603,321.6,0.083,Q1,SR1X3,95.255,4.7450000000000045
1672866000,2023-01-04 16:00,2023-01-04,16,3853.39,2023-11-17,1700254800,317.0,put,4175,407.8,411.7,419.4,0.19455,10.0,-0.63287,0.00069,12.6641,-0.2277,-12.81744,321.6,0.083,Q1,SR1X3,95.255,4.7450000000000045
1672866000,2023-01-04 16:00,2023-01-04,16,3853.39,2023-11-17,1700254800,317.0,call,4200,195.0,197.2,182.3,0.19691,10.0,0.41929,0.00059,13.96345,-0.57885,12.38835,346.6,0.09,Q1,SR1X3,95.255,4.7450000000000045
1672866000,2023-01-04 16:00,2023-01-04,16,3853.39,2023-11-17,1700254800,317.0,put,4200,420.7,424.6,350.9,0.19147,3.0,-0.65471,0.00073,12.29289,-0.21232,-12.56995,346.6,0.09,Q1,SR1X3,95.255,4.7450000000000045
1672866000,2023-01-04 16:00,2023-01-04,16,3853.39,2023-11-17,1700254800,317.0,call,4225,183.8,186.1,229.62,0.19507,1.0,0.40508,0.00056,13.85582,-0.56638,12.0118,371.6,0.096,Q1,SR1X3,95.255,4.7450000000000045
1672866000,2023-01-04 16:00,2023-01-04,16,3853.39,2023-11-17,1700254800,317.0,put,4225,433.9,437.7,409.18,0.18731,60.0,-0.67881,0.00077,11.8389,-0.19566,-12.22319,371.6,0.096,Q1,SR1X3,95.255,4.7450000000000045
1672866000,2023-01-04 16:00,2023-01-04,16,3853.39,2023-11-17,1700254800,317.0,call,4250,174.2,176.0,322.88,0.19401,45.0,0.39196,0.00059,13.73459,-0.5559,11.64075,396.6,0.103,Q1,SR1X3,95.255,4.7450000000000045
1672866000,2023-01-04 16:00,2023-01-04,16,3853.39,2023-11-17,1700254800,317.0,put,4250,447.5,451.4,413.97,0.18311,2.0,-0.70495,0.00082,11.28875,-0.17825,-11.76519,396.6,0.103,Q1,SR1X3,95.255,4.7450000000000045
1672866000,2023-01-04 16:00,2023-01-04,16,3853.39,2023-11-17,1700254800,317.0,call,4275,163.8,166.3,210.33,0.19259,52.0,0.37793,0.0005,13.59359,-0.54264,11.26027,421.6,0.109,Q1,SR1X3,95.255,4.7450000000000045
1672866000,2023-01-04 16:00,2023-01-04,16,3853.39,2023-11-17,1700254800,317.0,put,4275,460.9,464.7,0.0,0.17798,0.0,-0.73391,0.00088,10.56443,-0.15668,-11.09084,421.6,0.109,Q1,SR1X3,95.255,4.7450000000000045
1672866000,2023-01-04 16:00,2023-01-04,16,3853.39,2023-11-17,1700254800,317.0,call,4300,154.0,156.1,198.1,0.19045,15.0,0.3637,0.0006,13.43052,-0.52905,10.87267,446.6,0.116,Q1,SR1X3,95.255,4.7450000000000045
1672866000,2023-01-04 16:00,2023-01-04,16,3853.39,2023-11-17,1700254800,317.0,put,4300,475.0,478.9,482.8,0.17293,1.0,-0.7673,0.0009,9.65866,-0.13328,-10.20272,446.6,0.116,Q1,SR1X3,95.255,4.7450000000000045
1672866000,2023-01-04 16:00,2023-01-04,16,3853.39,2023-11-17,1700254800,317.0,call,4325,144.7,146.9,0.0,0.18829,0.0,0.34948,0.00055,13.25251,-0.51624,10.48808,471.6,0.122,Q1,SR1X3,95.255,4.7450000000000045
1672866000,2023-01-04 16:00,2023-01-04,16,3853.39,2023-11-17,1700254800,317.0,put,4325,490.4,494.2,0.0,0.16743,0.0,-0.80279,0.0009,8.53709,-0.10936,-9.05684,471.6,0.122,Q1,SR1X3,95.255,4.7450000000000045
1672866000,2023-01-04 16:00,2023-01-04,16,3853.39,2023-11-17,1700254800,317.0,call,4350,135.9,138.2,0.0,0.18724,0.0,0.33631,0.00054,13.05834,-0.50271,10.10452,496.6,0.129,Q1,SR1X3,95.255,4.7450000000000045
1672866000,2023-01-04 16:00,2023-01-04,16,3853.39,2023-11-17,1700254800,317.0,put,4350,504.6,508.4,0.0,0.15745,0.0,-0.85773,0.00097,6.58708,-0.07418,-6.92696,496.6,0.129,Q1,SR1X3,95.255,4.7450000000000045
1672866000,2023-01-04 16:00,2023-01-04,16,3853.39,2023-11-17,1700254800,317.0,call,4375,127.1,129.3,126.6,0.18482,500.0,0.32175,0.00052,12.84033,-0.48856,9.71242,521.6,0.135,Q1,SR1X3,95.255,4.7450000000000045
1672866000,2023-01-04 16:00,2023-01-04,16,3853.39,2023-11-17,1700254800,317.0,put,4375,520.4,524.4,0.0,0.1422,0.0,-0.9528,0.00124,2.51164,-0.02211,-2.37119,521.6,0.135,Q1,SR1X3,95.255,4.7450000000000045
1672866000,2023-01-04 16:00,2023-01-04,16,3853.39,2023-11-17,1700254800,317.0,call,4400,118.8,120.9,159.08,0.18379,1.0,0.30825,0.00054,12.60702,-0.47392,9.32234,546.6,0.142,Q1,SR1X3,95.255,4.7450000000000045
1672866000,2023-01-04 16:00,2023-01-04,16,3853.39,2023-11-17,1700254800,317.0,call,4425,111.0,113.1,182.79,0.18186,5.0,0.29447,0.00049,12.36,-0.45895,8.93805,571.6,0.148,Q1,SR1X3,95.255,4.7450000000000045
1672866000,2023-01-04 16:00,2023-01-04,16,3853.39,2023-11-17,1700254800,317.0,call,4450,103.3,105.6,202.4,0.18097,20.0,0.28106,0.00055,12.0938,-0.44392,8.55139,596.6,0.155,Q1,SR1X3,95.255,4.7450000000000045
1672866000,2023-01-04 16:00,2023-01-04,16,3853.39,2023-11-17,1700254800,317.0,call,4475,96.3,98.4,0.0,0.17951,0.0,0.26848,0.00047,11.81592,-0.42881,8.17236,621.6,0.161,Q1,SR1X3,95.255,4.7450000000000045
1672866000,2023-01-04 16:00,2023-01-04,16,3853.39,2023-11-17,1700254800,317.0,call,4500,89.4,91.7,99.02,0.17726,1.0,0.25556,0.00048,11.52231,-0.413,7.79634,646.6,0.168,Q1,SR1X3,95.255,4.7450000000000045
1672866000,2023-01-04 16:00,2023-01-04,16,3853.39,2023-11-17,1700254800,317.0,call,4525,83.2,85.2,82.81,0.17639,2.0,0.24262,0.00052,11.21997,-0.39833,7.42883,671.6,0.174,Q1,SR1X3,95.255,4.7450000000000045
1672866000,2023-01-04 16:00,2023-01-04,16,3853.39,2023-11-17,1700254800,317.0,call,4550,77.5,79.1,138.89,0.17495,2.0,0.23032,0.00043,10.90982,-0.38376,7.07129,696.6,0.181,Q1,SR1X3,95.255,4.7450000000000045
1672866000,2023-01-04 16:00,2023-01-04,16,3853.39,2023-11-17,1700254800,317.0,call,4600,66.5,68.1,73.12,0.17228,1.0,0.20648,0.00048,10.25671,-0.35308,6.37246,746.6,0.194,Q1,SR1X3,95.255,4.7450000000000045
1672866000,2023-01-04 16:00,2023-01-04,16,3853.39,2023-11-17,1700254800,317.0,call,4650,56.7,58.3,62.79,0.17013,1.0,0.18465,0.00039,9.57637,-0.32329,5.7068,796.6,0.207,Q1,SR1X3,95.255,4.7450000000000045
1672866000,2023-01-04 16:00,2023-01-04,16,3853.39,2023-11-17,1700254800,317.0,call,4700,48.2,49.7,48.26,0.16793,11.0,0.16354,0.00042,8.88058,-0.29445,5.08189,846.6,0.22,Q1,SR1X3,95.255,4.7450000000000045
1672866000,2023-01-04 16:00,2023-01-04,16,3853.39,2023-11-17,1700254800,317.0,call,4800,34.4,35.8,38.8,0.16484,1.0,0.12667,0.00031,7.49256,-0.2397,3.96648,946.6,0.246,Q1,SR1X3,95.255,4.7450000000000045
1688155200,2023-06-30 16:00,2023-06-30,16,4450.23,2023-11-17,1700254800,140.04,call,3350,1155.6,1170.9,878.5,0.30819,40.0,0.94684,8e-05,2.79553,-0.59099,11.75912,1100.2,0.247,Q2,SR1X3,94.595,5.405000000000001
1688155200,2023-06-30 16:00,2023-06-30,16,4450.23,2023-11-17,1700254800,140.04,put,3350,11.8,12.1,12.0,0.28163,1.0,-0.03586,0.00013,2.20343,-0.20033,-0.65631,1100.2,0.247,Q2,SR1X3,94.595,5.405000000000001
1688155200,2023-06-30 16:00,2023-06-30,16,4450.23,2023-11-17,1700254800,140.04,call,3375,1131.6,1146.9,0.0,0.30402,0.0,0.94512,8e-05,2.87877,-0.59823,11.82021,1075.2,0.242,Q2,SR1X3,94.595,5.405000000000001
1688155200,2023-06-30 16:00,2023-06-30,16,4450.23,2023-11-17,1700254800,140.04,put,3375,12.3,12.6,12.5,0.27807,48.0,-0.03796,0.00015,2.291,-0.20593,-0.68797,1075.2,0.242,Q2,SR1X3,94.595,5.405000000000001
1688155200,2023-06-30 16:00,2023-06-30,16,4450.23,2023-11-17,1700254800,140.04,call,3400,1110.6,1116.2,0.0,0.29327,0.0,0.94666,0.0001,2.81717,-0.58451,11.94371,1050.2,0.236,Q2,SR1X3,94.595,5.405000000000001
1688155200,2023-06-30 16:00,2023-06-30,16,4450.23,2023-11-17,1700254800,140.04,put,3400,12.8,13.1,14.7,0.2747,100.0,-0.03948,7e-05,2.37842,-0.2103,-0.7198,1050.2,0.236,Q2,SR1X3,94.595,5.405000000000001
1688155200,2023-06-30 16:00,2023-06-30,16,4450.23,2023-11-17,1700254800,140.04,call,3425,1080.7,1100.5,697.63,0.29328,1.0,0.94243,0.00017,3.00109,-0.6045,11.96079,1025.2,0.23,Q2,SR1X3,94.595,5.405000000000001
1688155200,2023-06-30 16:00,2023-06-30,16,4450.23,2023-11-17,1700254800,140.04,put,3425,13.4,13.7,19.9,0.27126,17.0,-0.04156,0.00012,2.47734,-0.216,-0.75635,1025.2,0.23,Q2,SR1X3,94.595,5.405000000000001
1688155200,2023-06-30 16:00,2023-06-30,16,4450.23,2023-11-17,1700254800,140.04,call,3450,1056.8,1076.6,771.75,0.28866,1.0,0.94055,0.00012,3.09705,-0.61272,12.01634,1000.2,0.225,Q2,SR1X3,94.595,5.405000000000001
1688155200,2023-06-30 16:00,2023-06-30,16,4450.23,2023-11-17,1700254800,140.04,put,3450,13.9,14.3,13.87,0.26703,152.0,-0.04374,0.00013,2.57475,-0.22012,-0.79241,1000.2,0.225,Q2,SR1X3,94.595,5.405000000000001
1688155200,2023-06-30 16:00,2023-06-30,16,4450.23,2023-11-17,1700254800,140.04,call,3475,1036.0,1051.3,635.84,0.28745,1.0,0.93613,0.00016,3.2597,-0.6288,12.0417,975.2,0.219,Q2,SR1X3,94.595,5.405000000000001
1688155200,2023-06-30 16:00,2023-06-30,16,4450.23,2023-11-17,1700254800,140.04,put,3475,14.6,14.9,14.58,0.26389,6.0,-0.04586,0.00016,2.68152,-0.22587,-0.83193,975.2,0.219,Q2,SR1X3,94.595,5.405000000000001
1688155200,2023-06-30 16:00,2023-06-30,16,4450.23,2023-11-17,1700254800,140.04,call,3500,1009.3,1028.9,866.92,0.2805,2.0,0.93512,0.0001,3.3096,-0.62837,12.1164,950.2,0.214,Q2,SR1X3,94.595,5.405000000000001
1688155200,2023-06-30 16:00,2023-06-30,16,4450.23,2023-11-17,1700254800,140.04,put,3500,15.2,15.5,15.19,0.26032,1102.0,-0.04822,9e-05,2.78469,-0.23103,-0.87102,950.2,0.214,Q2,SR1X3,94.595,5.405000000000001
1688155200,2023-06-30 16:00,2023-06-30,16,4450.23,2023-11-17,1700254800,140.04,call,3510,999.8,1019.4,0.0,0.27926,0.0,0.93463,0.00014,3.35437,-0.63208,12.13476,940.2,0.211,Q2,SR1X3,94.595,5.405000000000001
1688155200,2023-06-30 16:00,2023-06-30,16,4450.23,2023-11-17,1700254800,140.04,put,3510,15.5,15.8,22.0,0.25925,2.0,-0.04925,0.00012,2.83223,-0.23416,-0.88941,940.2,0.211,Q2,SR1X3,94.595,5.405000000000001
1688155200,2023-06-30 16:00,2023-06-30,16,4450.23,2023-11-17,1700254800,140.04,call,3520,990.3,1009.9,0.0,0.27756,0.0,0.93371,0.00011,3.39843,-0.63538,12.15372,930.2,0.209,Q2,SR1X3,94.595,5.405000000000001
1688155200,2023-06-30 16:00,2023-06-30,16,4450.23,2023-11-17,1700254800,140.04,put,3520,15.8,16.1,17.81,0.25785,4.0,-0.05013,0.00014,2.87971,-0.23621,-0.90766,930.2,0.209,Q2,SR1X3,94.595,5.405000000000001
1688155200,2023-06-30 16:00,2023-06-30,16,4450.23,2023-11-17,1700254800,140.04,call,3525,990.9,996.4,737.57,0.27132,3.0,0.93544,0.00016,3.29021,-0.62017,12.22172,925.2,0.208,Q2,SR1X3,94.595,5.405000000000001
1688155200,2023-06-30 16:00,2023-06-30,16,4450.23,2023-11-17,1700254800,140.04,put,3525,15.9,16.3,17.92,0.25674,11.0,-0.05106,0.00017,2.90236,-0.23731,-0.91651,925.2,0.208,Q2,SR1X3,94.595,5.405000000000001
1688155200,2023-06-30 16:00,2023-06-30,16,4450.23,2023-11-17,1700254800,140.04,call,3530,980.8,1000.3,0.0,0.2759,0.0,0.93237,0.00017,3.43979,-0.63848,12.17343,920.2,0.207,Q2,SR1X3,94.595,5.405000000000001
1688155200,2023-06-30 16:00,2023-06-30,16,4450.23,2023-11-17,1700254800,140.04,put,3530,16.1,16.4,16.07,0.2564,14.0,-0.05133,0.0001,2.92676,-0.23863,-0.92628,920.2,0.207,Q2,SR1X3,94.595,5.405000000000001
1688155200,2023-06-30 16:00,2023-06-30,16,4450.23,2023-11-17,1700254800,140.04,call,3540,971.3,990.8,784.41,0.2739,1.0,0.93108,0.00013,3.48566,-0.64174,12.19202,910.2,0.205,Q2,SR1X3,94.595,5.405000000000001
1688155200,2023-06-30 16:00,2023-06-30,16,4450.23,2023-11-17,1700254800,140.04,put,3540,16.3,16.7,16.48,0.25456,2.0,-0.0523,0.0001,2.97012,-0.24057,-0.94232,910.2,0.205,Q2,SR1X3,94.595,5.405000000000001
1688155200,2023-06-30 16:00,2023-06-30,16,4450.23,2023-11-17,1700254800,140.04,call,3550,962.0,981.3,720.65,0.27234,1.0,0.92977,0.00021,3.53875,-0.64599,12.20646,900.2,0.202,Q2,SR1X3,94.595,5.405000000000001
1688155200,2023-06-30 16:00,2023-06-30,16,4450.23,2023-11-17,1700254800,140.04,put,3550,16.6,17.0,16.79,0.253,6.0,-0.05354,0.00016,3.01763,-0.24288,-0.96153,900.2,0.202,Q2,SR1X3,94.595,5.405000000000001
1688155200,2023-06-30 16:00,2023-06-30,16,4450.23,2023-11-17,1700254800,140.04,call,3560,952.5,971.8,0.0,0.27128,0.0,0.92917,0.00019,3.58397,-0.64862,12.22425,890.2,0.2,Q2,SR1X3,94.595,5.405000000000001
1688155200,2023-06-30 16:00,2023-06-30,16,4450.23,2023-11-17,1700254800,140.04,put,3560,16.9,17.3,17.08,0.25205,8.0,-0.05456,0.00019,3.06658,-0.24491,-0.98067,890.2,0.2,Q2,SR1X3,94.595,5.405000000000001
1688155200,2023-06-30 16:00,2023-06-30,16,4450.23,2023-11-17,1700254800,140.04,call,3570,942.7,962.3,0.0,0.26934,0.0,0.92772,0.00023,3.61975,-0.65065,12.24675,880.2,0.198,Q2,SR1X3,94.595,5.405000000000001
1688155200,2023-06-30 16:00,2023-06-30,16,4450.23,2023-11-17,1700254800,140.04,put,3570,17.1,17.6,17.24,0.24978,2.0,-0.0554,0.00014,3.11042,-0.24715,-0.99818,880.2,0.198,Q2,SR1X3,94.595,5.405000000000001
1688155200,2023-06-30 16:00,2023-06-30,16,4450.23,2023-11-17,1700254800,140.04,call,3575,938.3,957.6,680.42,0.2685,3.0,0.92751,0.00021,3.65768,-0.65449,12.24864,875.2,0.197,Q2,SR1X3,94.595,5.405000000000001
1688155200,2023-06-30 16:00,2023-06-30,16,4450.23,2023-11-17,1700254800,140.04,put,3575,17.4,17.7,17.43,0.24943,12.0,-0.05633,0.00016,3.1398,-0.24882,-1.00984,875.2,0.197,Q2,SR1X3,94.595,5.405000000000001
1688155200,2023-06-30 16:00,2023-06-30,16,4450.23,2023-11-17,1700254800,140.04,call,3580,933.3,952.9,0.0,0.26722,0.0,0.92625,0.00022,3.6737,-0.65488,12.2606,870.2,0.196,Q2,SR1X3,94.595,5.405000000000001
1688155200,2023-06-30 16:00,2023-06-30,16,4450.23,2023-11-17,1700254800,140.04,put,3580,17.6,17.9,21.37,0.24939,2.0,-0.05736,0.00017,3.16897,-0.24994,-1.02156,870.2,0.196,Q2,SR1X3,94.595,5.405000000000001
1688155200,2023-06-30 16:00,2023-06-30,16,4450.23,2023-11-17,1700254800,140.04,call,3590,924.1,943.4,0.0,0.26678,0.0,0.92513,0.00018,3.73083,-0.65868,12.2729,860.2,0.193,Q2,SR1X3,94.595,5.405000000000001
1688155200,2023-06-30 16:00,2023-06-30,16,4450.23,2023-11-17,1700254800,140.04,put,3590,17.9,18.2,19.97,0.24727,4.0,-0.05804,0.00013,3.21752,-0.25233,-1.04118,860.2,0.193,Q2,SR1X3,94.595,5.405000000000001
1688155200,2023-06-30 16:00,2023-06-30,16,4450.23,2023-11-17,1700254800,140.04,call,3600,914.4,933.9,676.69,0.26427,4.0,0.9241,0.00021,3.76947,-0.66131,12.29357,850.2,0.191,Q2,SR1X3,94.595,5.405000000000001
1688155200,2023-06-30 16:00,2023-06-30,16,4450.23,2023-11-17,1700254800,140.04,put,3600,18.2,18.6,20.32,0.24608,8.0,-0.05911,0.00013,3.27206,-0.25496,-1.06285,850.2,0.191,Q2,SR1X3,94.595,5.405000000000001
1688155200,2023-06-30 16:00,2023-06-30,16,4450.23,2023-11-17,1700254800,140.04,call,3610,905.1,924.4,0.0,0.26308,0.0,0.92283,0.00023,3.82431,-0.66473,12.30698,840.2,0.189,Q2,SR1X3,94.595,5.405000000000001
1688155200,2023-06-30 16:00,2023-06-30,16,4450.23,2023-11-17,1700254800,140.04,put,3610,18.5,18.9,18.93,0.24481,4.0,-0.06086,0.00019,3.32108,-0.25725,-1.08242,840.2,0.189,Q2,SR1X3,94.595,5.405000000000001
1688155200,2023-06-30 16:00,2023-06-30,16,4450.23,2023-11-17,1700254800,140.04,call,3620,895.5,915.0,0.0,0.26087,0.0,0.92169,0.00018,3.87134,-0.66762,12.32277,830.2,0.187,Q2,SR1X3,94.595,5.405000000000001
1688155200,2023-06-30 16:00,2023-06-30,16,4450.23,2023-11-17,1700254800,140.04,put,3620,18.9,19.3,28.15,0.24339,6.0,-0.0615,0.00014,3.38033,-0.2594,-1.10621,830.2,0.187,Q2,SR1X3,94.595,5.405000000000001
1688155200,2023-06-30 16:00,2023-06-30,16,4450.23,2023-11-17,1700254800,140.04,call,3625,896.1,901.7,641.65,0.25582,40.0,0.92404,0.00017,3.7806,-0.65424,12.38603,825.2,0.185,Q2,SR1X3,94.595,5.405000000000001
1688155200,2023-06-30 16:00,2023-06-30,16,4450.23,2023-11-17,1700254800,140.04,put,3625,19.1,19.5,21.27,0.24321,82.0,-0.0623,0.00018,3.40902,-0.26085,-1.11903,825.2,0.185,Q2,SR1X3,94.595,5.405000000000001
1688155200,2023-06-30 16:00,2023-06-30,16,4450.23,2023-11-17,1700254800,140.04,call,3630,886.2,905.6,819.4,0.25951,1.0,0.92078,0.00023,3.92966,-0.67119,12.33417,820.2,0.184,Q2,SR1X3,94.595,5.405000000000001
1688155200,2023-06-30 16:00,2023-06-30,16,4450.23,2023-11-17,1700254800,140.04,put,3630,19.2,19.6,21.95,0.24174,14.0,-0.06274,0.00021,3.42976,-0.2616,-1.12677,820.2,0.184,Q2,SR1X3,94.595,5.405000000000001
1688155200,2023-06-30 16:00,2023-06-30,16,4450.23,2023-11-17,1700254800,140.04,call,3640,876.8,896.1,0.0,0.25785,0.0,0.91879,0.0002,3.98262,-0.67533,12.34728,810.2,0.182,Q2,SR1X3,94.595,5.405000000000001
1688155200,2023-06-30 16:00,2023-06-30,16,4450.23,2023-11-17,1700254800,140.04,put,3640,19.6,20.0,27.87,0.2405,2.0,-0.06436,0.00018,3.48921,-0.26491,-1.15155,810.2,0.182,Q2,SR1X3,94.595,5.405000000000001
1688155200,2023-06-30 16:00,2023-06-30,16,4450.23,2023-11-17,1700254800,140.04,call,3650,867.8,886.7,617.34,0.25689,3.0,0.91755,0.00019,4.04947,-0.68005,12.35411,800.2,0.18,Q2,SR1X3,94.595,5.405000000000001
1688155200,2023-06-30 16:00,2023-06-30,16,4450.23,2023-11-17,1700254800,140.04,put,3650,20.0,20.4,23.08,0.2396,110.0,-0.06568,0.00024,3.54849,-0.2673,-1.17639,800.2,0.18,Q2,SR1X3,94.595,5.405000000000001
1688155200,2023-06-30 16:00,2023-06-30,16,4450.23,2023-11-17,1700254800,140.04,call,3660,863.2,868.7,0.0,0.25071,0.0,0.91942,0.00021,3.97192,-0.6669,12.43147,790.2,0.178,Q2,SR1X3,94.595,5.405000000000001
1688155200,2023-06-30 16:00,2023-06-30,16,4450.23,2023-11-17,1700254800,140.04,put,3660,20.3,20.8,20.94,0.23857,1.0,-0.06718,0.00021,3.60379,-0.26962,-1.19878,790.2,0.178,Q2,SR1X3,94.595,5.405000000000001
1688155200,2023-06-30 16:00,2023-06-30,16,4450.23,2023-11-17,1700254800,140.04,call,3670,851.4,866.5,636.25,0.25517,16.0,0.91321,0.00018,4.19431,-0.69078,12.36063,780.2,0.175,Q2,SR1X3,94.595,5.405000000000001
1688155200,2023-06-30 16:00,2023-06-30,16,4450.23,2023-11-17,1700254800,140.04,put,3670,20.7,21.2,29.42,0.23628,1.0,-0.06846,0.0002,3.66262,-0.27259,-1.2244,780.2,0.175,Q2,SR1X3,94.595,5.405000000000001
1688155200,2023-06-30 16:00,2023-06-30,16,4450.23,2023-11-17,1700254800,140.04,call,3675,843.6,863.1,728.34,0.25251,2.0,0.91475,0.00017,4.16129,-0.68465,12.39706,775.2,0.174,Q2,SR1X3,94.595,5.405000000000001
1688155200,2023-06-30 16:00,2023-06-30,16,4450.23,2023-11-17,1700254800,140.04,put,3675,20.9,21.3,21.24,0.23542,6.0,-0.06888,0.00019,3.68843,-0.27339,-1.23508,775.2,0.174,Q2,SR1X3,94.595,5.405000000000001
1688155200,2023-06-30 16:00,2023-06-30,16,4450.23,2023-11-17,1700254800,140.04,call,3680,839.2,858.4,723.95,0.25194,14.0,0.91392,0.00021,4.19961,-0.68784,12.39704,770.2,0.173,Q2,SR1X3,94.595,5.405000000000001
1688155200,2023-06-30 16:00,2023-06-30,16,4450.23,2023-11-17,1700254800,140.04,put,3680,21.1,21.5,26.5,0.23484,1.0,-0.0696,0.00023,3.71838,-0.27471,-1.24789,770.2,0.173,Q2,SR1X3,94.595,5.405000000000001
1688155200,2023-06-30 16:00,2023-06-30,16,4450.23,2023-11-17,1700254800,140.04,call,3690,829.8,849.0,735.54,0.25005,1.0,0.91227,0.00021,4.25591,-0.69101,12.40834,760.2,0.171,Q2,SR1X3,94.595,5.405000000000001
1688155200,2023-06-30 16:00,2023-06-30,16,4450.23,2023-11-17,1700254800,140.04,put,3690,21.5,22.0,22.26,0.2339,2.0,-0.07125,0.00025,3.78307,-0.2774,-1.27515,760.2,0.171,Q2,SR1X3,94.595,5.405000000000001
1688155200,2023-06-30 16:00,2023-06-30,16,4450.23,2023-11-17,1700254800,140.04,call,3700,825.6,831.1,726.82,0.24511,2.0,0.91347,0.00024,4.2003,-0.67998,12.47649,750.2,0.169,Q2,SR1X3,94.595,5.405000000000001
1688155200,2023-06-30 16:00,2023-06-30,16,4450.23,2023-11-17,1700254800,140.04,put,3700,22.0,22.4,22.1,0.23241,13.0,-0.07287,0.0002,3.84762,-0.28035,-1.30278,750.2,0.169,Q2,SR1X3,94.595,5.405000000000001
1688155200,2023-06-30 16:00,2023-06-30,16,4450.23,2023-11-17,1700254800,140.04,call,3710,811.0,830.3,600.07,0.24709,1.0,0.90901,0.00024,4.37304,-0.69748,12.4274,740.2,0.166,Q2,SR1X3,94.595,5.405000000000001
1688155200,2023-06-30 16:00,2023-06-30,16,4450.23,2023-11-17,1700254800,140.04,put,3710,22.3,22.8,34.64,0.23112,1.0,-0.07481,0.00021,3.90405,-0.28177,-1.32697,740.2,0.166,Q2,SR1X3,94.595,5.405000000000001
1688155200,2023-06-30 16:00,2023-06-30,16,4450.23,2023-11-17,1700254800,140.04,call,3720,801.7,820.9,0.0,0.24548,0.0,0.90732,0.00023,4.43336,-0.70186,12.43568,730.2,0.164,Q2,SR1X3,94.595,5.405000000000001
1688155200,2023-06-30 16:00,2023-06-30,16,4450.23,2023-11-17,1700254800,140.04,put,3720,22.8,23.2,22.84,0.23011,3.0,-0.07635,0.00025,3.96987,-0.2846,-1.35497,730.2,0.164,Q2,SR1X3,94.595,5.405000000000001
1688155200,2023-06-30 16:00,2023-06-30,16,4450.23,2023-11-17,1700254800,140.04,call,3725,797.0,816.2,702.89,0.24495,10.0,0.90626,0.00025,4.46248,-0.70325,12.44148,725.2,0.163,Q2,SR1X3,94.595,5.405000000000001
1688155200,2023-06-30 16:00,2023-06-30,16,4450.23,2023-11-17,1700254800,140.04,put,3725,23.0,23.5,28.12,0.22953,2.0,-0.07754,0.00024,4.00304,-0.28573,-1.36942,725.2,0.163,Q2,SR1X3,94.595,5.405000000000001
1688155200,2023-06-30 16:00,2023-06-30,16,4450.23,2023-11-17,1700254800,140.04,call,3730,797.9,803.4,698.15,0.24139,1.0,0.90816,0.0002,4.40863,-0.69356,12.48839,720.2,0.162,Q2,SR1X3,94.595,5.405000000000001
1688155200,2023-06-30 16:00,2023-06-30,16,4450.23,2023-11-17,1700254800,140.04,put,3730,23.2,23.7,28.65,0.22835,4.0,-0.07761,0.00025,4.03402,-0.28763,-1.38354,720.2,0.162,Q2,SR1X3,94.595,5.405000000000001
1688155200,2023-06-30 16:00,2023-06-30,16,4450.23,2023-11-17,1700254800,140.04,call,3740,783.0,802.2,0.0,0.24264,0.0,0.90428,0.00024,4.55602,-0.70838,12.45179,710.2,0.16,Q2,SR1X3,94.595,5.405000000000001
1688155200,2023-06-30 16:00,2023-06-30,16,4450.23,2023-11-17,1700254800,140.04,put,3740,23.7,24.1,33.56,0.22681,4.0,-0.07907,0.00021,4.10004,-0.29023,-1.41211,710.2,0.16,Q2,SR1X3,94.595,5.405000000000001
1688155200,2023-06-30 16:00,2023-06-30,16,4450.23,2023-11-17,1700254800,140.04,call,3750,773.8,792.9,641.66,0.24146,1.0,0.90237,0.00021,4.62354,-0.7117,12.45534,700.2,0.157,Q2,SR1X3,94.595,5.405000000000001
1688155200,2023-06-30 16:00,2023-06-30,16,4450.23,2023-11-17,1700254800,140.04,put,3750,24.2,24.6,24.2,0.22577,6.0,-0.08155,0.00026,4.16879,-0.29265,-1.44315,700.2,0.157,Q2,SR1X3,94.595,5.405000000000001
1688155200,2023-06-30 16:00,2023-06-30,16,4450.23,2023-11-17,1700254800,140.04,call,3760,764.5,783.5,0.0,0.23999,0.0,0.89997,0.00028,4.68503,-0.71487,12.46274,690.2,0.155,Q2,SR1X3,94.595,5.405000000000001
1688155200,2023-06-30 16:00,2023-06-30,16,4450.23,2023-11-17,1700254800,140.04,put,3760,24.6,25.1,25.35,0.22412,4.0,-0.08292,0.00026,4.23504,-0.29519,-1.4717,690.2,0.155,Q2,SR1X3,94.595,5.405000000000001
1688155200,2023-06-30 16:00,2023-06-30,16,4450.23,2023-11-17,1700254800,140.04,call,3770,755.2,774.2,0.0,0.23782,0.0,0.89857,0.00024,4.75004,-0.71885,12.46735,680.2,0.153,Q2,SR1X3,94.595,5.405000000000001
1688155200,2023-06-30 16:00,2023-06-30,16,4450.23,2023-11-17,1700254800,140.04,put,3770,25.1,25.6,31.12,0.2232,2.0,-0.08457,0.00027,4.30425,-0.29808,-1.50261,680.2,0.153,Q2,SR1X3,94.595,5.405000000000001
1688155200,2023-06-30 16:00,2023-06-30,16,4450.23,2023-11-17,1700254800,140.04,call,3775,750.5,769.6,574.09,0.23725,2.0,0.89759,0.00023,4.7826,-0.7208,12.47041,675.2,0.152,Q2,SR1X3,94.595,5.405000000000001
1688155200,2023-06-30 16:00,2023-06-30,16,4450.23,2023-11-17,1700254800,140.04,put,3775,25.4,25.8,29.4,0.22296,185.0,-0.0855,0.00023,4.3398,-0.29916,-1.51885,675.2,0.152,Q2,SR1X3,94.595,5.405000000000001
1688155200,2023-06-30 16:00,2023-06-30,16,4450.23,2023-11-17,1700254800,140.04,call,3780,745.9,764.9,0.0,0.23678,0.0,0.89724,0.00031,4.81504,-0.72231,12.47251,670.2,0.151,Q2,SR1X3,94.595,5.405000000000001
1688155200,2023-06-30 16:00,2023-06-30,16,4450.23,2023-11-17,1700254800,140.04,put,3780,25.6,26.1,36.4,0.22158,3.0,-0.08628,0.00026,4.374,-0.3001,-1.53444,670.2,0.151,Q2,SR1X3,94.595,5.405000000000001
1688155200,2023-06-30 16:00,2023-06-30,16,4450.23,2023-11-17,1700254800,140.04,call,3790,736.6,755.6,0.0,0.23541,0.0,0.89518,0.00023,4.88145,-0.72545,12.47651,660.2,0.148,Q2,SR1X3,94.595,5.405000000000001
1688155200,2023-06-30 16:00,2023-06-30,16,4450.23,2023-11-17,1700254800,140.04,put,3790,26.1,26.6,25.96,0.22073,3.0,-0.08896,0.00026,4.44417,-0.30301,-1.56664,660.2,0.148,Q2,SR1X3,94.595,5.405000000000001
1688155200,2023-06-30 16:00,2023-06-30,16,4450.23,2023-11-17,1700254800,140.04,call,3800,728.3,746.3,597.56,0.23456,1.0,0.89267,0.00027,4.97591,-0.73241,12.46417,650.2,0.146,Q2,SR1X3,94.595,5.405000000000001
1688155200,2023-06-30 16:00,2023-06-30,16,4450.23,2023-11-17,1700254800,140.04,put,3800,26.6,27.1,31.02,0.21937,51.0,-0.09041,0.00029,4.51544,-0.30499,-1.59876,650.2,0.146,Q2,SR1X3,94.595,5.405000000000001
1688155200,2023-06-30 16:00,2023-06-30,16,4450.23,2023-11-17,1700254800,140.04,call,3810,718.1,737.0,0.0,0.23193,0.0,0.89078,0.00025,5.01536,-0.73166,12.48236,640.2,0.144,Q2,SR1X3,94.595,5.405000000000001
1688155200,2023-06-30 16:00,2023-06-30,16,4450.23,2023-11-17,1700254800,140.04,put,3810,27.1,27.7,32.13,0.21766,1.0,-0.09231,0.00031,4.58881,-0.30846,-1.63318,640.2,0.144,Q2,SR1X3,94.595,5.405000000000001
1688155200,2023-06-30 16:00,2023-06-30,16,4450.23,2023-11-17,1700254800,140.04,call,3820,708.9,727.8,0.0,0.23091,0.0,0.88914,0.00033,5.0876,-0.73586,12.48198,630.2,0.142,Q2,SR1X3,94.595,5.405000000000001
1688155200,2023-06-30 16:00,2023-06-30,16,4450.23,2023-11-17,1700254800,140.04,put,3820,27.7,28.2,40.25,0.21648,1.0,-0.09485,0.00028,4.66401,-0.31035,-1.66774,630.2,0.142,Q2,SR1X3,94.595,5.405000000000001
1688155200,2023-06-30 16:00,2023-06-30,16,4450.23,2023-11-17,1700254800,140.04,call,3825,704.2,723.2,484.92,0.22985,7.0,0.88809,0.00026,5.12144,-0.73652,12.4833,625.2,0.14,Q2,SR1X3,94.595,5.405000000000001
1688155200,2023-06-30 16:00,2023-06-30,16,4450.23,2023-11-17,1700254800,140.04,put,3825,27.9,28.5,27.81,0.21523,6.0,-0.09565,0.00034,4.69949,-0.31124,-1.68428,625.2,0.14,Q2,SR1X3,94.595,5.405000000000001
1688155200,2023-06-30 16:00,2023-06-30,16,4450.23,2023-11-17,1700254800,140.04,call,3830,700.5,718.5,0.0,0.23014,0.0,0.88625,0.00033,5.18046,-0.74139,12.469,620.2,0.139,Q2,SR1X3,94.595,5.405000000000001
1688155200,2023-06-30 16:00,2023-06-30,16,4450.23,2023-11-17,1700254800,140.04,put,3830,28.2,28.8,41.52,0.21468,8.0,-0.09718,0.00027,4.7388,-0.31311,-1.70242,620.2,0.139,Q2,SR1X3,94.595,5.405000000000001
1688155200,2023-06-30 16:00,2023-06-30,16,4450.23,2023-11-17,1700254800,140.04,call,3840,691.3,709.3,0.0,0.22883,0.0,0.88433,0.00027,5.25318,-0.74536,12.46787,610.2,0.137,Q2,SR1X3,94.595,5.405000000000001
1688155200,2023-06-30 16:00,2023-06-30,16,4450.23,2023-11-17,1700254800,140.04,put,3840,28.8,29.3,41.52,0.2138,1.0,-0.09911,0.00029,4.81346,-0.31603,-1.73786,610.2,0.137,Q2,SR1X3,94.595,5.405000000000001
1688155200,2023-06-30 16:00,2023-06-30,16,4450.23,2023-11-17,1700254800,140.04,call,3850,682.1,700.1,603.17,0.22722,1.0,0.88156,0.00034,5.32607,-0.74795,12.46568,600.2,0.135,Q2,SR1X3,94.595,5.405000000000001
1688155200,2023-06-30 16:00,2023-06-30,16,4450.23,2023-11-17,1700254800,140.04,put,3850,29.4,30.0,29.4,0.21225,4.0,-0.10067,0.00031,4.89544,-0.31897,-1.77622,600.2,0.135,Q2,SR1X3,94.595,5.405000000000001
1688155200,2023-06-30 16:00,2023-06-30,16,4450.23,2023-11-17,1700254800,140.04,call,3860,672.9,690.9,0.0,0.22494,0.0,0.87998,0.00035,5.39917,-0.75208,12.46367,590.2,0.133,Q2,SR1X3,94.595,5.405000000000001
1688155200,2023-06-30 16:00,2023-06-30,16,4450.23,2023-11-17,1700254800,140.04,put,3860,29.7,30.8,30.81,0.21122,2.0,-0.10295,0.00027,4.97021,-0.32048,-1.81227,590.2,0.133,Q2,SR1X3,94.595,5.405000000000001
1688155200,2023-06-30 16:00,2023-06-30,16,4450.23,2023-11-17,1700254800,140.04,call,3870,664.2,681.7,0.0,0.22385,0.0,0.87677,0.00027,5.48618,-0.75613,12.45305,580.2,0.13,Q2,SR1X3,94.595,5.405000000000001
1688155200,2023-06-30 16:00,2023-06-30,16,4450.23,2023-11-17,1700254800,140.04,put,3870,30.4,31.4,38.12,0.20978,4.0,-0.1061,0.00032,5.05249,-0.32371,-1.85236,580.2,0.13,Q2,SR1X3,94.595,5.405000000000001
1688155200,2023-06-30 16:00,2023-06-30,16,4450.23,2023-11-17,1700254800,140.04,call,3875,659.2,677.1,452.13,0.22278,1.0,0.8767,0.00035,5.51194,-0.75669,12.45825,575.2,0.129,Q2,SR1X3,94.595,5.405000000000001
1688155200,2023-06-30 16:00,2023-06-30,16,4450.23,2023-11-17,1700254800,140.04,put,3875,30.9,32.0,31.18,0.20997,1.0,-0.10681,0.00027,5.10851,-0.3271,-1.88023,575.2,0.129,Q2,SR1X3,94.595,5.405000000000001
1688155200,2023-06-30 16:00,2023-06-30,16,4450.23,2023-11-17,1700254800,140.04,call,3880,658.6,664.0,581.63,0.21827,15.0,0.87901,0.00028,5.42348,-0.74202,12.53149,570.2,0.128,Q2,SR1X3,94.595,5.405000000000001
1688155200,2023-06-30 16:00,2023-06-30,16,4450.23,2023-11-17,1700254800,140.04,put,3880,31.2,31.8,37.42,0.20812,3.0,-0.10759,0.00036,5.13238,-0.32621,-1.89078,570.2,0.128,Q2,SR1X3,94.595,5.405000000000001
1688155200,2023-06-30 16:00,2023-06-30,16,4450.23,2023-11-17,1700254800,140.04,call,3890,647.3,663.3,545.26,0.2228,1.0,0.87176,0.00032,5.67267,-0.7671,12.4221,560.2,0.126,Q2,SR1X3,94.595,5.405000000000001
1688155200,2023-06-30 16:00,2023-06-30,16,4450.23,2023-11-17,1700254800,140.04,put,3890,31.9,32.6,38.17,0.20715,3.0,-0.11111,0.00033,5.22117,-0.32921,-1.93407,560.2,0.126,Q2,SR1X3,94.595,5.405000000000001
1688155200,2023-06-30 16:00,2023-06-30,16,4450.23,2023-11-17,1700254800,140.04,call,3900,636.7,654.2,639.49,0.21996,2.0,0.8704,0.00037,5.71148,-0.76603,12.43899,550.2,0.124,Q2,SR1X3,94.595,5.405000000000001
1688155200,2023-06-30 16:00,2023-06-30,16,4450.23,2023-11-17,1700254800,140.04,put,3900,32.5,33.1,33.03,0.2054,54.0,-0.1128,0.00039,5.29724,-0.33073,-1.97198,550.2,0.124,Q2,SR1X3,94.595,5.405000000000001
1688155200,2023-06-30 16:00,2023-06-30,16,4450.23,2023-11-17,1700254800,140.04,call,3910,627.5,645.0,0.0,0.21774,0.0,0.86794,0.00032,5.7864,-0.76871,12.43414,540.2,0.121,Q2,SR1X3,94.595,5.405000000000001
1688155200,2023-06-30 16:00,2023-06-30,16,4450.23,2023-11-17,1700254800,140.04,put,3910,32.2,34.1,39.98,0.20423,1.0,-0.11437,0.00036,5.36174,-0.33065,-2.0027,540.2,0.121,Q2,SR1X3,94.595,5.405000000000001
1688155200,2023-06-30 16:00,2023-06-30,16,4450.23,2023-11-17,1700254800,140.04,call,3920,617.5,635.9,0.0,0.2157,0.0,0.86591,0.00033,5.8423,-0.76846,12.43956,530.2,0.119,Q2,SR1X3,94.595,5.405000000000001
1688155200,2023-06-30 16:00,2023-06-30,16,4450.23,2023-11-17,1700254800,140.04,put,3920,33.9,34.5,44.0,0.20333,2.0,-0.11815,0.0004,5.4671,-0.33547,-2.05721,530.2,0.119,Q2,SR1X3,94.595,5.405000000000001
1688155200,2023-06-30 16:00,2023-06-30,16,4450.23,2023-11-17,1700254800,140.04,call,3925,617.6,622.9,422.49,0.21225,28.0,0.86755,0.00032,5.78294,-0.75735,12.49709,525.2,0.118,Q2,SR1X3,94.595,5.405000000000001
1688155200,2023-06-30 16:00,2023-06-30,16,4450.23,2023-11-17,1700254800,140.04,put,3925,34.0,34.8,34.7,0.20197,4.0,-0.11964,0.00038,5.50252,-0.33619,-2.07347,525.2,0.118,Q2,SR1X3,94.595,5.405000000000001
1688155200,2023-06-30 16:00,2023-06-30,16,4450.23,2023-11-17,1700254800,140.04,call,3930,609.5,626.8,534.03,0.21543,2.0,0.86223,0.00035,5.95029,-0.77528,12.41306,520.2,0.117,Q2,SR1X3,94.595,5.405000000000001
1688155200,2023-06-30 16:00,2023-06-30,16,4450.23,2023-11-17,1700254800,140.04,put,3930,34.6,35.2,40.43,0.20145,1.0,-0.12115,0.00034,5.55576,-0.33877,-2.1019,520.2,0.117,Q2,SR1X3,94.595,5.405000000000001
1688155200,2023-06-30 16:00,2023-06-30,16,4450.23,2023-11-17,1700254800,140.04,call,3940,600.5,614.1,0.0,0.21036,0.0,0.86319,0.00038,5.94211,-0.76649,12.45957,510.2,0.115,Q2,SR1X3,94.595,5.405000000000001
1688155200,2023-06-30 16:00,2023-06-30,16,4450.23,2023-11-17,1700254800,140.04,put,3940,35.2,36.1,49.5,0.20045,2.0,-0.12401,0.00036,5.64336,-0.34047,-2.14591,510.2,0.115,Q2,SR1X3,94.595,5.405000000000001
1688155200,2023-06-30 16:00,2023-06-30,16,4450.23,2023-11-17,1700254800,140.04,call,3950,591.6,604.9,597.58,0.20883,1.0,0.85944,0.00037,6.02613,-0.76983,12.44705,500.2,0.112,Q2,SR1X3,94.595,5.405000000000001
1688155200,2023-06-30 16:00,2023-06-30,16,4450.23,2023-11-17,1700254800,140.04,put,3950,36.0,36.6,36.12,0.19937,2.0,-0.12596,0.00037,5.72738,-0.34293,-2.18932,500.2,0.112,Q2,SR1X3,94.595,5.405000000000001
1688155200,2023-06-30 16:00,2023-06-30,16,4450.23,2023-11-17,1700254800,140.04,call,3960,582.8,595.4,383.49,0.20739,3.0,0.85746,0.00041,6.10548,-0.77268,12.43757,490.2,0.11,Q2,SR1X3,94.595,5.405000000000001
1688155200,2023-06-30 16:00,2023-06-30,16,4450.23,2023-11-17,1700254800,140.04,put,3960,36.8,38.0,37.93,0.19827,1.0,-0.13016,0.00043,5.8368,-0.3473,-2.24709,490.2,0.11,Q2,SR1X3,94.595,5.405000000000001
1688155200,2023-06-30 16:00,2023-06-30,16,4450.23,2023-11-17,1700254800,140.04,call,3970,573.8,586.2,375.93,0.20573,6.0,0.85483,0.00036,6.18717,-0.77448,12.42525,480.2,0.108,Q2,SR1X3,94.595,5.405000000000001
1688155200,2023-06-30 16:00,2023-06-30,16,4450.23,2023-11-17,1700254800,140.04,put,3970,37.5,38.3,45.75,0.1961,12.0,-0.13193,0.00038,5.9121,-0.34795,-2.28538,480.2,0.108,Q2,SR1X3,94.595,5.405000000000001
1688155200,2023-06-30 16:00,2023-06-30,16,4450.23,2023-11-17,1700254800,140.04,call,3975,569.3,582.0,504.0,0.20556,1.0,0.85235,0.00042,6.23836,-0.77705,12.41265,475.2,0.107,Q2,SR1X3,94.595,5.405000000000001
1688155200,2023-06-30 16:00,2023-06-30,16,4450.23,2023-11-17,1700254800,140.04,put,3975,36.8,39.2,38.28,0.19525,35.0,-0.13283,0.00043,5.94169,-0.34707,-2.30071,475.2,0.107,Q2,SR1X3,94.595,5.405000000000001
1688155200,2023-06-30 16:00,2023-06-30,16,4450.23,2023-11-17,1700254800,140.04,call,3980,567.9,573.2,500.97,0.20422,2.0,0.85275,0.00039,6.25275,-0.77558,12.42362,470.2,0.106,Q2,SR1X3,94.595,5.405000000000001
1688155200,2023-06-30 16:00,2023-06-30,16,4450.23,2023-11-17,1700254800,140.04,put,3980,38.3,39.6,50.35,0.19558,1.0,-0.13599,0.00042,6.01867,-0.35103,-2.3428,470.2,0.106,Q2,SR1X3,94.595,5.405000000000001
1688155200,2023-06-30 16:00,2023-06-30,16,4450.23,2023-11-17,1700254800,140.04,call,3990,556.1,568.2,431.91,0.20306,22.0,0.84863,0.00038,6.36944,-0.78154,12.38777,460.2,0.103,Q2,SR1X3,94.595,5.405000000000001
1688155200,2023-06-30 16:00,2023-06-30,16,4450.23,2023-11-17,1700254800,140.04,put,3990,39.1,39.8,38.99,0.19379,8.0,-0.13814,0.00037,6.09511,-0.35188,-2.3825,460.2,0.103,Q2,SR1X3,94.595,5.405000000000001
1688155200,2023-06-30 16:00,2023-06-30,16,4450.23,2023-11-17,1700254800,140.04,call,4000,547.0,559.2,482.05,0.20143,2.0,0.84522,0.00041,6.45409,-0.78434,12.37238,450.2,0.101,Q2,SR1X3,94.595,5.405000000000001
1688155200,2023-06-30 16:00,2023-06-30,16,4450.23,2023-11-17,1700254800,140.04,put,4000,39.9,40.8,40.13,0.1925,166.0,-0.14173,0.00038,6.19535,-0.35397,-2.43718,450.2,0.101,Q2,SR1X3,94.595,5.405000000000001
1688155200,2023-06-30 16:00,2023-06-30,16,4450.23,2023-11-17,1700254800,140.04,call,4010,538.9,551.4,487.58,0.20175,1.0,0.84028,0.00038,6.58776,-0.79268,12.32065,440.2,0.099,Q2,SR1X3,94.595,5.405000000000001
1688155200,2023-06-30 16:00,2023-06-30,16,4450.23,2023-11-17,1700254800,140.04,put,4010,40.8,41.6,40.87,0.19131,6.0,-0.14521,0.00044,6.28897,-0.35641,-2.48795,440.2,0.099,Q2,SR1X3,94.595,5.405000000000001
1688155200,2023-06-30 16:00,2023-06-30,16,4450.23,2023-11-17,1700254800,140.04,call,4020,529.3,545.6,479.07,0.20231,56.0,0.83572,0.00044,6.72996,-0.80291,12.26233,430.2,0.097,Q2,SR1X3,94.595,5.405000000000001
1688155200,2023-06-30 16:00,2023-06-30,16,4450.23,2023-11-17,1700254800,140.04,put,4020,41.7,42.5,41.76,0.18948,3.0,-0.14839,0.00048,6.38924,-0.35882,-2.54301,430.2,0.097,Q2,SR1X3,94.595,5.405000000000001
1688155200,2023-06-30 16:00,2023-06-30,16,4450.23,2023-11-17,1700254800,140.04,call,4025,524.9,536.1,412.45,0.19807,1.0,0.83762,0.00041,6.6678,-0.78923,12.32865,425.2,0.096,Q2,SR1X3,94.595,5.405000000000001
1688155200,2023-06-30 16:00,2023-06-30,16,4450.23,2023-11-17,1700254800,140.04,put,4025,42.1,42.8,41.68,0.18902,1.0,-0.14969,0.00049,6.43284,-0.35882,-2.56664,425.2,0.096,Q2,SR1X3,94.595,5.405000000000001
1688155200,2023-06-30 16:00,2023-06-30,16,4450.23,2023-11-17,1700254800,140.04,call,4030,520.3,531.8,451.24,0.19729,1.0,0.83563,0.00049,6.71359,-0.7904,12.31731,420.2,0.094,Q2,SR1X3,94.595,5.405000000000001
1688155200,2023-06-30 16:00,2023-06-30,16,4450.23,2023-11-17,1700254800,140.04,put,4030,42.6,43.2,64.0,0.18771,35.0,-0.15138,0.00051,6.48237,-0.35988,-2.59406,420.2,0.094,Q2,SR1X3,94.595,5.405000000000001
1688155200,2023-06-30 16:00,2023-06-30,16,4450.23,2023-11-17,1700254800,140.04,call,4040,511.6,527.8,443.17,0.19933,1.0,0.82889,0.00048,6.91189,-0.80766,12.2152,410.2,0.092,Q2,SR1X3,94.595,5.405000000000001
1688155200,2023-06-30 16:00,2023-06-30,16,4450.23,2023-11-17,1700254800,140.04,put,4040,43.5,44.2,44.48,0.18676,4.0,-0.15502,0.00044,6.58197,-0.36269,-2.65002,410.2,0.092,Q2,SR1X3,94.595,5.405000000000001
1688155200,2023-06-30 16:00,2023-06-30,16,4450.23,2023-11-17,1700254800,140.04,call,4050,505.4,510.7,430.92,0.19339,2.0,0.82982,0.0005,6.89039,-0.79493,12.27533,400.2,0.09,Q2,SR1X3,94.595,5.405000000000001
1688155200,2023-06-30 16:00,2023-06-30,16,4450.23,2023-11-17,1700254800,140.04,put,4050,44.1,45.2,44.39,0.18549,284.0,-0.15828,0.00053,6.6725,-0.36275,-2.70064,400.2,0.09,Q2,SR1X3,94.595,5.405000000000001
1688155200,2023-06-30 16:00,2023-06-30,16,4450.23,2023-11-17,1700254800,140.04,call,4060,494.6,504.9,394.06,0.19349,1.0,0.82517,0.00047,7.00647,-0.80028,12.23141,390.2,0.088,Q2,SR1X3,94.595,5.405000000000001
1688155200,2023-06-30 16:00,2023-06-30,16,4450.23,2023-11-17,1700254800,140.04,put,4060,45.3,46.1,52.68,0.18397,2.0,-0.16212,0.00051,6.77884,-0.36557,-2.76245,390.2,0.088,Q2,SR1X3,94.595,5.405000000000001
1688155200,2023-06-30 16:00,2023-06-30,16,4450.23,2023-11-17,1700254800,140.04,call,4070,485.5,495.9,489.47,0.19182,1.0,0.8218,0.00051,7.0929,-0.80129,12.20935,380.2,0.085,Q2,SR1X3,94.595,5.405000000000001
1688155200,2023-06-30 16:00,2023-06-30,16,4450.23,2023-11-17,1700254800,140.04,put,4070,46.3,47.7,53.83,0.18367,2.0,-0.16644,0.00045,6.8955,-0.36937,-2.8301,380.2,0.085,Q2,SR1X3,94.595,5.405000000000001
1688155200,2023-06-30 16:00,2023-06-30,16,4450.23,2023-11-17,1700254800,140.04,call,4075,480.8,491.4,429.03,0.19038,10.0,0.82054,0.00049,7.13289,-0.80101,12.20082,375.2,0.084,Q2,SR1X3,94.595,5.405000000000001
1688155200,2023-06-30 16:00,2023-06-30,16,4450.23,2023-11-17,1700254800,140.04,put,4075,46.5,47.7,48.07,0.18171,1.0,-0.16769,0.00047,6.92822,-0.36773,-2.84811,375.2,0.084,Q2,SR1X3,94.595,5.405000000000001
1688155200,2023-06-30 16:00,2023-06-30,16,4450.23,2023-11-17,1700254800,140.04,call,4080,476.7,486.9,402.66,0.18992,1.0,0.81849,0.00046,7.18478,-0.80259,12.18288,370.2,0.083,Q2,SR1X3,94.595,5.405000000000001
1688155200,2023-06-30 16:00,2023-06-30,16,4450.23,2023-11-17,1700254800,140.04,put,4080,47.3,48.7,60.31,0.18189,4.0,-0.17044,0.00055,6.99798,-0.37035,-2.88999,370.2,0.083,Q2,SR1X3,94.595,5.405000000000001
1688155200,2023-06-30 16:00,2023-06-30,16,4450.23,2023-11-17,1700254800,140.04,call,4090,467.9,478.0,419.1,0.18861,5.0,0.81433,0.00047,7.27954,-0.8052,12.15314,360.2,0.081,Q2,SR1X3,94.595,5.405000000000001
1688155200,2023-06-30 16:00,2023-06-30,16,4450.23,2023-11-17,1700254800,140.04,put,4090,48.4,49.8,50.33,0.18024,1.0,-0.17448,0.00052,7.10385,-0.37258,-2.95305,360.2,0.081,Q2,SR1X3,94.595,5.405000000000001
1688155200,2023-06-30 16:00,2023-06-30,16,4450.23,2023-11-17,1700254800,140.04,call,4100,459.2,469.1,386.83,0.18644,1.0,0.81101,0.00053,7.3757,-0.80628,12.12051,350.2,0.079,Q2,SR1X3,94.595,5.405000000000001
1688155200,2023-06-30 16:00,2023-06-30,16,4450.23,2023-11-17,1700254800,140.04,put,4100,49.4,50.3,49.13,0.17825,4.0,-0.17821,0.00054,7.1957,-0.37267,-3.00687,350.2,0.079,Q2,SR1X3,94.595,5.405000000000001
1688155200,2023-06-30 16:00,2023-06-30,16,4450.23,2023-11-17,1700254800,140.04,call,4110,450.4,460.3,391.89,0.18471,29.0,0.80646,0.00058,7.47112,-0.80779,12.08684,340.2,0.076,Q2,SR1X3,94.595,5.405000000000001
1688155200,2023-06-30 16:00,2023-06-30,16,4450.23,2023-11-17,1700254800,140.04,put,4110,50.4,51.4,60.66,0.17703,3.0,-0.18243,0.00053,7.30003,-0.37339,-3.0694,340.2,0.076,Q2,SR1X3,94.595,5.405000000000001
1688155200,2023-06-30 16:00,2023-06-30,16,4450.23,2023-11-17,1700254800,140.04,call,4120,444.2,449.3,392.71,0.18362,18.0,0.80203,0.00055,7.57462,-0.81077,12.0466,330.2,0.074,Q2,SR1X3,94.595,5.405000000000001
1688155200,2023-06-30 16:00,2023-06-30,16,4450.23,2023-11-17,1700254800,140.04,put,4120,51.5,52.5,66.47,0.17591,2.0,-0.18736,0.00053,7.40602,-0.37487,-3.1336,330.2,0.074,Q2,SR1X3,94.595,5.405000000000001
1688155200,2023-06-30 16:00,2023-06-30,16,4450.23,2023-11-17,1700254800,140.04,call,4125,437.8,448.2,357.29,0.18353,3.0,0.79922,0.00055,7.64442,-0.81464,12.01088,325.2,0.073,Q2,SR1X3,94.595,5.405000000000001
1688155200,2023-06-30 16:00,2023-06-30,16,4450.23,2023-11-17,1700254800,140.04,put,4125,52.1,53.0,53.27,0.17565,8.0,-0.18973,0.00055,7.45801,-0.3755,-3.16683,325.2,0.073,Q2,SR1X3,94.595,5.405000000000001
1688155200,2023-06-30 16:00,2023-06-30,16,4450.23,2023-11-17,1700254800,140.04,call,4130,433.4,442.8,402.9,0.18287,6.0,0.79862,0.00051,7.67519,-0.81293,12.00705,320.2,0.072,Q2,SR1X3,94.595,5.405000000000001
1688155200,2023-06-30 16:00,2023-06-30,16,4450.23,2023-11-17,1700254800,140.04,put,4130,52.8,54.7,77.47,0.17542,1.0,-0.19226,0.00056,7.53602,-0.37952,-3.21745,320.2,0.072,Q2,SR1X3,94.595,5.405000000000001
1688155200,2023-06-30 16:00,2023-06-30,16,4450.23,2023-11-17,1700254800,140.04,call,4140,424.8,434.0,336.7,0.18082,39.0,0.79355,0.00053,7.77414,-0.81354,11.96712,310.2,0.07,Q2,SR1X3,94.595,5.405000000000001
1688155200,2023-06-30 16:00,2023-06-30,16,4450.23,2023-11-17,1700254800,140.04,put,4140,53.9,54.6,79.46,0.17313,4.0,-0.1966,0.00055,7.61828,-0.37691,-3.26581,310.2,0.07,Q2,SR1X3,94.595,5.405000000000001
1688155200,2023-06-30 16:00,2023-06-30,16,4450.23,2023-11-17,1700254800,140.04,call,4150,416.5,425.4,411.96,0.17947,1.0,0.78896,0.00054,7.88156,-0.81674,11.91936,300.2,0.067,Q2,SR1X3,94.595,5.405000000000001
1688155200,2023-06-30 16:00,2023-06-30,16,4450.23,2023-11-17,1700254800,140.04,put,4150,54.7,56.1,55.21,0.17157,5.0,-0.20075,0.00057,7.72481,-0.3774,-3.33317,300.2,0.067,Q2,SR1X3,94.595,5.405000000000001
1688155200,2023-06-30 16:00,2023-06-30,16,4450.23,2023-11-17,1700254800,140.04,call,4160,408.0,416.8,251.9,0.17787,1.0,0.78488,0.00055,7.98445,-0.81776,11.87338,290.2,0.065,Q2,SR1X3,94.595,5.405000000000001
1688155200,2023-06-30 16:00,2023-06-30,16,4450.23,2023-11-17,1700254800,140.04,put,4160,56.3,57.2,56.5,0.16997,5.0,-0.2054,0.00066,7.83856,-0.37923,-3.40598,290.2,0.065,Q2,SR1X3,94.595,5.405000000000001
1688155200,2023-06-30 16:00,2023-06-30,16,4450.23,2023-11-17,1700254800,140.04,call,4170,396.2,414.2,296.45,0.17813,1.0,0.77762,0.00061,8.12568,-0.8252,11.78875,280.2,0.063,Q2,SR1X3,94.595,5.405000000000001
1688155200,2023-06-30 16:00,2023-06-30,16,4450.23,2023-11-17,1700254800,140.04,put,4170,57.5,58.4,57.8,0.1692,5.0,-0.2111,0.00063,7.94597,-0.3795,-3.4757,280.2,0.063,Q2,SR1X3,94.595,5.405000000000001
1688155200,2023-06-30 16:00,2023-06-30,16,4450.23,2023-11-17,1700254800,140.04,call,4175,395.4,403.8,331.54,0.17593,3.0,0.77793,0.00061,8.13817,-0.81956,11.80122,275.2,0.062,Q2,SR1X3,94.595,5.405000000000001
1688155200,2023-06-30 16:00,2023-06-30,16,4450.23,2023-11-17,1700254800,140.04,put,4175,58.2,59.0,72.48,0.16845,117.0,-0.2135,0.00063,8.00141,-0.37993,-3.51224,275.2,0.062,Q2,SR1X3,94.595,5.405000000000001
1688155200,2023-06-30 16:00,2023-06-30,16,4450.23,2023-11-17,1700254800,140.04,call,4180,391.1,399.5,291.83,0.17559,2.0,0.77512,0.00063,8.18835,-0.82006,11.77666,270.2,0.061,Q2,SR1X3,94.595,5.405000000000001
1688155200,2023-06-30 16:00,2023-06-30,16,4450.23,2023-11-17,1700254800,140.04,put,4180,58.5,59.7,82.0,0.16732,200.0,-0.21622,0.00068,8.05083,-0.3791,-3.54375,270.2,0.061,Q2,SR1X3,94.595,5.405000000000001
1688155200,2023-06-30 16:00,2023-06-30,16,4450.23,2023-11-17,1700254800,140.04,call,4190,382.8,391.0,392.94,0.17355,33.0,0.77008,0.00067,8.29251,-0.82164,11.72438,260.2,0.058,Q2,SR1X3,94.595,5.405000000000001
1688155200,2023-06-30 16:00,2023-06-30,16,4450.23,2023-11-17,1700254800,140.04,put,4190,60.2,62.4,60.0,0.16748,2.0,-0.22199,0.00063,8.1887,-0.38433,-3.64093,260.2,0.058,Q2,SR1X3,94.595,5.405000000000001
1688155200,2023-06-30 16:00,2023-06-30,16,4450.23,2023-11-17,1700254800,140.04,call,4200,370.9,388.7,315.91,0.17403,25.0,0.76365,0.00059,8.43203,-0.8285,11.63438,250.2,0.056,Q2,SR1X3,94.595,5.405000000000001
1688155200,2023-06-30 16:00,2023-06-30,16,4450.23,2023-11-17,1700254800,140.04,put,4200,61.2,62.4,61.35,0.16461,101.0,-0.22638,0.00068,8.27316,-0.38066,-3.69304,250.2,0.056,Q2,SR1X3,94.595,5.405000000000001
1688155200,2023-06-30 16:00,2023-06-30,16,4450.23,2023-11-17,1700254800,140.04,call,4210,362.5,380.2,184.51,0.1728,5.0,0.75797,0.00068,8.5333,-0.82883,11.57929,240.2,0.054,Q2,SR1X3,94.595,5.405000000000001
1688155200,2023-06-30 16:00,2023-06-30,16,4450.23,2023-11-17,1700254800,140.04,put,4210,62.6,63.8,88.16,0.16353,1.0,-0.23262,0.00072,8.38383,-0.38077,-3.76852,240.2,0.054,Q2,SR1X3,94.595,5.405000000000001
1688155200,2023-06-30 16:00,2023-06-30,16,4450.23,2023-11-17,1700254800,140.04,call,4220,360.4,363.1,356.0,0.16998,1.0,0.75378,0.00061,8.60802,-0.82415,11.55065,230.2,0.052,Q2,SR1X3,94.595,5.405000000000001
1688155200,2023-06-30 16:00,2023-06-30,16,4450.23,2023-11-17,1700254800,140.04,put,4220,64.1,65.3,92.39,0.16157,2.0,-0.23807,0.00073,8.49717,-0.38101,-3.84788,230.2,0.052,Q2,SR1X3,94.595,5.405000000000001
1688155200,2023-06-30 16:00,2023-06-30,16,4450.23,2023-11-17,1700254800,140.04,call,4225,350.1,367.7,310.88,0.17033,3.0,0.75018,0.00063,8.69088,-0.82962,11.48694,225.2,0.051,Q2,SR1X3,94.595,5.405000000000001
1688155200,2023-06-30 16:00,2023-06-30,16,4450.23,2023-11-17,1700254800,140.04,put,4225,64.3,66.7,65.15,0.16144,1.0,-0.24136,0.00068,8.55462,-0.38096,-3.88838,225.2,0.051,Q2,SR1X3,94.595,5.405000000000001
1688155200,2023-06-30 16:00,2023-06-30,16,4450.23,2023-11-17,1700254800,140.04,call,4230,352.1,354.8,291.59,0.16788,1.0,0.74901,0.00066,8.71186,-0.82394,11.48919,220.2,0.049,Q2,SR1X3,94.595,5.405000000000001
1688155200,2023-06-30 16:00,2023-06-30,16,4450.23,2023-11-17,1700254800,140.04,put,4230,65.6,66.8,77.85,0.1605,2.0,-0.24423,0.00078,8.60939,-0.38093,-3.92684,220.2,0.049,Q2,SR1X3,94.595,5.405000000000001
1688155200,2023-06-30 16:00,2023-06-30,16,4450.23,2023-11-17,1700254800,140.04,call,4240,337.7,355.2,269.47,0.1677,1.0,0.74185,0.00073,8.84432,-0.83,11.39353,210.2,0.047,Q2,SR1X3,94.595,5.405000000000001
1688155200,2023-06-30 16:00,2023-06-30,16,4450.23,2023-11-17,1700254800,140.04,put,4240,66.6,68.2,83.88,0.15897,1.0,-0.24943,0.00077,8.71195,-0.37891,-3.99849,210.2,0.047,Q2,SR1X3,94.595,5.405000000000001
1688155200,2023-06-30 16:00,2023-06-30,16,4450.23,2023-11-17,1700254800,140.04,call,4250,335.6,338.2,288.38,0.16567,3.0,0.73773,0.00075,8.9203,-0.82483,11.35781,200.2,0.045,Q2,SR1X3,94.595,5.405000000000001
1688155200,2023-06-30 16:00,2023-06-30,16,4450.23,2023-11-17,1700254800,140.04,put,4250,68.8,69.9,68.76,0.15766,75.0,-0.25614,0.00072,8.83179,-0.38015,-4.08848,200.2,0.045,Q2,SR1X3,94.595,5.405000000000001
1688155200,2023-06-30 16:00,2023-06-30,16,4450.23,2023-11-17,1700254800,140.04,call,4260,327.4,338.7,287.98,0.16842,1.0,0.72693,0.00071,9.10755,-0.84206,11.18723,190.2,0.043,Q2,SR1X3,94.595,5.405000000000001
1688155200,2023-06-30 16:00,2023-06-30,16,4450.23,2023-11-17,1700254800,140.04,put,4260,70.3,71.8,83.5,0.15601,5.0,-0.26278,0.00078,8.94326,-0.37958,-4.17229,190.2,0.043,Q2,SR1X3,94.595,5.405000000000001
1688155200,2023-06-30 16:00,2023-06-30,16,4450.23,2023-11-17,1700254800,140.04,call,4270,313.3,321.9,271.29,0.15908,1.0,0.72908,0.00073,9.07083,-0.81207,11.28472,180.2,0.041,Q2,SR1X3,94.595,5.405000000000001
1688155200,2023-06-30 16:00,2023-06-30,16,4450.23,2023-11-17,1700254800,140.04,put,4270,71.9,73.2,73.48,0.15475,2.0,-0.26991,0.00081,9.05004,-0.37847,-4.25159,180.2,0.041,Q2,SR1X3,94.595,5.405000000000001
1688155200,2023-06-30 16:00,2023-06-30,16,4450.23,2023-11-17,1700254800,140.04,call,4275,315.3,318.0,242.85,0.16159,1.0,0.72216,0.00069,9.1819,-0.82376,11.17354,175.2,0.039,Q2,SR1X3,94.595,5.405000000000001
1688155200,2023-06-30 16:00,2023-06-30,16,4450.23,2023-11-17,1700254800,140.04,put,4275,73.0,74.1,74.27,0.15396,6.0,-0.27327,0.00082,9.10765,-0.37838,-4.29585,175.2,0.039,Q2,SR1X3,94.595,5.405000000000001
1688155200,2023-06-30 16:00,2023-06-30,16,4450.23,2023-11-17,1700254800,140.04,call,4280,305.3,322.4,278.82,0.16215,1.0,0.71791,0.00075,9.25562,-0.829,11.10752,170.2,0.038,Q2,SR1X3,94.595,5.405000000000001
1688155200,2023-06-30 16:00,2023-06-30,16,4450.23,2023-11-17,1700254800,140.04,put,4280,73.7,75.8,75.47,0.15376,2.0,-0.27689,0.0008,9.16773,-0.3794,-4.34573,170.2,0.038,Q2,SR1X3,94.595,5.405000000000001
1688155200,2023-06-30 16:00,2023-06-30,16,4450.23,2023-11-17,1700254800,140.04,call,4290,303.2,314.3,301.17,0.16439,2.0,0.70844,0.00074,9.40323,-0.83933,10.96573,160.2,0.036,Q2,SR1X3,94.595,5.405000000000001
1688155200,2023-06-30 16:00,2023-06-30,16,4450.23,2023-11-17,1700254800,140.04,put,4290,75.6,76.6,93.3,0.15176,3.0,-0.28365,0.00082,9.26715,-0.37645,-4.42099,160.2,0.036,Q2,SR1X3,94.595,5.405000000000001
1688155200,2023-06-30 16:00,2023-06-30,16,4450.23,2023-11-17,1700254800,140.04,call,4300,289.4,306.2,293.21,0.15988,4.0,0.70511,0.00078,9.45679,-0.82683,10.94751,150.2,0.034,Q2,SR1X3,94.595,5.405000000000001
1688155200,2023-06-30 16:00,2023-06-30,16,4450.23,2023-11-17,1700254800,140.04,put,4300,77.3,78.8,77.37,0.15006,61.0,-0.2911,0.00092,9.37643,-0.37563,-4.50932,150.2,0.034,Q2,SR1X3,94.595,5.405000000000001
1688155200,2023-06-30 16:00,2023-06-30,16,4450.23,2023-11-17,1700254800,140.04,call,4310,281.5,298.2,285.33,0.15823,8.0,0.69791,0.00074,9.55702,-0.82527,10.86282,140.2,0.032,Q2,SR1X3,94.595,5.405000000000001
1688155200,2023-06-30 16:00,2023-06-30,16,4450.23,2023-11-17,1700254800,140.04,put,4310,76.9,81.0,80.78,0.14836,2.0,-0.29789,0.00084,9.46469,-0.37084,-4.57394,140.2,0.032,Q2,SR1X3,94.595,5.405000000000001
1688155200,2023-06-30 16:00,2023-06-30,16,4450.23,2023-11-17,1700254800,140.04,call,4320,279.4,290.3,274.36,0.15911,1.0,0.68809,0.00078,9.69202,-0.83451,10.71825,130.2,0.029,Q2,SR1X3,94.595,5.405000000000001
1688155200,2023-06-30 16:00,2023-06-30,16,4450.23,2023-11-17,1700254800,140.04,put,4320,80.3,83.3,99.2,0.14719,48.0,-0.30643,0.00089,9.58325,-0.37199,-4.68006,130.2,0.029,Q2,SR1X3,94.595,5.405000000000001
1688155200,2023-06-30 16:00,2023-06-30,16,4450.23,2023-11-17,1700254800,140.04,call,4325,269.9,286.4,227.72,0.15601,2.0,0.68779,0.00083,9.70539,-0.82361,10.7278,125.2,0.028,Q2,SR1X3,94.595,5.405000000000001
1688155200,2023-06-30 16:00,2023-06-30,16,4450.23,2023-11-17,1700254800,140.04,put,4325,82.2,83.4,96.5,0.1472,2.0,-0.31092,0.00096,9.63422,-0.37081,-4.724,125.2,0.028,Q2,SR1X3,94.595,5.405000000000001
1688155200,2023-06-30 16:00,2023-06-30,16,4450.23,2023-11-17,1700254800,140.04,call,4330,266.0,282.4,225.44,0.15497,1.0,0.68349,0.00086,9.75263,-0.82274,10.68288,120.2,0.027,Q2,SR1X3,94.595,5.405000000000001
1688155200,2023-06-30 16:00,2023-06-30,16,4450.23,2023-11-17,1700254800,140.04,put,4330,83.2,84.4,99.22,0.14622,3.0,-0.31456,0.0009,9.68383,-0.37046,-4.76707,120.2,0.027,Q2,SR1X3,94.595,5.405000000000001
1688155200,2023-06-30 16:00,2023-06-30,16,4450.23,2023-11-17,1700254800,140.04,call,4340,258.3,274.6,192.85,0.15366,1.0,0.67644,0.0008,9.84859,-0.82051,10.58824,110.2,0.025,Q2,SR1X3,94.595,5.405000000000001
1688155200,2023-06-30 16:00,2023-06-30,16,4450.23,2023-11-17,1700254800,140.04,put,4340,85.2,86.4,101.67,0.14475,3.0,-0.32255,0.00099,9.78163,-0.3675,-4.85296,110.2,0.025,Q2,SR1X3,94.595,5.405000000000001
1688155200,2023-06-30 16:00,2023-06-30,16,4450.23,2023-11-17,1700254800,140.04,call,4350,250.7,266.9,254.13,0.1524,3.0,0.66877,0.00088,9.94264,-0.81855,10.4893,100.2,0.023,Q2,SR1X3,94.595,5.405000000000001
1688155200,2023-06-30 16:00,2023-06-30,16,4450.23,2023-11-17,1700254800,140.04,put,4350,87.3,88.5,86.91,0.14314,103.0,-0.33194,0.00098,9.87669,-0.36513,-4.93942,100.2,0.023,Q2,SR1X3,94.595,5.405000000000001
1688155200,2023-06-30 16:00,2023-06-30,16,4450.23,2023-11-17,1700254800,140.04,call,4360,243.1,259.2,199.07,0.15067,1.0,0.66131,0.00092,10.03345,-0.81558,10.38697,90.2,0.02,Q2,SR1X3,94.595,5.405000000000001
1688155200,2023-06-30 16:00,2023-06-30,16,4450.23,2023-11-17,1700254800,140.04,put,4360,89.4,90.9,108.17,0.14168,6.0,-0.34012,0.00096,9.9694,-0.36217,-5.02808,90.2,0.02,Q2,SR1X3,94.595,5.405000000000001
1688155200,2023-06-30 16:00,2023-06-30,16,4450.23,2023-11-17,1700254800,140.04,call,4370,241.3,243.6,200.04,0.14877,1.0,0.65441,0.00089,10.11339,-0.80839,10.30146,80.2,0.018,Q2,SR1X3,94.595,5.405000000000001
1688155200,2023-06-30 16:00,2023-06-30,16,4450.23,2023-11-17,1700254800,140.04,put,4370,89.0,93.7,95.79,0.13897,1.0,-0.34908,0.00107,10.04788,-0.35536,-5.0934,80.2,0.018,Q2,SR1X3,94.595,5.405000000000001
1688155200,2023-06-30 16:00,2023-06-30,16,4450.23,2023-11-17,1700254800,140.04,call,4375,237.5,239.9,206.65,0.14788,7.0,0.64998,0.00089,10.1576,-0.80677,10.24682,75.2,0.017,Q2,SR1X3,94.595,5.405000000000001
1688155200,2023-06-30 16:00,2023-06-30,16,4450.23,2023-11-17,1700254800,140.04,put,4375,92.8,94.0,94.7,0.13916,1.0,-0.35399,0.00099,10.09973,-0.35665,-5.15399,75.2,0.017,Q2,SR1X3,94.595,5.405000000000001
1688155200,2023-06-30 16:00,2023-06-30,16,4450.23,2023-11-17,1700254800,140.04,call,4380,233.6,236.1,229.77,0.14679,1.0,0.64653,0.00093,10.20071,-0.805,10.19271,70.2,0.016,Q2,SR1X3,94.595,5.405000000000001
1688155200,2023-06-30 16:00,2023-06-30,16,4450.23,2023-11-17,1700254800,140.04,put,4380,94.0,95.2,93.75,0.1392,1.0,-0.35916,0.001,10.14092,-0.35491,-5.19699,70.2,0.016,Q2,SR1X3,94.595,5.405000000000001
1688155200,2023-06-30 16:00,2023-06-30,16,4450.23,2023-11-17,1700254800,140.04,call,4390,226.2,228.7,222.87,0.14579,1.0,0.63774,0.0009,10.28549,-0.80094,10.07939,60.2,0.014,Q2,SR1X3,94.595,5.405000000000001
1688155200,2023-06-30 16:00,2023-06-30,16,4450.23,2023-11-17,1700254800,140.04,put,4390,93.5,98.9,96.72,0.13622,3.0,-0.36837,0.00114,10.21351,-0.34858,-5.26469,60.2,0.014,Q2,SR1X3,94.595,5.405000000000001
1688155200,2023-06-30 16:00,2023-06-30,16,4450.23,2023-11-17,1700254800,140.04,call,4400,219.1,221.7,219.75,0.14398,8.0,0.62893,0.00096,10.36987,-0.79821,9.95736,50.2,0.011,Q2,SR1X3,94.595,5.405000000000001
1688155200,2023-06-30 16:00,2023-06-30,16,4450.23,2023-11-17,1700254800,140.04,put,4400,98.8,100.4,99.37,0.13531,8.0,-0.37902,0.00114,10.29486,-0.34758,-5.36421,50.2,0.011,Q2,SR1X3,94.595,5.405000000000001
1688155200,2023-06-30 16:00,2023-06-30,16,4450.23,2023-11-17,1700254800,140.04,call,4410,210.1,216.2,208.5,0.14267,1.0,0.62078,0.00094,10.44801,-0.79445,9.83585,40.2,0.009,Q2,SR1X3,94.595,5.405000000000001
1688155200,2023-06-30 16:00,2023-06-30,16,4450.23,2023-11-17,1700254800,140.04,put,4410,101.2,103.0,138.2,0.13455,1.0,-0.38895,0.00118,10.36255,-0.34312,-5.4447,40.2,0.009,Q2,SR1X3,94.595,5.405000000000001
1688155200,2023-06-30 16:00,2023-06-30,16,4450.23,2023-11-17,1700254800,140.04,call,4420,201.4,213.6,162.09,0.14356,1.0,0.61074,0.00094,10.52768,-0.79512,9.69084,30.2,0.007,Q2,SR1X3,94.595,5.405000000000001
1688155200,2023-06-30 16:00,2023-06-30,16,4450.23,2023-11-17,1700254800,140.04,put,4420,102.8,106.4,142.4,0.13215,1.0,-0.4004,0.00116,10.42346,-0.33779,-5.51959,30.2,0.007,Q2,SR1X3,94.595,5.405000000000001
1688155200,2023-06-30 16:00,2023-06-30,16,4450.23,2023-11-17,1700254800,140.04,call,4425,200.9,203.4,158.32,0.1409,2.0,0.60678,0.00102,10.55699,-0.78661,9.64927,25.2,0.006,Q2,SR1X3,94.595,5.405000000000001
1688155200,2023-06-30 16:00,2023-06-30,16,4450.23,2023-11-17,1700254800,140.04,put,4425,104.0,107.6,125.2,0.13121,64.0,-0.40622,0.00122,10.4503,-0.33426,-5.55611,25.2,0.006,Q2,SR1X3,94.595,5.405000000000001
1688155200,2023-06-30 16:00,2023-06-30,16,4450.23,2023-11-17,1700254800,140.04,call,4430,197.4,199.9,156.51,0.13999,1.0,0.60249,0.00104,10.59113,-0.78427,9.58362,20.2,0.005,Q2,SR1X3,94.595,5.405000000000001
1688155200,2023-06-30 16:00,2023-06-30,16,4450.23,2023-11-17,1700254800,140.04,put,4430,103.4,108.4,107.02,0.12949,2.0,-0.41099,0.0012,10.46939,-0.3278,-5.56992,20.2,0.005,Q2,SR1X3,94.595,5.405000000000001
1688155200,2023-06-30 16:00,2023-06-30,16,4450.23,2023-11-17,1700254800,140.04,call,4440,190.4,192.9,193.73,0.13851,18.0,0.59359,0.00101,10.65741,-0.77852,9.44909,10.2,0.002,Q2,SR1X3,94.595,5.405000000000001
1688155200,2023-06-30 16:00,2023-06-30,16,4450.23,2023-11-17,1700254800,140.04,put,4440,109.4,111.7,111.65,0.12955,15.0,-0.42377,0.00122,10.52414,-0.32772,-5.67435,10.2,0.002,Q2,SR1X3,94.595,5.405000000000001
1688155200,2023-06-30 16:00,2023-06-30,16,4450.23,2023-11-17,1700254800,140.04,call,4450,183.7,186.1,186.78,0.13773,13.0,0.58325,0.00106,10.71788,-0.77346,9.30961,0.2,0.0,Q2,SR1X3,94.595,5.405000000000001
1688155200,2023-06-30 16:00,2023-06-30,16,4450.23,2023-11-17,1700254800,140.04,put,4450,112.4,113.7,111.81,0.12762,1.0,-0.43566,0.00129,10.55813,-0.32056,-5.7339,0.2,0.0,Q2,SR1X3,94.595,5.405000000000001
1688155200,2023-06-30 16:00,2023-06-30,16,4450.23,2023-11-17,1700254800,140.04,call,4460,177.0,179.3,175.2,0.13655,1.0,0.57347,0.00106,10.7739,-0.76774,9.16768,9.8,0.002,Q2,SR1X3,94.595,5.405000000000001
1688155200,2023-06-30 16:00,2023-06-30,16,4450.23,2023-11-17,1700254800,140.04,put,4460,115.5,117.0,166.99,0.12659,7.0,-0.44752,0.00126,10.5846,-0.31531,-5.79989,9.8,0.002,Q2,SR1X3,94.595,5.405000000000001
1688155200,2023-06-30 16:00,2023-06-30,16,4450.23,2023-11-17,1700254800,140.04,call,4470,168.7,174.3,180.21,0.13464,3.0,0.56398,0.00103,10.82269,-0.7613,9.0208,19.8,0.004,Q2,SR1X3,94.595,5.405000000000001
1688155200,2023-06-30 16:00,2023-06-30,16,4450.23,2023-11-17,1700254800,140.04,put,4470,118.5,119.8,142.7,0.1246,46.0,-0.46055,0.00134,10.59632,-0.30718,-5.85203,19.8,0.004,Q2,SR1X3,94.595,5.405000000000001
1688155200,2023-06-30 16:00,2023-06-30,16,4450.23,2023-11-17,1700254800,140.04,call,4475,167.2,169.7,154.8,0.13433,1.0,0.55864,0.00102,10.84561,-0.7589,8.944,24.8,0.006,Q2,SR1X3,94.595,5.405000000000001
1688155200,2023-06-30 16:00,2023-06-30,16,4450.23,2023-11-17,1700254800,140.04,put,4475,120.1,121.4,150.03,0.1245,2.0,-0.46768,0.00138,10.5978,-0.30331,-5.87779,24.8,0.006,Q2,SR1X3,94.595,5.405000000000001
1688155200,2023-06-30 16:00,2023-06-30,16,4450.23,2023-11-17,1700254800,140.04,call,4480,158.9,172.7,159.68,0.13439,2.0,0.55371,0.00106,10.86653,-0.7576,8.86539,29.8,0.007,Q2,SR1X3,94.595,5.405000000000001
1688155200,2023-06-30 16:00,2023-06-30,16,4450.23,2023-11-17,1700254800,140.04,put,4480,120.4,124.4,152.0,0.12357,1.0,-0.47469,0.00133,10.59613,-0.29998,-5.901,29.8,0.007,Q2,SR1X3,94.595,5.405000000000001
1688155200,2023-06-30 16:00,2023-06-30,16,4450.23,2023-11-17,1700254800,140.04,call,4490,155.7,161.2,110.42,0.13249,1.0,0.5427,0.00112,10.90235,-0.74701,8.71702,39.8,0.009,Q2,SR1X3,94.595,5.405000000000001
1688155200,2023-06-30 16:00,2023-06-30,16,4450.23,2023-11-17,1700254800,140.04,put,4490,124.9,127.4,131.0,0.12196,2.0,-0.48873,0.0014,10.58331,-0.29267,-5.94964,39.8,0.009,Q2,SR1X3,94.595,5.405000000000001
1688155200,2023-06-30 16:00,2023-06-30,16,4450.23,2023-11-17,1700254800,140.04,call,4500,146.3,153.0,155.22,0.12901,63.0,0.53242,0.00112,10.93221,-0.73127,8.56883,49.8,0.011,Q2,SR1X3,94.595,5.405000000000001
1688155200,2023-06-30 16:00,2023-06-30,16,4450.23,2023-11-17,1700254800,140.04,put,4500,126.6,130.3,127.0,0.11897,4.0,-0.50348,0.00144,10.54321,-0.28137,-5.95962,49.8,0.011,Q2,SR1X3,94.595,5.405000000000001
1688155200,2023-06-30 16:00,2023-06-30,16,4450.23,2023-11-17,1700254800,140.04,call,4510,143.3,148.5,99.9,0.13042,1.0,0.52191,0.00107,10.95424,-0.73191,8.3959,59.8,0.013,Q2,SR1X3,94.595,5.405000000000001
1688155200,2023-06-30 16:00,2023-06-30,16,4450.23,2023-11-17,1700254800,140.04,put,4510,131.4,134.5,0.0,0.11853,0.0,-0.51815,0.00146,10.49985,-0.27484,-5.99841,59.8,0.013,Q2,SR1X3,94.595,5.405000000000001
1688155200,2023-06-30 16:00,2023-06-30,16,4450.23,2023-11-17,1700254800,140.04,call,4520,137.2,142.4,141.96,0.12863,71.0,0.50991,0.00111,10.96789,-0.72384,8.22871,69.8,0.016,Q2,SR1X3,94.595,5.405000000000001
1688155200,2023-06-30 16:00,2023-06-30,16,4450.23,2023-11-17,1700254800,140.04,put,4520,135.4,138.3,134.3,0.11657,45.0,-0.53413,0.00148,10.43025,-0.2664,-6.01112,69.8,0.016,Q2,SR1X3,94.595,5.405000000000001
1688155200,2023-06-30 16:00,2023-06-30,16,4450.23,2023-11-17,1700254800,140.04,call,4525,133.4,143.9,94.8,0.12982,9.0,0.505,0.00114,10.9714,-0.72526,8.14277,74.8,0.017,Q2,SR1X3,94.595,5.405000000000001
1688155200,2023-06-30 16:00,2023-06-30,16,4450.23,2023-11-17,1700254800,140.04,put,4525,135.6,140.2,375.58,0.11543,3.0,-0.54373,0.00152,10.37445,-0.25779,-5.98883,74.8,0.017,Q2,SR1X3,94.595,5.405000000000001
1688155200,2023-06-30 16:00,2023-06-30,16,4450.23,2023-11-17,1700254800,140.04,call,4530,131.2,136.4,135.22,0.12769,6.0,0.49891,0.00116,10.97398,-0.71444,8.05894,79.8,0.018,Q2,SR1X3,94.595,5.405000000000001
1688155200,2023-06-30 16:00,2023-06-30,16,4450.23,2023-11-17,1700254800,140.04,put,4530,137.5,141.5,0.0,0.11363,0.0,-0.55224,0.00162,10.31621,-0.2521,-5.97426,79.8,0.018,Q2,SR1X3,94.595,5.405000000000001
1688155200,2023-06-30 16:00,2023-06-30,16,4450.23,2023-11-17,1700254800,140.04,call,4540,124.7,128.9,111.7,0.12542,55.0,0.48768,0.00119,10.96961,-0.7007,7.8838,89.8,0.02,Q2,SR1X3,94.595,5.405000000000001
1688155200,2023-06-30 16:00,2023-06-30,16,4450.23,2023-11-17,1700254800,140.04,put,4540,143.6,144.9,0.0,0.11312,0.0,-0.56925,0.00156,10.20249,-0.24336,-5.96654,89.8,0.02,Q2,SR1X3,94.595,5.405000000000001
1688155200,2023-06-30 16:00,2023-06-30,16,4450.23,2023-11-17,1700254800,140.04,call,4550,119.1,123.2,124.01,0.12393,43.0,0.47591,0.00113,10.95703,-0.69078,7.70475,99.8,0.022,Q2,SR1X3,94.595,5.405000000000001
1688155200,2023-06-30 16:00,2023-06-30,16,4450.23,2023-11-17,1700254800,140.04,put,4550,145.9,150.3,186.95,0.11098,20.0,-0.58875,0.00166,10.03869,-0.23065,-5.91062,99.8,0.022,Q2,SR1X3,94.595,5.405000000000001
1688155200,2023-06-30 16:00,2023-06-30,16,4450.23,2023-11-17,1700254800,140.04,call,4560,112.0,117.1,113.33,0.12257,1.0,0.46333,0.00114,10.93272,-0.67664,7.51842,109.8,0.025,Q2,SR1X3,94.595,5.405000000000001
1688155200,2023-06-30 16:00,2023-06-30,16,4450.23,2023-11-17,1700254800,140.04,put,4560,151.6,153.8,0.0,0.1095,0.0,-0.60802,0.00172,9.85054,-0.21901,-5.84711,109.8,0.025,Q2,SR1X3,94.595,5.405000000000001
1688155200,2023-06-30 16:00,2023-06-30,16,4450.23,2023-11-17,1700254800,140.04,call,4570,108.9,113.4,70.2,0.12294,20.0,0.45246,0.00113,10.90259,-0.67393,7.34371,119.8,0.027,Q2,SR1X3,94.595,5.405000000000001
1688155200,2023-06-30 16:00,2023-06-30,16,4450.23,2023-11-17,1700254800,140.04,put,4570,150.9,158.8,0.0,0.1045,0.0,-0.63434,0.00183,9.52106,-0.19748,-5.64728,119.8,0.027,Q2,SR1X3,94.595,5.405000000000001
1688155200,2023-06-30 16:00,2023-06-30,16,4450.23,2023-11-17,1700254800,140.04,call,4575,107.6,111.4,104.92,0.12341,20.0,0.44659,0.0012,10.88425,-0.672,7.25737,124.8,0.028,Q2,SR1X3,94.595,5.405000000000001
1688155200,2023-06-30 16:00,2023-06-30,16,4450.23,2023-11-17,1700254800,140.04,put,4575,156.1,163.8,0.0,0.10645,0.0,-0.63816,0.00181,9.49589,-0.20107,-5.70391,124.8,0.028,Q2,SR1X3,94.595,5.405000000000001
1688155200,2023-06-30 16:00,2023-06-30,16,4450.23,2023-11-17,1700254800,140.04,call,4580,105.0,108.1,69.4,0.12286,48.0,0.44045,0.00115,10.86074,-0.66548,7.16225,129.8,0.029,Q2,SR1X3,94.595,5.405000000000001
1688155200,2023-06-30 16:00,2023-06-30,16,4450.23,2023-11-17,1700254800,140.04,put,4580,160.4,162.4,0.0,0.10474,0.0,-0.65179,0.00187,9.30157,-0.1896,-5.58693,129.8,0.029,Q2,SR1X3,94.595,5.405000000000001
1688155200,2023-06-30 16:00,2023-06-30,16,4450.23,2023-11-17,1700254800,140.04,call,4590,100.1,101.4,71.83,0.12024,1.0,0.42804,0.00121,10.80528,-0.65077,6.96837,139.8,0.031,Q2,SR1X3,94.595,5.405000000000001
1688155200,2023-06-30 16:00,2023-06-30,16,4450.23,2023-11-17,1700254800,140.04,put,4590,163.0,171.0,0.0,0.10347,0.0,-0.67406,0.00185,8.99003,-0.17765,-5.44623,139.8,0.031,Q2,SR1X3,94.595,5.405000000000001
1688155200,2023-06-30 16:00,2023-06-30,16,4450.23,2023-11-17,1700254800,140.04,call,4600,93.2,96.8,89.6,0.11886,23.0,0.41495,0.00114,10.7376,-0.63639,6.76926,149.8,0.034,Q2,SR1X3,94.595,5.405000000000001
1688155200,2023-06-30 16:00,2023-06-30,16,4450.23,2023-11-17,1700254800,140.04,put,4600,169.9,171.9,417.0,0.09988,1.0,-0.70408,0.00195,8.46815,-0.15666,-5.13097,149.8,0.034,Q2,SR1X3,94.595,5.405000000000001
1688155200,2023-06-30 16:00,2023-06-30,16,4450.23,2023-11-17,1700254800,140.04,call,4610,88.5,96.0,88.07,0.12014,2.0,0.40482,0.00118,10.67433,-0.6332,6.60209,159.8,0.036,Q2,SR1X3,94.595,5.405000000000001
1688155200,2023-06-30 16:00,2023-06-30,16,4450.23,2023-11-17,1700254800,140.04,put,4610,174.9,177.0,0.0,0.09688,0.0,-0.73494,0.00212,7.88673,-0.13697,-4.78609,159.8,0.036,Q2,SR1X3,94.595,5.405000000000001
1688155200,2023-06-30 16:00,2023-06-30,16,4450.23,2023-11-17,1700254800,140.04,call,4620,84.0,91.7,88.99,0.11936,77.0,0.39312,0.00112,10.59137,-0.62137,6.41343,169.8,0.038,Q2,SR1X3,94.595,5.405000000000001
1688155200,2023-06-30 16:00,2023-06-30,16,4450.23,2023-11-17,1700254800,140.04,put,4620,178.3,183.1,0.0,0.09332,0.0,-0.77338,0.00229,7.03805,-0.11199,-4.24977,169.8,0.038,Q2,SR1X3,94.595,5.405000000000001
1688155200,2023-06-30 16:00,2023-06-30,16,4450.23,2023-11-17,1700254800,140.04,call,4625,83.3,85.1,81.61,0.1172,41.0,0.38557,0.00117,10.53299,-0.60882,6.2962,174.8,0.039,Q2,SR1X3,94.595,5.405000000000001
1688155200,2023-06-30 16:00,2023-06-30,16,4450.23,2023-11-17,1700254800,140.04,put,4625,180.4,185.0,189.11,0.09057,1.0,-0.80072,0.00234,6.37111,-0.09478,-3.80945,174.8,0.039,Q2,SR1X3,94.595,5.405000000000001
1688155200,2023-06-30 16:00,2023-06-30,16,4450.23,2023-11-17,1700254800,140.04,call,4630,79.6,84.5,78.74,0.11757,5.0,0.37901,0.00121,10.48375,-0.60278,6.19996,179.8,0.04,Q2,SR1X3,94.595,5.405000000000001
1688155200,2023-06-30 16:00,2023-06-30,16,4450.23,2023-11-17,1700254800,140.04,put,4630,179.4,189.5,0.0,0.08571,0.0,-0.83917,0.00253,5.36794,-0.07317,-3.14133,179.8,0.04,Q2,SR1X3,94.595,5.405000000000001
1688155200,2023-06-30 16:00,2023-06-30,16,4450.23,2023-11-17,1700254800,140.04,call,4640,75.3,82.5,75.06,0.11718,34.0,0.36772,0.00114,10.38912,-0.59534,6.02559,189.8,0.043,Q2,SR1X3,94.595,5.405000000000001
1688155200,2023-06-30 16:00,2023-06-30,16,4450.23,2023-11-17,1700254800,140.04,put,4640,189.3,195.0,0.0,0.08399,0.0,-0.87953,0.0027,4.217,-0.0534,-2.42225,189.8,0.043,Q2,SR1X3,94.595,5.405000000000001
1688155200,2023-06-30 16:00,2023-06-30,16,4450.23,2023-11-17,1700254800,140.04,call,4650,72.8,74.4,74.98,0.11494,1.0,0.35413,0.00113,10.25669,-0.57702,5.80982,199.8,0.045,Q2,SR1X3,94.595,5.405000000000001
1688155200,2023-06-30 16:00,2023-06-30,16,4450.23,2023-11-17,1700254800,140.04,call,4660,67.3,74.2,69.8,0.11557,1.0,0.34388,0.00112,10.14529,-0.56908,5.63868,209.8,0.047,Q2,SR1X3,94.595,5.405000000000001
1688155200,2023-06-30 16:00,2023-06-30,16,4450.23,2023-11-17,1700254800,140.04,call,4670,63.6,70.1,70.83,0.11471,15.0,0.33156,0.00111,10.00751,-0.55461,5.44529,219.8,0.049,Q2,SR1X3,94.595,5.405000000000001
1688155200,2023-06-30 16:00,2023-06-30,16,4450.23,2023-11-17,1700254800,140.04,call,4675,63.1,64.3,43.2,0.1131,5.0,0.32304,0.00117,9.90875,-0.54182,5.31716,224.8,0.051,Q2,SR1X3,94.595,5.405000000000001
1688155200,2023-06-30 16:00,2023-06-30,16,4450.23,2023-11-17,1700254800,140.04,call,4680,60.0,62.7,51.26,0.11278,1.0,0.3163,0.00116,9.82001,-0.5317,5.20705,229.8,0.052,Q2,SR1X3,94.595,5.405000000000001
1688155200,2023-06-30 16:00,2023-06-30,16,4450.23,2023-11-17,1700254800,140.04,call,4690,57.8,62.5,59.77,0.11385,195.0,0.30837,0.0011,9.71593,-0.53006,5.07769,239.8,0.054,Q2,SR1X3,94.595,5.405000000000001
1688155200,2023-06-30 16:00,2023-06-30,16,4450.23,2023-11-17,1700254800,140.04,call,4700,54.4,55.9,38.4,0.11171,3.0,0.29394,0.00107,9.50621,-0.50724,4.8416,249.8,0.056,Q2,SR1X3,94.595,5.405000000000001
1688155200,2023-06-30 16:00,2023-06-30,16,4450.23,2023-11-17,1700254800,140.04,call,4710,51.2,55.6,49.96,0.11294,4.0,0.28526,0.0011,9.37488,-0.50136,4.69936,259.8,0.058,Q2,SR1X3,94.595,5.405000000000001
1688155200,2023-06-30 16:00,2023-06-30,16,4450.23,2023-11-17,1700254800,140.04,call,4720,48.2,49.4,33.13,0.11026,2.0,0.27087,0.00112,9.13856,-0.478,4.46533,269.8,0.061,Q2,SR1X3,94.595,5.405000000000001
1688155200,2023-06-30 16:00,2023-06-30,16,4450.23,2023-11-17,1700254800,140.04,call,4725,46.8,47.9,27.1,0.10993,5.0,0.26519,0.0011,9.04412,-0.47049,4.37398,274.8,0.062,Q2,SR1X3,94.595,5.405000000000001
1688155200,2023-06-30 16:00,2023-06-30,16,4450.23,2023-11-17,1700254800,140.04,call,4730,45.3,49.3,0.0,0.11119,0.0,0.26255,0.00102,9.00193,-0.47229,4.33284,279.8,0.063,Q2,SR1X3,94.595,5.405000000000001
1688155200,2023-06-30 16:00,2023-06-30,16,4450.23,2023-11-17,1700254800,140.04,call,4740,41.7,43.7,26.78,0.10845,1.0,0.2465,0.00102,8.72526,-0.44647,4.08628,289.8,0.065,Q2,SR1X3,94.595,5.405000000000001
1688155200,2023-06-30 16:00,2023-06-30,16,4450.23,2023-11-17,1700254800,140.04,call,4750,39.4,42.1,42.4,0.10861,65.0,0.23737,0.001,8.55088,-0.43623,3.93717,299.8,0.067,Q2,SR1X3,94.595,5.405000000000001
1688155200,2023-06-30 16:00,2023-06-30,16,4450.23,2023-11-17,1700254800,140.04,call,4775,34.1,35.2,35.73,0.10737,228.0,0.2119,0.00093,8.00785,-0.3999,3.50939,324.8,0.073,Q2,SR1X3,94.595,5.405000000000001
1688155200,2023-06-30 16:00,2023-06-30,16,4450.23,2023-11-17,1700254800,140.04,call,4800,29.1,29.9,28.5,0.10699,6.0,0.18782,0.00087,7.45486,-0.36592,3.11643,349.8,0.079,Q2,SR1X3,94.595,5.405000000000001
1688155200,2023-06-30 16:00,2023-06-30,16,4450.23,2023-11-17,1700254800,140.04,call,4825,24.5,25.6,23.71,0.10643,37.0,0.16572,0.00084,6.89466,-0.3326,2.75519,374.8,0.084,Q2,SR1X3,94.595,5.405000000000001
1688155200,2023-06-30 16:00,2023-06-30,16,4450.23,2023-11-17,1700254800,140.04,call,4850,20.9,21.7,17.69,0.10551,6.0,0.14586,0.00073,6.34434,-0.3019,2.42923,399.8,0.09,Q2,SR1X3,94.595,5.405000000000001
1688155200,2023-06-30 16:00,2023-06-30,16,4450.23,2023-11-17,1700254800,140.04,call,4875,17.1,18.5,18.4,0.10464,2.0,0.12658,0.00067,5.76885,-0.27025,2.11365,424.8,0.095,Q2,SR1X3,94.595,5.405000000000001
1688155200,2023-06-30 16:00,2023-06-30,16,4450.23,2023-11-17,1700254800,140.04,call,4900,14.7,15.6,15.4,0.10448,1.0,0.11115,0.00063,5.25869,-0.24376,1.85414,449.8,0.101,Q2,SR1X3,94.595,5.405000000000001
1688155200,2023-06-30 16:00,2023-06-30,16,4450.23,2023-11-17,1700254800,140.04,call,4925,12.6,13.0,11.3,0.1045,74.0,0.09687,0.00063,4.75936,-0.21834,1.61445,474.8,0.107,Q2,SR1X3,94.595,5.405000000000001
1688155200,2023-06-30 16:00,2023-06-30,16,4450.23,2023-11-17,1700254800,140.04,call,4950,10.5,10.9,8.7,0.10434,21.0,0.08372,0.0005,4.26758,-0.19389,1.39407,499.8,0.112,Q2,SR1X3,94.595,5.405000000000001
1688155200,2023-06-30 16:00,2023-06-30,16,4450.23,2023-11-17,1700254800,140.04,call,4975,8.8,9.2,9.35,0.10475,278.0,0.07167,0.00047,3.8259,-0.17215,1.20638,524.8,0.118,Q2,SR1X3,94.595,5.405000000000001
1688155200,2023-06-30 16:00,2023-06-30,16,4450.23,2023-11-17,1700254800,140.04,call,5000,7.4,7.8,7.7,0.105,50.0,0.06179,0.00039,3.42311,-0.15288,1.04458,549.8,0.124,Q2,SR1X3,94.595,5.405000000000001
1688155200,2023-06-30 16:00,2023-06-30,16,4450.23,2023-11-17,1700254800,140.04,call,5050,5.2,5.5,5.4,0.10512,374.0,0.04597,0.00033,2.69662,-0.11874,0.77219,599.8,0.135,Q2,SR1X3,94.595,5.405000000000001
1688155200,2023-06-30 16:00,2023-06-30,16,4450.23,2023-11-17,1700254800,140.04,call,5100,3.6,4.0,3.8,0.10512,5.0,0.03438,0.00025,2.11197,-0.09214,0.5707,649.8,0.146,Q2,SR1X3,94.595,5.405000000000001
1688155200,2023-06-30 16:00,2023-06-30,16,4450.23,2023-11-17,1700254800,140.04,call,5200,1.9,2.1,1.35,0.10797,1.0,0.01934,0.00012,1.29815,-0.05685,0.31798,749.8,0.168,Q2,SR1X3,94.595,5.405000000000001
1688155200,2023-06-30 16:00,2023-06-30,16,4450.23,2023-11-17,1700254800,140.04,call,5300,1.05,1.25,1.54,0.1114,4.0,0.01157,0.00014,0.82942,-0.03651,0.18831,849.8,0.191,Q2,SR1X3,94.595,5.405000000000001
1688155200,2023-06-30 16:00,2023-06-30,16,4450.23,2023-11-17,1700254800,140.04,call,5400,0.6,0.8,0.55,0.11539,20.0,0.00641,7e-05,0.54501,-0.02449,0.11652,949.8,0.213,Q2,SR1X3,94.595,5.405000000000001
1688155200,2023-06-30 16:00,2023-06-30,16,4450.23,2023-11-17,1700254800,140.04,call,5500,0.4,0.55,0.35,0.12007,2.0,0.00492,-1e-05,0.38464,-0.0179,0.07887,1049.8,0.236,Q2,SR1X3,94.595,5.405000000000001
1692129600,2023-08-15 16:00,2023-08-15,16,4438.11,2023-11-17,1700254800,94.04,call,3350,1125.3,1141.3,878.5,0.32991,0.0,0.96315,0.00011,1.71127,-0.63722,8.15613,1088.1,0.245,Q3,SR1X3,94.59,5.409999999999997
1692129600,2023-08-15 16:00,2023-08-15,16,4438.11,2023-11-17,1700254800,94.04,put,3350,9.0,9.1,9.2,0.32024,44.0,-0.03079,0.00011,1.56168,-0.24418,-0.37,1088.1,0.245,Q3,SR1X3,94.59,5.409999999999997
1692129600,2023-08-15 16:00,2023-08-15,16,4438.11,2023-11-17,1700254800,94.04,call,3375,1106.3,1111.1,0.0,0.32306,0.0,0.96274,8e-05,1.74515,-0.64003,8.21065,1063.1,0.24,Q3,SR1X3,94.59,5.409999999999997
1692129600,2023-08-15 16:00,2023-08-15,16,4438.11,2023-11-17,1700254800,94.04,put,3375,9.3,9.6,8.0,0.31549,4.0,-0.03226,5e-05,1.62866,-0.2507,-0.38901,1063.1,0.24,Q3,SR1X3,94.59,5.409999999999997
1692129600,2023-08-15 16:00,2023-08-15,16,4438.11,2023-11-17,1700254800,94.04,call,3400,1076.9,1092.9,0.0,0.32079,0.0,0.96009,9e-05,1.85388,-0.6589,8.24147,1038.1,0.234,Q3,SR1X3,94.59,5.409999999999997
1692129600,2023-08-15 16:00,2023-08-15,16,4438.11,2023-11-17,1700254800,94.04,put,3400,9.7,10.0,9.5,0.31113,441.0,-0.0333,9e-05,1.69596,-0.25742,-0.40747,1038.1,0.234,Q3,SR1X3,94.59,5.409999999999997
1692129600,2023-08-15 16:00,2023-08-15,16,4438.11,2023-11-17,1700254800,94.04,call,3425,1052.7,1068.7,858.48,0.31611,0.0,0.95791,0.00015,1.92582,-0.66901,8.283,1013.1,0.228,Q3,SR1X3,94.59,5.409999999999997
1692129600,2023-08-15 16:00,2023-08-15,16,4438.11,2023-11-17,1700254800,94.04,put,3425,10.1,10.5,9.9,0.30662,26.0,-0.03584,0.00015,1.76853,-0.26442,-0.42938,1013.1,0.228,Q3,SR1X3,94.59,5.409999999999997
1692129600,2023-08-15 16:00,2023-08-15,16,4438.11,2023-11-17,1700254800,94.04,call,3450,1028.5,1044.5,771.75,0.3113,1.0,0.95605,0.00016,2.00042,-0.67861,8.32473,988.1,0.223,Q3,SR1X3,94.59,5.409999999999997
1692129600,2023-08-15 16:00,2023-08-15,16,4438.11,2023-11-17,1700254800,94.04,put,3450,10.6,10.9,10.3,0.30256,98.0,-0.03764,8e-05,1.84427,-0.2706,-0.45093,988.1,0.223,Q3,SR1X3,94.59,5.409999999999997
1692129600,2023-08-15 16:00,2023-08-15,16,4438.11,2023-11-17,1700254800,94.04,call,3475,1004.4,1020.3,643.91,0.30735,0.0,0.9541,0.00012,2.07949,-0.68902,8.36364,963.1,0.217,Q3,SR1X3,94.59,5.409999999999997
1692129600,2023-08-15 16:00,2023-08-15,16,4438.11,2023-11-17,1700254800,94.04,put,3475,11.1,11.4,10.7,0.29786,1.0,-0.03887,9e-05,1.924,-0.27817,-0.4742,963.1,0.217,Q3,SR1X3,94.59,5.409999999999997
1692129600,2023-08-15 16:00,2023-08-15,16,4438.11,2023-11-17,1700254800,94.04,call,3500,980.3,996.2,1115.05,0.3025,2.0,0.95261,0.00018,2.16445,-0.70054,8.40079,938.1,0.211,Q3,SR1X3,94.59,5.409999999999997
1692129600,2023-08-15 16:00,2023-08-15,16,4438.11,2023-11-17,1700254800,94.04,put,3500,11.6,12.0,12.2,0.2938,2.0,-0.04087,0.0001,2.00948,-0.28654,-0.50071,938.1,0.211,Q3,SR1X3,94.59,5.409999999999997
1692129600,2023-08-15 16:00,2023-08-15,16,4438.11,2023-11-17,1700254800,94.04,call,3510,976.0,980.8,0.0,0.30011,0.0,0.95217,0.00015,2.18173,-0.70109,8.42183,928.1,0.209,Q3,SR1X3,94.59,5.409999999999997
1692129600,2023-08-15 16:00,2023-08-15,16,4438.11,2023-11-17,1700254800,94.04,put,3510,11.8,12.1,10.8,0.29192,1.0,-0.04247,0.0001,2.03856,-0.28826,-0.50856,928.1,0.209,Q3,SR1X3,94.59,5.409999999999997
1692129600,2023-08-15 16:00,2023-08-15,16,4438.11,2023-11-17,1700254800,94.04,call,3520,961.1,976.9,1013.07,0.29874,1.0,0.95063,0.00011,2.23621,-0.70921,8.42935,918.1,0.207,Q3,SR1X3,94.59,5.409999999999997
1692129600,2023-08-15 16:00,2023-08-15,16,4438.11,2023-11-17,1700254800,94.04,put,3520,12.1,12.4,17.81,0.29072,0.0,-0.04322,0.00012,2.08065,-0.29287,-0.52235,918.1,0.207,Q3,SR1X3,94.59,5.409999999999997
1692129600,2023-08-15 16:00,2023-08-15,16,4438.11,2023-11-17,1700254800,94.04,call,3525,961.5,966.3,737.57,0.29694,0.0,0.95053,0.00019,2.23024,-0.7062,8.44408,913.1,0.206,Q3,SR1X3,94.59,5.409999999999997
1692129600,2023-08-15 16:00,2023-08-15,16,4438.11,2023-11-17,1700254800,94.04,put,3525,12.2,12.5,12.0,0.28961,1.0,-0.04359,0.00016,2.09734,-0.29414,-0.52658,913.1,0.206,Q3,SR1X3,94.59,5.409999999999997
1692129600,2023-08-15 16:00,2023-08-15,16,4438.11,2023-11-17,1700254800,94.04,call,3530,951.5,961.5,0.0,0.28419,0.0,0.95634,0.00017,2.01285,-0.66309,8.52917,908.1,0.205,Q3,SR1X3,94.59,5.409999999999997
1692129600,2023-08-15 16:00,2023-08-15,16,4438.11,2023-11-17,1700254800,94.04,put,3530,12.2,12.6,12.6,0.28895,4.0,-0.04423,0.00013,2.11015,-0.29439,-0.5305,908.1,0.205,Q3,SR1X3,94.59,5.409999999999997
1692129600,2023-08-15 16:00,2023-08-15,16,4438.11,2023-11-17,1700254800,94.04,call,3540,938.4,954.3,784.83,0.28,0.0,0.95632,0.00013,1.99918,-0.65839,8.55939,898.1,0.202,Q3,SR1X3,94.59,5.409999999999997
1692129600,2023-08-15 16:00,2023-08-15,16,4438.11,2023-11-17,1700254800,94.04,put,3540,12.6,12.9,13.6,0.28767,6.0,-0.04553,0.00017,2.15656,-0.29919,-0.54528,898.1,0.202,Q3,SR1X3,94.59,5.409999999999997
1692129600,2023-08-15 16:00,2023-08-15,16,4438.11,2023-11-17,1700254800,94.04,call,3550,932.2,948.1,720.65,0.2938,1.0,0.94771,0.00016,2.34739,-0.72297,8.47052,888.1,0.2,Q3,SR1X3,94.59,5.409999999999997
1692129600,2023-08-15 16:00,2023-08-15,16,4438.11,2023-11-17,1700254800,94.04,put,3550,12.8,13.1,13.17,0.28588,8.0,-0.04603,0.00018,2.19147,-0.30186,-0.55638,888.1,0.2,Q3,SR1X3,94.59,5.409999999999997
1692129600,2023-08-15 16:00,2023-08-15,16,4438.11,2023-11-17,1700254800,94.04,call,3560,922.6,938.4,0.0,0.29135,0.0,0.94609,0.00019,2.382,-0.72683,8.48478,878.1,0.198,Q3,SR1X3,94.59,5.409999999999997
1692129600,2023-08-15 16:00,2023-08-15,16,4438.11,2023-11-17,1700254800,94.04,put,3560,13.1,13.4,11.7,0.28381,1.0,-0.04695,0.0001,2.23412,-0.30602,-0.5693,878.1,0.198,Q3,SR1X3,94.59,5.409999999999997
1692129600,2023-08-15 16:00,2023-08-15,16,4438.11,2023-11-17,1700254800,94.04,call,3570,913.0,928.8,0.0,0.29047,0.0,0.94584,0.00016,2.42074,-0.73112,8.49759,868.1,0.196,Q3,SR1X3,94.59,5.409999999999997
1692129600,2023-08-15 16:00,2023-08-15,16,4438.11,2023-11-17,1700254800,94.04,put,3570,13.2,13.5,11.9,0.28189,1.0,-0.04744,0.00013,2.25857,-0.30645,-0.57703,868.1,0.196,Q3,SR1X3,94.59,5.409999999999997
1692129600,2023-08-15 16:00,2023-08-15,16,4438.11,2023-11-17,1700254800,94.04,call,3575,904.8,920.6,742.59,0.27397,0.0,0.9531,0.00019,2.13751,-0.67528,8.60564,863.1,0.194,Q3,SR1X3,94.59,5.409999999999997
1692129600,2023-08-15 16:00,2023-08-15,16,4438.11,2023-11-17,1700254800,94.04,put,3575,13.4,13.8,12.78,0.28139,45.0,-0.04863,0.00016,2.28963,-0.31088,-0.58704,863.1,0.194,Q3,SR1X3,94.59,5.409999999999997
1692129600,2023-08-15 16:00,2023-08-15,16,4438.11,2023-11-17,1700254800,94.04,call,3580,903.4,919.2,0.0,0.28848,0.0,0.94401,0.00013,2.45962,-0.7363,8.51062,858.1,0.193,Q3,SR1X3,94.59,5.409999999999997
1692129600,2023-08-15 16:00,2023-08-15,16,4438.11,2023-11-17,1700254800,94.04,put,3580,13.6,13.9,11.5,0.28095,2.0,-0.04946,0.00012,2.31158,-0.31285,-0.59408,858.1,0.193,Q3,SR1X3,94.59,5.409999999999997
1692129600,2023-08-15 16:00,2023-08-15,16,4438.11,2023-11-17,1700254800,94.04,call,3590,897.4,902.0,0.0,0.27826,0.0,0.94817,0.00015,2.32855,-0.70701,8.58131,848.1,0.191,Q3,SR1X3,94.59,5.409999999999997
1692129600,2023-08-15 16:00,2023-08-15,16,4438.11,2023-11-17,1700254800,94.04,put,3590,13.8,14.2,12.35,0.2793,3.0,-0.0499,0.00019,2.35075,-0.31583,-0.60577,848.1,0.191,Q3,SR1X3,94.59,5.409999999999997
1692129600,2023-08-15 16:00,2023-08-15,16,4438.11,2023-11-17,1700254800,94.04,call,3600,884.3,900.0,884.33,0.28486,1.0,0.94207,0.00022,2.5425,-0.74557,8.53307,838.1,0.189,Q3,SR1X3,94.59,5.409999999999997
1692129600,2023-08-15 16:00,2023-08-15,16,4438.11,2023-11-17,1700254800,94.04,put,3600,14.1,14.4,14.0,0.27739,607.0,-0.05163,0.00016,2.38949,-0.31886,-0.61862,838.1,0.189,Q3,SR1X3,94.59,5.409999999999997
1692129600,2023-08-15 16:00,2023-08-15,16,4438.11,2023-11-17,1700254800,94.04,call,3610,874.7,890.5,0.0,0.28296,0.0,0.94043,0.00018,2.58696,-0.75065,8.54419,828.1,0.187,Q3,SR1X3,94.59,5.409999999999997
1692129600,2023-08-15 16:00,2023-08-15,16,4438.11,2023-11-17,1700254800,94.04,put,3610,14.4,14.7,18.5,0.27524,150.0,-0.05283,0.00012,2.4334,-0.32248,-0.63313,828.1,0.187,Q3,SR1X3,94.59,5.409999999999997
1692129600,2023-08-15 16:00,2023-08-15,16,4438.11,2023-11-17,1700254800,94.04,call,3620,865.2,880.9,0.0,0.28114,0.0,0.93922,0.00018,2.63063,-0.75511,8.55448,818.1,0.184,Q3,SR1X3,94.59,5.409999999999997
1692129600,2023-08-15 16:00,2023-08-15,16,4438.11,2023-11-17,1700254800,94.04,put,3620,14.5,14.9,15.25,0.27396,2.0,-0.05296,0.00021,2.46534,-0.32384,-0.64222,818.1,0.184,Q3,SR1X3,94.59,5.409999999999997
1692129600,2023-08-15 16:00,2023-08-15,16,4438.11,2023-11-17,1700254800,94.04,call,3625,860.4,876.1,641.65,0.28108,0.0,0.9394,0.00017,2.65054,-0.7573,8.56109,813.1,0.183,Q3,SR1X3,94.59,5.409999999999997
1692129600,2023-08-15 16:00,2023-08-15,16,4438.11,2023-11-17,1700254800,94.04,put,3625,14.8,15.1,12.77,0.27334,18.0,-0.05444,0.00021,2.49545,-0.3266,-0.65271,813.1,0.183,Q3,SR1X3,94.59,5.409999999999997
1692129600,2023-08-15 16:00,2023-08-15,16,4438.11,2023-11-17,1700254800,94.04,call,3630,861.0,865.7,669.59,0.27874,0.0,0.93896,0.00016,2.6629,-0.75812,8.56949,808.1,0.182,Q3,SR1X3,94.59,5.409999999999997
1692129600,2023-08-15 16:00,2023-08-15,16,4438.11,2023-11-17,1700254800,94.04,put,3630,14.8,15.2,13.0,0.27143,1.0,-0.0544,0.00015,2.50993,-0.32681,-0.65658,808.1,0.182,Q3,SR1X3,94.59,5.409999999999997
1692129600,2023-08-15 16:00,2023-08-15,16,4438.11,2023-11-17,1700254800,94.04,call,3640,846.1,861.8,740.69,0.27802,0.0,0.93738,0.00017,2.72016,-0.76533,8.57589,798.1,0.18,Q3,SR1X3,94.59,5.409999999999997
1692129600,2023-08-15 16:00,2023-08-15,16,4438.11,2023-11-17,1700254800,94.04,put,3640,15.3,15.6,12.99,0.27064,21.0,-0.05576,0.00016,2.567,-0.33289,-0.67555,798.1,0.18,Q3,SR1X3,94.59,5.409999999999997
1692129600,2023-08-15 16:00,2023-08-15,16,4438.11,2023-11-17,1700254800,94.04,call,3650,841.9,846.6,617.34,0.27575,0.0,0.93642,0.00016,2.75292,-0.76819,8.58969,788.1,0.178,Q3,SR1X3,94.59,5.409999999999997
1692129600,2023-08-15 16:00,2023-08-15,16,4438.11,2023-11-17,1700254800,94.04,put,3650,15.5,15.9,15.0,0.26845,1.0,-0.05776,0.00024,2.60763,-0.33606,-0.68966,788.1,0.178,Q3,SR1X3,94.59,5.409999999999997
1692129600,2023-08-15 16:00,2023-08-15,16,4438.11,2023-11-17,1700254800,94.04,call,3660,827.0,839.8,0.0,0.26945,0.0,0.93738,0.00016,2.69392,-0.75224,8.63758,778.1,0.175,Q3,SR1X3,94.59,5.409999999999997
1692129600,2023-08-15 16:00,2023-08-15,16,4438.11,2023-11-17,1700254800,94.04,put,3660,15.9,16.2,15.82,0.26749,18.0,-0.05873,0.00014,2.65652,-0.33984,-0.70518,778.1,0.175,Q3,SR1X3,94.59,5.409999999999997
1692129600,2023-08-15 16:00,2023-08-15,16,4438.11,2023-11-17,1700254800,94.04,call,3670,817.5,827.5,636.25,0.26213,16.0,0.94015,0.00015,2.62798,-0.73577,8.6874,768.1,0.173,Q3,SR1X3,94.59,5.409999999999997
1692129600,2023-08-15 16:00,2023-08-15,16,4438.11,2023-11-17,1700254800,94.04,put,3670,16.2,16.5,13.17,0.26533,1.0,-0.05969,0.0002,2.70166,-0.34297,-0.72072,768.1,0.173,Q3,SR1X3,94.59,5.409999999999997
1692129600,2023-08-15 16:00,2023-08-15,16,4438.11,2023-11-17,1700254800,94.04,call,3675,818.0,825.5,728.34,0.27585,0.0,0.93011,0.00022,2.96875,-0.80002,8.57583,763.1,0.172,Q3,SR1X3,94.59,5.409999999999997
1692129600,2023-08-15 16:00,2023-08-15,16,4438.11,2023-11-17,1700254800,94.04,put,3675,16.2,16.6,15.7,0.26486,1.0,-0.06029,0.00021,2.71625,-0.34324,-0.72556,763.1,0.172,Q3,SR1X3,94.59,5.409999999999997
1692129600,2023-08-15 16:00,2023-08-15,16,4438.11,2023-11-17,1700254800,94.04,call,3680,808.0,818.0,723.95,0.26082,0.0,0.93852,0.00016,2.67867,-0.74149,8.69564,758.1,0.171,Q3,SR1X3,94.59,5.409999999999997
1692129600,2023-08-15 16:00,2023-08-15,16,4438.11,2023-11-17,1700254800,94.04,put,3680,16.6,16.9,17.21,0.26394,1.0,-0.06196,0.00015,2.75605,-0.34776,-0.73898,758.1,0.171,Q3,SR1X3,94.59,5.409999999999997
1692129600,2023-08-15 16:00,2023-08-15,16,4438.11,2023-11-17,1700254800,94.04,call,3690,798.5,808.5,735.54,0.25922,0.0,0.93661,0.00019,2.73089,-0.7476,8.70273,748.1,0.169,Q3,SR1X3,94.59,5.409999999999997
1692129600,2023-08-15 16:00,2023-08-15,16,4438.11,2023-11-17,1700254800,94.04,put,3690,16.9,17.2,17.84,0.26202,2.0,-0.06298,0.00019,2.80207,-0.35035,-0.75441,748.1,0.169,Q3,SR1X3,94.59,5.409999999999997
1692129600,2023-08-15 16:00,2023-08-15,16,4438.11,2023-11-17,1700254800,94.04,call,3700,789.0,798.9,726.82,0.25762,2.0,0.93502,0.00026,2.7786,-0.75233,8.71203,738.1,0.166,Q3,SR1X3,94.59,5.409999999999997
1692129600,2023-08-15 16:00,2023-08-15,16,4438.11,2023-11-17,1700254800,94.04,put,3700,17.1,17.5,17.72,0.26037,2.0,-0.06423,0.00021,2.84362,-0.35279,-0.76837,738.1,0.166,Q3,SR1X3,94.59,5.409999999999997
1692129600,2023-08-15 16:00,2023-08-15,16,4438.11,2023-11-17,1700254800,94.04,call,3710,779.5,789.4,600.16,0.25639,0.0,0.93393,0.00022,2.83054,-0.75705,8.71931,728.1,0.164,Q3,SR1X3,94.59,5.409999999999997
1692129600,2023-08-15 16:00,2023-08-15,16,4438.11,2023-11-17,1700254800,94.04,put,3710,17.6,17.9,15.15,0.25878,1.0,-0.0661,0.00023,2.90216,-0.35835,-0.78777,728.1,0.164,Q3,SR1X3,94.59,5.409999999999997
1692129600,2023-08-15 16:00,2023-08-15,16,4438.11,2023-11-17,1700254800,94.04,call,3720,770.0,779.9,0.0,0.25492,0.0,0.93252,0.00018,2.88155,-0.76208,8.72724,718.1,0.162,Q3,SR1X3,94.59,5.409999999999997
1692129600,2023-08-15 16:00,2023-08-15,16,4438.11,2023-11-17,1700254800,94.04,put,3720,17.8,18.2,20.52,0.25685,1.0,-0.06732,0.00021,2.94457,-0.36041,-0.80281,718.1,0.162,Q3,SR1X3,94.59,5.409999999999997
1692129600,2023-08-15 16:00,2023-08-15,16,4438.11,2023-11-17,1700254800,94.04,call,3725,765.3,775.2,702.89,0.25453,0.0,0.93165,0.0002,2.91275,-0.76606,8.72914,713.1,0.161,Q3,SR1X3,94.59,5.409999999999997
1692129600,2023-08-15 16:00,2023-08-15,16,4438.11,2023-11-17,1700254800,94.04,put,3725,18.0,18.4,17.4,0.25594,2.0,-0.06742,0.00024,2.97183,-0.36194,-0.81207,713.1,0.161,Q3,SR1X3,94.59,5.409999999999997
1692129600,2023-08-15 16:00,2023-08-15,16,4438.11,2023-11-17,1700254800,94.04,call,3730,760.5,770.5,698.15,0.25347,0.0,0.93116,0.00023,2.93939,-0.76897,8.73208,708.1,0.16,Q3,SR1X3,94.59,5.409999999999997
1692129600,2023-08-15 16:00,2023-08-15,16,4438.11,2023-11-17,1700254800,94.04,put,3730,18.3,18.7,19.01,0.25583,3.0,-0.06934,0.00026,3.00772,-0.3661,-0.82425,708.1,0.16,Q3,SR1X3,94.59,5.409999999999997
1692129600,2023-08-15 16:00,2023-08-15,16,4438.11,2023-11-17,1700254800,94.04,call,3740,751.1,761.0,0.0,0.25141,0.0,0.92888,0.00026,2.9961,-0.7747,8.73751,698.1,0.157,Q3,SR1X3,94.59,5.409999999999997
1692129600,2023-08-15 16:00,2023-08-15,16,4438.11,2023-11-17,1700254800,94.04,put,3740,18.8,19.1,22.2,0.2543,66.0,-0.07084,0.00026,3.06589,-0.37003,-0.84516,698.1,0.157,Q3,SR1X3,94.59,5.409999999999997
1692129600,2023-08-15 16:00,2023-08-15,16,4438.11,2023-11-17,1700254800,94.04,call,3750,741.7,751.5,818.42,0.25055,4.0,0.92746,0.00022,3.05245,-0.78025,8.74273,688.1,0.155,Q3,SR1X3,94.59,5.409999999999997
1692129600,2023-08-15 16:00,2023-08-15,16,4438.11,2023-11-17,1700254800,94.04,put,3750,19.0,19.4,19.85,0.25191,1.0,-0.07147,0.00024,3.10987,-0.37253,-0.86051,688.1,0.155,Q3,SR1X3,94.59,5.409999999999997
1692129600,2023-08-15 16:00,2023-08-15,16,4438.11,2023-11-17,1700254800,94.04,call,3760,732.2,741.9,0.0,0.24796,0.0,0.92607,0.00026,3.10158,-0.78402,8.75052,678.1,0.153,Q3,SR1X3,94.59,5.409999999999997
1692129600,2023-08-15 16:00,2023-08-15,16,4438.11,2023-11-17,1700254800,94.04,put,3760,19.6,19.9,18.53,0.25146,1.0,-0.07435,0.00024,3.17664,-0.37818,-0.88378,678.1,0.153,Q3,SR1X3,94.59,5.409999999999997
1692129600,2023-08-15 16:00,2023-08-15,16,4438.11,2023-11-17,1700254800,94.04,call,3770,722.8,732.7,0.0,0.2472,0.0,0.92371,0.00021,3.16998,-0.79139,8.75042,668.1,0.151,Q3,SR1X3,94.59,5.409999999999997
1692129600,2023-08-15 16:00,2023-08-15,16,4438.11,2023-11-17,1700254800,94.04,put,3770,19.8,20.2,15.68,0.24925,81.0,-0.07585,0.00021,3.22178,-0.37996,-0.8996,668.1,0.151,Q3,SR1X3,94.59,5.409999999999997
1692129600,2023-08-15 16:00,2023-08-15,16,4438.11,2023-11-17,1700254800,94.04,call,3775,718.1,728.0,574.09,0.24623,2.0,0.92302,0.00027,3.20108,-0.79415,8.75215,663.1,0.149,Q3,SR1X3,94.59,5.409999999999997
1692129600,2023-08-15 16:00,2023-08-15,16,4438.11,2023-11-17,1700254800,94.04,put,3775,20.0,20.4,20.95,0.24827,2.0,-0.07597,0.00021,3.24962,-0.38201,-0.91035,663.1,0.149,Q3,SR1X3,94.59,5.409999999999997
1692129600,2023-08-15 16:00,2023-08-15,16,4438.11,2023-11-17,1700254800,94.04,call,3780,718.2,723.2,0.0,0.25335,0.0,0.91666,0.00028,3.40323,-0.82964,8.68572,658.1,0.148,Q3,SR1X3,94.59,5.409999999999997
1692129600,2023-08-15 16:00,2023-08-15,16,4438.11,2023-11-17,1700254800,94.04,put,3780,20.4,20.8,15.6,0.2483,1.0,-0.07735,0.00027,3.29275,-0.38638,-0.92525,658.1,0.148,Q3,SR1X3,94.59,5.409999999999997
1692129600,2023-08-15 16:00,2023-08-15,16,4438.11,2023-11-17,1700254800,94.04,call,3790,707.5,712.0,0.0,0.24679,0.0,0.91792,0.00029,3.3524,-0.81374,8.73191,648.1,0.146,Q3,SR1X3,94.59,5.409999999999997
1692129600,2023-08-15 16:00,2023-08-15,16,4438.11,2023-11-17,1700254800,94.04,put,3790,20.9,21.2,25.96,0.24642,3.0,-0.07968,0.00028,3.35224,-0.39035,-0.94691,648.1,0.146,Q3,SR1X3,94.59,5.409999999999997
1692129600,2023-08-15 16:00,2023-08-15,16,4438.11,2023-11-17,1700254800,94.04,call,3800,699.4,704.2,709.7,0.24932,8.0,0.91308,0.00024,3.51394,-0.83771,8.69412,638.1,0.144,Q3,SR1X3,94.59,5.409999999999997
1692129600,2023-08-15 16:00,2023-08-15,16,4438.11,2023-11-17,1700254800,94.04,put,3800,21.3,21.7,18.25,0.24475,2.0,-0.0815,0.00024,3.41225,-0.39357,-0.96911,638.1,0.144,Q3,SR1X3,94.59,5.409999999999997
1692129600,2023-08-15 16:00,2023-08-15,16,4438.11,2023-11-17,1700254800,94.04,call,3810,687.6,694.8,0.0,0.2445,0.0,0.91388,0.00031,3.49016,-0.82737,8.73022,628.1,0.142,Q3,SR1X3,94.59,5.409999999999997
1692129600,2023-08-15 16:00,2023-08-15,16,4438.11,2023-11-17,1700254800,94.04,put,3810,21.8,22.2,18.49,0.24337,2.0,-0.0836,0.00032,3.47578,-0.39804,-0.99248,628.1,0.142,Q3,SR1X3,94.59,5.409999999999997
1692129600,2023-08-15 16:00,2023-08-15,16,4438.11,2023-11-17,1700254800,94.04,call,3820,678.2,685.5,0.0,0.24314,0.0,0.9118,0.00029,3.55455,-0.83383,8.73109,618.1,0.139,Q3,SR1X3,94.59,5.409999999999997
1692129600,2023-08-15 16:00,2023-08-15,16,4438.11,2023-11-17,1700254800,94.04,put,3820,22.3,22.6,22.45,0.24165,2.0,-0.0858,0.00024,3.53667,-0.40185,-1.01489,618.1,0.139,Q3,SR1X3,94.59,5.409999999999997
1692129600,2023-08-15 16:00,2023-08-15,16,4438.11,2023-11-17,1700254800,94.04,call,3825,675.8,680.8,527.89,0.24548,0.0,0.90788,0.00024,3.66305,-0.85025,8.69884,613.1,0.138,Q3,SR1X3,94.59,5.409999999999997
1692129600,2023-08-15 16:00,2023-08-15,16,4438.11,2023-11-17,1700254800,94.04,put,3825,22.5,22.9,21.9,0.24075,1.0,-0.08629,0.0003,3.56829,-0.40418,-1.0273,613.1,0.138,Q3,SR1X3,94.59,5.409999999999997
1692129600,2023-08-15 16:00,2023-08-15,16,4438.11,2023-11-17,1700254800,94.04,call,3830,668.9,676.1,0.0,0.24125,0.0,0.90941,0.00031,3.61898,-0.83882,8.73094,608.1,0.137,Q3,SR1X3,94.59,5.409999999999997
1692129600,2023-08-15 16:00,2023-08-15,16,4438.11,2023-11-17,1700254800,94.04,put,3830,22.8,23.1,20.07,0.2401,6.0,-0.08778,0.00028,3.60011,-0.40642,-1.03958,608.1,0.137,Q3,SR1X3,94.59,5.409999999999997
1692129600,2023-08-15 16:00,2023-08-15,16,4438.11,2023-11-17,1700254800,94.04,call,3840,657.2,666.8,0.0,0.23647,0.0,0.9106,0.0003,3.60476,-0.83037,8.76367,598.1,0.135,Q3,SR1X3,94.59,5.409999999999997
1692129600,2023-08-15 16:00,2023-08-15,16,4438.11,2023-11-17,1700254800,94.04,put,3840,23.3,23.7,17.5,0.23853,1.0,-0.08938,0.00032,3.66783,-0.41068,-1.06451,598.1,0.135,Q3,SR1X3,94.59,5.409999999999997
1692129600,2023-08-15 16:00,2023-08-15,16,4438.11,2023-11-17,1700254800,94.04,call,3850,652.9,657.4,605.07,0.24138,0.0,0.90255,0.0003,3.83757,-0.86625,8.69223,588.1,0.133,Q3,SR1X3,94.59,5.409999999999997
1692129600,2023-08-15 16:00,2023-08-15,16,4438.11,2023-11-17,1700254800,94.04,put,3850,23.8,24.2,19.49,0.23719,3.0,-0.09145,0.00029,3.73259,-0.41414,-1.08976,588.1,0.133,Q3,SR1X3,94.59,5.409999999999997
1692129600,2023-08-15 16:00,2023-08-15,16,4438.11,2023-11-17,1700254800,94.04,call,3860,643.6,648.1,0.0,0.24039,0.0,0.9003,0.00035,3.9046,-0.87224,8.69003,578.1,0.13,Q3,SR1X3,94.59,5.409999999999997
1692129600,2023-08-15 16:00,2023-08-15,16,4438.11,2023-11-17,1700254800,94.04,put,3860,24.1,24.6,24.42,0.23477,1.0,-0.09341,0.00028,3.78752,-0.41663,-1.10972,578.1,0.13,Q3,SR1X3,94.59,5.409999999999997
1692129600,2023-08-15 16:00,2023-08-15,16,4438.11,2023-11-17,1700254800,94.04,call,3870,634.3,638.8,0.0,0.23833,0.0,0.8977,0.00031,3.97224,-0.87716,8.68722,568.1,0.128,Q3,SR1X3,94.59,5.409999999999997
1692129600,2023-08-15 16:00,2023-08-15,16,4438.11,2023-11-17,1700254800,94.04,put,3870,24.9,25.3,20.44,0.23347,20.0,-0.09601,0.00028,3.86906,-0.42312,-1.14172,568.1,0.128,Q3,SR1X3,94.59,5.409999999999997
1692129600,2023-08-15 16:00,2023-08-15,16,4438.11,2023-11-17,1700254800,94.04,call,3875,628.2,632.6,452.13,0.23413,0.0,0.90021,0.00033,3.91187,-0.862,8.72774,563.1,0.127,Q3,SR1X3,94.59,5.409999999999997
1692129600,2023-08-15 16:00,2023-08-15,16,4438.11,2023-11-17,1700254800,94.04,put,3875,25.0,25.4,24.5,0.23211,1.0,-0.0974,0.00033,3.89144,-0.42219,-1.15041,563.1,0.127,Q3,SR1X3,94.59,5.409999999999997
1692129600,2023-08-15 16:00,2023-08-15,16,4438.11,2023-11-17,1700254800,94.04,call,3880,625.0,629.6,581.63,0.237,15.0,0.89525,0.00034,4.04286,-0.88264,8.6834,558.1,0.126,Q3,SR1X3,94.59,5.409999999999997
1692129600,2023-08-15 16:00,2023-08-15,16,4438.11,2023-11-17,1700254800,94.04,put,3880,25.3,25.7,25.63,0.23141,4.0,-0.09845,0.00036,3.92837,-0.42445,-1.16435,558.1,0.126,Q3,SR1X3,94.59,5.409999999999997
1692129600,2023-08-15 16:00,2023-08-15,16,4438.11,2023-11-17,1700254800,94.04,call,3890,615.8,620.3,545.16,0.23513,0.0,0.89264,0.0003,4.11368,-0.88821,8.67881,548.1,0.123,Q3,SR1X3,94.59,5.409999999999997
1692129600,2023-08-15 16:00,2023-08-15,16,4438.11,2023-11-17,1700254800,94.04,put,3890,26.0,26.5,26.79,0.23048,5.0,-0.10146,0.00035,4.00946,-0.43119,-1.19756,548.1,0.123,Q3,SR1X3,94.59,5.409999999999997
1692129600,2023-08-15 16:00,2023-08-15,16,4438.11,2023-11-17,1700254800,94.04,call,3900,607.8,609.8,616.3,0.23332,8.0,0.88998,0.00038,4.18455,-0.89355,8.6736,538.1,0.121,Q3,SR1X3,94.59,5.409999999999997
1692129600,2023-08-15 16:00,2023-08-15,16,4438.11,2023-11-17,1700254800,94.04,put,3900,26.5,26.9,26.0,0.22823,9.0,-0.10312,0.00039,4.07274,-0.43315,-1.22208,538.1,0.121,Q3,SR1X3,94.59,5.409999999999997
1692129600,2023-08-15 16:00,2023-08-15,16,4438.11,2023-11-17,1700254800,94.04,call,3910,597.3,601.8,0.0,0.23229,0.0,0.88752,0.00033,4.25629,-0.89912,8.66822,528.1,0.119,Q3,SR1X3,94.59,5.409999999999997
1692129600,2023-08-15 16:00,2023-08-15,16,4438.11,2023-11-17,1700254800,94.04,put,3910,27.3,27.8,27.07,0.22774,1.0,-0.10678,0.0004,4.16004,-0.44066,-1.25819,528.1,0.119,Q3,SR1X3,94.59,5.409999999999997
1692129600,2023-08-15 16:00,2023-08-15,16,4438.11,2023-11-17,1700254800,94.04,call,3920,588.1,592.6,0.0,0.23036,0.0,0.88541,0.00032,4.32936,-0.90455,8.6615,518.1,0.117,Q3,SR1X3,94.59,5.409999999999997
1692129600,2023-08-15 16:00,2023-08-15,16,4438.11,2023-11-17,1700254800,94.04,put,3920,27.7,28.2,23.86,0.22577,63.0,-0.10837,0.0004,4.22017,-0.44162,-1.28225,518.1,0.117,Q3,SR1X3,94.59,5.409999999999997
1692129600,2023-08-15 16:00,2023-08-15,16,4438.11,2023-11-17,1700254800,94.04,call,3925,582.1,586.4,444.4,0.22599,0.0,0.88732,0.00041,4.27987,-0.88999,8.69827,513.1,0.116,Q3,SR1X3,94.59,5.409999999999997
1692129600,2023-08-15 16:00,2023-08-15,16,4438.11,2023-11-17,1700254800,94.04,put,3925,28.2,28.7,26.91,0.22484,1.0,-0.11039,0.00039,4.26717,-0.44573,-1.30112,513.1,0.116,Q3,SR1X3,94.59,5.409999999999997
1692129600,2023-08-15 16:00,2023-08-15,16,4438.11,2023-11-17,1700254800,94.04,call,3930,578.9,583.4,0.0,0.2292,0.0,0.88279,0.00039,4.40389,-0.90961,8.65437,508.1,0.114,Q3,SR1X3,94.59,5.409999999999997
1692129600,2023-08-15 16:00,2023-08-15,16,4438.11,2023-11-17,1700254800,94.04,put,3930,28.4,28.9,26.4,0.22412,62.0,-0.11136,0.00035,4.2987,-0.4459,-1.31335,508.1,0.114,Q3,SR1X3,94.59,5.409999999999997
1692129600,2023-08-15 16:00,2023-08-15,16,4438.11,2023-11-17,1700254800,94.04,call,3940,569.7,574.3,524.08,0.22711,0.0,0.87953,0.00036,4.48148,-0.91454,8.64461,498.1,0.112,Q3,SR1X3,94.59,5.409999999999997
1692129600,2023-08-15 16:00,2023-08-15,16,4438.11,2023-11-17,1700254800,94.04,put,3940,29.3,29.8,26.78,0.22319,15.0,-0.11487,0.0004,4.39045,-0.45316,-1.35191,498.1,0.112,Q3,SR1X3,94.59,5.409999999999997
1692129600,2023-08-15 16:00,2023-08-15,16,4438.11,2023-11-17,1700254800,94.04,call,3950,558.8,565.2,655.16,0.22369,1.0,0.87856,0.00036,4.51261,-0.91127,8.65723,488.1,0.11,Q3,SR1X3,94.59,5.409999999999997
1692129600,2023-08-15 16:00,2023-08-15,16,4438.11,2023-11-17,1700254800,94.04,put,3950,29.9,30.5,25.3,0.22188,25.0,-0.11797,0.00042,4.46426,-0.45619,-1.38275,488.1,0.11,Q3,SR1X3,94.59,5.409999999999997
1692129600,2023-08-15 16:00,2023-08-15,16,4438.11,2023-11-17,1700254800,94.04,call,3960,551.4,556.0,383.35,0.22376,0.0,0.87324,0.00039,4.63599,-0.92567,8.62499,478.1,0.108,Q3,SR1X3,94.59,5.409999999999997
1692129600,2023-08-15 16:00,2023-08-15,16,4438.11,2023-11-17,1700254800,94.04,put,3960,30.7,31.2,25.97,0.22013,1.0,-0.12111,0.00045,4.54558,-0.46062,-1.41748,478.1,0.108,Q3,SR1X3,94.59,5.409999999999997
1692129600,2023-08-15 16:00,2023-08-15,16,4438.11,2023-11-17,1700254800,94.04,call,3970,542.3,546.9,560.28,0.22212,1.0,0.87091,0.00037,4.71636,-0.93033,8.61244,468.1,0.105,Q3,SR1X3,94.59,5.409999999999997
1692129600,2023-08-15 16:00,2023-08-15,16,4438.11,2023-11-17,1700254800,94.04,put,3970,31.2,31.8,31.19,0.21751,1.0,-0.12317,0.00041,4.61806,-0.46257,-1.4478,468.1,0.105,Q3,SR1X3,94.59,5.409999999999997
1692129600,2023-08-15 16:00,2023-08-15,16,4438.11,2023-11-17,1700254800,94.04,call,3975,537.8,542.4,574.28,0.22175,6.0,0.86886,0.0004,4.75947,-0.93375,8.605,463.1,0.104,Q3,SR1X3,94.59,5.409999999999997
1692129600,2023-08-15 16:00,2023-08-15,16,4438.11,2023-11-17,1700254800,94.04,put,3975,31.8,32.4,29.7,0.21737,1.0,-0.12518,0.00042,4.67151,-0.46784,-1.47119,463.1,0.104,Q3,SR1X3,94.59,5.409999999999997
1692129600,2023-08-15 16:00,2023-08-15,16,4438.11,2023-11-17,1700254800,94.04,call,3980,533.2,537.8,533.23,0.22076,1.0,0.8674,0.00044,4.79673,-0.93616,8.6001,458.1,0.103,Q3,SR1X3,94.59,5.409999999999997
1692129600,2023-08-15 16:00,2023-08-15,16,4438.11,2023-11-17,1700254800,94.04,put,3980,32.2,32.8,24.21,0.21684,1.0,-0.12722,0.00046,4.71394,-0.46968,-1.48955,458.1,0.103,Q3,SR1X3,94.59,5.409999999999997
1692129600,2023-08-15 16:00,2023-08-15,16,4438.11,2023-11-17,1700254800,94.04,call,3990,524.2,528.8,617.59,0.21913,2.0,0.8641,0.00039,4.88214,-0.94179,8.58447,448.1,0.101,Q3,SR1X3,94.59,5.409999999999997
1692129600,2023-08-15 16:00,2023-08-15,16,4438.11,2023-11-17,1700254800,94.04,put,3990,33.0,33.6,27.8,0.21547,1.0,-0.13073,0.00046,4.79793,-0.47407,-1.52648,448.1,0.101,Q3,SR1X3,94.59,5.409999999999997
1692129600,2023-08-15 16:00,2023-08-15,16,4438.11,2023-11-17,1700254800,94.04,call,4000,513.6,520.9,534.15,0.21737,200.0,0.86057,0.00045,4.95546,-0.94482,8.57487,438.1,0.099,Q3,SR1X3,94.59,5.409999999999997
1692129600,2023-08-15 16:00,2023-08-15,16,4438.11,2023-11-17,1700254800,94.04,put,4000,33.8,34.4,32.86,0.21365,400.0,-0.13422,0.00045,4.88212,-0.47778,-1.56431,438.1,0.099,Q3,SR1X3,94.59,5.409999999999997
1692129600,2023-08-15 16:00,2023-08-15,16,4438.11,2023-11-17,1700254800,94.04,call,4010,506.1,510.7,530.85,0.21647,1.0,0.85697,0.00046,5.04732,-0.9512,8.55515,428.1,0.096,Q3,SR1X3,94.59,5.409999999999997
1692129600,2023-08-15 16:00,2023-08-15,16,4438.11,2023-11-17,1700254800,94.04,put,4010,34.6,35.3,27.36,0.21188,1.0,-0.13762,0.00049,4.96922,-0.48154,-1.60285,428.1,0.096,Q3,SR1X3,94.59,5.409999999999997
1692129600,2023-08-15 16:00,2023-08-15,16,4438.11,2023-11-17,1700254800,94.04,call,4020,495.9,500.0,589.87,0.21206,1.0,0.85669,0.00051,5.06306,-0.94325,8.57495,418.1,0.094,Q3,SR1X3,94.59,5.409999999999997
1692129600,2023-08-15 16:00,2023-08-15,16,4438.11,2023-11-17,1700254800,94.04,put,4020,35.5,36.1,26.88,0.2113,30.0,-0.14079,0.00051,5.05605,-0.48577,-1.64287,418.1,0.094,Q3,SR1X3,94.59,5.409999999999997
1692129600,2023-08-15 16:00,2023-08-15,16,4438.11,2023-11-17,1700254800,94.04,call,4025,492.7,497.2,510.38,0.21429,1.0,0.85186,0.00052,5.17745,-0.95948,8.52797,413.1,0.093,Q3,SR1X3,94.59,5.409999999999997
1692129600,2023-08-15 16:00,2023-08-15,16,4438.11,2023-11-17,1700254800,94.04,put,4025,36.0,36.6,35.5,0.20997,200.0,-0.14258,0.0005,5.1035,-0.48827,-1.66428,413.1,0.093,Q3,SR1X3,94.59,5.409999999999997
1692129600,2023-08-15 16:00,2023-08-15,16,4438.11,2023-11-17,1700254800,94.04,call,4030,488.2,492.8,451.24,0.21368,1.0,0.84961,0.00052,5.22193,-0.96167,8.51751,408.1,0.092,Q3,SR1X3,94.59,5.409999999999997
1692129600,2023-08-15 16:00,2023-08-15,16,4438.11,2023-11-17,1700254800,94.04,put,4030,36.4,37.0,60.25,0.20968,0.0,-0.14422,0.00046,5.14374,-0.48894,-1.6822,408.1,0.092,Q3,SR1X3,94.59,5.409999999999997
1692129600,2023-08-15 16:00,2023-08-15,16,4438.11,2023-11-17,1700254800,94.04,call,4040,479.3,483.8,500.75,0.21164,1.0,0.84617,0.00052,5.30987,-0.96734,8.49762,398.1,0.09,Q3,SR1X3,94.59,5.409999999999997
1692129600,2023-08-15 16:00,2023-08-15,16,4438.11,2023-11-17,1700254800,94.04,put,4040,37.3,38.0,34.44,0.20732,1.0,-0.14826,0.00052,5.23781,-0.49368,-1.72577,398.1,0.09,Q3,SR1X3,94.59,5.409999999999997
1692129600,2023-08-15 16:00,2023-08-15,16,4438.11,2023-11-17,1700254800,94.04,call,4050,469.1,473.2,499.33,0.20749,2.0,0.84523,0.00054,5.33225,-0.95796,8.51399,388.1,0.087,Q3,SR1X3,94.59,5.409999999999997
1692129600,2023-08-15 16:00,2023-08-15,16,4438.11,2023-11-17,1700254800,94.04,put,4050,38.3,38.9,32.61,0.20628,1108.0,-0.15257,0.00048,5.32871,-0.49793,-1.7684,388.1,0.087,Q3,SR1X3,94.59,5.409999999999997
1692129600,2023-08-15 16:00,2023-08-15,16,4438.11,2023-11-17,1700254800,94.04,call,4060,461.6,466.0,503.77,0.20869,20.0,0.83876,0.00046,5.49123,-0.9775,8.45232,378.1,0.085,Q3,SR1X3,94.59,5.409999999999997
1692129600,2023-08-15 16:00,2023-08-15,16,4438.11,2023-11-17,1700254800,94.04,put,4060,39.0,39.6,37.05,0.20464,1.0,-0.15583,0.00049,5.408,-0.49859,-1.80573,378.1,0.085,Q3,SR1X3,94.59,5.409999999999997
1692129600,2023-08-15 16:00,2023-08-15,16,4438.11,2023-11-17,1700254800,94.04,call,4070,453.0,457.1,557.09,0.20715,2.0,0.83437,0.0005,5.58542,-0.98297,8.42652,368.1,0.083,Q3,SR1X3,94.59,5.409999999999997
1692129600,2023-08-15 16:00,2023-08-15,16,4438.11,2023-11-17,1700254800,94.04,put,4070,40.3,40.9,31.46,0.20336,4.0,-0.1605,0.00058,5.5144,-0.50497,-1.8573,368.1,0.083,Q3,SR1X3,94.59,5.409999999999997
1692129600,2023-08-15 16:00,2023-08-15,16,4438.11,2023-11-17,1700254800,94.04,call,4075,448.6,452.7,453.18,0.20683,0.0,0.83231,0.00055,5.63208,-0.98509,8.41363,363.1,0.082,Q3,SR1X3,94.59,5.409999999999997
1692129600,2023-08-15 16:00,2023-08-15,16,4438.11,2023-11-17,1700254800,94.04,put,4075,40.8,41.5,38.6,0.20244,1.0,-0.16254,0.00058,5.56259,-0.50771,-1.8811,363.1,0.082,Q3,SR1X3,94.59,5.409999999999997
1692129600,2023-08-15 16:00,2023-08-15,16,4438.11,2023-11-17,1700254800,94.04,call,4080,443.9,448.3,294.61,0.2056,0.0,0.82998,0.00052,5.67243,-0.98614,8.40413,358.1,0.081,Q3,SR1X3,94.59,5.409999999999997
1692129600,2023-08-15 16:00,2023-08-15,16,4438.11,2023-11-17,1700254800,94.04,put,4080,41.5,42.0,39.11,0.20238,8.0,-0.16506,0.00057,5.613,-0.50938,-1.90593,358.1,0.081,Q3,SR1X3,94.59,5.409999999999997
1692129600,2023-08-15 16:00,2023-08-15,16,4438.11,2023-11-17,1700254800,94.04,call,4090,435.4,439.5,456.96,0.20382,2.0,0.82521,0.00051,5.77083,-0.99206,8.37445,348.1,0.078,Q3,SR1X3,94.59,5.409999999999997
1692129600,2023-08-15 16:00,2023-08-15,16,4438.11,2023-11-17,1700254800,94.04,put,4090,42.2,42.8,32.04,0.20016,1.0,-0.16939,0.00056,5.69587,-0.51012,-1.94621,348.1,0.078,Q3,SR1X3,94.59,5.409999999999997
1692129600,2023-08-15 16:00,2023-08-15,16,4438.11,2023-11-17,1700254800,94.04,call,4100,426.7,430.8,444.39,0.20264,1.0,0.82141,0.0006,5.86706,-0.99622,8.34438,338.1,0.076,Q3,SR1X3,94.59,5.409999999999997
1692129600,2023-08-15 16:00,2023-08-15,16,4438.11,2023-11-17,1700254800,94.04,put,4100,43.3,43.9,41.81,0.19813,301.0,-0.17304,0.00053,5.79245,-0.5137,-1.99491,338.1,0.076,Q3,SR1X3,94.59,5.409999999999997
1692129600,2023-08-15 16:00,2023-08-15,16,4438.11,2023-11-17,1700254800,94.04,call,4110,417.7,422.1,423.15,0.20078,0.0,0.81631,0.00057,5.95657,-1.00006,8.31802,328.1,0.074,Q3,SR1X3,94.59,5.409999999999997
1692129600,2023-08-15 16:00,2023-08-15,16,4438.11,2023-11-17,1700254800,94.04,put,4110,44.6,45.3,43.8,0.19775,12.0,-0.17824,0.0006,5.89906,-0.51954,-2.04991,328.1,0.074,Q3,SR1X3,94.59,5.409999999999997
1692129600,2023-08-15 16:00,2023-08-15,16,4438.11,2023-11-17,1700254800,94.04,call,4120,409.0,413.4,555.52,0.19941,33.0,0.81181,0.00057,6.0515,-1.00354,8.28655,318.1,0.072,Q3,SR1X3,94.59,5.409999999999997
1692129600,2023-08-15 16:00,2023-08-15,16,4438.11,2023-11-17,1700254800,94.04,put,4120,45.9,46.7,52.52,0.19577,5.0,-0.18361,0.00059,6.00409,-0.52357,-2.10457,318.1,0.072,Q3,SR1X3,94.59,5.409999999999997
1692129600,2023-08-15 16:00,2023-08-15,16,4438.11,2023-11-17,1700254800,94.04,call,4125,404.7,409.1,421.01,0.19879,2.0,0.80915,0.00055,6.10136,-1.00616,8.26931,313.1,0.071,Q3,SR1X3,94.59,5.409999999999997
1692129600,2023-08-15 16:00,2023-08-15,16,4438.11,2023-11-17,1700254800,94.04,put,4125,46.0,46.9,44.72,0.19451,60.0,-0.18517,0.00063,6.03677,-0.52161,-2.12037,313.1,0.071,Q3,SR1X3,94.59,5.409999999999997
1692129600,2023-08-15 16:00,2023-08-15,16,4438.11,2023-11-17,1700254800,94.04,call,4130,400.4,404.8,418.63,0.198,2.0,0.80728,0.00056,6.14964,-1.00808,8.25211,308.1,0.069,Q3,SR1X3,94.59,5.409999999999997
1692129600,2023-08-15 16:00,2023-08-15,16,4438.11,2023-11-17,1700254800,94.04,put,4130,47.0,47.9,53.67,0.19422,5.0,-0.18879,0.00061,6.1012,-0.52698,-2.15523,308.1,0.069,Q3,SR1X3,94.59,5.409999999999997
1692129600,2023-08-15 16:00,2023-08-15,16,4438.11,2023-11-17,1700254800,94.04,call,4140,391.8,396.2,386.28,0.19635,12.0,0.80158,0.00064,6.24735,-1.01198,8.21654,298.1,0.067,Q3,SR1X3,94.59,5.409999999999997
1692129600,2023-08-15 16:00,2023-08-15,16,4438.11,2023-11-17,1700254800,94.04,put,4140,48.2,49.0,44.51,0.19248,2.0,-0.1939,0.0006,6.19727,-0.52865,-2.20613,298.1,0.067,Q3,SR1X3,94.59,5.409999999999997
1692129600,2023-08-15 16:00,2023-08-15,16,4438.11,2023-11-17,1700254800,94.04,call,4150,383.6,387.5,382.39,0.19556,8.0,0.79718,0.00059,6.34843,-1.01732,8.17821,288.1,0.065,Q3,SR1X3,94.59,5.409999999999997
1692129600,2023-08-15 16:00,2023-08-15,16,4438.11,2023-11-17,1700254800,94.04,put,4150,49.7,50.6,50.45,0.19221,16.0,-0.19967,0.00065,6.3072,-0.53339,-2.267,288.1,0.065,Q3,SR1X3,94.59,5.409999999999997
1692129600,2023-08-15 16:00,2023-08-15,16,4438.11,2023-11-17,1700254800,94.04,call,4160,374.7,379.1,493.9,0.19332,1.0,0.79135,0.00066,6.44341,-1.01949,8.14184,278.1,0.063,Q3,SR1X3,94.59,5.409999999999997
1692129600,2023-08-15 16:00,2023-08-15,16,4438.11,2023-11-17,1700254800,94.04,put,4160,50.5,51.2,51.9,0.18921,10.0,-0.20349,0.00063,6.3876,-0.53118,-2.30967,278.1,0.063,Q3,SR1X3,94.59,5.409999999999997
1692129600,2023-08-15 16:00,2023-08-15,16,4438.11,2023-11-17,1700254800,94.04,call,4170,366.2,370.6,375.07,0.1924,0.0,0.78608,0.00069,6.54202,-1.02298,8.10148,268.1,0.06,Q3,SR1X3,94.59,5.409999999999997
1692129600,2023-08-15 16:00,2023-08-15,16,4438.11,2023-11-17,1700254800,94.04,put,4170,51.9,52.6,50.14,0.18808,4.0,-0.20907,0.00068,6.49149,-0.53427,-2.36731,268.1,0.06,Q3,SR1X3,94.59,5.409999999999997
1692129600,2023-08-15 16:00,2023-08-15,16,4438.11,2023-11-17,1700254800,94.04,call,4175,361.9,366.3,488.7,0.19159,40.0,0.78332,0.00064,6.58937,-1.02373,8.08236,263.1,0.059,Q3,SR1X3,94.59,5.409999999999997
1692129600,2023-08-15 16:00,2023-08-15,16,4438.11,2023-11-17,1700254800,94.04,put,4175,53.1,53.9,50.66,0.18782,20.0,-0.21354,0.00073,6.55857,-0.53977,-2.40728,263.1,0.059,Q3,SR1X3,94.59,5.409999999999997
1692129600,2023-08-15 16:00,2023-08-15,16,4438.11,2023-11-17,1700254800,94.04,call,4180,356.6,360.4,291.83,0.18823,0.0,0.78256,0.00067,6.60057,-1.01505,8.09075,258.1,0.058,Q3,SR1X3,94.59,5.409999999999997
1692129600,2023-08-15 16:00,2023-08-15,16,4438.11,2023-11-17,1700254800,94.04,put,4180,53.8,54.6,52.36,0.18698,43.0,-0.21552,0.00073,6.60942,-0.54043,-2.43614,258.1,0.058,Q3,SR1X3,94.59,5.409999999999997
1692129600,2023-08-15 16:00,2023-08-15,16,4438.11,2023-11-17,1700254800,94.04,call,4190,349.3,353.7,377.14,0.18914,2.0,0.77518,0.00068,6.73953,-1.02814,8.01699,248.1,0.056,Q3,SR1X3,94.59,5.409999999999997
1692129600,2023-08-15 16:00,2023-08-15,16,4438.11,2023-11-17,1700254800,94.04,put,4190,55.3,55.9,57.3,0.18527,1.0,-0.22211,0.00076,6.71045,-0.54277,-2.4952,248.1,0.056,Q3,SR1X3,94.59,5.409999999999997
1692129600,2023-08-15 16:00,2023-08-15,16,4438.11,2023-11-17,1700254800,94.04,call,4200,341.4,345.1,354.31,0.18752,15.0,0.76926,0.00071,6.84251,-1.0319,7.96859,238.1,0.054,Q3,SR1X3,94.59,5.409999999999997
1692129600,2023-08-15 16:00,2023-08-15,16,4438.11,2023-11-17,1700254800,94.04,put,4200,56.7,57.6,57.4,0.18379,116.0,-0.22781,0.00075,6.8142,-0.54473,-2.55679,238.1,0.054,Q3,SR1X3,94.59,5.409999999999997
1692129600,2023-08-15 16:00,2023-08-15,16,4438.11,2023-11-17,1700254800,94.04,call,4210,332.7,337.0,184.94,0.18636,0.0,0.7631,0.00077,6.93952,-1.0337,7.9226,228.1,0.051,Q3,SR1X3,94.59,5.409999999999997
1692129600,2023-08-15 16:00,2023-08-15,16,4438.11,2023-11-17,1700254800,94.04,put,4210,58.0,59.1,54.68,0.18221,6.0,-0.23381,0.00079,6.91317,-0.54544,-2.61597,228.1,0.051,Q3,SR1X3,94.59,5.409999999999997
1692129600,2023-08-15 16:00,2023-08-15,16,4438.11,2023-11-17,1700254800,94.04,call,4220,324.4,328.8,356.0,0.18438,0.0,0.75654,0.00079,7.03993,-1.03654,7.87197,218.1,0.049,Q3,SR1X3,94.59,5.409999999999997
1692129600,2023-08-15 16:00,2023-08-15,16,4438.11,2023-11-17,1700254800,94.04,put,4220,59.5,60.6,60.65,0.18124,5.0,-0.24089,0.00078,7.01357,-0.54606,-2.67717,218.1,0.049,Q3,SR1X3,94.59,5.409999999999997
1692129600,2023-08-15 16:00,2023-08-15,16,4438.11,2023-11-17,1700254800,94.04,call,4225,320.3,324.6,406.56,0.18368,1.0,0.75379,0.00073,7.08863,-1.03688,7.84713,213.1,0.048,Q3,SR1X3,94.59,5.409999999999997
1692129600,2023-08-15 16:00,2023-08-15,16,4438.11,2023-11-17,1700254800,94.04,put,4225,60.5,61.6,54.3,0.18068,1.0,-0.24453,0.00077,7.06914,-0.54787,-2.71251,213.1,0.048,Q3,SR1X3,94.59,5.409999999999997
1692129600,2023-08-15 16:00,2023-08-15,16,4438.11,2023-11-17,1700254800,94.04,call,4230,316.2,320.5,337.44,0.18344,0.0,0.75017,0.00079,7.13882,-1.03843,7.82041,208.1,0.047,Q3,SR1X3,94.59,5.409999999999997
1692129600,2023-08-15 16:00,2023-08-15,16,4438.11,2023-11-17,1700254800,94.04,put,4230,61.3,62.4,58.02,0.17905,4.0,-0.24731,0.00076,7.11918,-0.54864,-2.74453,208.1,0.047,Q3,SR1X3,94.59,5.409999999999997
1692129600,2023-08-15 16:00,2023-08-15,16,4438.11,2023-11-17,1700254800,94.04,call,4240,306.6,310.3,329.38,0.17864,2.0,0.74608,0.00084,7.20118,-1.02879,7.79942,198.1,0.045,Q3,SR1X3,94.59,5.409999999999997
1692129600,2023-08-15 16:00,2023-08-15,16,4438.11,2023-11-17,1700254800,94.04,put,4240,63.2,64.1,53.25,0.17849,6.0,-0.25472,0.00079,7.22373,-0.54999,-2.81202,198.1,0.045,Q3,SR1X3,94.59,5.409999999999997
1692129600,2023-08-15 16:00,2023-08-15,16,4438.11,2023-11-17,1700254800,94.04,call,4250,300.3,304.0,314.54,0.1796,2.0,0.73697,0.00079,7.33686,-1.04101,7.70972,188.1,0.042,Q3,SR1X3,94.59,5.409999999999997
1692129600,2023-08-15 16:00,2023-08-15,16,4438.11,2023-11-17,1700254800,94.04,put,4250,65.0,65.8,65.63,0.17663,37.0,-0.26192,0.00083,7.3251,-0.5506,-2.87805,188.1,0.042,Q3,SR1X3,94.59,5.409999999999997
1692129600,2023-08-15 16:00,2023-08-15,16,4438.11,2023-11-17,1700254800,94.04,call,4255,295.9,300.2,330.55,0.17953,5.0,0.73359,0.0008,7.3867,-1.04157,7.68088,183.1,0.041,Q3,SR1X3,94.59,5.409999999999997
1692129600,2023-08-15 16:00,2023-08-15,16,4438.11,2023-11-17,1700254800,94.04,put,4255,65.4,66.8,53.7,0.17547,1.0,-0.26482,0.00084,7.37129,-0.54952,-2.90821,183.1,0.041,Q3,SR1X3,94.59,5.409999999999997
1692129600,2023-08-15 16:00,2023-08-15,16,4438.11,2023-11-17,1700254800,94.04,call,4260,291.9,296.2,308.03,0.17829,2.0,0.72976,0.00077,7.43593,-1.04239,7.65057,178.1,0.04,Q3,SR1X3,94.59,5.409999999999997
1692129600,2023-08-15 16:00,2023-08-15,16,4438.11,2023-11-17,1700254800,94.04,put,4260,66.7,67.7,56.22,0.17503,4.0,-0.2684,0.00089,7.42474,-0.55119,-2.94565,178.1,0.04,Q3,SR1X3,94.59,5.409999999999997
1692129600,2023-08-15 16:00,2023-08-15,16,4438.11,2023-11-17,1700254800,94.04,call,4265,287.9,292.2,0.0,0.17777,0.0,0.7268,0.0008,7.48366,-1.04274,7.62067,173.1,0.039,Q3,SR1X3,94.59,5.409999999999997
1692129600,2023-08-15 16:00,2023-08-15,16,4438.11,2023-11-17,1700254800,94.04,put,4265,67.5,68.6,61.1,0.17466,660.0,-0.27268,0.00088,7.47285,-0.55127,-2.97815,173.1,0.039,Q3,SR1X3,94.59,5.409999999999997
1692129600,2023-08-15 16:00,2023-08-15,16,4438.11,2023-11-17,1700254800,94.04,call,4270,283.9,288.2,411.58,0.1771,1.0,0.72278,0.0008,7.53301,-1.04228,7.58989,168.1,0.038,Q3,SR1X3,94.59,5.409999999999997
1692129600,2023-08-15 16:00,2023-08-15,16,4438.11,2023-11-17,1700254800,94.04,put,4270,68.3,69.7,55.1,0.17368,143.0,-0.27587,0.00085,7.52295,-0.55042,-3.01298,168.1,0.038,Q3,SR1X3,94.59,5.409999999999997
1692129600,2023-08-15 16:00,2023-08-15,16,4438.11,2023-11-17,1700254800,94.04,call,4275,279.9,284.2,249.4,0.17602,0.0,0.71923,0.00085,7.58069,-1.04259,7.55945,163.1,0.037,Q3,SR1X3,94.59,5.409999999999997
1692129600,2023-08-15 16:00,2023-08-15,16,4438.11,2023-11-17,1700254800,94.04,put,4275,69.2,70.5,71.15,0.17249,3.0,-0.27977,0.00086,7.57069,-0.54998,-3.04554,163.1,0.037,Q3,SR1X3,94.59,5.409999999999997
1692129600,2023-08-15 16:00,2023-08-15,16,4438.11,2023-11-17,1700254800,94.04,call,4280,275.9,280.2,292.39,0.17584,2.0,0.71564,0.00083,7.62823,-1.043,7.52777,158.1,0.036,Q3,SR1X3,94.59,5.409999999999997
1692129600,2023-08-15 16:00,2023-08-15,16,4438.11,2023-11-17,1700254800,94.04,put,4280,70.0,71.5,58.9,0.17226,1.0,-0.28335,0.0009,7.6188,-0.54964,-3.07934,158.1,0.036,Q3,SR1X3,94.59,5.409999999999997
1692129600,2023-08-15 16:00,2023-08-15,16,4438.11,2023-11-17,1700254800,94.04,call,4285,272.6,274.9,0.0,0.17473,0.0,0.71246,0.00091,7.67137,-1.04033,7.501,153.1,0.035,Q3,SR1X3,94.59,5.409999999999997
1692129600,2023-08-15 16:00,2023-08-15,16,4438.11,2023-11-17,1700254800,94.04,put,4285,71.3,72.4,57.4,0.17111,300.0,-0.28792,0.00094,7.66964,-0.55056,-3.11708,153.1,0.035,Q3,SR1X3,94.59,5.409999999999997
1692129600,2023-08-15 16:00,2023-08-15,16,4438.11,2023-11-17,1700254800,94.04,call,4290,268.6,271.0,299.0,0.17366,5.0,0.70881,0.00086,7.71812,-1.04024,7.46749,148.1,0.033,Q3,SR1X3,94.59,5.409999999999997
1692129600,2023-08-15 16:00,2023-08-15,16,4438.11,2023-11-17,1700254800,94.04,put,4290,72.0,73.5,74.48,0.17079,5.0,-0.29222,0.00091,7.7163,-0.54899,-3.15024,148.1,0.033,Q3,SR1X3,94.59,5.409999999999997
1692129600,2023-08-15 16:00,2023-08-15,16,4438.11,2023-11-17,1700254800,94.04,call,4295,264.8,267.1,291.82,0.17295,2.0,0.7052,0.00091,7.76682,-1.04075,7.43233,143.1,0.032,Q3,SR1X3,94.59,5.409999999999997
1692129600,2023-08-15 16:00,2023-08-15,16,4438.11,2023-11-17,1700254800,94.04,put,4295,72.7,73.8,71.54,0.16857,2.0,-0.2957,0.00091,7.75654,-0.54601,-3.17798,143.1,0.032,Q3,SR1X3,94.59,5.409999999999997
1692129600,2023-08-15 16:00,2023-08-15,16,4438.11,2023-11-17,1700254800,94.04,call,4300,260.9,263.2,287.04,0.17161,1.0,0.70118,0.00088,7.8146,-1.04023,7.39739,138.1,0.031,Q3,SR1X3,94.59,5.409999999999997
1692129600,2023-08-15 16:00,2023-08-15,16,4438.11,2023-11-17,1700254800,94.04,put,4300,74.2,75.6,61.3,0.1685,63.0,-0.29985,0.00092,7.81273,-0.54926,-3.22348,138.1,0.031,Q3,SR1X3,94.59,5.409999999999997
1692129600,2023-08-15 16:00,2023-08-15,16,4438.11,2023-11-17,1700254800,94.04,call,4305,256.8,259.3,0.0,0.17145,0.0,0.69735,0.00086,7.85909,-1.03945,7.36386,133.1,0.03,Q3,SR1X3,94.59,5.409999999999997
1692129600,2023-08-15 16:00,2023-08-15,16,4438.11,2023-11-17,1700254800,94.04,put,4305,75.4,76.5,65.88,0.16849,3.0,-0.30463,0.00093,7.85963,-0.54853,-3.25909,133.1,0.03,Q3,SR1X3,94.59,5.409999999999997
1692129600,2023-08-15 16:00,2023-08-15,16,4438.11,2023-11-17,1700254800,94.04,call,4310,253.2,255.4,252.54,0.17051,2.0,0.69338,0.0009,7.90737,-1.04008,7.32663,128.1,0.029,Q3,SR1X3,94.59,5.409999999999997
1692129600,2023-08-15 16:00,2023-08-15,16,4438.11,2023-11-17,1700254800,94.04,put,4310,76.4,77.5,54.3,0.1676,3.0,-0.30864,0.00092,7.90609,-0.54752,-3.29458,128.1,0.029,Q3,SR1X3,94.59,5.409999999999997
1692129600,2023-08-15 16:00,2023-08-15,16,4438.11,2023-11-17,1700254800,94.04,call,4315,249.3,251.6,0.0,0.17008,0.0,0.6891,0.00088,7.95343,-1.03942,7.2897,123.1,0.028,Q3,SR1X3,94.59,5.409999999999997
1692129600,2023-08-15 16:00,2023-08-15,16,4438.11,2023-11-17,1700254800,94.04,put,4315,76.9,78.0,75.21,0.16552,41.0,-0.3124,0.00096,7.94475,-0.54319,-3.32247,123.1,0.028,Q3,SR1X3,94.59,5.409999999999997
1692129600,2023-08-15 16:00,2023-08-15,16,4438.11,2023-11-17,1700254800,94.04,call,4320,244.0,246.7,262.5,0.16768,2.0,0.68655,0.00089,7.984,-1.03136,7.27142,118.1,0.027,Q3,SR1X3,94.59,5.409999999999997
1692129600,2023-08-15 16:00,2023-08-15,16,4438.11,2023-11-17,1700254800,94.04,put,4320,78.4,79.9,49.8,0.16543,1.0,-0.31698,0.00095,7.99753,-0.54561,-3.36784,118.1,0.027,Q3,SR1X3,94.59,5.409999999999997
1692129600,2023-08-15 16:00,2023-08-15,16,4438.11,2023-11-17,1700254800,94.04,call,4325,241.7,243.9,350.77,0.16798,4.0,0.68065,0.00092,8.04371,-1.03856,7.21496,113.1,0.025,Q3,SR1X3,94.59,5.409999999999997
1692129600,2023-08-15 16:00,2023-08-15,16,4438.11,2023-11-17,1700254800,94.04,put,4325,79.1,80.3,81.7,0.1643,1.0,-0.32123,0.00097,8.03529,-0.54182,-3.39636,113.1,0.025,Q3,SR1X3,94.59,5.409999999999997
1692129600,2023-08-15 16:00,2023-08-15,16,4438.11,2023-11-17,1700254800,94.04,call,4330,236.5,239.1,243.49,0.16627,1.0,0.67803,0.00092,8.07583,-1.0303,7.19307,108.1,0.024,Q3,SR1X3,94.59,5.409999999999997
1692129600,2023-08-15 16:00,2023-08-15,16,4438.11,2023-11-17,1700254800,94.04,put,4330,80.3,81.4,79.1,0.16355,5.0,-0.32545,0.00098,8.07987,-0.54005,-3.43334,108.1,0.024,Q3,SR1X3,94.59,5.409999999999997
1692129600,2023-08-15 16:00,2023-08-15,16,4438.11,2023-11-17,1700254800,94.04,call,4335,232.8,235.1,251.09,0.16495,1.0,0.67302,0.00092,8.11967,-1.02906,7.1543,103.1,0.023,Q3,SR1X3,94.59,5.409999999999997
1692129600,2023-08-15 16:00,2023-08-15,16,4438.11,2023-11-17,1700254800,94.04,put,4335,81.9,83.1,68.9,0.1638,2.0,-0.3312,0.00107,8.1288,-0.54185,-3.47721,103.1,0.023,Q3,SR1X3,94.59,5.409999999999997
1692129600,2023-08-15 16:00,2023-08-15,16,4438.11,2023-11-17,1700254800,94.04,call,4340,229.0,231.2,250.24,0.16401,9.0,0.66925,0.00092,8.16294,-1.02748,7.1156,98.1,0.022,Q3,SR1X3,94.59,5.409999999999997
1692129600,2023-08-15 16:00,2023-08-15,16,4438.11,2023-11-17,1700254800,94.04,put,4340,82.5,83.7,75.76,0.16209,1.0,-0.33533,0.00102,8.16535,-0.53802,-3.50582,98.1,0.022,Q3,SR1X3,94.59,5.409999999999997
1692129600,2023-08-15 16:00,2023-08-15,16,4438.11,2023-11-17,1700254800,94.04,call,4345,225.2,227.5,225.64,0.16335,1.0,0.66491,0.00097,8.20619,-1.02688,7.07452,93.1,0.021,Q3,SR1X3,94.59,5.409999999999997
1692129600,2023-08-15 16:00,2023-08-15,16,4438.11,2023-11-17,1700254800,94.04,put,4345,83.7,84.8,87.15,0.16106,1.0,-0.33966,0.00105,8.20701,-0.53572,-3.54177,93.1,0.021,Q3,SR1X3,94.59,5.409999999999997
1692129600,2023-08-15 16:00,2023-08-15,16,4438.11,2023-11-17,1700254800,94.04,call,4350,221.5,223.7,249.66,0.16309,1.0,0.66035,0.00095,8.24877,-1.02541,7.03307,88.1,0.02,Q3,SR1X3,94.59,5.409999999999997
1692129600,2023-08-15 16:00,2023-08-15,16,4438.11,2023-11-17,1700254800,94.04,put,4350,85.5,86.7,88.36,0.16069,7.0,-0.34523,0.00111,8.25445,-0.53817,-3.58728,88.1,0.02,Q3,SR1X3,94.59,5.409999999999997
1692129600,2023-08-15 16:00,2023-08-15,16,4438.11,2023-11-17,1700254800,94.04,call,4355,217.9,220.0,0.0,0.16217,0.0,0.65623,0.00099,8.29122,-1.02369,6.99007,83.1,0.019,Q3,SR1X3,94.59,5.409999999999997
1692129600,2023-08-15 16:00,2023-08-15,16,4438.11,2023-11-17,1700254800,94.04,put,4355,86.7,87.9,0.0,0.16075,0.0,-0.3502,0.0011,8.29423,-0.5362,-3.62457,83.1,0.019,Q3,SR1X3,94.59,5.409999999999997
1692129600,2023-08-15 16:00,2023-08-15,16,4438.11,2023-11-17,1700254800,94.04,call,4360,214.1,216.4,234.95,0.16188,1.0,0.651,0.00098,8.33237,-1.0226,6.94717,78.1,0.018,Q3,SR1X3,94.59,5.409999999999997
1692129600,2023-08-15 16:00,2023-08-15,16,4438.11,2023-11-17,1700254800,94.04,put,4360,87.3,88.5,65.13,0.15857,2.0,-0.35424,0.00109,8.32796,-0.5309,-3.65275,78.1,0.018,Q3,SR1X3,94.59,5.409999999999997
1692129600,2023-08-15 16:00,2023-08-15,16,4438.11,2023-11-17,1700254800,94.04,call,4365,211.8,214.1,269.53,0.16278,1.0,0.64572,0.00105,8.38126,-1.02849,6.88672,73.1,0.016,Q3,SR1X3,94.59,5.409999999999997
1692129600,2023-08-15 16:00,2023-08-15,16,4438.11,2023-11-17,1700254800,94.04,put,4365,88.5,89.8,80.46,0.15792,2.0,-0.35939,0.00111,8.36627,-0.5289,-3.6898,73.1,0.016,Q3,SR1X3,94.59,5.409999999999997
1692129600,2023-08-15 16:00,2023-08-15,16,4438.11,2023-11-17,1700254800,94.04,call,4370,206.8,209.1,328.0,0.16066,1.0,0.64181,0.00102,8.41156,-1.01873,6.85794,68.1,0.015,Q3,SR1X3,94.59,5.409999999999997
1692129600,2023-08-15 16:00,2023-08-15,16,4438.11,2023-11-17,1700254800,94.04,put,4370,89.8,91.0,79.37,0.15707,3.0,-0.36477,0.00117,8.40281,-0.52585,-3.72506,68.1,0.015,Q3,SR1X3,94.59,5.409999999999997
1692129600,2023-08-15 16:00,2023-08-15,16,4438.11,2023-11-17,1700254800,94.04,call,4375,204.5,206.8,300.86,0.16066,1.0,0.63567,0.00106,8.45823,-1.02377,6.79727,63.1,0.014,Q3,SR1X3,94.59,5.409999999999997
1692129600,2023-08-15 16:00,2023-08-15,16,4438.11,2023-11-17,1700254800,94.04,put,4375,91.8,93.0,90.08,0.15712,6.0,-0.36993,0.00116,8.44403,-0.52802,-3.77078,63.1,0.014,Q3,SR1X3,94.59,5.409999999999997
1692129600,2023-08-15 16:00,2023-08-15,16,4438.11,2023-11-17,1700254800,94.04,call,4380,199.6,202.2,254.02,0.15868,1.0,0.6319,0.00105,8.48927,-1.01576,6.76507,58.1,0.013,Q3,SR1X3,94.59,5.409999999999997
1692129600,2023-08-15 16:00,2023-08-15,16,4438.11,2023-11-17,1700254800,94.04,put,4380,92.4,93.7,75.23,0.15538,4.0,-0.37513,0.00116,8.47399,-0.52163,-3.7983,58.1,0.013,Q3,SR1X3,94.59,5.409999999999997
1692129600,2023-08-15 16:00,2023-08-15,16,4438.11,2023-11-17,1700254800,94.04,call,4385,197.6,199.6,227.81,0.15933,1.0,0.62606,0.00109,8.53238,-1.02008,6.70441,53.1,0.012,Q3,SR1X3,94.59,5.409999999999997
1692129600,2023-08-15 16:00,2023-08-15,16,4438.11,2023-11-17,1700254800,94.04,put,4385,94.5,95.8,77.7,0.15549,1.0,-0.3811,0.00119,8.51197,-0.52305,-3.84368,53.1,0.012,Q3,SR1X3,94.59,5.409999999999997
1692129600,2023-08-15 16:00,2023-08-15,16,4438.11,2023-11-17,1700254800,94.04,call,4390,193.8,196.0,232.47,0.15904,1.0,0.62176,0.00103,8.56742,-1.0168,6.65835,48.1,0.011,Q3,SR1X3,94.59,5.409999999999997
1692129600,2023-08-15 16:00,2023-08-15,16,4438.11,2023-11-17,1700254800,94.04,put,4390,95.1,96.4,77.56,0.15431,42.0,-0.38556,0.00113,8.53963,-0.51677,-3.87019,48.1,0.011,Q3,SR1X3,94.59,5.409999999999997
1692129600,2023-08-15 16:00,2023-08-15,16,4438.11,2023-11-17,1700254800,94.04,call,4395,188.9,191.5,0.0,0.15689,0.0,0.61687,0.00106,8.5963,-1.00835,6.62264,43.1,0.01,Q3,SR1X3,94.59,5.409999999999997
1692129600,2023-08-15 16:00,2023-08-15,16,4438.11,2023-11-17,1700254800,94.04,put,4395,96.5,97.7,84.57,0.15287,5.0,-0.39133,0.00122,8.56974,-0.51338,-3.90641,43.1,0.01,Q3,SR1X3,94.59,5.409999999999997
1692129600,2023-08-15 16:00,2023-08-15,16,4438.11,2023-11-17,1700254800,94.04,call,4400,186.7,188.9,183.58,0.15683,9.0,0.6116,0.00106,8.63496,-1.01169,6.5627,38.1,0.009,Q3,SR1X3,94.59,5.409999999999997
1692129600,2023-08-15 16:00,2023-08-15,16,4438.11,2023-11-17,1700254800,94.04,put,4400,98.6,99.9,100.01,0.15284,432.0,-0.39746,0.00115,8.60272,-0.51509,-3.95015,38.1,0.009,Q3,SR1X3,94.59,5.409999999999997
1692129600,2023-08-15 16:00,2023-08-15,16,4438.11,2023-11-17,1700254800,94.04,call,4405,182.0,184.4,0.0,0.15503,0.0,0.60725,0.00104,8.66246,-1.00347,6.5235,33.1,0.007,Q3,SR1X3,94.59,5.409999999999997
1692129600,2023-08-15 16:00,2023-08-15,16,4438.11,2023-11-17,1700254800,94.04,put,4405,99.3,100.6,0.0,0.15181,0.0,-0.40297,0.00119,8.62753,-0.50822,-3.97721,33.1,0.007,Q3,SR1X3,94.59,5.409999999999997
1692129600,2023-08-15 16:00,2023-08-15,16,4438.11,2023-11-17,1700254800,94.04,call,4410,179.7,182.0,224.11,0.15587,1.0,0.60094,0.00105,8.698,-1.00556,6.46276,28.1,0.006,Q3,SR1X3,94.59,5.409999999999997
1692129600,2023-08-15 16:00,2023-08-15,16,4438.11,2023-11-17,1700254800,94.04,put,4410,101.5,102.8,74.59,0.15114,3.0,-0.40942,0.00117,8.65575,-0.50853,-4.0204,28.1,0.006,Q3,SR1X3,94.59,5.409999999999997
1692129600,2023-08-15 16:00,2023-08-15,16,4438.11,2023-11-17,1700254800,94.04,call,4415,175.0,177.6,284.26,0.1538,4.0,0.59716,0.00108,8.72379,-0.99719,6.4216,23.1,0.005,Q3,SR1X3,94.59,5.409999999999997
1692129600,2023-08-15 16:00,2023-08-15,16,4438.11,2023-11-17,1700254800,94.04,put,4415,102.2,103.5,90.38,0.14963,2.0,-0.41456,0.00121,8.67745,-0.50072,-4.04515,23.1,0.005,Q3,SR1X3,94.59,5.409999999999997
1692129600,2023-08-15 16:00,2023-08-15,16,4438.11,2023-11-17,1700254800,94.04,call,4420,172.9,175.1,186.08,0.15392,1.0,0.59116,0.00112,8.75571,-0.99935,6.36039,18.1,0.004,Q3,SR1X3,94.59,5.409999999999997
1692129600,2023-08-15 16:00,2023-08-15,16,4438.11,2023-11-17,1700254800,94.04,put,4420,103.7,105.0,96.8,0.14902,1.0,-0.42038,0.00129,8.6996,-0.49755,-4.07948,18.1,0.004,Q3,SR1X3,94.59,5.409999999999997
1692129600,2023-08-15 16:00,2023-08-15,16,4438.11,2023-11-17,1700254800,94.04,call,4425,169.5,171.2,191.46,0.15358,1.0,0.58603,0.00114,8.78238,-0.99454,6.30978,13.1,0.003,Q3,SR1X3,94.59,5.409999999999997
1692129600,2023-08-15 16:00,2023-08-15,16,4438.11,2023-11-17,1700254800,94.04,put,4425,105.3,106.6,103.84,0.14806,1.0,-0.42634,0.00124,8.72036,-0.49454,-4.1126,13.1,0.003,Q3,SR1X3,94.59,5.409999999999997
1692129600,2023-08-15 16:00,2023-08-15,16,4438.11,2023-11-17,1700254800,94.04,call,4430,164.8,167.1,179.44,0.15131,1.0,0.58071,0.0011,8.80693,-0.98631,6.26325,8.1,0.002,Q3,SR1X3,94.59,5.409999999999997
1692129600,2023-08-15 16:00,2023-08-15,16,4438.11,2023-11-17,1700254800,94.04,put,4430,107.7,109.0,97.4,0.14848,1.0,-0.43332,0.00124,8.74145,-0.49464,-4.1553,8.1,0.002,Q3,SR1X3,94.59,5.409999999999997
1692129600,2023-08-15 16:00,2023-08-15,16,4438.11,2023-11-17,1700254800,94.04,call,4435,163.0,165.0,0.0,0.15221,0.0,0.57466,0.0011,8.83311,-0.98939,6.20047,3.1,0.001,Q3,SR1X3,94.59,5.409999999999997
1692129600,2023-08-15 16:00,2023-08-15,16,4438.11,2023-11-17,1700254800,94.04,put,4435,108.4,109.7,0.0,0.1464,0.0,-0.43903,0.00128,8.7544,-0.48614,-4.17732,3.1,0.001,Q3,SR1X3,94.59,5.409999999999997
1692129600,2023-08-15 16:00,2023-08-15,16,4438.11,2023-11-17,1700254800,94.04,call,4440,159.4,161.1,173.65,0.151,2.0,0.56981,0.00113,8.85586,-0.98301,6.1483,1.9,0.0,Q3,SR1X3,94.59,5.409999999999997
1692129600,2023-08-15 16:00,2023-08-15,16,4438.11,2023-11-17,1700254800,94.04,put,4440,110.0,111.3,94.34,0.14595,1.0,-0.44549,0.00134,8.76893,-0.48192,-4.20777,1.9,0.0,Q3,SR1X3,94.59,5.409999999999997
1692129600,2023-08-15 16:00,2023-08-15,16,4438.11,2023-11-17,1700254800,94.04,call,4445,156.1,157.8,0.0,0.15024,0.0,0.56405,0.00119,8.87681,-0.97981,6.09286,6.9,0.002,Q3,SR1X3,94.59,5.409999999999997
1692129600,2023-08-15 16:00,2023-08-15,16,4438.11,2023-11-17,1700254800,94.04,put,4445,112.5,113.8,0.0,0.146,0.0,-0.45256,0.00135,8.7828,-0.48187,-4.24775,6.9,0.002,Q3,SR1X3,94.59,5.409999999999997
1692129600,2023-08-15 16:00,2023-08-15,16,4438.11,2023-11-17,1700254800,94.04,call,4450,151.7,154.1,160.45,0.14886,1150.0,0.5585,0.00112,8.89581,-0.97069,6.04045,11.9,0.003,Q3,SR1X3,94.59,5.409999999999997
1692129600,2023-08-15 16:00,2023-08-15,16,4438.11,2023-11-17,1700254800,94.04,put,4450,114.2,115.5,108.75,0.14484,908.0,-0.45856,0.00131,8.79241,-0.47748,-4.27821,11.9,0.003,Q3,SR1X3,94.59,5.409999999999997
1692129600,2023-08-15 16:00,2023-08-15,16,4438.11,2023-11-17,1700254800,94.04,call,4455,149.6,151.8,239.98,0.14941,1.0,0.55212,0.00114,8.91512,-0.9715,5.97804,16.9,0.004,Q3,SR1X3,94.59,5.409999999999997
1692129600,2023-08-15 16:00,2023-08-15,16,4438.11,2023-11-17,1700254800,94.04,put,4455,115.9,117.2,0.0,0.14456,0.0,-0.46525,0.00134,8.7987,-0.4728,-4.3068,16.9,0.004,Q3,SR1X3,94.59,5.409999999999997
1692129600,2023-08-15 16:00,2023-08-15,16,4438.11,2023-11-17,1700254800,94.04,call,4460,146.4,148.6,161.0,0.14804,2.0,0.54674,0.0012,8.93213,-0.96702,5.92042,21.9,0.005,Q3,SR1X3,94.59,5.409999999999997
1692129600,2023-08-15 16:00,2023-08-15,16,4438.11,2023-11-17,1700254800,94.04,put,4460,117.6,118.9,111.64,0.14385,11.0,-0.47216,0.00133,8.80224,-0.46783,-4.33369,21.9,0.005,Q3,SR1X3,94.59,5.409999999999997
1692129600,2023-08-15 16:00,2023-08-15,16,4438.11,2023-11-17,1700254800,94.04,call,4465,143.7,145.0,0.0,0.14733,0.0,0.54106,0.0012,8.94692,-0.96234,5.86279,26.9,0.006,Q3,SR1X3,94.59,5.409999999999997
1692129600,2023-08-15 16:00,2023-08-15,16,4438.11,2023-11-17,1700254800,94.04,put,4465,119.4,120.8,101.48,0.14256,2.0,-0.47944,0.0014,8.80357,-0.46339,-4.36095,26.9,0.006,Q3,SR1X3,94.59,5.409999999999997
1692129600,2023-08-15 16:00,2023-08-15,16,4438.11,2023-11-17,1700254800,94.04,call,4470,140.5,141.9,225.52,0.14673,1.0,0.53479,0.00116,8.95918,-0.95819,5.80338,31.9,0.007,Q3,SR1X3,94.59,5.409999999999997
1692129600,2023-08-15 16:00,2023-08-15,16,4438.11,2023-11-17,1700254800,94.04,put,4470,120.2,121.4,103.08,0.14029,3.0,-0.487,0.00141,8.79746,-0.45246,-4.37355,31.9,0.007,Q3,SR1X3,94.59,5.409999999999997
1692129600,2023-08-15 16:00,2023-08-15,16,4438.11,2023-11-17,1700254800,94.04,call,4475,136.5,137.8,149.97,0.14498,1.0,0.52907,0.00119,8.97112,-0.94735,5.74531,36.9,0.008,Q3,SR1X3,94.59,5.409999999999997
1692129600,2023-08-15 16:00,2023-08-15,16,4438.11,2023-11-17,1700254800,94.04,put,4475,122.6,124.4,104.85,0.14072,28.0,-0.49395,0.00143,8.79616,-0.45089,-4.40731,36.9,0.008,Q3,SR1X3,94.59,5.409999999999997
1692129600,2023-08-15 16:00,2023-08-15,16,4438.11,2023-11-17,1700254800,94.04,call,4480,134.3,135.7,215.55,0.14591,1.0,0.5232,0.00117,8.98034,-0.94713,5.68279,41.9,0.009,Q3,SR1X3,94.59,5.409999999999997
1692129600,2023-08-15 16:00,2023-08-15,16,4438.11,2023-11-17,1700254800,94.04,put,4480,123.7,125.4,92.71,0.13885,1.0,-0.5012,0.00147,8.78391,-0.44211,-4.42011,41.9,0.009,Q3,SR1X3,94.59,5.409999999999997
1692129600,2023-08-15 16:00,2023-08-15,16,4438.11,2023-11-17,1700254800,94.04,call,4485,131.3,132.4,0.0,0.14532,0.0,0.51675,0.00123,8.9874,-0.94154,5.62049,46.9,0.011,Q3,SR1X3,94.59,5.409999999999997
1692129600,2023-08-15 16:00,2023-08-15,16,4438.11,2023-11-17,1700254800,94.04,put,4485,125.6,127.2,0.0,0.1378,0.0,-0.50893,0.00142,8.77152,-0.43577,-4.44075,46.9,0.011,Q3,SR1X3,94.59,5.409999999999997
1692129600,2023-08-15 16:00,2023-08-15,16,4438.11,2023-11-17,1700254800,94.04,call,4490,127.4,128.7,127.35,0.1429,1.0,0.51055,0.00127,8.99238,-0.93144,5.55967,51.9,0.012,Q3,SR1X3,94.59,5.409999999999997
1692129600,2023-08-15 16:00,2023-08-15,16,4438.11,2023-11-17,1700254800,94.04,put,4490,127.5,129.1,103.95,0.13722,3.0,-0.51596,0.00149,8.75474,-0.4291,-4.45893,51.9,0.012,Q3,SR1X3,94.59,5.409999999999997
1692129600,2023-08-15 16:00,2023-08-15,16,4438.11,2023-11-17,1700254800,94.04,call,4495,125.3,126.4,157.91,0.14362,1.0,0.50492,0.0012,8.99595,-0.93003,5.495,56.9,0.013,Q3,SR1X3,94.59,5.409999999999997
1692129600,2023-08-15 16:00,2023-08-15,16,4438.11,2023-11-17,1700254800,94.04,put,4495,129.4,131.1,110.07,0.13625,9.0,-0.52381,0.00149,8.73446,-0.42313,-4.47596,56.9,0.013,Q3,SR1X3,94.59,5.409999999999997
1692129600,2023-08-15 16:00,2023-08-15,16,4438.11,2023-11-17,1700254800,94.04,call,4500,121.4,122.8,119.49,0.1415,1.0,0.49843,0.00129,8.9968,-0.9199,5.43213,61.9,0.014,Q3,SR1X3,94.59,5.409999999999997
1692129600,2023-08-15 16:00,2023-08-15,16,4438.11,2023-11-17,1700254800,94.04,put,4500,131.3,133.0,112.45,0.13488,5.0,-0.532,0.00148,8.70983,-0.41589,-4.48915,61.9,0.014,Q3,SR1X3,94.59,5.409999999999997
1692129600,2023-08-15 16:00,2023-08-15,16,4438.11,2023-11-17,1700254800,94.04,call,4505,119.4,120.7,211.55,0.14256,1.0,0.49264,0.00119,8.99547,-0.91788,5.36798,66.9,0.015,Q3,SR1X3,94.59,5.409999999999997
1692129600,2023-08-15 16:00,2023-08-15,16,4438.11,2023-11-17,1700254800,94.04,put,4505,134.2,136.0,102.55,0.13518,3.0,-0.53915,0.0015,8.68785,-0.41454,-4.51442,66.9,0.015,Q3,SR1X3,94.59,5.409999999999997
1692129600,2023-08-15 16:00,2023-08-15,16,4438.11,2023-11-17,1700254800,94.04,call,4510,116.5,117.8,120.59,0.14201,1.0,0.48573,0.0012,8.99224,-0.91097,5.30277,71.9,0.016,Q3,SR1X3,94.59,5.409999999999997
1692129600,2023-08-15 16:00,2023-08-15,16,4438.11,2023-11-17,1700254800,94.04,put,4510,136.2,138.0,84.24,0.13442,1.0,-0.54758,0.00153,8.65499,-0.40745,-4.52396,71.9,0.016,Q3,SR1X3,94.59,5.409999999999997
1692129600,2023-08-15 16:00,2023-08-15,16,4438.11,2023-11-17,1700254800,94.04,call,4515,112.8,114.1,139.37,0.13961,8.0,0.47932,0.00122,8.98653,-0.90019,5.23627,76.9,0.017,Q3,SR1X3,94.59,5.409999999999997
1692129600,2023-08-15 16:00,2023-08-15,16,4438.11,2023-11-17,1700254800,94.04,put,4515,138.3,140.2,122.34,0.13393,1.0,-0.55546,0.00158,8.61783,-0.40003,-4.53247,76.9,0.017,Q3,SR1X3,94.59,5.409999999999997
1692129600,2023-08-15 16:00,2023-08-15,16,4438.11,2023-11-17,1700254800,94.04,call,4520,110.8,112.2,129.86,0.14001,1.0,0.47333,0.00127,8.97909,-0.89789,5.17131,81.9,0.018,Q3,SR1X3,94.59,5.409999999999997
1692129600,2023-08-15 16:00,2023-08-15,16,4438.11,2023-11-17,1700254800,94.04,put,4520,140.4,142.2,101.53,0.13252,1.0,-0.56489,0.00153,8.57481,-0.39249,-4.53563,81.9,0.018,Q3,SR1X3,94.59,5.409999999999997
1692129600,2023-08-15 16:00,2023-08-15,16,4438.11,2023-11-17,1700254800,94.04,call,4525,108.1,109.4,111.93,0.14008,4.0,0.46707,0.00127,8.96878,-0.89106,5.10489,86.9,0.02,Q3,SR1X3,94.59,5.409999999999997
1692129600,2023-08-15 16:00,2023-08-15,16,4438.11,2023-11-17,1700254800,94.04,put,4525,141.7,143.4,119.02,0.1304,1.0,-0.57461,0.00161,8.51523,-0.37984,-4.5222,86.9,0.02,Q3,SR1X3,94.59,5.409999999999997
1692129600,2023-08-15 16:00,2023-08-15,16,4438.11,2023-11-17,1700254800,94.04,call,4530,104.4,105.7,137.68,0.13806,1.0,0.46034,0.00124,8.9547,-0.87933,5.03432,91.9,0.021,Q3,SR1X3,94.59,5.409999999999997
1692129600,2023-08-15 16:00,2023-08-15,16,4438.11,2023-11-17,1700254800,94.04,put,4530,143.8,145.3,132.36,0.12935,1.0,-0.58284,0.0016,8.45695,-0.37029,-4.51586,91.9,0.021,Q3,SR1X3,94.59,5.409999999999997
1692129600,2023-08-15 16:00,2023-08-15,16,4438.11,2023-11-17,1700254800,94.04,call,4535,101.7,103.0,134.84,0.13726,1.0,0.4538,0.00126,8.9398,-0.87159,4.96547,96.9,0.022,Q3,SR1X3,94.59,5.409999999999997
1692129600,2023-08-15 16:00,2023-08-15,16,4438.11,2023-11-17,1700254800,94.04,put,4535,146.0,147.5,0.0,0.12884,0.0,-0.59279,0.00164,8.39436,-0.36225,-4.50961,96.9,0.022,Q3,SR1X3,94.59,5.409999999999997
1692129600,2023-08-15 16:00,2023-08-15,16,4438.11,2023-11-17,1700254800,94.04,call,4540,99.9,100.9,128.3,0.1378,37.0,0.44715,0.00126,8.92273,-0.86829,4.9,101.9,0.023,Q3,SR1X3,94.59,5.409999999999997
1692129600,2023-08-15 16:00,2023-08-15,16,4438.11,2023-11-17,1700254800,94.04,put,4540,148.9,151.3,94.9,0.12921,6.0,-0.6,0.00164,8.34439,-0.35933,-4.52121,101.9,0.023,Q3,SR1X3,94.59,5.409999999999997
1692129600,2023-08-15 16:00,2023-08-15,16,4438.11,2023-11-17,1700254800,94.04,call,4545,96.4,97.7,0.0,0.13566,0.0,0.44062,0.00128,8.90108,-0.85611,4.82658,106.9,0.024,Q3,SR1X3,94.59,5.409999999999997
1692129600,2023-08-15 16:00,2023-08-15,16,4438.11,2023-11-17,1700254800,94.04,put,4545,151.5,153.6,0.0,0.1282,0.0,-0.60898,0.00163,8.27358,-0.35134,-4.5108,106.9,0.024,Q3,SR1X3,94.59,5.409999999999997
1692129600,2023-08-15 16:00,2023-08-15,16,4438.11,2023-11-17,1700254800,94.04,call,4550,94.7,95.9,92.0,0.13654,3.0,0.43468,0.00124,8.87998,-0.85355,4.76176,111.9,0.025,Q3,SR1X3,94.59,5.409999999999997
1692129600,2023-08-15 16:00,2023-08-15,16,4438.11,2023-11-17,1700254800,94.04,put,4550,153.1,154.2,139.92,0.12549,2.0,-0.62083,0.00172,8.16381,-0.33516,-4.46375,111.9,0.025,Q3,SR1X3,94.59,5.409999999999997
1692129600,2023-08-15 16:00,2023-08-15,16,4438.11,2023-11-17,1700254800,94.04,call,4555,92.1,93.4,140.77,0.13586,1.0,0.4273,0.00123,8.85471,-0.84584,4.69236,116.9,0.026,Q3,SR1X3,94.59,5.409999999999997
1692129600,2023-08-15 16:00,2023-08-15,16,4438.11,2023-11-17,1700254800,94.04,put,4555,155.2,157.0,141.4,0.12506,1.0,-0.63132,0.00167,8.07312,-0.32592,-4.44004,116.9,0.026,Q3,SR1X3,94.59,5.409999999999997
1692129600,2023-08-15 16:00,2023-08-15,16,4438.11,2023-11-17,1700254800,94.04,call,4560,89.6,90.8,115.06,0.13507,26.0,0.42131,0.0013,8.82648,-0.83714,4.62115,121.9,0.027,Q3,SR1X3,94.59,5.409999999999997
1692129600,2023-08-15 16:00,2023-08-15,16,4438.11,2023-11-17,1700254800,94.04,put,4560,157.5,159.7,150.69,0.12323,1.0,-0.64149,0.00178,7.97289,-0.31651,-4.41139,121.9,0.027,Q3,SR1X3,94.59,5.409999999999997
1692129600,2023-08-15 16:00,2023-08-15,16,4438.11,2023-11-17,1700254800,94.04,call,4565,87.1,88.3,104.9,0.13403,1.0,0.41414,0.00124,8.79494,-0.82922,4.55045,126.9,0.029,Q3,SR1X3,94.59,5.409999999999997
1692129600,2023-08-15 16:00,2023-08-15,16,4438.11,2023-11-17,1700254800,94.04,put,4565,161.0,163.2,153.3,0.12425,1.0,-0.64931,0.00171,7.89725,-0.31282,-4.4055,126.9,0.029,Q3,SR1X3,94.59,5.409999999999997
1692129600,2023-08-15 16:00,2023-08-15,16,4438.11,2023-11-17,1700254800,94.04,call,4570,83.6,85.3,172.84,0.13297,1.0,0.40675,0.00131,8.75699,-0.81589,4.47198,131.9,0.03,Q3,SR1X3,94.59,5.409999999999997
1692129600,2023-08-15 16:00,2023-08-15,16,4438.11,2023-11-17,1700254800,94.04,put,4570,163.5,165.7,152.58,0.1224,1.0,-0.65992,0.00173,7.77857,-0.30276,-4.3641,131.9,0.03,Q3,SR1X3,94.59,5.409999999999997
1692129600,2023-08-15 16:00,2023-08-15,16,4438.11,2023-11-17,1700254800,94.04,call,4575,82.2,83.4,119.62,0.13318,10.0,0.40064,0.00126,8.72491,-0.81199,4.40747,136.9,0.031,Q3,SR1X3,94.59,5.409999999999997
1692129600,2023-08-15 16:00,2023-08-15,16,4438.11,2023-11-17,1700254800,94.04,put,4575,164.9,167.1,142.34,0.11962,1.0,-0.67453,0.00183,7.5997,-0.28391,-4.27464,136.9,0.031,Q3,SR1X3,94.59,5.409999999999997
1692129600,2023-08-15 16:00,2023-08-15,16,4438.11,2023-11-17,1700254800,94.04,call,4580,79.8,81.1,94.8,0.13298,7.0,0.3935,0.00125,8.68531,-0.8031,4.33515,141.9,0.032,Q3,SR1X3,94.59,5.409999999999997
1692129600,2023-08-15 16:00,2023-08-15,16,4438.11,2023-11-17,1700254800,94.04,put,4580,167.5,169.7,137.86,0.11872,4.0,-0.68636,0.00188,7.45274,-0.27291,-4.2141,141.9,0.032,Q3,SR1X3,94.59,5.409999999999997
1692129600,2023-08-15 16:00,2023-08-15,16,4438.11,2023-11-17,1700254800,94.04,call,4585,77.5,78.7,156.74,0.13158,1.0,0.38739,0.0013,8.64366,-0.79329,4.26322,146.9,0.033,Q3,SR1X3,94.59,5.409999999999997
1692129600,2023-08-15 16:00,2023-08-15,16,4438.11,2023-11-17,1700254800,94.04,put,4585,171.1,173.4,140.53,0.11931,20.0,-0.69449,0.00184,7.3478,-0.26767,-4.18914,146.9,0.033,Q3,SR1X3,94.59,5.409999999999997
1692129600,2023-08-15 16:00,2023-08-15,16,4438.11,2023-11-17,1700254800,94.04,call,4590,75.2,76.4,99.8,0.13133,21.0,0.37976,0.00131,8.59827,-0.7843,4.18965,151.9,0.034,Q3,SR1X3,94.59,5.409999999999997
1692129600,2023-08-15 16:00,2023-08-15,16,4438.11,2023-11-17,1700254800,94.04,put,4590,173.9,176.1,148.2,0.11844,1.0,-0.70616,0.00191,7.1806,-0.2557,-4.11547,151.9,0.034,Q3,SR1X3,94.59,5.409999999999997
1692129600,2023-08-15 16:00,2023-08-15,16,4438.11,2023-11-17,1700254800,94.04,call,4595,73.0,74.0,86.5,0.13041,3.0,0.37378,0.00131,8.55061,-0.77454,4.11677,156.9,0.035,Q3,SR1X3,94.59,5.409999999999997
1692129600,2023-08-15 16:00,2023-08-15,16,4438.11,2023-11-17,1700254800,94.04,put,4595,175.4,177.6,0.0,0.11494,0.0,-0.72457,0.00196,6.90162,-0.235,-3.95946,156.9,0.035,Q3,SR1X3,94.59,5.409999999999997
1692129600,2023-08-15 16:00,2023-08-15,16,4438.11,2023-11-17,1700254800,94.04,call,4600,70.7,72.0,85.3,0.12976,809.0,0.36648,0.00127,8.50025,-0.76599,4.04389,161.9,0.036,Q3,SR1X3,94.59,5.409999999999997
1692129600,2023-08-15 16:00,2023-08-15,16,4438.11,2023-11-17,1700254800,94.04,put,4600,179.4,181.6,155.4,0.11505,1.0,-0.73216,0.00194,6.78629,-0.2303,-3.9271,161.9,0.036,Q3,SR1X3,94.59,5.409999999999997
1692129600,2023-08-15 16:00,2023-08-15,16,4438.11,2023-11-17,1700254800,94.04,call,4605,68.6,69.5,75.57,0.12914,1.0,0.35979,0.00128,8.44556,-0.75507,3.96926,166.9,0.038,Q3,SR1X3,94.59,5.409999999999997
1692129600,2023-08-15 16:00,2023-08-15,16,4438.11,2023-11-17,1700254800,94.04,put,4605,180.9,183.2,149.62,0.11205,2.0,-0.75247,0.00195,6.42894,-0.20601,-3.7188,166.9,0.038,Q3,SR1X3,94.59,5.409999999999997
1692129600,2023-08-15 16:00,2023-08-15,16,4438.11,2023-11-17,1700254800,94.04,call,4610,65.9,67.0,108.0,0.12853,1.0,0.35194,0.00128,8.38292,-0.74211,3.8882,171.9,0.039,Q3,SR1X3,94.59,5.409999999999997
1692129600,2023-08-15 16:00,2023-08-15,16,4438.11,2023-11-17,1700254800,94.04,put,4610,183.7,185.9,176.09,0.11054,1.0,-0.76873,0.00209,6.13628,-0.18967,-3.55954,171.9,0.039,Q3,SR1X3,94.59,5.409999999999997
1692129600,2023-08-15 16:00,2023-08-15,16,4438.11,2023-11-17,1700254800,94.04,call,4615,64.4,65.3,120.08,0.12779,197.0,0.34627,0.0013,8.33011,-0.73535,3.82219,176.9,0.04,Q3,SR1X3,94.59,5.409999999999997
1692129600,2023-08-15 16:00,2023-08-15,16,4438.11,2023-11-17,1700254800,94.04,put,4615,187.8,190.1,163.53,0.11088,28.0,-0.77699,0.00206,5.99079,-0.18483,-3.50479,176.9,0.04,Q3,SR1X3,94.59,5.409999999999997
1692129600,2023-08-15 16:00,2023-08-15,16,4438.11,2023-11-17,1700254800,94.04,call,4620,62.3,63.5,76.5,0.12776,24.0,0.3392,0.00125,8.26943,-0.72617,3.74946,181.9,0.041,Q3,SR1X3,94.59,5.409999999999997
1692129600,2023-08-15 16:00,2023-08-15,16,4438.11,2023-11-17,1700254800,94.04,put,4620,189.4,191.7,167.62,0.1068,1.0,-0.80455,0.00214,5.42928,-0.1556,-3.16037,181.9,0.041,Q3,SR1X3,94.59,5.409999999999997
1692129600,2023-08-15 16:00,2023-08-15,16,4438.11,2023-11-17,1700254800,94.04,call,4625,59.8,60.9,77.1,0.12667,2.0,0.33097,0.00128,8.19552,-0.71258,3.6667,186.9,0.042,Q3,SR1X3,94.59,5.409999999999997
1692129600,2023-08-15 16:00,2023-08-15,16,4438.11,2023-11-17,1700254800,94.04,put,4625,193.3,196.1,167.07,0.10698,19.0,-0.81461,0.00214,5.23168,-0.14857,-3.068,186.9,0.042,Q3,SR1X3,94.59,5.409999999999997
1692129600,2023-08-15 16:00,2023-08-15,16,4438.11,2023-11-17,1700254800,94.04,call,4630,58.4,59.3,69.68,0.12614,1.0,0.32566,0.00122,8.13518,-0.70551,3.60057,191.9,0.043,Q3,SR1X3,94.59,5.409999999999997
1692129600,2023-08-15 16:00,2023-08-15,16,4438.11,2023-11-17,1700254800,94.04,put,4630,195.3,197.6,171.11,0.10113,1.0,-0.85004,0.00224,4.39302,-0.11314,-2.54242,191.9,0.043,Q3,SR1X3,94.59,5.409999999999997
1692129600,2023-08-15 16:00,2023-08-15,16,4438.11,2023-11-17,1700254800,94.04,call,4635,56.5,57.4,127.72,0.1262,2.0,0.31843,0.00124,8.06566,-0.69541,3.52754,196.9,0.044,Q3,SR1X3,94.59,5.409999999999997
1692129600,2023-08-15 16:00,2023-08-15,16,4438.11,2023-11-17,1700254800,94.04,put,4635,199.5,201.9,169.76,0.1016,5.0,-0.86262,0.00231,4.11537,-0.10395,-2.39302,196.9,0.044,Q3,SR1X3,94.59,5.409999999999997
1692129600,2023-08-15 16:00,2023-08-15,16,4438.11,2023-11-17,1700254800,94.04,call,4640,54.7,55.5,62.0,0.12512,1.0,0.31152,0.00126,7.99324,-0.68497,3.45465,201.9,0.045,Q3,SR1X3,94.59,5.409999999999997
1692129600,2023-08-15 16:00,2023-08-15,16,4438.11,2023-11-17,1700254800,94.04,put,4640,202.6,204.9,182.67,0.09732,1.0,-0.89651,0.00244,3.22937,-0.07436,-1.83989,201.9,0.045,Q3,SR1X3,94.59,5.409999999999997
1692129600,2023-08-15 16:00,2023-08-15,16,4438.11,2023-11-17,1700254800,94.04,call,4645,52.3,53.4,120.9,0.12423,6.0,0.30429,0.00128,7.90736,-0.6704,3.37283,206.9,0.047,Q3,SR1X3,94.59,5.409999999999997
1692129600,2023-08-15 16:00,2023-08-15,16,4438.11,2023-11-17,1700254800,94.04,put,4645,205.7,208.1,190.8,0.09053,1.0,-0.95527,0.00263,1.5201,-0.01056,-0.10417,206.9,0.047,Q3,SR1X3,94.59,5.409999999999997
1692129600,2023-08-15 16:00,2023-08-15,16,4438.11,2023-11-17,1700254800,94.04,call,4650,50.4,51.3,61.24,0.12393,294.0,0.29679,0.00128,7.82334,-0.65814,3.29586,211.9,0.048,Q3,SR1X3,94.59,5.409999999999997
1692129600,2023-08-15 16:00,2023-08-15,16,4438.11,2023-11-17,1700254800,94.04,call,4655,49.3,50.3,0.0,0.12423,0.0,0.29152,0.0012,7.76007,-0.65339,3.23769,216.9,0.049,Q3,SR1X3,94.59,5.409999999999997
1692129600,2023-08-15 16:00,2023-08-15,16,4438.11,2023-11-17,1700254800,94.04,call,4660,47.0,48.1,100.81,0.12241,2.0,0.28398,0.00118,7.66162,-0.6377,3.15278,221.9,0.05,Q3,SR1X3,94.59,5.409999999999997
1692129600,2023-08-15 16:00,2023-08-15,16,4438.11,2023-11-17,1700254800,94.04,call,4665,45.4,46.4,99.99,0.12191,2.0,0.27676,0.0012,7.57542,-0.62729,3.0809,226.9,0.051,Q3,SR1X3,94.59,5.409999999999997
1692129600,2023-08-15 16:00,2023-08-15,16,4438.11,2023-11-17,1700254800,94.04,call,4670,43.8,44.8,50.22,0.12223,4.0,0.27034,0.00115,7.48752,-0.61589,3.00919,231.9,0.052,Q3,SR1X3,94.59,5.409999999999997
1692129600,2023-08-15 16:00,2023-08-15,16,4438.11,2023-11-17,1700254800,94.04,call,4675,42.8,43.7,50.39,0.12227,152.0,0.26563,0.0012,7.41536,-0.61037,2.95207,236.9,0.053,Q3,SR1X3,94.59,5.409999999999997
1692129600,2023-08-15 16:00,2023-08-15,16,4438.11,2023-11-17,1700254800,94.04,call,4680,40.6,42.0,51.19,0.12122,5.0,0.25765,0.00114,7.30731,-0.59498,2.87056,241.9,0.054,Q3,SR1X3,94.59,5.409999999999997
1692129600,2023-08-15 16:00,2023-08-15,16,4438.11,2023-11-17,1700254800,94.04,call,4685,39.3,40.2,46.26,0.12059,1.0,0.25173,0.00112,7.21096,-0.5842,2.79851,246.9,0.056,Q3,SR1X3,94.59,5.409999999999997
1692129600,2023-08-15 16:00,2023-08-15,16,4438.11,2023-11-17,1700254800,94.04,call,4690,37.8,38.7,101.92,0.12058,50.0,0.24452,0.00115,7.11167,-0.57179,2.72776,251.9,0.057,Q3,SR1X3,94.59,5.409999999999997
1692129600,2023-08-15 16:00,2023-08-15,16,4438.11,2023-11-17,1700254800,94.04,call,4695,36.9,37.7,66.43,0.1202,8.0,0.2401,0.00118,7.03273,-0.56518,2.67193,256.9,0.058,Q3,SR1X3,94.59,5.409999999999997
1692129600,2023-08-15 16:00,2023-08-15,16,4438.11,2023-11-17,1700254800,94.04,call,4700,35.1,35.8,37.49,0.11963,2.0,0.23259,0.00112,6.91019,-0.55006,2.58927,261.9,0.059,Q3,SR1X3,94.59,5.409999999999997
1692129600,2023-08-15 16:00,2023-08-15,16,4438.11,2023-11-17,1700254800,94.04,call,4705,33.8,34.7,35.83,0.11913,55.0,0.22654,0.0011,6.81423,-0.53955,2.52561,266.9,0.06,Q3,SR1X3,94.59,5.409999999999997
1692129600,2023-08-15 16:00,2023-08-15,16,4438.11,2023-11-17,1700254800,94.04,call,4710,32.5,33.4,36.62,0.11801,1.0,0.22061,0.00107,6.71007,-0.52926,2.45828,271.9,0.061,Q3,SR1X3,94.59,5.409999999999997
1692129600,2023-08-15 16:00,2023-08-15,16,4438.11,2023-11-17,1700254800,94.04,call,4715,31.3,31.9,0.0,0.11818,0.0,0.21396,0.00109,6.59918,-0.51697,2.38931,276.9,0.062,Q3,SR1X3,94.59,5.409999999999997
1692129600,2023-08-15 16:00,2023-08-15,16,4438.11,2023-11-17,1700254800,94.04,call,4720,30.1,30.7,37.04,0.11809,20.0,0.20856,0.00103,6.4938,-0.50578,2.32505,281.9,0.064,Q3,SR1X3,94.59,5.409999999999997
1692129600,2023-08-15 16:00,2023-08-15,16,4438.11,2023-11-17,1700254800,94.04,call,4725,28.9,29.6,37.83,0.11751,2.0,0.20257,0.00104,6.38721,-0.49524,2.26098,286.9,0.065,Q3,SR1X3,94.59,5.409999999999997
1692129600,2023-08-15 16:00,2023-08-15,16,4438.11,2023-11-17,1700254800,94.04,call,4730,28.1,28.8,32.0,0.11789,1.0,0.1973,0.00102,6.30086,-0.48854,2.21049,291.9,0.066,Q3,SR1X3,94.59,5.409999999999997
1692129600,2023-08-15 16:00,2023-08-15,16,4438.11,2023-11-17,1700254800,94.04,call,4740,25.6,26.2,32.8,0.11632,10.0,0.18521,0.00104,6.05548,-0.46234,2.07282,301.9,0.068,Q3,SR1X3,94.59,5.409999999999997
1692129600,2023-08-15 16:00,2023-08-15,16,4438.11,2023-11-17,1700254800,94.04,call,4750,23.6,24.2,25.28,0.11523,2.0,0.17451,0.00098,5.83744,-0.44172,1.95487,311.9,0.07,Q3,SR1X3,94.59,5.409999999999997
1692129600,2023-08-15 16:00,2023-08-15,16,4438.11,2023-11-17,1700254800,94.04,call,4760,21.7,22.3,23.28,0.11493,2.0,0.16425,0.00092,5.61081,-0.42018,1.83789,321.9,0.073,Q3,SR1X3,94.59,5.409999999999997
1692129600,2023-08-15 16:00,2023-08-15,16,4438.11,2023-11-17,1700254800,94.04,call,4770,19.9,20.5,22.3,0.11444,1.0,0.15415,0.00088,5.38136,-0.39905,1.72571,331.9,0.075,Q3,SR1X3,94.59,5.409999999999997
1692129600,2023-08-15 16:00,2023-08-15,16,4438.11,2023-11-17,1700254800,94.04,call,4775,19.1,19.7,23.01,0.11388,2.0,0.14933,0.00086,5.2727,-0.3901,1.67294,336.9,0.076,Q3,SR1X3,94.59,5.409999999999997
1692129600,2023-08-15 16:00,2023-08-15,16,4438.11,2023-11-17,1700254800,94.04,call,4780,18.5,19.1,35.57,0.11394,2.0,0.14565,0.00091,5.18121,-0.38321,1.62963,341.9,0.077,Q3,SR1X3,94.59,5.409999999999997
1692129600,2023-08-15 16:00,2023-08-15,16,4438.11,2023-11-17,1700254800,94.04,call,4790,17.0,17.5,24.9,0.11357,12.0,0.13638,0.00083,4.95656,-0.36252,1.52605,351.9,0.079,Q3,SR1X3,94.59,5.409999999999997
1692129600,2023-08-15 16:00,2023-08-15,16,4438.11,2023-11-17,1700254800,94.04,call,4800,15.3,15.9,16.54,0.11268,30.0,0.12627,0.00084,4.70744,-0.34021,1.41727,361.9,0.082,Q3,SR1X3,94.59,5.409999999999997
1692129600,2023-08-15 16:00,2023-08-15,16,4438.11,2023-11-17,1700254800,94.04,call,4810,14.0,14.5,18.4,0.11162,1.0,0.11724,0.00079,4.48241,-0.32114,1.32172,371.9,0.084,Q3,SR1X3,94.59,5.409999999999997
1692129600,2023-08-15 16:00,2023-08-15,16,4438.11,2023-11-17,1700254800,94.04,call,4820,13.0,13.5,49.04,0.11246,4.0,0.11037,0.00078,4.295,-0.30711,1.24383,381.9,0.086,Q3,SR1X3,94.59,5.409999999999997
1692129600,2023-08-15 16:00,2023-08-15,16,4438.11,2023-11-17,1700254800,94.04,call,4825,12.4,12.9,13.73,0.11224,2.0,0.1066,0.00073,4.18454,-0.29835,1.20053,386.9,0.087,Q3,SR1X3,94.59,5.409999999999997
1692129600,2023-08-15 16:00,2023-08-15,16,4438.11,2023-11-17,1700254800,94.04,call,4830,11.7,12.4,13.3,0.11141,1.0,0.10219,0.00075,4.07164,-0.28871,1.15539,391.9,0.088,Q3,SR1X3,94.59,5.409999999999997
1692129600,2023-08-15 16:00,2023-08-15,16,4438.11,2023-11-17,1700254800,94.04,call,4840,10.8,11.3,12.85,0.11115,1.0,0.09573,0.00071,3.8699,-0.27283,1.07802,401.9,0.091,Q3,SR1X3,94.59,5.409999999999997
1692129600,2023-08-15 16:00,2023-08-15,16,4438.11,2023-11-17,1700254800,94.04,call,4850,9.7,10.1,11.06,0.10986,3.0,0.08804,0.00065,3.63404,-0.25295,0.99014,411.9,0.093,Q3,SR1X3,94.59,5.409999999999997
1692129600,2023-08-15 16:00,2023-08-15,16,4438.11,2023-11-17,1700254800,94.04,call,4860,8.8,9.2,39.27,0.11032,1.0,0.08149,0.00057,3.4319,-0.23723,0.91715,421.9,0.095,Q3,SR1X3,94.59,5.409999999999997
1692129600,2023-08-15 16:00,2023-08-15,16,4438.11,2023-11-17,1700254800,94.04,call,4870,8.2,8.5,15.01,0.10967,1.0,0.07675,0.00055,3.27246,-0.22613,0.86092,431.9,0.097,Q3,SR1X3,94.59,5.409999999999997
1692129600,2023-08-15 16:00,2023-08-15,16,4438.11,2023-11-17,1700254800,94.04,call,4875,7.6,8.0,10.26,0.10967,1.0,0.07253,0.00055,3.14574,-0.21513,0.81775,436.9,0.098,Q3,SR1X3,94.59,5.409999999999997
1692129600,2023-08-15 16:00,2023-08-15,16,4438.11,2023-11-17,1700254800,94.04,call,4880,7.5,7.8,10.58,0.11007,1.0,0.07123,0.00052,3.09653,-0.21279,0.80067,441.9,0.1,Q3,SR1X3,94.59,5.409999999999997
1692129600,2023-08-15 16:00,2023-08-15,16,4438.11,2023-11-17,1700254800,94.04,call,4890,6.8,7.1,15.22,0.11003,1.0,0.06534,0.00048,2.91403,-0.19882,0.73997,451.9,0.102,Q3,SR1X3,94.59,5.409999999999997
1692129600,2023-08-15 16:00,2023-08-15,16,4438.11,2023-11-17,1700254800,94.04,call,4900,6.2,6.5,8.61,0.10932,5.0,0.06074,0.00049,2.74813,-0.18687,0.68636,461.9,0.104,Q3,SR1X3,94.59,5.409999999999997
1692129600,2023-08-15 16:00,2023-08-15,16,4438.11,2023-11-17,1700254800,94.04,call,4910,5.5,5.8,8.51,0.10913,5.0,0.05499,0.00048,2.55303,-0.17183,0.62503,471.9,0.106,Q3,SR1X3,94.59,5.409999999999997
1692129600,2023-08-15 16:00,2023-08-15,16,4438.11,2023-11-17,1700254800,94.04,call,4920,5.1,5.4,17.44,0.10918,1.0,0.05131,0.00045,2.42492,-0.16333,0.58548,481.9,0.109,Q3,SR1X3,94.59,5.409999999999997
1692129600,2023-08-15 16:00,2023-08-15,16,4438.11,2023-11-17,1700254800,94.04,call,4925,4.8,5.1,6.2,0.10821,1.0,0.04955,0.00042,2.33457,-0.15644,0.55748,486.9,0.11,Q3,SR1X3,94.59,5.409999999999997
1692129600,2023-08-15 16:00,2023-08-15,16,4438.11,2023-11-17,1700254800,94.04,call,4930,4.5,4.8,13.0,0.1083,200.0,0.04693,0.00037,2.24174,-0.14932,0.53028,491.9,0.111,Q3,SR1X3,94.59,5.409999999999997
1692129600,2023-08-15 16:00,2023-08-15,16,4438.11,2023-11-17,1700254800,94.04,call,4950,3.8,4.0,5.02,0.10853,3.0,0.04027,0.00038,1.98358,-0.13087,0.45533,511.9,0.115,Q3,SR1X3,94.59,5.409999999999997
1692129600,2023-08-15 16:00,2023-08-15,16,4438.11,2023-11-17,1700254800,94.04,call,4975,3.0,3.3,10.72,0.10906,2.0,0.03365,0.00032,1.70209,-0.1121,0.3774,536.9,0.121,Q3,SR1X3,94.59,5.409999999999997
1692129600,2023-08-15 16:00,2023-08-15,16,4438.11,2023-11-17,1700254800,94.04,call,5000,2.4,2.6,2.8,0.10864,200.0,0.0276,0.0002,1.43967,-0.09353,0.30745,561.9,0.127,Q3,SR1X3,94.59,5.409999999999997
1692129600,2023-08-15 16:00,2023-08-15,16,4438.11,2023-11-17,1700254800,94.04,call,5025,1.95,2.15,3.82,0.10931,5.0,0.02266,0.00025,1.23806,-0.08054,0.25735,586.9,0.132,Q3,SR1X3,94.59,5.409999999999997
1692129600,2023-08-15 16:00,2023-08-15,16,4438.11,2023-11-17,1700254800,94.04,call,5050,1.55,1.75,2.44,0.10935,1.0,0.01884,0.00022,1.04962,-0.06836,0.21147,611.9,0.138,Q3,SR1X3,94.59,5.409999999999997
1692129600,2023-08-15 16:00,2023-08-15,16,4438.11,2023-11-17,1700254800,94.04,call,5075,1.3,1.45,7.15,0.11026,1.0,0.01555,0.00016,0.90889,-0.05965,0.17852,636.9,0.143,Q3,SR1X3,94.59,5.409999999999997
1692129600,2023-08-15 16:00,2023-08-15,16,4438.11,2023-11-17,1700254800,94.04,call,5100,1.05,1.25,1.11,0.11193,2.0,0.01317,0.00015,0.78705,-0.05137,0.15008,661.9,0.149,Q3,SR1X3,94.59,5.409999999999997
1692129600,2023-08-15 16:00,2023-08-15,16,4438.11,2023-11-17,1700254800,94.04,call,5125,0.85,1.05,5.05,0.11289,1.0,0.01158,0.0001,0.67455,-0.04441,0.12614,686.9,0.155,Q3,SR1X3,94.59,5.409999999999997
1692129600,2023-08-15 16:00,2023-08-15,16,4438.11,2023-11-17,1700254800,94.04,call,5150,0.75,0.9,4.0,0.11431,1.0,0.00998,9e-05,0.59808,-0.03951,0.10957,711.9,0.16,Q3,SR1X3,94.59,5.409999999999997
1692129600,2023-08-15 16:00,2023-08-15,16,4438.11,2023-11-17,1700254800,94.04,call,5200,0.55,0.7,3.0,0.11696,20.0,0.00757,9e-05,0.47053,-0.03146,0.08357,761.9,0.172,Q3,SR1X3,94.59,5.409999999999997
1692129600,2023-08-15 16:00,2023-08-15,16,4438.11,2023-11-17,1700254800,94.04,call,5250,0.4,0.55,0.0,0.12009,0.0,0.00534,0.00011,0.37017,-0.02479,0.06324,811.9,0.183,Q3,SR1X3,94.59,5.409999999999997
1692129600,2023-08-15 16:00,2023-08-15,16,4438.11,2023-11-17,1700254800,94.04,call,5300,0.3,0.45,0.37,0.12286,6.0,0.00457,2e-05,0.29965,-0.02065,0.04947,861.9,0.194,Q3,SR1X3,94.59,5.409999999999997
1692129600,2023-08-15 16:00,2023-08-15,16,4438.11,2023-11-17,1700254800,94.04,call,5400,0.15,0.3,0.65,0.1287,166.0,0.00267,7e-05,0.19014,-0.01381,0.03023,961.9,0.217,Q3,SR1X3,94.59,5.409999999999997
1692129600,2023-08-15 16:00,2023-08-15,16,4438.11,2023-11-17,1700254800,94.04,call,5500,0.1,0.25,0.55,0.13707,1.0,0.00215,4e-05,0.14619,-0.01145,0.02256,1061.9,0.239,Q3,SR1X3,94.59,5.409999999999997
1699995600,2023-11-14 16:00,2023-11-14,16,4496.43,2023-11-17,1700254800,3.0,put,3375,0.05,0.1,0.15,0.89913,4.0,-0.0011,1e-05,0.01085,-0.06737,-7e-05,1121.4,0.249,Q4,SR1X3,94.685,5.314999999999998
1699995600,2023-11-14 16:00,2023-11-14,16,4496.43,2023-11-17,1700254800,3.0,put,3380,0.05,0.1,0.55,0.89544,50.0,-0.00029,5e-05,0.01051,-0.06695,-0.00071,1116.4,0.248,Q4,SR1X3,94.685,5.314999999999998
1699995600,2023-11-14 16:00,2023-11-14,16,4496.43,2023-11-17,1700254800,3.0,put,3390,0.05,0.1,0.05,0.88687,1.0,-0.00109,-4e-05,0.01086,-0.06728,-9e-05,1106.4,0.246,Q4,SR1X3,94.685,5.314999999999998
1699995600,2023-11-14 16:00,2023-11-14,16,4496.43,2023-11-17,1700254800,3.0,put,3400,0.05,0.1,0.1,0.87871,2.0,-0.00085,2e-05,0.01086,-0.06768,0.0,1096.4,0.244,Q4,SR1X3,94.685,5.314999999999998
1699995600,2023-11-14 16:00,2023-11-14,16,4496.43,2023-11-17,1700254800,3.0,put,3410,0.05,0.1,0.05,0.86976,3.0,-0.00041,-4e-05,0.01049,-0.06694,-0.00039,1086.4,0.242,Q4,SR1X3,94.685,5.314999999999998
1699995600,2023-11-14 16:00,2023-11-14,16,4496.43,2023-11-17,1700254800,3.0,call,3420,1072.1,1081.4,920.1,0.00034,0.0,1.0,0.0,0.0,-0.51456,0.34939,1076.4,0.239,Q4,SR1X3,94.685,5.314999999999998
1699995600,2023-11-14 16:00,2023-11-14,16,4496.43,2023-11-17,1700254800,3.0,put,3420,0.05,0.15,2.2,0.88073,66.0,-0.00097,-3e-05,0.0141,-0.08867,-1e-05,1076.4,0.239,Q4,SR1X3,94.685,5.314999999999998
1699995600,2023-11-14 16:00,2023-11-14,16,4496.43,2023-11-17,1700254800,3.0,put,3425,0.05,0.15,0.05,0.87673,192.0,-0.00103,6e-05,0.01377,-0.08839,-0.00069,1071.4,0.238,Q4,SR1X3,94.685,5.314999999999998
1699995600,2023-11-14 16:00,2023-11-14,16,4496.43,2023-11-17,1700254800,3.0,call,3430,1062.1,1071.6,0.0,0.00012,0.0,1.0,0.0,0.0,-0.51631,0.35042,1066.4,0.237,Q4,SR1X3,94.685,5.314999999999998
1699995600,2023-11-14 16:00,2023-11-14,16,4496.43,2023-11-17,1700254800,3.0,put,3430,0.05,0.15,0.15,0.87197,50.0,-0.00075,2e-05,0.01378,-0.08866,0.0,1066.4,0.237,Q4,SR1X3,94.685,5.314999999999998
1699995600,2023-11-14 16:00,2023-11-14,16,4496.43,2023-11-17,1700254800,3.0,put,3440,0.05,0.15,2.3,0.86368,91.0,-0.00115,3e-05,0.01415,-0.08918,-0.00029,1056.4,0.235,Q4,SR1X3,94.685,5.314999999999998
1699995600,2023-11-14 16:00,2023-11-14,16,4496.43,2023-11-17,1700254800,3.0,put,3450,0.05,0.15,0.1,0.85466,10.0,-0.00081,5e-05,0.01383,-0.0886,-0.00049,1046.4,0.233,Q4,SR1X3,94.685,5.314999999999998
1699995600,2023-11-14 16:00,2023-11-14,16,4496.43,2023-11-17,1700254800,3.0,put,3460,0.05,0.15,0.2,0.84604,6.0,-0.00093,2e-05,0.01396,-0.0883,0.0,1036.4,0.231,Q4,SR1X3,94.685,5.314999999999998
1699995600,2023-11-14 16:00,2023-11-14,16,4496.43,2023-11-17,1700254800,3.0,put,3470,0.05,0.15,1.55,0.83838,85.0,-0.00069,4e-05,0.01457,-0.08847,-0.00084,1026.4,0.228,Q4,SR1X3,94.685,5.314999999999998
1699995600,2023-11-14 16:00,2023-11-14,16,4496.43,2023-11-17,1700254800,3.0,put,3475,0.05,0.15,0.45,0.83362,1.0,-0.0013,4e-05,0.01469,-0.08844,-0.00045,1021.4,0.227,Q4,SR1X3,94.685,5.314999999999998
1699995600,2023-11-14 16:00,2023-11-14,16,4496.43,2023-11-17,1700254800,3.0,put,3480,0.05,0.15,0.85,0.82864,4.0,-0.00111,-4e-05,0.01423,-0.0884,-0.00041,1016.4,0.226,Q4,SR1X3,94.685,5.314999999999998
1699995600,2023-11-14 16:00,2023-11-14,16,4496.43,2023-11-17,1700254800,3.0,put,3490,0.05,0.1,0.15,0.80116,300.0,-0.00083,1e-05,0.01171,-0.06664,-0.00039,1006.4,0.224,Q4,SR1X3,94.685,5.314999999999998
1699995600,2023-11-14 16:00,2023-11-14,16,4496.43,2023-11-17,1700254800,3.0,put,3500,0.05,0.15,0.05,0.81182,60.0,-0.00066,0.0,0.01536,-0.08844,-0.00084,996.4,0.222,Q4,SR1X3,94.685,5.314999999999998
1699995600,2023-11-14 16:00,2023-11-14,16,4496.43,2023-11-17,1700254800,3.0,put,3510,0.05,0.15,3.2,0.80297,2.0,-0.00144,6e-05,0.01478,-0.08785,-0.00075,986.4,0.219,Q4,SR1X3,94.685,5.314999999999998
1699995600,2023-11-14 16:00,2023-11-14,16,4496.43,2023-11-17,1700254800,3.0,put,3520,0.05,0.15,0.15,0.79472,100.0,-0.00057,-1e-05,0.01489,-0.08812,-0.00061,976.4,0.217,Q4,SR1X3,94.685,5.314999999999998
1699995600,2023-11-14 16:00,2023-11-14,16,4496.43,2023-11-17,1700254800,3.0,put,3525,0.1,0.15,0.35,0.80521,50.0,-0.0013,2e-05,0.01856,-0.10934,-0.00032,971.4,0.216,Q4,SR1X3,94.685,5.314999999999998
1699995600,2023-11-14 16:00,2023-11-14,16,4496.43,2023-11-17,1700254800,3.0,put,3530,0.1,0.15,3.6,0.80157,1.0,-0.00084,2e-05,0.01849,-0.10929,-0.00083,966.4,0.215,Q4,SR1X3,94.685,5.314999999999998
1699995600,2023-11-14 16:00,2023-11-14,16,4496.43,2023-11-17,1700254800,3.0,put,3540,0.1,0.15,1.17,0.79288,1.0,-0.00107,-3e-05,0.0185,-0.10873,-0.00074,956.4,0.213,Q4,SR1X3,94.685,5.314999999999998
1699995600,2023-11-14 16:00,2023-11-14,16,4496.43,2023-11-17,1700254800,3.0,put,3550,0.1,0.2,0.25,0.79656,100.0,-0.00162,4e-05,0.02146,-0.12964,-0.00055,946.4,0.21,Q4,SR1X3,94.685,5.314999999999998
1699995600,2023-11-14 16:00,2023-11-14,16,4496.43,2023-11-17,1700254800,3.0,put,3560,0.1,0.2,0.5,0.78828,27.0,-0.0014,-2e-05,0.02153,-0.12958,-0.00101,936.4,0.208,Q4,SR1X3,94.685,5.314999999999998
1699995600,2023-11-14 16:00,2023-11-14,16,4496.43,2023-11-17,1700254800,3.0,put,3570,0.1,0.2,0.35,0.77904,8.0,-0.00174,-2e-05,0.02152,-0.12994,-0.00022,926.4,0.206,Q4,SR1X3,94.685,5.314999999999998
1699995600,2023-11-14 16:00,2023-11-14,16,4496.43,2023-11-17,1700254800,3.0,put,3575,0.1,0.2,0.55,0.77498,75.0,-0.00195,-4e-05,0.02149,-0.12987,-0.00093,921.4,0.205,Q4,SR1X3,94.685,5.314999999999998
1699995600,2023-11-14 16:00,2023-11-14,16,4496.43,2023-11-17,1700254800,3.0,call,3580,912.3,920.6,872.23,9e-05,0.0,1.0,0.0,0.0,-0.53892,0.36517,916.4,0.204,Q4,SR1X3,94.685,5.314999999999998
1699995600,2023-11-14 16:00,2023-11-14,16,4496.43,2023-11-17,1700254800,3.0,put,3580,0.1,0.2,0.35,0.77096,8.0,-0.00137,2e-05,0.02197,-0.12915,-0.00041,916.4,0.204,Q4,SR1X3,94.685,5.314999999999998
1699995600,2023-11-14 16:00,2023-11-14,16,4496.43,2023-11-17,1700254800,3.0,put,3590,0.1,0.2,0.55,0.76149,23.0,-0.00115,-1e-05,0.02216,-0.1299,-0.00067,906.4,0.202,Q4,SR1X3,94.685,5.314999999999998
1699995600,2023-11-14 16:00,2023-11-14,16,4496.43,2023-11-17,1700254800,3.0,put,3600,0.1,0.2,0.11,0.75378,1123.0,-0.00165,1e-05,0.0222,-0.12941,-0.00111,896.4,0.199,Q4,SR1X3,94.685,5.314999999999998
1699995600,2023-11-14 16:00,2023-11-14,16,4496.43,2023-11-17,1700254800,3.0,put,3610,0.1,0.2,0.15,0.7443,72.0,-0.00117,2e-05,0.02312,-0.12971,-0.00083,886.4,0.197,Q4,SR1X3,94.685,5.314999999999998
1699995600,2023-11-14 16:00,2023-11-14,16,4496.43,2023-11-17,1700254800,3.0,put,3620,0.1,0.2,0.45,0.73568,64.0,-0.00191,-1e-05,0.02333,-0.1288,-0.00103,876.4,0.195,Q4,SR1X3,94.685,5.314999999999998
1699995600,2023-11-14 16:00,2023-11-14,16,4496.43,2023-11-17,1700254800,3.0,put,3625,0.1,0.2,0.49,0.73182,2.0,-0.00145,1e-05,0.02328,-0.1295,-0.0003,871.4,0.194,Q4,SR1X3,94.685,5.314999999999998
1699995600,2023-11-14 16:00,2023-11-14,16,4496.43,2023-11-17,1700254800,3.0,put,3630,0.1,0.2,0.55,0.72763,183.0,-0.00111,4e-05,0.02316,-0.1289,-0.00108,866.4,0.193,Q4,SR1X3,94.685,5.314999999999998
1699995600,2023-11-14 16:00,2023-11-14,16,4496.43,2023-11-17,1700254800,3.0,call,3640,852.4,861.8,740.69,0.00039,0.0,1.0,0.0,0.0,-0.54737,0.37171,856.4,0.19,Q4,SR1X3,94.685,5.314999999999998
1699995600,2023-11-14 16:00,2023-11-14,16,4496.43,2023-11-17,1700254800,3.0,put,3640,0.1,0.2,0.15,0.7186,100.0,-0.00204,0.0,0.02368,-0.12902,-0.00106,856.4,0.19,Q4,SR1X3,94.685,5.314999999999998
1699995600,2023-11-14 16:00,2023-11-14,16,4496.43,2023-11-17,1700254800,3.0,put,3645,0.15,0.2,0.0,0.72449,0.0,-0.0015,0.0,0.02645,-0.14971,-0.00038,851.4,0.189,Q4,SR1X3,94.685,5.314999999999998
1699995600,2023-11-14 16:00,2023-11-14,16,4496.43,2023-11-17,1700254800,3.0,put,3650,0.15,0.2,0.3,0.72042,5.0,-0.00214,6e-05,0.0262,-0.14972,-0.00074,846.4,0.188,Q4,SR1X3,94.685,5.314999999999998
1699995600,2023-11-14 16:00,2023-11-14,16,4496.43,2023-11-17,1700254800,3.0,put,3655,0.15,0.2,0.0,0.71566,0.0,-0.00166,-1e-05,0.02708,-0.14974,-0.00037,841.4,0.187,Q4,SR1X3,94.685,5.314999999999998
1699995600,2023-11-14 16:00,2023-11-14,16,4496.43,2023-11-17,1700254800,3.0,put,3660,0.15,0.2,0.55,0.71184,24.0,-0.00147,6e-05,0.02658,-0.14959,-0.00112,836.4,0.186,Q4,SR1X3,94.685,5.314999999999998
1699995600,2023-11-14 16:00,2023-11-14,16,4496.43,2023-11-17,1700254800,3.0,call,3665,827.4,836.8,0.0,0.00013,0.0,1.0,0.0,0.0,-0.55147,0.37382,831.4,0.185,Q4,SR1X3,94.685,5.314999999999998
1699995600,2023-11-14 16:00,2023-11-14,16,4496.43,2023-11-17,1700254800,3.0,put,3665,0.15,0.25,0.55,0.71595,20.0,-0.00213,3e-05,0.0301,-0.16942,-0.00108,831.4,0.185,Q4,SR1X3,94.685,5.314999999999998
1699995600,2023-11-14 16:00,2023-11-14,16,4496.43,2023-11-17,1700254800,3.0,put,3670,0.15,0.25,0.89,0.71237,56.0,-0.00203,-2e-05,0.03019,-0.16919,-0.00067,826.4,0.184,Q4,SR1X3,94.685,5.314999999999998
1699995600,2023-11-14 16:00,2023-11-14,16,4496.43,2023-11-17,1700254800,3.0,put,3675,0.15,0.25,0.5,0.70797,2.0,-0.00243,2e-05,0.03037,-0.16915,-0.00114,821.4,0.183,Q4,SR1X3,94.685,5.314999999999998
1699995600,2023-11-14 16:00,2023-11-14,16,4496.43,2023-11-17,1700254800,3.0,put,3680,0.15,0.25,0.5,0.70333,99.0,-0.00238,7e-05,0.02977,-0.16901,-0.00126,816.4,0.182,Q4,SR1X3,94.685,5.314999999999998
1699995600,2023-11-14 16:00,2023-11-14,16,4496.43,2023-11-17,1700254800,3.0,put,3685,0.15,0.25,0.3,0.69843,60.0,-0.00163,-1e-05,0.03057,-0.16949,-0.00119,811.4,0.18,Q4,SR1X3,94.685,5.314999999999998
1699995600,2023-11-14 16:00,2023-11-14,16,4496.43,2023-11-17,1700254800,3.0,put,3690,0.15,0.25,0.15,0.69449,1.0,-0.00228,5e-05,0.03091,-0.16861,-0.00079,806.4,0.179,Q4,SR1X3,94.685,5.314999999999998
1699995600,2023-11-14 16:00,2023-11-14,16,4496.43,2023-11-17,1700254800,3.0,put,3695,0.15,0.25,0.2,0.68992,67.0,-0.00169,4e-05,0.03099,-0.16939,-0.00071,801.4,0.178,Q4,SR1X3,94.685,5.314999999999998
1699995600,2023-11-14 16:00,2023-11-14,16,4496.43,2023-11-17,1700254800,3.0,put,3700,0.15,0.25,0.15,0.68609,199.0,-0.00239,3e-05,0.03059,-0.16887,-0.00146,796.4,0.177,Q4,SR1X3,94.685,5.314999999999998
1699995600,2023-11-14 16:00,2023-11-14,16,4496.43,2023-11-17,1700254800,3.0,call,3705,787.5,796.8,0.0,0.00042,0.0,1.0,0.0,0.0,-0.55753,0.37784,791.4,0.176,Q4,SR1X3,94.685,5.314999999999998
1699995600,2023-11-14 16:00,2023-11-14,16,4496.43,2023-11-17,1700254800,3.0,put,3705,0.15,0.25,0.17,0.68191,1.0,-0.00177,7e-05,0.03126,-0.16854,-0.00125,791.4,0.176,Q4,SR1X3,94.685,5.314999999999998
1699995600,2023-11-14 16:00,2023-11-14,16,4496.43,2023-11-17,1700254800,3.0,put,3710,0.15,0.25,0.2,0.6774,60.0,-0.00176,5e-05,0.03159,-0.16852,-0.00077,786.4,0.175,Q4,SR1X3,94.685,5.314999999999998
1699995600,2023-11-14 16:00,2023-11-14,16,4496.43,2023-11-17,1700254800,3.0,put,3715,0.15,0.25,0.2,0.6725,73.0,-0.0021,3e-05,0.03172,-0.16854,-0.00113,781.4,0.174,Q4,SR1X3,94.685,5.314999999999998
1699995600,2023-11-14 16:00,2023-11-14,16,4496.43,2023-11-17,1700254800,3.0,put,3720,0.15,0.25,1.85,0.66819,114.0,-0.00197,1e-05,0.03142,-0.16909,-0.00135,776.4,0.173,Q4,SR1X3,94.685,5.314999999999998
1699995600,2023-11-14 16:00,2023-11-14,16,4496.43,2023-11-17,1700254800,3.0,put,3725,0.15,0.25,0.2,0.6642,50.0,-0.00256,0.0,0.03141,-0.16905,-0.0009,771.4,0.172,Q4,SR1X3,94.685,5.314999999999998
1699995600,2023-11-14 16:00,2023-11-14,16,4496.43,2023-11-17,1700254800,3.0,put,3730,0.15,0.25,0.2,0.65949,174.0,-0.00249,3e-05,0.03149,-0.16804,-0.0008,766.4,0.17,Q4,SR1X3,94.685,5.314999999999998
1699995600,2023-11-14 16:00,2023-11-14,16,4496.43,2023-11-17,1700254800,3.0,call,3735,759.0,765.3,0.0,2e-05,0.0,1.0,0.0,0.0,-0.56204,0.38115,761.4,0.169,Q4,SR1X3,94.685,5.314999999999998
1699995600,2023-11-14 16:00,2023-11-14,16,4496.43,2023-11-17,1700254800,3.0,put,3735,0.15,0.25,0.2,0.65558,117.0,-0.00267,0.0,0.03255,-0.16839,-0.00077,761.4,0.169,Q4,SR1X3,94.685,5.314999999999998
1699995600,2023-11-14 16:00,2023-11-14,16,4496.43,2023-11-17,1700254800,3.0,put,3740,0.15,0.25,7.3,0.6508,200.0,-0.00205,5e-05,0.0321,-0.16821,-0.00055,756.4,0.168,Q4,SR1X3,94.685,5.314999999999998
1699995600,2023-11-14 16:00,2023-11-14,16,4496.43,2023-11-17,1700254800,3.0,put,3745,0.15,0.25,0.55,0.64656,2.0,-0.00265,-3e-05,0.03275,-0.16821,-0.00096,751.4,0.167,Q4,SR1X3,94.685,5.314999999999998
1699995600,2023-11-14 16:00,2023-11-14,16,4496.43,2023-11-17,1700254800,3.0,put,3750,0.2,0.25,0.14,0.65037,2.0,-0.00218,4e-05,0.03524,-0.18797,-0.0015,746.4,0.166,Q4,SR1X3,94.685,5.314999999999998
1699995600,2023-11-14 16:00,2023-11-14,16,4496.43,2023-11-17,1700254800,3.0,call,3755,739.1,745.4,0.0,7e-05,0.0,1.0,0.0,0.0,-0.56521,0.38308,741.4,0.165,Q4,SR1X3,94.685,5.314999999999998
1699995600,2023-11-14 16:00,2023-11-14,16,4496.43,2023-11-17,1700254800,3.0,put,3755,0.2,0.25,5.5,0.64554,0.0,-0.0028,-1e-05,0.03575,-0.18766,-0.00079,741.4,0.165,Q4,SR1X3,94.685,5.314999999999998
1699995600,2023-11-14 16:00,2023-11-14,16,4496.43,2023-11-17,1700254800,3.0,put,3760,0.2,0.25,0.65,0.64104,4.0,-0.00271,2e-05,0.0357,-0.18806,-0.00091,736.4,0.164,Q4,SR1X3,94.685,5.314999999999998
1699995600,2023-11-14 16:00,2023-11-14,16,4496.43,2023-11-17,1700254800,3.0,put,3765,0.2,0.3,0.5,0.64415,22.0,-0.003,-1e-05,0.03909,-0.20735,-0.00129,731.4,0.163,Q4,SR1X3,94.685,5.314999999999998
1699995600,2023-11-14 16:00,2023-11-14,16,4496.43,2023-11-17,1700254800,3.0,put,3770,0.2,0.3,0.9,0.63965,5.0,-0.00318,5e-05,0.03967,-0.20754,-0.00165,726.4,0.162,Q4,SR1X3,94.685,5.314999999999998
1699995600,2023-11-14 16:00,2023-11-14,16,4496.43,2023-11-17,1700254800,3.0,put,3775,0.2,0.3,0.59,0.63462,111.0,-0.00284,2e-05,0.04002,-0.20692,-0.0017,721.4,0.16,Q4,SR1X3,94.685,5.314999999999998
1699995600,2023-11-14 16:00,2023-11-14,16,4496.43,2023-11-17,1700254800,3.0,put,3780,0.2,0.3,0.2,0.63054,6.0,-0.00299,0.0,0.0404,-0.20761,-0.00167,716.4,0.159,Q4,SR1X3,94.685,5.314999999999998
1699995600,2023-11-14 16:00,2023-11-14,16,4496.43,2023-11-17,1700254800,3.0,put,3785,0.2,0.3,0.15,0.6265,5.0,-0.00334,7e-05,0.04026,-0.2071,-0.00097,711.4,0.158,Q4,SR1X3,94.685,5.314999999999998
1699995600,2023-11-14 16:00,2023-11-14,16,4496.43,2023-11-17,1700254800,3.0,put,3790,0.2,0.3,0.4,0.62233,47.0,-0.00335,8e-05,0.04079,-0.20734,-0.00168,706.4,0.157,Q4,SR1X3,94.685,5.314999999999998
1699995600,2023-11-14 16:00,2023-11-14,16,4496.43,2023-11-17,1700254800,3.0,put,3795,0.2,0.3,0.25,0.61725,19.0,-0.00281,2e-05,0.04035,-0.20656,-0.00152,701.4,0.156,Q4,SR1X3,94.685,5.314999999999998
1699995600,2023-11-14 16:00,2023-11-14,16,4496.43,2023-11-17,1700254800,3.0,put,3800,0.2,0.3,0.2,0.6136,401.0,-0.00249,-2e-05,0.04066,-0.207,-0.00162,696.4,0.155,Q4,SR1X3,94.685,5.314999999999998
1699995600,2023-11-14 16:00,2023-11-14,16,4496.43,2023-11-17,1700254800,3.0,put,3805,0.2,0.3,0.55,0.60841,100.0,-0.00293,5e-05,0.04072,-0.20654,-0.00127,691.4,0.154,Q4,SR1X3,94.685,5.314999999999998
1699995600,2023-11-14 16:00,2023-11-14,16,4496.43,2023-11-17,1700254800,3.0,put,3810,0.2,0.3,0.55,0.60449,2.0,-0.00315,1e-05,0.0418,-0.20624,-0.00172,686.4,0.153,Q4,SR1X3,94.685,5.314999999999998
1699995600,2023-11-14 16:00,2023-11-14,16,4496.43,2023-11-17,1700254800,3.0,put,3815,0.2,0.3,0.55,0.60048,5.0,-0.00327,2e-05,0.04136,-0.20658,-0.00171,681.4,0.152,Q4,SR1X3,94.685,5.314999999999998
1699995600,2023-11-14 16:00,2023-11-14,16,4496.43,2023-11-17,1700254800,3.0,put,3820,0.2,0.3,0.54,0.59552,10.0,-0.00288,6e-05,0.04167,-0.2068,-0.00128,676.4,0.15,Q4,SR1X3,94.685,5.314999999999998
1699995600,2023-11-14 16:00,2023-11-14,16,4496.43,2023-11-17,1700254800,3.0,put,3825,0.25,0.3,0.19,0.59776,25.0,-0.00359,0.0,0.04509,-0.22602,-0.00202,671.4,0.149,Q4,SR1X3,94.685,5.314999999999998
1699995600,2023-11-14 16:00,2023-11-14,16,4496.43,2023-11-17,1700254800,3.0,put,3830,0.25,0.3,1.54,0.59285,7.0,-0.00343,7e-05,0.04537,-0.22612,-0.00174,666.4,0.148,Q4,SR1X3,94.685,5.314999999999998
1699995600,2023-11-14 16:00,2023-11-14,16,4496.43,2023-11-17,1700254800,3.0,call,3835,658.9,667.2,0.0,0.00022,0.0,1.0,0.0,0.0,-0.57679,0.39102,661.4,0.147,Q4,SR1X3,94.685,5.314999999999998
1699995600,2023-11-14 16:00,2023-11-14,16,4496.43,2023-11-17,1700254800,3.0,put,3835,0.25,0.3,0.5,0.5886,4.0,-0.00317,8e-05,0.04599,-0.22595,-0.00117,661.4,0.147,Q4,SR1X3,94.685,5.314999999999998
1699995600,2023-11-14 16:00,2023-11-14,16,4496.43,2023-11-17,1700254800,3.0,put,3840,0.25,0.3,1.58,0.58468,200.0,-0.0037,5e-05,0.04559,-0.22497,-0.00177,656.4,0.146,Q4,SR1X3,94.685,5.314999999999998
1699995600,2023-11-14 16:00,2023-11-14,16,4496.43,2023-11-17,1700254800,3.0,call,3845,647.7,657.2,0.0,0.00017,0.0,1.0,0.0,0.0,-0.57883,0.39278,651.4,0.145,Q4,SR1X3,94.685,5.314999999999998
1699995600,2023-11-14 16:00,2023-11-14,16,4496.43,2023-11-17,1700254800,3.0,put,3845,0.25,0.3,0.7,0.57955,10.0,-0.00318,0.0,0.04621,-0.22554,-0.00155,651.4,0.145,Q4,SR1X3,94.685,5.314999999999998
1699995600,2023-11-14 16:00,2023-11-14,16,4496.43,2023-11-17,1700254800,3.0,put,3850,0.25,0.35,0.24,0.58102,900.0,-0.00351,6e-05,0.04955,-0.24464,-0.00137,646.4,0.144,Q4,SR1X3,94.685,5.314999999999998
1699995600,2023-11-14 16:00,2023-11-14,16,4496.43,2023-11-17,1700254800,3.0,put,3855,0.25,0.35,0.3,0.57678,48.0,-0.00376,2e-05,0.04993,-0.24427,-0.00212,641.4,0.143,Q4,SR1X3,94.685,5.314999999999998
1699995600,2023-11-14 16:00,2023-11-14,16,4496.43,2023-11-17,1700254800,3.0,put,3860,0.25,0.35,0.3,0.57158,24.0,-0.0032,2e-05,0.05029,-0.24394,-0.00206,636.4,0.142,Q4,SR1X3,94.685,5.314999999999998
1699995600,2023-11-14 16:00,2023-11-14,16,4496.43,2023-11-17,1700254800,3.0,call,3865,627.7,637.0,0.0,0.00017,0.0,1.0,0.0,0.0,-0.58158,0.39416,631.4,0.14,Q4,SR1X3,94.685,5.314999999999998
1699995600,2023-11-14 16:00,2023-11-14,16,4496.43,2023-11-17,1700254800,3.0,put,3865,0.25,0.35,0.55,0.56805,4.0,-0.00374,9e-05,0.05068,-0.24362,-0.0019,631.4,0.14,Q4,SR1X3,94.685,5.314999999999998
1699995600,2023-11-14 16:00,2023-11-14,16,4496.43,2023-11-17,1700254800,3.0,put,3870,0.25,0.35,0.22,0.56304,2.0,-0.00351,5e-05,0.05156,-0.24423,-0.00161,626.4,0.139,Q4,SR1X3,94.685,5.314999999999998
1699995600,2023-11-14 16:00,2023-11-14,16,4496.43,2023-11-17,1700254800,3.0,put,3875,0.25,0.35,0.55,0.55925,2.0,-0.00347,6e-05,0.05179,-0.24369,-0.0021,621.4,0.138,Q4,SR1X3,94.685,5.314999999999998
1699995600,2023-11-14 16:00,2023-11-14,16,4496.43,2023-11-17,1700254800,3.0,put,3880,0.25,0.35,0.22,0.55454,2.0,-0.00379,4e-05,0.05168,-0.24308,-0.00176,616.4,0.137,Q4,SR1X3,94.685,5.314999999999998
1699995600,2023-11-14 16:00,2023-11-14,16,4496.43,2023-11-17,1700254800,3.0,put,3885,0.25,0.35,0.2,0.54995,3.0,-0.00345,3e-05,0.05167,-0.24376,-0.00185,611.4,0.136,Q4,SR1X3,94.685,5.314999999999998
1699995600,2023-11-14 16:00,2023-11-14,16,4496.43,2023-11-17,1700254800,3.0,put,3890,0.25,0.35,3.7,0.54539,30.0,-0.00421,3e-05,0.05244,-0.24351,-0.00181,606.4,0.135,Q4,SR1X3,94.685,5.314999999999998
1699995600,2023-11-14 16:00,2023-11-14,16,4496.43,2023-11-17,1700254800,3.0,put,3895,0.3,0.35,0.35,0.54616,91.0,-0.00462,6e-05,0.0555,-0.26187,-0.00194,601.4,0.134,Q4,SR1X3,94.685,5.314999999999998
1699995600,2023-11-14 16:00,2023-11-14,16,4496.43,2023-11-17,1700254800,3.0,put,3900,0.3,0.35,0.21,0.54182,29.0,-0.00413,8e-05,0.05653,-0.26154,-0.00201,596.4,0.133,Q4,SR1X3,94.685,5.314999999999998
1699995600,2023-11-14 16:00,2023-11-14,16,4496.43,2023-11-17,1700254800,3.0,put,3905,0.3,0.35,0.85,0.53723,4.0,-0.00401,3e-05,0.05695,-0.26144,-0.00219,591.4,0.132,Q4,SR1X3,94.685,5.314999999999998
1699995600,2023-11-14 16:00,2023-11-14,16,4496.43,2023-11-17,1700254800,3.0,put,3910,0.3,0.35,0.37,0.53296,6.0,-0.00441,5e-05,0.05707,-0.26167,-0.00194,586.4,0.13,Q4,SR1X3,94.685,5.314999999999998
1699995600,2023-11-14 16:00,2023-11-14,16,4496.43,2023-11-17,1700254800,3.0,put,3915,0.3,0.35,0.71,0.52873,49.0,-0.00402,7e-05,0.05783,-0.26181,-0.0015,581.4,0.129,Q4,SR1X3,94.685,5.314999999999998
1699995600,2023-11-14 16:00,2023-11-14,16,4496.43,2023-11-17,1700254800,3.0,put,3920,0.3,0.35,0.36,0.52438,6.0,-0.00448,5e-05,0.05797,-0.26137,-0.00166,576.4,0.128,Q4,SR1X3,94.685,5.314999999999998
1699995600,2023-11-14 16:00,2023-11-14,16,4496.43,2023-11-17,1700254800,3.0,put,3925,0.3,0.4,0.32,0.52428,14.0,-0.00416,2e-05,0.06198,-0.28006,-0.0018,571.4,0.127,Q4,SR1X3,94.685,5.314999999999998
1699995600,2023-11-14 16:00,2023-11-14,16,4496.43,2023-11-17,1700254800,3.0,put,3930,0.3,0.4,0.35,0.5195,24.0,-0.00482,6e-05,0.06177,-0.27912,-0.00189,566.4,0.126,Q4,SR1X3,94.685,5.314999999999998
1699995600,2023-11-14 16:00,2023-11-14,16,4496.43,2023-11-17,1700254800,3.0,put,3935,0.3,0.4,0.25,0.51488,3.0,-0.00428,7e-05,0.06236,-0.27892,-0.00227,561.4,0.125,Q4,SR1X3,94.685,5.314999999999998
1699995600,2023-11-14 16:00,2023-11-14,16,4496.43,2023-11-17,1700254800,3.0,put,3940,0.3,0.4,0.32,0.51095,1.0,-0.00519,3e-05,0.06293,-0.2794,-0.00256,556.4,0.124,Q4,SR1X3,94.685,5.314999999999998
1699995600,2023-11-14 16:00,2023-11-14,16,4496.43,2023-11-17,1700254800,3.0,call,3945,547.3,555.8,0.0,2e-05,0.0,1.0,0.0,0.0,-0.59357,0.40303,551.4,0.123,Q4,SR1X3,94.685,5.314999999999998
1699995600,2023-11-14 16:00,2023-11-14,16,4496.43,2023-11-17,1700254800,3.0,put,3945,0.3,0.4,0.95,0.50619,67.0,-0.00442,7e-05,0.06317,-0.27932,-0.00174,551.4,0.123,Q4,SR1X3,94.685,5.314999999999998
1699995600,2023-11-14 16:00,2023-11-14,16,4496.43,2023-11-17,1700254800,3.0,call,3950,542.8,552.2,405.93,0.0004,1.0,1.0,0.0,0.0,-0.59447,0.40262,546.4,0.122,Q4,SR1X3,94.685,5.314999999999998
1699995600,2023-11-14 16:00,2023-11-14,16,4496.43,2023-11-17,1700254800,3.0,put,3950,0.3,0.4,0.35,0.50198,3.0,-0.00508,8e-05,0.06424,-0.27852,-0.00191,546.4,0.122,Q4,SR1X3,94.685,5.314999999999998
1699995600,2023-11-14 16:00,2023-11-14,16,4496.43,2023-11-17,1700254800,3.0,put,3955,0.3,0.4,1.02,0.49743,248.0,-0.0051,2e-05,0.06442,-0.27911,-0.00201,541.4,0.12,Q4,SR1X3,94.685,5.314999999999998
1699995600,2023-11-14 16:00,2023-11-14,16,4496.43,2023-11-17,1700254800,3.0,put,3960,0.3,0.4,0.37,0.49328,4.0,-0.00453,2e-05,0.06477,-0.27887,-0.00189,536.4,0.119,Q4,SR1X3,94.685,5.314999999999998
1699995600,2023-11-14 16:00,2023-11-14,16,4496.43,2023-11-17,1700254800,3.0,put,3965,0.35,0.4,0.25,0.49307,25.0,-0.00485,6e-05,0.06898,-0.29686,-0.00236,531.4,0.118,Q4,SR1X3,94.685,5.314999999999998
1699995600,2023-11-14 16:00,2023-11-14,16,4496.43,2023-11-17,1700254800,3.0,put,3970,0.35,0.4,0.3,0.48881,64.0,-0.00507,0.0001,0.06873,-0.29628,-0.00206,526.4,0.117,Q4,SR1X3,94.685,5.314999999999998
1699995600,2023-11-14 16:00,2023-11-14,16,4496.43,2023-11-17,1700254800,3.0,put,3975,0.35,0.4,1.5,0.48413,3.0,-0.00561,7e-05,0.06913,-0.29571,-0.00243,521.4,0.116,Q4,SR1X3,94.685,5.314999999999998
1699995600,2023-11-14 16:00,2023-11-14,16,4496.43,2023-11-17,1700254800,3.0,put,3980,0.35,0.4,0.25,0.48,7.0,-0.00565,0.00011,0.06987,-0.29618,-0.00252,516.4,0.115,Q4,SR1X3,94.685,5.314999999999998
1699995600,2023-11-14 16:00,2023-11-14,16,4496.43,2023-11-17,1700254800,3.0,put,3985,0.35,0.4,0.3,0.47508,25.0,-0.0057,3e-05,0.07094,-0.29605,-0.00222,511.4,0.114,Q4,SR1X3,94.685,5.314999999999998
1699995600,2023-11-14 16:00,2023-11-14,16,4496.43,2023-11-17,1700254800,3.0,put,3990,0.35,0.4,0.85,0.4704,28.0,-0.00536,0.0001,0.07105,-0.29581,-0.00276,506.4,0.113,Q4,SR1X3,94.685,5.314999999999998
1699995600,2023-11-14 16:00,2023-11-14,16,4496.43,2023-11-17,1700254800,3.0,call,3995,499.2,507.4,0.0,0.00027,0.0,1.0,0.0,0.0,-0.60098,0.40813,501.4,0.112,Q4,SR1X3,94.685,5.314999999999998
1699995600,2023-11-14 16:00,2023-11-14,16,4496.43,2023-11-17,1700254800,3.0,put,3995,0.35,0.4,0.44,0.46666,37.0,-0.00566,0.00012,0.07143,-0.29526,-0.00268,501.4,0.112,Q4,SR1X3,94.685,5.314999999999998
1699995600,2023-11-14 16:00,2023-11-14,16,4496.43,2023-11-17,1700254800,3.0,put,4000,0.35,0.45,0.32,0.46562,1341.0,-0.00551,7e-05,0.07599,-0.31365,-0.00242,496.4,0.11,Q4,SR1X3,94.685,5.314999999999998
1699995600,2023-11-14 16:00,2023-11-14,16,4496.43,2023-11-17,1700254800,3.0,put,4005,0.35,0.45,0.3,0.46067,62.0,-0.00577,9e-05,0.07628,-0.31282,-0.00238,491.4,0.109,Q4,SR1X3,94.685,5.314999999999998
1699995600,2023-11-14 16:00,2023-11-14,16,4496.43,2023-11-17,1700254800,3.0,put,4010,0.35,0.45,0.3,0.45644,121.0,-0.00626,4e-05,0.07734,-0.31269,-0.00233,486.4,0.108,Q4,SR1X3,94.685,5.314999999999998
1699995600,2023-11-14 16:00,2023-11-14,16,4496.43,2023-11-17,1700254800,3.0,call,4015,476.8,486.2,0.0,0.00032,0.0,1.0,0.0,0.0,-0.60388,0.40956,481.4,0.107,Q4,SR1X3,94.685,5.314999999999998
1699995600,2023-11-14 16:00,2023-11-14,16,4496.43,2023-11-17,1700254800,3.0,put,4015,0.35,0.45,0.46,0.45268,10.0,-0.00597,0.00011,0.07768,-0.31266,-0.00317,481.4,0.107,Q4,SR1X3,94.685,5.314999999999998
1699995600,2023-11-14 16:00,2023-11-14,16,4496.43,2023-11-17,1700254800,3.0,call,4020,471.8,481.2,140.24,8e-05,2.0,1.0,0.0,0.0,-0.60466,0.4099,476.4,0.106,Q4,SR1X3,94.685,5.314999999999998
1699995600,2023-11-14 16:00,2023-11-14,16,4496.43,2023-11-17,1700254800,3.0,put,4020,0.35,0.45,0.25,0.44741,132.0,-0.00594,7e-05,0.07806,-0.31196,-0.00257,476.4,0.106,Q4,SR1X3,94.685,5.314999999999998
1699995600,2023-11-14 16:00,2023-11-14,16,4496.43,2023-11-17,1700254800,3.0,put,4025,0.35,0.45,0.35,0.44306,31.0,-0.00619,0.0001,0.07858,-0.31182,-0.003,471.4,0.105,Q4,SR1X3,94.685,5.314999999999998
1699995600,2023-11-14 16:00,2023-11-14,16,4496.43,2023-11-17,1700254800,3.0,call,4030,461.4,471.8,133.01,0.00018,96.0,1.0,0.0,0.0,-0.60648,0.41092,466.4,0.104,Q4,SR1X3,94.685,5.314999999999998
1699995600,2023-11-14 16:00,2023-11-14,16,4496.43,2023-11-17,1700254800,3.0,put,4030,0.35,0.45,0.35,0.43862,141.0,-0.0057,9e-05,0.07947,-0.31124,-0.00256,466.4,0.104,Q4,SR1X3,94.685,5.314999999999998
1699995600,2023-11-14 16:00,2023-11-14,16,4496.43,2023-11-17,1700254800,3.0,put,4035,0.35,0.45,0.3,0.43413,1.0,-0.0066,0.00011,0.08011,-0.31103,-0.00292,461.4,0.103,Q4,SR1X3,94.685,5.314999999999998
1699995600,2023-11-14 16:00,2023-11-14,16,4496.43,2023-11-17,1700254800,3.0,put,4040,0.35,0.45,0.3,0.43026,25.0,-0.00586,8e-05,0.08047,-0.31082,-0.00331,456.4,0.102,Q4,SR1X3,94.685,5.314999999999998
1699995600,2023-11-14 16:00,2023-11-14,16,4496.43,2023-11-17,1700254800,3.0,call,4045,446.2,456.8,123.41,7e-05,1.0,1.0,0.0,0.0,-0.6084,0.41287,451.4,0.1,Q4,SR1X3,94.685,5.314999999999998
1699995600,2023-11-14 16:00,2023-11-14,16,4496.43,2023-11-17,1700254800,3.0,put,4045,0.35,0.45,0.9,0.42556,25.0,-0.00592,0.00012,0.08152,-0.31064,-0.00304,451.4,0.1,Q4,SR1X3,94.685,5.314999999999998
1699995600,2023-11-14 16:00,2023-11-14,16,4496.43,2023-11-17,1700254800,3.0,put,4050,0.35,0.45,0.29,0.42096,8.0,-0.00624,8e-05,0.08226,-0.31106,-0.00334,446.4,0.099,Q4,SR1X3,94.685,5.314999999999998
1699995600,2023-11-14 16:00,2023-11-14,16,4496.43,2023-11-17,1700254800,3.0,put,4055,0.4,0.45,1.47,0.41968,5.0,-0.00688,6e-05,0.08646,-0.3286,-0.00334,441.4,0.098,Q4,SR1X3,94.685,5.314999999999998
1699995600,2023-11-14 16:00,2023-11-14,16,4496.43,2023-11-17,1700254800,3.0,put,4060,0.4,0.45,1.4,0.4152,20.0,-0.00654,6e-05,0.08709,-0.32743,-0.0031,436.4,0.097,Q4,SR1X3,94.685,5.314999999999998
1699995600,2023-11-14 16:00,2023-11-14,16,4496.43,2023-11-17,1700254800,3.0,put,4065,0.4,0.45,0.35,0.4108,25.0,-0.00729,9e-05,0.08834,-0.32716,-0.00355,431.4,0.096,Q4,SR1X3,94.685,5.314999999999998
1699995600,2023-11-14 16:00,2023-11-14,16,4496.43,2023-11-17,1700254800,3.0,call,4070,421.8,431.4,316.87,4e-05,2.0,1.0,0.0,0.0,-0.61238,0.41485,426.4,0.095,Q4,SR1X3,94.685,5.314999999999998
1699995600,2023-11-14 16:00,2023-11-14,16,4496.43,2023-11-17,1700254800,3.0,put,4070,0.4,0.5,1.36,0.4091,2.0,-0.0077,0.0001,0.09246,-0.34509,-0.00317,426.4,0.095,Q4,SR1X3,94.685,5.314999999999998
1699995600,2023-11-14 16:00,2023-11-14,16,4496.43,2023-11-17,1700254800,3.0,put,4075,0.4,0.5,0.36,0.40499,1000.0,-0.00728,0.00011,0.09277,-0.34417,-0.00324,421.4,0.094,Q4,SR1X3,94.685,5.314999999999998
1699995600,2023-11-14 16:00,2023-11-14,16,4496.43,2023-11-17,1700254800,3.0,put,4080,0.4,0.5,0.8,0.40094,3.0,-0.00728,0.00016,0.09403,-0.34447,-0.00376,416.4,0.093,Q4,SR1X3,94.685,5.314999999999998
1699995600,2023-11-14 16:00,2023-11-14,16,4496.43,2023-11-17,1700254800,3.0,call,4085,406.6,416.4,0.0,0.00045,0.0,1.0,0.0,0.0,-0.6147,0.41672,411.4,0.091,Q4,SR1X3,94.685,5.314999999999998
1699995600,2023-11-14 16:00,2023-11-14,16,4496.43,2023-11-17,1700254800,3.0,put,4085,0.4,0.5,0.35,0.39605,1.0,-0.00777,9e-05,0.0945,-0.34382,-0.0035,411.4,0.091,Q4,SR1X3,94.685,5.314999999999998
1699995600,2023-11-14 16:00,2023-11-14,16,4496.43,2023-11-17,1700254800,3.0,put,4090,0.4,0.5,0.52,0.39206,1.0,-0.00734,0.00015,0.09594,-0.34357,-0.00374,406.4,0.09,Q4,SR1X3,94.685,5.314999999999998
1699995600,2023-11-14 16:00,2023-11-14,16,4496.43,2023-11-17,1700254800,3.0,call,4095,397.0,406.4,212.43,0.00048,2.0,1.0,0.0,0.0,-0.61587,0.41795,401.4,0.089,Q4,SR1X3,94.685,5.314999999999998
1699995600,2023-11-14 16:00,2023-11-14,16,4496.43,2023-11-17,1700254800,3.0,put,4095,0.4,0.5,0.35,0.38741,233.0,-0.00785,0.00011,0.0969,-0.34305,-0.0035,401.4,0.089,Q4,SR1X3,94.685,5.314999999999998
1699995600,2023-11-14 16:00,2023-11-14,16,4496.43,2023-11-17,1700254800,3.0,put,4100,0.4,0.5,0.45,0.38316,89.0,-0.00778,0.00012,0.09767,-0.34295,-0.00329,396.4,0.088,Q4,SR1X3,94.685,5.314999999999998
1699995600,2023-11-14 16:00,2023-11-14,16,4496.43,2023-11-17,1700254800,3.0,put,4105,0.4,0.5,1.77,0.37806,2.0,-0.00733,0.00015,0.09849,-0.34266,-0.00326,391.4,0.087,Q4,SR1X3,94.685,5.314999999999998
1699995600,2023-11-14 16:00,2023-11-14,16,4496.43,2023-11-17,1700254800,3.0,call,4110,382.0,391.4,270.0,0.00026,2.0,1.0,0.0,0.0,-0.6188,0.41949,386.4,0.086,Q4,SR1X3,94.685,5.314999999999998
1699995600,2023-11-14 16:00,2023-11-14,16,4496.43,2023-11-17,1700254800,3.0,put,4110,0.4,0.5,0.35,0.3736,2.0,-0.00752,0.00011,0.09903,-0.34166,-0.00383,386.4,0.086,Q4,SR1X3,94.685,5.314999999999998
1699995600,2023-11-14 16:00,2023-11-14,16,4496.43,2023-11-17,1700254800,3.0,call,4115,377.4,386.1,80.2,0.00035,1.0,1.0,0.0,0.0,-0.61905,0.42011,381.4,0.085,Q4,SR1X3,94.685,5.314999999999998
1699995600,2023-11-14 16:00,2023-11-14,16,4496.43,2023-11-17,1700254800,3.0,put,4115,0.4,0.5,0.85,0.36965,3.0,-0.00761,0.00015,0.10058,-0.34153,-0.00418,381.4,0.085,Q4,SR1X3,94.685,5.314999999999998
1699995600,2023-11-14 16:00,2023-11-14,16,4496.43,2023-11-17,1700254800,3.0,call,4120,372.0,381.2,127.58,8e-05,2.0,1.0,0.0,0.0,-0.6199,0.42026,376.4,0.084,Q4,SR1X3,94.685,5.314999999999998
1699995600,2023-11-14 16:00,2023-11-14,16,4496.43,2023-11-17,1700254800,3.0,put,4120,0.45,0.5,0.85,0.36731,7.0,-0.00809,0.00016,0.10568,-0.35837,-0.00368,376.4,0.084,Q4,SR1X3,94.685,5.314999999999998
1699995600,2023-11-14 16:00,2023-11-14,16,4496.43,2023-11-17,1700254800,3.0,call,4125,369.7,377.6,71.35,2e-05,3.0,1.0,0.0,0.0,-0.62117,0.42094,371.4,0.083,Q4,SR1X3,94.685,5.314999999999998
1699995600,2023-11-14 16:00,2023-11-14,16,4496.43,2023-11-17,1700254800,3.0,put,4125,0.45,0.5,0.85,0.36245,1.0,-0.00857,0.00012,0.106,-0.35784,-0.00371,371.4,0.083,Q4,SR1X3,94.685,5.314999999999998
1699995600,2023-11-14 16:00,2023-11-14,16,4496.43,2023-11-17,1700254800,3.0,call,4130,362.0,371.2,170.94,7e-05,199.0,1.0,0.0,0.0,-0.62125,0.42145,366.4,0.081,Q4,SR1X3,94.685,5.314999999999998
1699995600,2023-11-14 16:00,2023-11-14,16,4496.43,2023-11-17,1700254800,3.0,put,4130,0.45,0.55,0.55,0.36031,49.0,-0.00853,0.00012,0.11165,-0.37427,-0.00391,366.4,0.081,Q4,SR1X3,94.685,5.314999999999998
1699995600,2023-11-14 16:00,2023-11-14,16,4496.43,2023-11-17,1700254800,3.0,call,4135,357.5,365.7,121.0,0.00031,2.0,1.0,0.0,0.0,-0.62197,0.42198,361.4,0.08,Q4,SR1X3,94.685,5.314999999999998
1699995600,2023-11-14 16:00,2023-11-14,16,4496.43,2023-11-17,1700254800,3.0,put,4135,0.45,0.55,2.18,0.35621,12.0,-0.00862,0.00016,0.11203,-0.37409,-0.00374,361.4,0.08,Q4,SR1X3,94.685,5.314999999999998
1699995600,2023-11-14 16:00,2023-11-14,16,4496.43,2023-11-17,1700254800,3.0,put,4140,0.45,0.55,0.35,0.35192,22.0,-0.00906,0.00011,0.11359,-0.37402,-0.00448,356.4,0.079,Q4,SR1X3,94.685,5.314999999999998
1699995600,2023-11-14 16:00,2023-11-14,16,4496.43,2023-11-17,1700254800,3.0,call,4145,347.6,355.9,112.77,1e-05,1.0,1.0,0.0,0.0,-0.62343,0.42338,351.4,0.078,Q4,SR1X3,94.685,5.314999999999998
1699995600,2023-11-14 16:00,2023-11-14,16,4496.43,2023-11-17,1700254800,3.0,put,4145,0.45,0.55,0.55,0.34758,117.0,-0.00907,0.00019,0.11506,-0.3734,-0.00455,351.4,0.078,Q4,SR1X3,94.685,5.314999999999998
1699995600,2023-11-14 16:00,2023-11-14,16,4496.43,2023-11-17,1700254800,3.0,put,4150,0.45,0.55,0.5,0.34238,110.0,-0.0094,0.00014,0.1164,-0.37294,-0.00429,346.4,0.077,Q4,SR1X3,94.685,5.314999999999998
1699995600,2023-11-14 16:00,2023-11-14,16,4496.43,2023-11-17,1700254800,3.0,call,4155,337.6,345.7,149.46,0.00034,1.0,1.0,0.0,0.0,-0.62498,0.42393,341.4,0.076,Q4,SR1X3,94.685,5.314999999999998
1699995600,2023-11-14 16:00,2023-11-14,16,4496.43,2023-11-17,1700254800,3.0,put,4155,0.45,0.55,0.65,0.33833,300.0,-0.00931,0.00016,0.11685,-0.37211,-0.004,341.4,0.076,Q4,SR1X3,94.685,5.314999999999998
1699995600,2023-11-14 16:00,2023-11-14,16,4496.43,2023-11-17,1700254800,3.0,put,4160,0.45,0.55,0.33,0.33396,1.0,-0.00929,0.00019,0.11854,-0.37199,-0.00422,336.4,0.075,Q4,SR1X3,94.685,5.314999999999998
1699995600,2023-11-14 16:00,2023-11-14,16,4496.43,2023-11-17,1700254800,3.0,put,4165,0.45,0.55,0.37,0.32954,4.0,-0.0094,0.00017,0.12012,-0.37111,-0.00462,331.4,0.074,Q4,SR1X3,94.685,5.314999999999998
1699995600,2023-11-14 16:00,2023-11-14,16,4496.43,2023-11-17,1700254800,3.0,put,4170,0.5,0.55,0.38,0.32669,1.0,-0.01051,0.00022,0.12471,-0.38714,-0.00462,326.4,0.073,Q4,SR1X3,94.685,5.314999999999998
1699995600,2023-11-14 16:00,2023-11-14,16,4496.43,2023-11-17,1700254800,3.0,put,4175,0.5,0.6,0.7,0.32438,155.0,-0.01111,0.0002,0.13016,-0.40346,-0.00509,321.4,0.071,Q4,SR1X3,94.685,5.314999999999998
1699995600,2023-11-14 16:00,2023-11-14,16,4496.43,2023-11-17,1700254800,3.0,put,4180,0.5,0.6,0.65,0.32,121.0,-0.01141,0.00017,0.1321,-0.40263,-0.00478,316.4,0.07,Q4,SR1X3,94.685,5.314999999999998
1699995600,2023-11-14 16:00,2023-11-14,16,4496.43,2023-11-17,1700254800,3.0,call,4185,307.1,316.6,203.63,9e-05,2.0,1.0,0.0,0.0,-0.62966,0.42662,311.4,0.069,Q4,SR1X3,94.685,5.314999999999998
1699995600,2023-11-14 16:00,2023-11-14,16,4496.43,2023-11-17,1700254800,3.0,put,4185,0.5,0.6,0.7,0.3147,6.0,-0.0109,0.00019,0.1339,-0.40267,-0.00553,311.4,0.069,Q4,SR1X3,94.685,5.314999999999998
1699995600,2023-11-14 16:00,2023-11-14,16,4496.43,2023-11-17,1700254800,3.0,put,4190,0.5,0.6,0.44,0.31084,1.0,-0.01102,0.00018,0.13489,-0.40173,-0.0048,306.4,0.068,Q4,SR1X3,94.685,5.314999999999998
1699995600,2023-11-14 16:00,2023-11-14,16,4496.43,2023-11-17,1700254800,3.0,put,4195,0.5,0.6,0.47,0.30563,2.0,-0.01122,0.00016,0.1368,-0.40138,-0.00484,301.4,0.067,Q4,SR1X3,94.685,5.314999999999998
1699995600,2023-11-14 16:00,2023-11-14,16,4496.43,2023-11-17,1700254800,3.0,call,4200,295.3,298.3,207.91,0.00022,4.0,1.0,0.0,0.0,-0.63193,0.42838,296.4,0.066,Q4,SR1X3,94.685,5.314999999999998
1699995600,2023-11-14 16:00,2023-11-14,16,4496.43,2023-11-17,1700254800,3.0,put,4200,0.55,0.6,0.5,0.3034,218.0,-0.01171,0.00027,0.143,-0.41695,-0.00584,296.4,0.066,Q4,SR1X3,94.685,5.314999999999998
1699995600,2023-11-14 16:00,2023-11-14,16,4496.43,2023-11-17,1700254800,3.0,call,4205,287.7,295.8,206.27,0.00032,4.0,1.0,0.0,0.0,-0.6331,0.42873,291.4,0.065,Q4,SR1X3,94.685,5.314999999999998
1699995600,2023-11-14 16:00,2023-11-14,16,4496.43,2023-11-17,1700254800,3.0,put,4205,0.55,0.6,0.79,0.29844,5.0,-0.01207,0.00023,0.14464,-0.41629,-0.00558,291.4,0.065,Q4,SR1X3,94.685,5.314999999999998
1699995600,2023-11-14 16:00,2023-11-14,16,4496.43,2023-11-17,1700254800,3.0,call,4210,282.2,291.6,290.13,0.00036,1.0,1.0,0.0,0.0,-0.63375,0.43001,286.4,0.064,Q4,SR1X3,94.685,5.314999999999998
1699995600,2023-11-14 16:00,2023-11-14,16,4496.43,2023-11-17,1700254800,3.0,put,4210,0.55,0.65,0.44,0.29544,5.0,-0.01237,0.00025,0.15,-0.43097,-0.00572,286.4,0.064,Q4,SR1X3,94.685,5.314999999999998
1699995600,2023-11-14 16:00,2023-11-14,16,4496.43,2023-11-17,1700254800,3.0,call,4215,277.7,285.8,50.28,8e-05,7.0,1.0,0.0,0.0,-0.63441,0.43049,281.4,0.063,Q4,SR1X3,94.685,5.314999999999998
1699995600,2023-11-14 16:00,2023-11-14,16,4496.43,2023-11-17,1700254800,3.0,put,4215,0.55,0.65,4.4,0.29083,20.0,-0.01253,0.00028,0.15227,-0.43044,-0.00582,281.4,0.063,Q4,SR1X3,94.685,5.314999999999998
1699995600,2023-11-14 16:00,2023-11-14,16,4496.43,2023-11-17,1700254800,3.0,call,4220,272.2,281.6,118.84,0.00048,21.0,1.0,0.0,0.0,-0.63487,0.43029,276.4,0.061,Q4,SR1X3,94.685,5.314999999999998
1699995600,2023-11-14 16:00,2023-11-14,16,4496.43,2023-11-17,1700254800,3.0,put,4220,0.55,0.65,1.35,0.2862,312.0,-0.0127,0.0003,0.15405,-0.43022,-0.00598,276.4,0.061,Q4,SR1X3,94.685,5.314999999999998
1699995600,2023-11-14 16:00,2023-11-14,16,4496.43,2023-11-17,1700254800,3.0,call,4225,271.6,272.8,271.55,4e-05,1.0,1.0,0.0,0.0,-0.63588,0.4311,271.4,0.06,Q4,SR1X3,94.685,5.314999999999998
1699995600,2023-11-14 16:00,2023-11-14,16,4496.43,2023-11-17,1700254800,3.0,put,4225,0.55,0.65,0.44,0.28248,3.0,-0.01327,0.00029,0.15566,-0.42947,-0.00628,271.4,0.06,Q4,SR1X3,94.685,5.314999999999998
1699995600,2023-11-14 16:00,2023-11-14,16,4496.43,2023-11-17,1700254800,3.0,call,4230,261.8,271.3,143.0,0.00025,201.0,1.0,0.0,0.0,-0.63645,0.43141,266.4,0.059,Q4,SR1X3,94.685,5.314999999999998
1699995600,2023-11-14 16:00,2023-11-14,16,4496.43,2023-11-17,1700254800,3.0,put,4230,0.6,0.65,0.4,0.27888,1253.0,-0.01364,0.00032,0.16242,-0.44452,-0.0068,266.4,0.059,Q4,SR1X3,94.685,5.314999999999998
1699995600,2023-11-14 16:00,2023-11-14,16,4496.43,2023-11-17,1700254800,3.0,call,4235,257.8,266.1,265.13,0.00029,1.0,1.0,0.0,0.0,-0.63744,0.43189,261.4,0.058,Q4,SR1X3,94.685,5.314999999999998
1699995600,2023-11-14 16:00,2023-11-14,16,4496.43,2023-11-17,1700254800,3.0,put,4235,0.6,0.65,0.95,0.27425,27.0,-0.01405,0.00025,0.16452,-0.44313,-0.00627,261.4,0.058,Q4,SR1X3,94.685,5.314999999999998
1699995600,2023-11-14 16:00,2023-11-14,16,4496.43,2023-11-17,1700254800,3.0,put,4240,0.6,0.7,1.0,0.27095,25.0,-0.01431,0.00032,0.17103,-0.45782,-0.00695,256.4,0.057,Q4,SR1X3,94.685,5.314999999999998
1699995600,2023-11-14 16:00,2023-11-14,16,4496.43,2023-11-17,1700254800,3.0,put,4245,0.6,0.7,1.05,0.26651,307.0,-0.01522,0.0003,0.17365,-0.45657,-0.00692,251.4,0.056,Q4,SR1X3,94.685,5.314999999999998
1699995600,2023-11-14 16:00,2023-11-14,16,4496.43,2023-11-17,1700254800,3.0,put,4250,0.6,0.7,0.68,0.26176,624.0,-0.01537,0.00033,0.17562,-0.45605,-0.00704,246.4,0.055,Q4,SR1X3,94.685,5.314999999999998
1699995600,2023-11-14 16:00,2023-11-14,16,4496.43,2023-11-17,1700254800,3.0,put,4255,0.65,0.7,1.06,0.25904,500.0,-0.01582,0.00029,0.18273,-0.47023,-0.0072,241.4,0.054,Q4,SR1X3,94.685,5.314999999999998
1699995600,2023-11-14 16:00,2023-11-14,16,4496.43,2023-11-17,1700254800,3.0,call,4260,236.3,237.9,240.0,0.00033,10.0,1.0,0.0,0.0,-0.6408,0.43459,236.4,0.053,Q4,SR1X3,94.685,5.314999999999998
1699995600,2023-11-14 16:00,2023-11-14,16,4496.43,2023-11-17,1700254800,3.0,put,4260,0.65,0.7,0.55,0.25376,45.0,-0.01581,0.00038,0.18587,-0.46929,-0.00775,236.4,0.053,Q4,SR1X3,94.685,5.314999999999998
1699995600,2023-11-14 16:00,2023-11-14,16,4496.43,2023-11-17,1700254800,3.0,call,4265,227.8,235.9,147.42,0.00038,4.0,1.0,0.0,0.0,-0.64158,0.43556,231.4,0.051,Q4,SR1X3,94.685,5.314999999999998
1699995600,2023-11-14 16:00,2023-11-14,16,4496.43,2023-11-17,1700254800,3.0,put,4265,0.65,0.75,0.55,0.25086,11.0,-0.01662,0.00033,0.1931,-0.48401,-0.00765,231.4,0.051,Q4,SR1X3,94.685,5.314999999999998
1699995600,2023-11-14 16:00,2023-11-14,16,4496.43,2023-11-17,1700254800,3.0,call,4270,226.7,228.1,100.95,0.00042,1.0,1.0,0.0,0.0,-0.64265,0.4357,226.4,0.05,Q4,SR1X3,94.685,5.314999999999998
1699995600,2023-11-14 16:00,2023-11-14,16,4496.43,2023-11-17,1700254800,3.0,put,4270,0.65,0.75,0.53,0.2459,108.0,-0.01704,0.00041,0.19532,-0.4823,-0.00844,226.4,0.05,Q4,SR1X3,94.685,5.314999999999998
1699995600,2023-11-14 16:00,2023-11-14,16,4496.43,2023-11-17,1700254800,3.0,call,4275,221.1,223.8,143.0,0.0001,16.0,1.0,0.0,0.0,-0.64376,0.43591,221.4,0.049,Q4,SR1X3,94.685,5.314999999999998
1699995600,2023-11-14 16:00,2023-11-14,16,4496.43,2023-11-17,1700254800,3.0,put,4275,0.7,0.75,0.55,0.2422,517.0,-0.01822,0.00045,0.20339,-0.49639,-0.00787,221.4,0.049,Q4,SR1X3,94.685,5.314999999999998
1699995600,2023-11-14 16:00,2023-11-14,16,4496.43,2023-11-17,1700254800,3.0,call,4280,212.4,221.8,134.6,0.00013,1.0,1.0,0.0,0.0,-0.64411,0.43665,216.4,0.048,Q4,SR1X3,94.685,5.314999999999998
1699995600,2023-11-14 16:00,2023-11-14,16,4496.43,2023-11-17,1700254800,3.0,put,4280,0.7,0.8,1.51,0.23909,5.0,-0.01928,0.00044,0.21062,-0.50982,-0.00822,216.4,0.048,Q4,SR1X3,94.685,5.314999999999998
1699995600,2023-11-14 16:00,2023-11-14,16,4496.43,2023-11-17,1700254800,3.0,put,4285,0.7,0.8,0.55,0.23367,630.0,-0.01881,0.00047,0.21436,-0.50818,-0.00928,211.4,0.047,Q4,SR1X3,94.685,5.314999999999998
1699995600,2023-11-14 16:00,2023-11-14,16,4496.43,2023-11-17,1700254800,3.0,call,4290,202.4,211.4,215.8,6e-05,3.0,1.0,0.0,0.0,-0.64531,0.43775,206.4,0.046,Q4,SR1X3,94.685,5.314999999999998
1699995600,2023-11-14 16:00,2023-11-14,16,4496.43,2023-11-17,1700254800,3.0,put,4290,0.7,0.8,0.6,0.22902,1.0,-0.01932,0.0005,0.21742,-0.50657,-0.00869,206.4,0.046,Q4,SR1X3,94.685,5.314999999999998
1699995600,2023-11-14 16:00,2023-11-14,16,4496.43,2023-11-17,1700254800,3.0,call,4295,197.5,206.5,82.8,0.00025,300.0,1.0,0.0,0.0,-0.646,0.43824,201.4,0.045,Q4,SR1X3,94.685,5.314999999999998
1699995600,2023-11-14 16:00,2023-11-14,16,4496.43,2023-11-17,1700254800,3.0,put,4295,0.75,0.8,0.55,0.22564,44.0,-0.02042,0.0005,0.22562,-0.5206,-0.00987,201.4,0.045,Q4,SR1X3,94.685,5.314999999999998
1699995600,2023-11-14 16:00,2023-11-14,16,4496.43,2023-11-17,1700254800,3.0,put,4300,0.75,0.85,0.8,0.22226,706.0,-0.02159,0.00048,0.23365,-0.53326,-0.00992,196.4,0.044,Q4,SR1X3,94.685,5.314999999999998
1699995600,2023-11-14 16:00,2023-11-14,16,4496.43,2023-11-17,1700254800,3.0,call,4305,187.5,196.6,111.83,0.00026,247.0,1.0,0.0,0.0,-0.64786,0.43915,191.4,0.043,Q4,SR1X3,94.685,5.314999999999998
1699995600,2023-11-14 16:00,2023-11-14,16,4496.43,2023-11-17,1700254800,3.0,put,4305,0.75,0.85,2.15,0.21696,2.0,-0.02172,0.00054,0.23762,-0.53185,-0.01035,191.4,0.043,Q4,SR1X3,94.685,5.314999999999998
1699995600,2023-11-14 16:00,2023-11-14,16,4496.43,2023-11-17,1700254800,3.0,call,4310,186.4,187.9,199.0,0.00032,6.0,1.0,0.0,0.0,-0.64904,0.43985,186.4,0.041,Q4,SR1X3,94.685,5.314999999999998
1699995600,2023-11-14 16:00,2023-11-14,16,4496.43,2023-11-17,1700254800,3.0,put,4310,0.8,0.9,0.6,0.21445,5.0,-0.02311,0.00054,0.25121,-0.55886,-0.01096,186.4,0.041,Q4,SR1X3,94.685,5.314999999999998
1699995600,2023-11-14 16:00,2023-11-14,16,4496.43,2023-11-17,1700254800,3.0,put,4315,0.8,0.9,0.85,0.20982,44.0,-0.02408,0.00059,0.25594,-0.55609,-0.01141,181.4,0.04,Q4,SR1X3,94.685,5.314999999999998
1699995600,2023-11-14 16:00,2023-11-14,16,4496.43,2023-11-17,1700254800,3.0,call,4320,172.6,181.3,71.97,0.0003,15.0,1.0,0.0,0.0,-0.64981,0.44078,176.4,0.039,Q4,SR1X3,94.685,5.314999999999998
1699995600,2023-11-14 16:00,2023-11-14,16,4496.43,2023-11-17,1700254800,3.0,put,4320,0.8,0.9,0.65,0.20411,4.0,-0.02365,0.00061,0.26011,-0.5542,-0.01078,176.4,0.039,Q4,SR1X3,94.685,5.314999999999998
1699995600,2023-11-14 16:00,2023-11-14,16,4496.43,2023-11-17,1700254800,3.0,call,4325,168.7,176.6,171.85,0.00042,1.0,1.0,0.0,0.0,-0.65107,0.44167,171.4,0.038,Q4,SR1X3,94.685,5.314999999999998
1699995600,2023-11-14 16:00,2023-11-14,16,4496.43,2023-11-17,1700254800,3.0,put,4325,0.85,0.95,0.7,0.20124,151.0,-0.02595,0.00064,0.2745,-0.58057,-0.01194,171.4,0.038,Q4,SR1X3,94.685,5.314999999999998
1699995600,2023-11-14 16:00,2023-11-14,16,4496.43,2023-11-17,1700254800,3.0,call,4330,166.4,169.3,80.74,0.00016,2.0,1.0,0.0,0.0,-0.652,0.4415,166.4,0.037,Q4,SR1X3,94.685,5.314999999999998
1699995600,2023-11-14 16:00,2023-11-14,16,4496.43,2023-11-17,1700254800,3.0,put,4330,0.85,1.0,0.8,0.19721,2.0,-0.02675,0.00073,0.28453,-0.59151,-0.01242,166.4,0.037,Q4,SR1X3,94.685,5.314999999999998
1699995600,2023-11-14 16:00,2023-11-14,16,4496.43,2023-11-17,1700254800,3.0,put,4335,0.9,1.0,0.8,0.19309,47.0,-0.02804,0.00075,0.2947,-0.60259,-0.01246,161.4,0.036,Q4,SR1X3,94.685,5.314999999999998
1699995600,2023-11-14 16:00,2023-11-14,16,4496.43,2023-11-17,1700254800,3.0,call,4340,156.9,158.1,160.24,0.0005,2.0,1.0,0.0,0.0,-0.65333,0.44324,156.4,0.035,Q4,SR1X3,94.685,5.314999999999998
1699995600,2023-11-14 16:00,2023-11-14,16,4496.43,2023-11-17,1700254800,3.0,put,4340,0.95,1.05,0.84,0.18942,265.0,-0.03008,0.0008,0.31035,-0.62747,-0.01419,156.4,0.035,Q4,SR1X3,94.685,5.314999999999998
1699995600,2023-11-14 16:00,2023-11-14,16,4496.43,2023-11-17,1700254800,3.0,call,4345,151.8,153.2,33.33,0.00014,10.0,1.0,0.0,0.0,-0.65373,0.44342,151.4,0.034,Q4,SR1X3,94.685,5.314999999999998
1699995600,2023-11-14 16:00,2023-11-14,16,4496.43,2023-11-17,1700254800,3.0,put,4345,1.0,1.1,1.03,0.18669,101.0,-0.03112,0.00081,0.32521,-0.65099,-0.01474,151.4,0.034,Q4,SR1X3,94.685,5.314999999999998
1699995600,2023-11-14 16:00,2023-11-14,16,4496.43,2023-11-17,1700254800,3.0,call,4350,147.1,148.2,160.18,4e-05,1546.0,1.0,0.0,0.0,-0.6547,0.44352,146.4,0.033,Q4,SR1X3,94.685,5.314999999999998
1699995600,2023-11-14 16:00,2023-11-14,16,4496.43,2023-11-17,1700254800,3.0,put,4350,1.0,1.15,0.82,0.18226,1643.0,-0.0325,0.00093,0.33719,-0.66117,-0.01512,146.4,0.033,Q4,SR1X3,94.685,5.314999999999998
1699995600,2023-11-14 16:00,2023-11-14,16,4496.43,2023-11-17,1700254800,3.0,call,4355,142.0,143.2,153.96,0.00031,7.0,1.0,0.0,0.0,-0.65544,0.44435,141.4,0.031,Q4,SR1X3,94.685,5.314999999999998
1699995600,2023-11-14 16:00,2023-11-14,16,4496.43,2023-11-17,1700254800,3.0,put,4355,1.05,1.2,0.8,0.17842,104.0,-0.03534,0.00093,0.35319,-0.68367,-0.01606,141.4,0.031,Q4,SR1X3,94.685,5.314999999999998
1699995600,2023-11-14 16:00,2023-11-14,16,4496.43,2023-11-17,1700254800,3.0,call,4360,136.7,138.4,148.96,0.00049,1.0,1.0,0.0,0.0,-0.65635,0.44499,136.4,0.03,Q4,SR1X3,94.685,5.314999999999998
1699995600,2023-11-14 16:00,2023-11-14,16,4496.43,2023-11-17,1700254800,3.0,put,4360,1.15,1.25,0.85,0.17495,6.0,-0.03734,0.00104,0.37416,-0.7178,-0.01684,136.4,0.03,Q4,SR1X3,94.685,5.314999999999998
1699995600,2023-11-14 16:00,2023-11-14,16,4496.43,2023-11-17,1700254800,3.0,call,4365,129.1,134.6,129.2,0.00038,6.0,1.0,0.0,0.0,-0.65675,0.44518,131.4,0.029,Q4,SR1X3,94.685,5.314999999999998
1699995600,2023-11-14 16:00,2023-11-14,16,4496.43,2023-11-17,1700254800,3.0,put,4365,1.2,1.3,0.9,0.17092,1175.0,-0.04001,0.00111,0.39157,-0.73824,-0.01823,131.4,0.029,Q4,SR1X3,94.685,5.314999999999998
1699995600,2023-11-14 16:00,2023-11-14,16,4496.43,2023-11-17,1700254800,3.0,put,4370,1.25,1.4,1.25,0.16822,105.0,-0.04274,0.00123,0.41397,-0.77091,-0.01909,126.4,0.028,Q4,SR1X3,94.685,5.314999999999998
1699995600,2023-11-14 16:00,2023-11-14,16,4496.43,2023-11-17,1700254800,3.0,call,4375,120.9,127.2,133.66,0.11709,7.0,0.99046,0.00042,0.11135,-0.78073,0.44197,121.4,0.027,Q4,SR1X3,94.685,5.314999999999998
1699995600,2023-11-14 16:00,2023-11-14,16,4496.43,2023-11-17,1700254800,3.0,put,4375,1.35,1.45,0.93,0.16398,496.0,-0.04557,0.00131,0.43664,-0.80138,-0.02071,121.4,0.027,Q4,SR1X3,94.685,5.314999999999998
1699995600,2023-11-14 16:00,2023-11-14,16,4496.43,2023-11-17,1700254800,3.0,put,4380,1.45,1.55,1.05,0.16129,1416.0,-0.04894,0.00139,0.46479,-0.84243,-0.02253,116.4,0.026,Q4,SR1X3,94.685,5.314999999999998
1699995600,2023-11-14 16:00,2023-11-14,16,4496.43,2023-11-17,1700254800,3.0,put,4385,1.55,1.65,1.1,0.15763,13.0,-0.05297,0.0015,0.49234,-0.88162,-0.02467,111.4,0.025,Q4,SR1X3,94.685,5.314999999999998
1699995600,2023-11-14 16:00,2023-11-14,16,4496.43,2023-11-17,1700254800,3.0,put,4390,1.65,1.8,1.1,0.15424,292.0,-0.05748,0.00164,0.52552,-0.93028,-0.02659,106.4,0.024,Q4,SR1X3,94.685,5.314999999999998
1699995600,2023-11-14 16:00,2023-11-14,16,4496.43,2023-11-17,1700254800,3.0,call,4395,102.9,104.4,107.49,0.00029,1.0,1.0,0.0,0.0,-0.66148,0.44837,101.4,0.023,Q4,SR1X3,94.685,5.314999999999998
1699995600,2023-11-14 16:00,2023-11-14,16,4496.43,2023-11-17,1700254800,3.0,put,4395,1.8,1.95,1.8,0.15153,5.0,-0.06272,0.00177,0.56305,-0.98644,-0.02864,101.4,0.023,Q4,SR1X3,94.685,5.314999999999998
1699995600,2023-11-14 16:00,2023-11-14,16,4496.43,2023-11-17,1700254800,3.0,put,4400,1.95,2.1,1.4,0.14785,540.0,-0.06755,0.00199,0.60084,-1.0396,-0.03173,96.4,0.021,Q4,SR1X3,94.685,5.314999999999998
1699995600,2023-11-14 16:00,2023-11-14,16,4496.43,2023-11-17,1700254800,3.0,call,4405,90.5,95.3,101.26,0.00042,8.0,1.0,0.0,0.0,-0.66338,0.44933,91.4,0.02,Q4,SR1X3,94.685,5.314999999999998
1699995600,2023-11-14 16:00,2023-11-14,16,4496.43,2023-11-17,1700254800,3.0,put,4405,2.15,2.3,1.9,0.14558,227.0,-0.07464,0.00217,0.64544,-1.10939,-0.03437,91.4,0.02,Q4,SR1X3,94.685,5.314999999999998
1699995600,2023-11-14 16:00,2023-11-14,16,4496.43,2023-11-17,1700254800,3.0,call,4410,88.5,90.1,84.1,0.09951,8.0,0.9768,0.00119,0.24967,-0.91969,0.43965,86.4,0.019,Q4,SR1X3,94.685,5.314999999999998
1699995600,2023-11-14 16:00,2023-11-14,16,4496.43,2023-11-17,1700254800,3.0,put,4410,2.35,2.5,2.13,0.14233,66.0,-0.08222,0.00228,0.69114,-1.17406,-0.03796,86.4,0.019,Q4,SR1X3,94.685,5.314999999999998
1699995600,2023-11-14 16:00,2023-11-14,16,4496.43,2023-11-17,1700254800,3.0,call,4415,83.4,85.8,94.21,0.10479,24.0,0.96362,0.0017,0.36295,-1.07612,0.43355,81.4,0.018,Q4,SR1X3,94.685,5.314999999999998
1699995600,2023-11-14 16:00,2023-11-14,16,4496.43,2023-11-17,1700254800,3.0,put,4415,2.6,2.75,1.99,0.14015,50.0,-0.08994,0.00255,0.74382,-1.25201,-0.04192,81.4,0.018,Q4,SR1X3,94.685,5.314999999999998
1699995600,2023-11-14 16:00,2023-11-14,16,4496.43,2023-11-17,1700254800,3.0,call,4420,78.4,80.8,78.81,0.09942,4.0,0.96193,0.00188,0.37628,-1.07028,0.43394,76.4,0.017,Q4,SR1X3,94.685,5.314999999999998
1699995600,2023-11-14 16:00,2023-11-14,16,4496.43,2023-11-17,1700254800,3.0,put,4420,2.85,3.1,2.55,0.13703,1174.0,-0.0996,0.00279,0.80215,-1.33988,-0.04615,76.4,0.017,Q4,SR1X3,94.685,5.314999999999998
1699995600,2023-11-14 16:00,2023-11-14,16,4496.43,2023-11-17,1700254800,3.0,call,4425,70.8,77.9,84.68,0.08612,97.0,0.97137,0.0017,0.29858,-0.93715,0.43832,71.4,0.016,Q4,SR1X3,94.685,5.314999999999998
1699995600,2023-11-14 16:00,2023-11-14,16,4496.43,2023-11-17,1700254800,3.0,put,4425,3.2,3.4,2.4,0.13489,362.0,-0.11069,0.00305,0.86241,-1.42742,-0.05117,71.4,0.016,Q4,SR1X3,94.685,5.314999999999998
1699995600,2023-11-14 16:00,2023-11-14,16,4496.43,2023-11-17,1700254800,3.0,call,4430,66.2,73.3,74.81,0.09202,329.0,0.95221,0.00241,0.45213,-1.13016,0.43018,66.4,0.015,Q4,SR1X3,94.685,5.314999999999998
1699995600,2023-11-14 16:00,2023-11-14,16,4496.43,2023-11-17,1700254800,3.0,put,4430,3.6,3.8,2.75,0.1331,115.0,-0.12317,0.00336,0.93026,-1.52975,-0.0569,66.4,0.015,Q4,SR1X3,94.685,5.314999999999998
1699995600,2023-11-14 16:00,2023-11-14,16,4496.43,2023-11-17,1700254800,3.0,call,4435,64.6,66.8,15.86,0.10309,10.0,0.91662,0.00327,0.69553,-1.51473,0.41386,61.4,0.014,Q4,SR1X3,94.685,5.314999999999998
1699995600,2023-11-14 16:00,2023-11-14,16,4496.43,2023-11-17,1700254800,3.0,put,4435,4.0,4.3,2.9,0.13046,61.0,-0.13675,0.00376,1.00228,-1.63553,-0.06239,61.4,0.014,Q4,SR1X3,94.685,5.314999999999998
1699995600,2023-11-14 16:00,2023-11-14,16,4496.43,2023-11-17,1700254800,3.0,call,4440,60.1,62.3,71.83,0.10352,86.0,0.89825,0.00374,0.80728,-1.67517,0.40608,56.4,0.013,Q4,SR1X3,94.685,5.314999999999998
1699995600,2023-11-14 16:00,2023-11-14,16,4496.43,2023-11-17,1700254800,3.0,put,4440,4.5,4.8,3.34,0.12781,119.0,-0.15252,0.00406,1.07586,-1.74041,-0.0694,56.4,0.013,Q4,SR1X3,94.685,5.314999999999998
1699995600,2023-11-14 16:00,2023-11-14,16,4496.43,2023-11-17,1700254800,3.0,call,4445,55.8,57.9,39.44,0.10406,22.0,0.87539,0.00431,0.93082,-1.86215,0.39628,51.4,0.011,Q4,SR1X3,94.685,5.314999999999998
1699995600,2023-11-14 16:00,2023-11-14,16,4496.43,2023-11-17,1700254800,3.0,put,4445,5.2,5.5,5.18,0.12682,29.0,-0.17203,0.00443,1.16276,-1.88286,-0.07893,51.4,0.011,Q4,SR1X3,94.685,5.314999999999998
1699995600,2023-11-14 16:00,2023-11-14,16,4496.43,2023-11-17,1700254800,3.0,call,4450,51.5,53.6,54.45,0.10413,1886.0,0.85234,0.00493,1.04802,-2.03365,0.38597,46.4,0.01,Q4,SR1X3,94.685,5.314999999999998
1699995600,2023-11-14 16:00,2023-11-14,16,4496.43,2023-11-17,1700254800,3.0,put,4450,5.9,6.2,5.8,0.12494,3483.0,-0.19185,0.00479,1.24416,-2.00014,-0.0872,46.4,0.01,Q4,SR1X3,94.685,5.314999999999998
1699995600,2023-11-14 16:00,2023-11-14,16,4496.43,2023-11-17,1700254800,3.0,call,4455,47.3,49.3,54.99,0.1033,2.0,0.82751,0.00539,1.15974,-2.18804,0.3748,41.4,0.009,Q4,SR1X3,94.685,5.314999999999998
1699995600,2023-11-14 16:00,2023-11-14,16,4496.43,2023-11-17,1700254800,3.0,put,4455,6.7,7.0,4.8,0.12373,26.0,-0.21385,0.00517,1.32624,-2.11791,-0.09692,41.4,0.009,Q4,SR1X3,94.685,5.314999999999998
1699995600,2023-11-14 16:00,2023-11-14,16,4496.43,2023-11-17,1700254800,3.0,call,4460,43.3,45.2,52.33,0.1033,15.0,0.79906,0.00594,1.27645,-2.35912,0.36222,36.4,0.008,Q4,SR1X3,94.685,5.314999999999998
1699995600,2023-11-14 16:00,2023-11-14,16,4496.43,2023-11-17,1700254800,3.0,put,4460,7.6,7.9,5.56,0.12132,47.0,-0.23824,0.00565,1.40854,-2.22837,-0.10758,36.4,0.008,Q4,SR1X3,94.685,5.314999999999998
1699995600,2023-11-14 16:00,2023-11-14,16,4496.43,2023-11-17,1700254800,3.0,call,4465,39.4,41.3,41.48,0.10379,12.0,0.76735,0.00651,1.38817,-2.52184,0.34816,31.4,0.007,Q4,SR1X3,94.685,5.314999999999998
1699995600,2023-11-14 16:00,2023-11-14,16,4496.43,2023-11-17,1700254800,3.0,put,4465,8.7,9.0,11.2,0.12012,69.0,-0.26526,0.00605,1.49065,-2.34781,-0.1196,31.4,0.007,Q4,SR1X3,94.685,5.314999999999998
1699995600,2023-11-14 16:00,2023-11-14,16,4496.43,2023-11-17,1700254800,3.0,call,4470,36.1,37.2,33.9,0.10325,63.0,0.73268,0.00697,1.49407,-2.67996,0.33287,26.4,0.006,Q4,SR1X3,94.685,5.314999999999998
1699995600,2023-11-14 16:00,2023-11-14,16,4496.43,2023-11-17,1700254800,3.0,put,4470,9.9,10.2,12.5,0.11868,116.0,-0.29365,0.00638,1.56655,-2.44703,-0.13242,26.4,0.006,Q4,SR1X3,94.685,5.314999999999998
1699995600,2023-11-14 16:00,2023-11-14,16,4496.43,2023-11-17,1700254800,3.0,call,4475,32.6,33.6,38.44,0.10373,639.0,0.69622,0.00742,1.588,-2.81355,0.31627,21.4,0.005,Q4,SR1X3,94.685,5.314999999999998
1699995600,2023-11-14 16:00,2023-11-14,16,4496.43,2023-11-17,1700254800,3.0,put,4475,11.3,11.7,8.1,0.11769,1003.0,-0.32564,0.00675,1.63849,-2.54742,-0.14621,21.4,0.005,Q4,SR1X3,94.685,5.314999999999998
1699995600,2023-11-14 16:00,2023-11-14,16,4496.43,2023-11-17,1700254800,3.0,call,4480,29.1,30.1,32.0,0.10241,390.0,0.65927,0.00789,1.66549,-2.90045,0.30016,16.4,0.004,Q4,SR1X3,94.685,5.314999999999998
1699995600,2023-11-14 16:00,2023-11-14,16,4496.43,2023-11-17,1700254800,3.0,put,4480,12.9,13.3,10.0,0.11686,89.0,-0.35966,0.0071,1.69892,-2.62464,-0.16006,16.4,0.004,Q4,SR1X3,94.685,5.314999999999998
1699995600,2023-11-14 16:00,2023-11-14,16,4496.43,2023-11-17,1700254800,3.0,call,4485,25.9,26.8,28.3,0.10275,74.0,0.6198,0.00821,1.73056,-2.96971,0.2822,11.4,0.003,Q4,SR1X3,94.685,5.314999999999998
1699995600,2023-11-14 16:00,2023-11-14,16,4496.43,2023-11-17,1700254800,3.0,put,4485,14.6,15.1,17.32,0.11594,4.0,-0.3951,0.00733,1.74867,-2.67345,-0.17468,11.4,0.003,Q4,SR1X3,94.685,5.314999999999998
1699995600,2023-11-14 16:00,2023-11-14,16,4496.43,2023-11-17,1700254800,3.0,call,4490,23.1,23.7,28.0,0.10279,202.0,0.57807,0.0084,1.7777,-3.02189,0.26274,6.4,0.001,Q4,SR1X3,94.685,5.314999999999998
1699995600,2023-11-14 16:00,2023-11-14,16,4496.43,2023-11-17,1700254800,3.0,put,4490,16.7,17.0,13.05,0.11605,244.0,-0.43233,0.00756,1.7851,-2.70711,-0.18988,6.4,0.001,Q4,SR1X3,94.685,5.314999999999998
1699995600,2023-11-14 16:00,2023-11-14,16,4496.43,2023-11-17,1700254800,3.0,call,4495,20.3,20.9,20.4,0.10273,51.0,0.53619,0.0085,1.80544,-3.0308,0.24407,1.4,0.0,Q4,SR1X3,94.685,5.314999999999998
1699995600,2023-11-14 16:00,2023-11-14,16,4496.43,2023-11-17,1700254800,3.0,put,4495,18.9,19.3,21.1,0.11617,414.0,-0.47035,0.00769,1.8049,-2.71723,-0.20432,1.4,0.0,Q4,SR1X3,94.685,5.314999999999998
1699995600,2023-11-14 16:00,2023-11-14,16,4496.43,2023-11-17,1700254800,3.0,call,4500,17.7,18.2,18.02,0.10176,3846.0,0.49293,0.00858,1.81242,-2.9964,0.22446,3.6,0.001,Q4,SR1X3,94.685,5.314999999999998
1699995600,2023-11-14 16:00,2023-11-14,16,4496.43,2023-11-17,1700254800,3.0,put,4500,21.0,21.9,21.38,0.11523,1983.0,-0.50924,0.00776,1.80933,-2.68269,-0.21844,3.6,0.001,Q4,SR1X3,94.685,5.314999999999998
1699995600,2023-11-14 16:00,2023-11-14,16,4496.43,2023-11-17,1700254800,3.0,call,4505,15.4,15.9,19.67,0.10255,53.0,0.45068,0.00855,1.7985,-2.94306,0.20557,8.6,0.002,Q4,SR1X3,94.685,5.314999999999998
1699995600,2023-11-14 16:00,2023-11-14,16,4496.43,2023-11-17,1700254800,3.0,put,4505,23.7,24.7,19.07,0.11528,59.0,-0.54704,0.00772,1.79664,-2.64739,-0.23143,8.6,0.002,Q4,SR1X3,94.685,5.314999999999998
1699995600,2023-11-14 16:00,2023-11-14,16,4496.43,2023-11-17,1700254800,3.0,call,4510,13.3,13.8,17.0,0.10188,378.0,0.40768,0.00832,1.76452,-2.85537,0.18551,13.6,0.003,Q4,SR1X3,94.685,5.314999999999998
1699995600,2023-11-14 16:00,2023-11-14,16,4496.43,2023-11-17,1700254800,3.0,put,4510,26.8,27.3,25.4,0.11556,63.0,-0.58566,0.00763,1.7672,-2.56912,-0.24365,13.6,0.003,Q4,SR1X3,94.685,5.314999999999998
1699995600,2023-11-14 16:00,2023-11-14,16,4496.43,2023-11-17,1700254800,3.0,call,4515,11.5,11.9,9.8,0.1029,81.0,0.36733,0.00809,1.71167,-2.74333,0.16779,18.6,0.004,Q4,SR1X3,94.685,5.314999999999998
1699995600,2023-11-14 16:00,2023-11-14,16,4496.43,2023-11-17,1700254800,3.0,put,4515,29.9,30.5,164.3,0.11618,5.0,-0.62283,0.00745,1.7215,-2.47816,-0.25332,18.6,0.004,Q4,SR1X3,94.685,5.314999999999998
1699995600,2023-11-14 16:00,2023-11-14,16,4496.43,2023-11-17,1700254800,3.0,call,4520,10.0,10.3,11.1,0.10373,122.0,0.33028,0.00767,1.64529,-2.6245,0.15029,23.6,0.005,Q4,SR1X3,94.685,5.314999999999998
1699995600,2023-11-14 16:00,2023-11-14,16,4496.43,2023-11-17,1700254800,3.0,put,4520,33.2,33.9,25.5,0.11653,16.0,-0.65868,0.00721,1.66271,-2.3668,-0.26245,23.6,0.005,Q4,SR1X3,94.685,5.314999999999998
1699995600,2023-11-14 16:00,2023-11-14,16,4496.43,2023-11-17,1700254800,3.0,call,4525,8.5,8.8,12.45,0.104,2769.0,0.29307,0.00725,1.56259,-2.46119,0.13373,28.6,0.006,Q4,SR1X3,94.685,5.314999999999998
1699995600,2023-11-14 16:00,2023-11-14,16,4496.43,2023-11-17,1700254800,3.0,put,4525,36.5,37.7,231.54,0.11745,1.0,-0.69246,0.00698,1.59267,-2.24079,-0.26844,28.6,0.006,Q4,SR1X3,94.685,5.314999999999998
1699995600,2023-11-14 16:00,2023-11-14,16,4496.43,2023-11-17,1700254800,3.0,call,4530,7.2,7.6,10.0,0.10412,395.0,0.25915,0.00679,1.47161,-2.29642,0.11786,33.6,0.007,Q4,SR1X3,94.685,5.314999999999998
1699995600,2023-11-14 16:00,2023-11-14,16,4496.43,2023-11-17,1700254800,3.0,put,4530,39.8,41.8,38.8,0.11904,1.0,-0.72383,0.0066,1.51218,-2.0968,-0.27208,33.6,0.007,Q4,SR1X3,94.685,5.314999999999998
1699995600,2023-11-14 16:00,2023-11-14,16,4496.43,2023-11-17,1700254800,3.0,call,4535,6.1,6.4,6.0,0.10527,161.0,0.22784,0.00633,1.37093,-2.10883,0.10354,38.6,0.009,Q4,SR1X3,94.685,5.314999999999998
1699995600,2023-11-14 16:00,2023-11-14,16,4496.43,2023-11-17,1700254800,3.0,put,4535,43.7,45.7,46.8,0.11952,2.0,-0.75353,0.00621,1.42573,-1.95151,-0.27471,38.6,0.009,Q4,SR1X3,94.685,5.314999999999998
1699995600,2023-11-14 16:00,2023-11-14,16,4496.43,2023-11-17,1700254800,3.0,call,4540,5.1,5.5,6.51,0.10523,461.0,0.19885,0.00585,1.26796,-1.92965,0.09071,43.6,0.01,Q4,SR1X3,94.685,5.314999999999998
1699995600,2023-11-14 16:00,2023-11-14,16,4496.43,2023-11-17,1700254800,3.0,put,4540,48.2,49.4,153.32,0.12131,0.0,-0.78044,0.00584,1.33785,-1.81277,-0.2743,43.6,0.01,Q4,SR1X3,94.685,5.314999999999998
1699995600,2023-11-14 16:00,2023-11-14,16,4496.43,2023-11-17,1700254800,3.0,call,4545,4.3,4.6,5.7,0.10581,63.0,0.17228,0.0053,1.16159,-1.74311,0.07849,48.6,0.011,Q4,SR1X3,94.685,5.314999999999998
1699995600,2023-11-14 16:00,2023-11-14,16,4496.43,2023-11-17,1700254800,3.0,put,4545,51.9,54.0,188.15,0.12345,0.0,-0.80507,0.0055,1.24286,-1.65803,-0.27188,48.6,0.011,Q4,SR1X3,94.685,5.314999999999998
1699995600,2023-11-14 16:00,2023-11-14,16,4496.43,2023-11-17,1700254800,3.0,call,4550,3.7,3.9,4.5,0.10787,4767.0,0.15099,0.00483,1.06221,-1.58369,0.06866,53.6,0.012,Q4,SR1X3,94.685,5.314999999999998
1699995600,2023-11-14 16:00,2023-11-14,16,4496.43,2023-11-17,1700254800,3.0,put,4550,56.1,58.3,50.5,0.12434,2.0,-0.82922,0.00511,1.14562,-1.49531,-0.26662,53.6,0.012,Q4,SR1X3,94.685,5.314999999999998
1699995600,2023-11-14 16:00,2023-11-14,16,4496.43,2023-11-17,1700254800,3.0,call,4555,3.1,3.3,4.4,0.10861,191.0,0.12976,0.00428,0.96195,-1.41807,0.0595,58.6,0.013,Q4,SR1X3,94.685,5.314999999999998
1699995600,2023-11-14 16:00,2023-11-14,16,4496.43,2023-11-17,1700254800,3.0,put,4555,60.5,62.7,57.5,0.12633,1.0,-0.84957,0.00477,1.05244,-1.3521,-0.25997,58.6,0.013,Q4,SR1X3,94.685,5.314999999999998
1699995600,2023-11-14 16:00,2023-11-14,16,4496.43,2023-11-17,1700254800,3.0,call,4560,2.65,2.8,3.1,0.10947,1001.0,0.11258,0.00382,0.87042,-1.27343,0.05111,63.6,0.014,Q4,SR1X3,94.685,5.314999999999998
1699995600,2023-11-14 16:00,2023-11-14,16,4496.43,2023-11-17,1700254800,3.0,put,4560,63.2,69.8,180.58,0.13185,1.0,-0.85848,0.00442,1.00994,-1.3513,-0.2584,63.6,0.014,Q4,SR1X3,94.685,5.314999999999998
1699995600,2023-11-14 16:00,2023-11-14,16,4496.43,2023-11-17,1700254800,3.0,call,4565,2.2,2.35,2.0,0.11035,43.0,0.09707,0.00342,0.77911,-1.12323,0.04463,68.6,0.015,Q4,SR1X3,94.685,5.314999999999998
1699995600,2023-11-14 16:00,2023-11-14,16,4496.43,2023-11-17,1700254800,3.0,put,4565,67.8,74.6,112.1,0.13541,4.0,-0.87124,0.00409,0.94596,-1.278,-0.25229,68.6,0.015,Q4,SR1X3,94.685,5.314999999999998
1699995600,2023-11-14 16:00,2023-11-14,16,4496.43,2023-11-17,1700254800,3.0,call,4570,1.85,2.0,2.37,0.11213,43.0,0.08316,0.00298,0.6967,-0.99619,0.03765,73.6,0.016,Q4,SR1X3,94.685,5.314999999999998
1699995600,2023-11-14 16:00,2023-11-14,16,4496.43,2023-11-17,1700254800,3.0,put,4570,72.5,79.1,227.33,0.13833,1.0,-0.88591,0.00373,0.86864,-1.16086,-0.24341,73.6,0.016,Q4,SR1X3,94.685,5.314999999999998
1699995600,2023-11-14 16:00,2023-11-14,16,4496.43,2023-11-17,1700254800,3.0,call,4575,1.55,1.7,1.84,0.11287,966.0,0.0712,0.00262,0.62064,-0.87868,0.03291,78.6,0.017,Q4,SR1X3,94.685,5.314999999999998
1699995600,2023-11-14 16:00,2023-11-14,16,4496.43,2023-11-17,1700254800,3.0,put,4575,77.2,84.1,283.73,0.14249,4.0,-0.89368,0.00343,0.82319,-1.12571,-0.23893,78.6,0.017,Q4,SR1X3,94.685,5.314999999999998
1699995600,2023-11-14 16:00,2023-11-14,16,4496.43,2023-11-17,1700254800,3.0,call,4580,1.35,1.5,1.25,0.11509,14.0,0.06317,0.00237,0.56292,-0.79702,0.02842,83.6,0.019,Q4,SR1X3,94.685,5.314999999999998
1699995600,2023-11-14 16:00,2023-11-14,16,4496.43,2023-11-17,1700254800,3.0,put,4580,82.0,88.9,338.14,0.14612,1.0,-0.90237,0.00318,0.77181,-1.06566,-0.23206,83.6,0.019,Q4,SR1X3,94.685,5.314999999999998
1699995600,2023-11-14 16:00,2023-11-14,16,4496.43,2023-11-17,1700254800,3.0,call,4585,1.15,1.3,1.29,0.11641,50.0,0.05471,0.00212,0.50305,-0.70892,0.02531,88.6,0.02,Q4,SR1X3,94.685,5.314999999999998
1699995600,2023-11-14 16:00,2023-11-14,16,4496.43,2023-11-17,1700254800,3.0,put,4585,89.6,96.0,304.25,0.17899,4.0,-0.86147,0.00304,1.00054,-1.92937,-0.27294,88.6,0.02,Q4,SR1X3,94.685,5.314999999999998
1699995600,2023-11-14 16:00,2023-11-14,16,4496.43,2023-11-17,1700254800,3.0,call,4590,1.0,1.1,1.2,0.11777,1.0,0.04781,0.00179,0.44903,-0.62869,0.02162,93.6,0.021,Q4,SR1X3,94.685,5.314999999999998
1699995600,2023-11-14 16:00,2023-11-14,16,4496.43,2023-11-17,1700254800,3.0,put,4590,91.7,98.8,128.7,0.15646,0.0,-0.91412,0.00276,0.70192,-1.01783,-0.22203,93.6,0.021,Q4,SR1X3,94.685,5.314999999999998
1699995600,2023-11-14 16:00,2023-11-14,16,4496.43,2023-11-17,1700254800,3.0,call,4595,0.9,1.0,0.65,0.12094,5.0,0.04307,0.00169,0.41218,-0.5813,0.01962,98.6,0.022,Q4,SR1X3,94.685,5.314999999999998
1699995600,2023-11-14 16:00,2023-11-14,16,4496.43,2023-11-17,1700254800,3.0,put,4595,99.2,106.3,286.99,0.1925,4.0,-0.8698,0.00274,0.95635,-1.97482,-0.27173,98.6,0.022,Q4,SR1X3,94.685,5.314999999999998
1699995600,2023-11-14 16:00,2023-11-14,16,4496.43,2023-11-17,1700254800,3.0,call,4600,0.8,0.9,0.71,0.12362,832.0,0.03769,0.0015,0.37559,-0.53259,0.01691,103.6,0.023,Q4,SR1X3,94.685,5.314999999999998
1699995600,2023-11-14 16:00,2023-11-14,16,4496.43,2023-11-17,1700254800,3.0,put,4600,101.1,108.1,107.65,0.15717,10.0,-0.93643,0.00231,0.54943,-0.75306,-0.18754,103.6,0.023,Q4,SR1X3,94.685,5.314999999999998
1699995600,2023-11-14 16:00,2023-11-14,16,4496.43,2023-11-17,1700254800,3.0,call,4605,0.7,0.8,0.7,0.12546,22.0,0.0337,0.00127,0.33921,-0.48058,0.01515,108.6,0.024,Q4,SR1X3,94.685,5.314999999999998
1699995600,2023-11-14 16:00,2023-11-14,16,4496.43,2023-11-17,1700254800,3.0,put,4605,106.0,113.2,205.8,0.16315,2.0,-0.93853,0.0021,0.53732,-0.76837,-0.18597,108.6,0.024,Q4,SR1X3,94.685,5.314999999999998
1699995600,2023-11-14 16:00,2023-11-14,16,4496.43,2023-11-17,1700254800,3.0,call,4610,0.6,0.7,0.5,0.12686,1228.0,0.02974,0.00119,0.30274,-0.42659,0.01387,113.6,0.025,Q4,SR1X3,94.685,5.314999999999998
1699995600,2023-11-14 16:00,2023-11-14,16,4496.43,2023-11-17,1700254800,3.0,put,4610,109.8,118.8,135.01,0.1625,0.0,-0.94864,0.00188,0.4579,-0.63276,-0.1625,113.6,0.025,Q4,SR1X3,94.685,5.314999999999998
1699995600,2023-11-14 16:00,2023-11-14,16,4496.43,2023-11-17,1700254800,3.0,call,4615,0.55,0.65,0.45,0.13002,6.0,0.02633,0.0011,0.28113,-0.40034,0.01186,118.6,0.026,Q4,SR1X3,94.685,5.314999999999998
1699995600,2023-11-14 16:00,2023-11-14,16,4496.43,2023-11-17,1700254800,3.0,put,4615,114.6,123.6,262.15,0.16279,0.0,-0.95682,0.00172,0.39518,-0.53007,-0.14152,118.6,0.026,Q4,SR1X3,94.685,5.314999999999998
1699995600,2023-11-14 16:00,2023-11-14,16,4496.43,2023-11-17,1700254800,3.0,call,4620,0.5,0.6,0.55,0.13232,30.0,0.02464,0.00094,0.25934,-0.37227,0.01148,123.6,0.027,Q4,SR1X3,94.685,5.314999999999998
1699995600,2023-11-14 16:00,2023-11-14,16,4496.43,2023-11-17,1700254800,3.0,put,4620,119.5,128.6,133.16,0.16738,0.0,-0.95896,0.00162,0.37528,-0.47958,-0.13329,123.6,0.027,Q4,SR1X3,94.685,5.314999999999998
1699995600,2023-11-14 16:00,2023-11-14,16,4496.43,2023-11-17,1700254800,3.0,call,4625,0.45,0.55,0.45,0.13515,310.0,0.02237,0.00086,0.23886,-0.34394,0.01,128.6,0.029,Q4,SR1X3,94.685,5.314999999999998
1699995600,2023-11-14 16:00,2023-11-14,16,4496.43,2023-11-17,1700254800,3.0,put,4625,124.8,133.6,301.25,0.17683,0.0,-0.95451,0.00156,0.41128,-0.62987,-0.14747,128.6,0.029,Q4,SR1X3,94.685,5.314999999999998
1699995600,2023-11-14 16:00,2023-11-14,16,4496.43,2023-11-17,1700254800,3.0,call,4630,0.4,0.5,0.45,0.1379,40.0,0.01962,0.00075,0.21771,-0.31459,0.00859,133.6,0.03,Q4,SR1X3,94.685,5.314999999999998
1699995600,2023-11-14 16:00,2023-11-14,16,4496.43,2023-11-17,1700254800,3.0,put,4630,129.8,138.6,144.51,0.18175,3.0,-0.95578,0.0014,0.40553,-0.62959,-0.14656,133.6,0.03,Q4,SR1X3,94.685,5.314999999999998
1699995600,2023-11-14 16:00,2023-11-14,16,4496.43,2023-11-17,1700254800,3.0,call,4635,0.4,0.45,0.35,0.14091,1.0,0.0182,0.0007,0.20438,-0.29995,0.00888,138.6,0.031,Q4,SR1X3,94.685,5.314999999999998
1699995600,2023-11-14 16:00,2023-11-14,16,4496.43,2023-11-17,1700254800,3.0,put,4635,134.4,143.6,280.68,0.18196,10.0,-0.96152,0.00126,0.35041,-0.42958,-0.12361,138.6,0.031,Q4,SR1X3,94.685,5.314999999999998
1699995600,2023-11-14 16:00,2023-11-14,16,4496.43,2023-11-17,1700254800,3.0,call,4640,0.35,0.45,0.2,0.14343,1.0,0.01664,0.00069,0.19202,-0.28516,0.00793,143.6,0.032,Q4,SR1X3,94.685,5.314999999999998
1699995600,2023-11-14 16:00,2023-11-14,16,4496.43,2023-11-17,1700254800,3.0,put,4640,139.4,148.4,168.9,0.18401,2.0,-0.96483,0.00111,0.31971,-0.3297,-0.1088,143.6,0.032,Q4,SR1X3,94.685,5.314999999999998
1699995600,2023-11-14 16:00,2023-11-14,16,4496.43,2023-11-17,1700254800,3.0,call,4645,0.3,0.4,0.22,0.14499,76.0,0.0155,0.00059,0.1721,-0.2532,0.00698,148.6,0.033,Q4,SR1X3,94.685,5.314999999999998
1699995600,2023-11-14 16:00,2023-11-14,16,4496.43,2023-11-17,1700254800,3.0,put,4645,145.6,153.4,448.7,0.2046,15.0,-0.94914,0.00127,0.4531,-0.87198,-0.16552,148.6,0.033,Q4,SR1X3,94.685,5.314999999999998
1699995600,2023-11-14 16:00,2023-11-14,16,4496.43,2023-11-17,1700254800,3.0,call,4650,0.3,0.4,0.3,0.14934,231.0,0.0146,0.00052,0.16817,-0.25451,0.00664,153.6,0.034,Q4,SR1X3,94.685,5.314999999999998
1699995600,2023-11-14 16:00,2023-11-14,16,4496.43,2023-11-17,1700254800,3.0,call,4655,0.25,0.35,0.35,0.15036,4.0,0.01249,0.00051,0.1489,-0.22175,0.00574,158.6,0.035,Q4,SR1X3,94.685,5.314999999999998
1699995600,2023-11-14 16:00,2023-11-14,16,4496.43,2023-11-17,1700254800,3.0,put,4655,154.3,163.4,191.3,0.19833,10.0,-0.96637,0.00094,0.3068,-0.28023,-0.09961,158.6,0.035,Q4,SR1X3,94.685,5.314999999999998
1699995600,2023-11-14 16:00,2023-11-14,16,4496.43,2023-11-17,1700254800,3.0,call,4660,0.25,0.35,0.1,0.1541,10.0,0.01219,0.00043,0.14587,-0.22267,0.00595,163.6,0.036,Q4,SR1X3,94.685,5.314999999999998
1699995600,2023-11-14 16:00,2023-11-14,16,4496.43,2023-11-17,1700254800,3.0,put,4660,159.6,168.4,184.15,0.20836,0.0,-0.96202,0.00093,0.34343,-0.42979,-0.11803,163.6,0.036,Q4,SR1X3,94.685,5.314999999999998
1699995600,2023-11-14 16:00,2023-11-14,16,4496.43,2023-11-17,1700254800,3.0,call,4665,0.25,0.35,1.8,0.15847,2.0,0.01175,0.00044,0.14297,-0.22334,0.00545,168.6,0.037,Q4,SR1X3,94.685,5.314999999999998
1699995600,2023-11-14 16:00,2023-11-14,16,4496.43,2023-11-17,1700254800,3.0,put,4665,164.6,173.4,188.59,0.21414,0.0,-0.96239,0.00093,0.34314,-0.42973,-0.11743,168.6,0.037,Q4,SR1X3,94.685,5.314999999999998
1699995600,2023-11-14 16:00,2023-11-14,16,4496.43,2023-11-17,1700254800,3.0,call,4670,0.2,0.3,0.15,0.15856,1.0,0.01029,0.00034,0.12419,-0.18928,0.00472,173.6,0.039,Q4,SR1X3,94.685,5.314999999999998
1699995600,2023-11-14 16:00,2023-11-14,16,4496.43,2023-11-17,1700254800,3.0,put,4670,169.2,178.4,165.92,0.21322,0.0,-0.9672,0.00075,0.2992,-0.23017,-0.09156,173.6,0.039,Q4,SR1X3,94.685,5.314999999999998
1699995600,2023-11-14 16:00,2023-11-14,16,4496.43,2023-11-17,1700254800,3.0,call,4675,0.2,0.3,0.2,0.16288,70.0,0.01048,0.00034,0.12118,-0.18938,0.00425,178.6,0.04,Q4,SR1X3,94.685,5.314999999999998
1699995600,2023-11-14 16:00,2023-11-14,16,4496.43,2023-11-17,1700254800,3.0,put,4675,174.4,183.3,338.0,0.21953,0.0,-0.96526,0.00074,0.31291,-0.2803,-0.09817,178.6,0.04,Q4,SR1X3,94.685,5.314999999999998
1699995600,2023-11-14 16:00,2023-11-14,16,4496.43,2023-11-17,1700254800,3.0,call,4680,0.2,0.3,0.2,0.16666,91.0,0.00956,0.00039,0.11902,-0.19014,0.00427,183.6,0.041,Q4,SR1X3,94.685,5.314999999999998
1699995600,2023-11-14 16:00,2023-11-14,16,4496.43,2023-11-17,1700254800,3.0,put,4680,179.2,188.3,199.9,0.22221,1.0,-0.9676,0.00061,0.29329,-0.1803,-0.08498,183.6,0.041,Q4,SR1X3,94.685,5.314999999999998
1699995600,2023-11-14 16:00,2023-11-14,16,4496.43,2023-11-17,1700254800,3.0,call,4685,0.2,0.25,0.1,0.16807,100.0,0.00851,0.00031,0.10832,-0.1735,0.00429,188.6,0.042,Q4,SR1X3,94.685,5.314999999999998
1699995600,2023-11-14 16:00,2023-11-14,16,4496.43,2023-11-17,1700254800,3.0,put,4685,184.2,193.2,0.0,0.22606,0.0,-0.96836,0.00055,0.28573,-0.12999,-0.07803,188.6,0.042,Q4,SR1X3,94.685,5.314999999999998
1699995600,2023-11-14 16:00,2023-11-14,16,4496.43,2023-11-17,1700254800,3.0,call,4690,0.15,0.25,0.1,0.17025,260.0,0.00779,0.00027,0.09875,-0.15516,0.00403,193.6,0.043,Q4,SR1X3,94.685,5.314999999999998
1699995600,2023-11-14 16:00,2023-11-14,16,4496.43,2023-11-17,1700254800,3.0,call,4695,0.15,0.25,0.5,0.17385,3.0,0.00788,0.00028,0.09659,-0.15618,0.00359,198.6,0.044,Q4,SR1X3,94.685,5.314999999999998
1699995600,2023-11-14 16:00,2023-11-14,16,4496.43,2023-11-17,1700254800,3.0,put,4695,194.2,203.2,182.56,0.23641,2.0,-0.96648,0.00057,0.29268,-0.12858,-0.07935,198.6,0.044,Q4,SR1X3,94.685,5.314999999999998
1699995600,2023-11-14 16:00,2023-11-14,16,4496.43,2023-11-17,1700254800,3.0,call,4700,0.15,0.25,0.21,0.17725,48.0,0.00792,0.00027,0.09526,-0.15591,0.00335,203.6,0.045,Q4,SR1X3,94.685,5.314999999999998
1699995600,2023-11-14 16:00,2023-11-14,16,4496.43,2023-11-17,1700254800,3.0,put,4700,202.9,204.6,303.8,0.24395,2.0,-0.96551,0.00055,0.30509,-0.17965,-0.08633,203.6,0.045,Q4,SR1X3,94.685,5.314999999999998
1699995600,2023-11-14 16:00,2023-11-14,16,4496.43,2023-11-17,1700254800,3.0,call,4705,0.15,0.25,0.1,0.18164,50.0,0.007,0.0002,0.09368,-0.15606,0.00336,208.6,0.046,Q4,SR1X3,94.685,5.314999999999998
1699995600,2023-11-14 16:00,2023-11-14,16,4496.43,2023-11-17,1700254800,3.0,call,4710,0.15,0.25,0.15,0.18503,10.0,0.00776,0.00022,0.09204,-0.15657,0.00367,213.6,0.048,Q4,SR1X3,94.685,5.314999999999998
1699995600,2023-11-14 16:00,2023-11-14,16,4496.43,2023-11-17,1700254800,3.0,put,4710,209.1,218.2,188.17,0.25081,1.0,-0.96687,0.00049,0.29506,-0.0802,-0.0748,213.6,0.048,Q4,SR1X3,94.685,5.314999999999998
1699995600,2023-11-14 16:00,2023-11-14,16,4496.43,2023-11-17,1700254800,3.0,call,4715,0.15,0.25,1.0,0.1889,0.0,0.00756,0.00022,0.09032,-0.15647,0.0036,218.6,0.049,Q4,SR1X3,94.685,5.314999999999998
1699995600,2023-11-14 16:00,2023-11-14,16,4496.43,2023-11-17,1700254800,3.0,put,4715,214.6,222.7,398.47,0.25698,1.0,-0.96566,0.00042,0.29801,-0.07806,-0.07513,218.6,0.049,Q4,SR1X3,94.685,5.314999999999998
1699995600,2023-11-14 16:00,2023-11-14,16,4496.43,2023-11-17,1700254800,3.0,call,4720,0.15,0.2,0.31,0.18959,0.0,0.00619,0.00022,0.08078,-0.13878,0.00301,223.6,0.05,Q4,SR1X3,94.685,5.314999999999998
1699995600,2023-11-14 16:00,2023-11-14,16,4496.43,2023-11-17,1700254800,3.0,call,4725,0.1,0.2,0.15,0.19005,9.0,0.00504,0.00017,0.0713,-0.12035,0.00269,228.6,0.051,Q4,SR1X3,94.685,5.314999999999998
1699995600,2023-11-14 16:00,2023-11-14,16,4496.43,2023-11-17,1700254800,3.0,call,4730,0.1,0.2,0.1,0.19396,57.0,0.00551,0.00013,0.07062,-0.12085,0.00259,233.6,0.052,Q4,SR1X3,94.685,5.314999999999998
1699995600,2023-11-14 16:00,2023-11-14,16,4496.43,2023-11-17,1700254800,3.0,call,4740,0.1,0.2,0.12,0.20071,33.0,0.00476,0.00012,0.06811,-0.12096,0.00273,243.6,0.054,Q4,SR1X3,94.685,5.314999999999998
1699995600,2023-11-14 16:00,2023-11-14,16,4496.43,2023-11-17,1700254800,3.0,put,4740,239.3,248.0,252.8,0.28425,0.0,-0.96344,0.00038,0.31635,-0.08003,-0.07953,243.6,0.054,Q4,SR1X3,94.685,5.314999999999998
1699995600,2023-11-14 16:00,2023-11-14,16,4496.43,2023-11-17,1700254800,3.0,call,4750,0.1,0.2,0.07,0.20787,17.0,0.00496,0.00011,0.06661,-0.12145,0.00185,253.6,0.056,Q4,SR1X3,94.685,5.314999999999998
1699995600,2023-11-14 16:00,2023-11-14,16,4496.43,2023-11-17,1700254800,3.0,call,4760,0.1,0.2,0.07,0.21538,5.0,0.00476,0.00016,0.06412,-0.12179,0.00224,263.6,0.059,Q4,SR1X3,94.685,5.314999999999998
1699995600,2023-11-14 16:00,2023-11-14,16,4496.43,2023-11-17,1700254800,3.0,call,4770,0.1,0.15,0.1,0.21829,25.0,0.00442,8e-05,0.05477,-0.10311,0.00204,273.6,0.061,Q4,SR1X3,94.685,5.314999999999998
1699995600,2023-11-14 16:00,2023-11-14,16,4496.43,2023-11-17,1700254800,3.0,call,4775,0.05,0.15,0.05,0.2169,73.0,0.00375,0.00014,0.04586,-0.0837,0.00174,278.6,0.062,Q4,SR1X3,94.685,5.314999999999998
1699995600,2023-11-14 16:00,2023-11-14,16,4496.43,2023-11-17,1700254800,3.0,put,4775,274.5,282.7,468.28,0.32079,3.0,-0.96111,0.00033,0.33316,-0.03042,-0.07992,278.6,0.062,Q4,SR1X3,94.685,5.314999999999998
1699995600,2023-11-14 16:00,2023-11-14,16,4496.43,2023-11-17,1700254800,3.0,call,4780,0.05,0.15,0.1,0.21974,125.0,0.00304,0.00014,0.04546,-0.08414,0.00103,283.6,0.063,Q4,SR1X3,94.685,5.314999999999998
1699995600,2023-11-14 16:00,2023-11-14,16,4496.43,2023-11-17,1700254800,3.0,call,4790,0.05,0.15,0.05,0.22673,25.0,0.00358,4e-05,0.04471,-0.084,0.00156,293.6,0.065,Q4,SR1X3,94.685,5.314999999999998
1699995600,2023-11-14 16:00,2023-11-14,16,4496.43,2023-11-17,1700254800,3.0,call,4800,0.05,0.15,0.05,0.23312,203.0,0.00277,0.00011,0.04316,-0.08403,0.00114,303.6,0.068,Q4,SR1X3,94.685,5.314999999999998
1699995600,2023-11-14 16:00,2023-11-14,16,4496.43,2023-11-17,1700254800,3.0,call,4810,0.05,0.15,0.1,0.24,152.0,0.00294,6e-05,0.04248,-0.08413,0.00165,313.6,0.07,Q4,SR1X3,94.685,5.314999999999998
1699995600,2023-11-14 16:00,2023-11-14,16,4496.43,2023-11-17,1700254800,3.0,put,4810,309.4,317.9,0.0,0.36081,0.0,-0.95797,0.00028,0.35604,-0.07989,-0.08879,313.6,0.07,Q4,SR1X3,94.685,5.314999999999998
1699995600,2023-11-14 16:00,2023-11-14,16,4496.43,2023-11-17,1700254800,3.0,call,4820,0.05,0.15,0.05,0.24674,1.0,0.00266,7e-05,0.04144,-0.08429,0.00167,323.6,0.072,Q4,SR1X3,94.685,5.314999999999998
1699995600,2023-11-14 16:00,2023-11-14,16,4496.43,2023-11-17,1700254800,3.0,call,4825,0.05,0.15,0.05,0.25068,80.0,0.00255,7e-05,0.04131,-0.08395,0.00092,328.6,0.073,Q4,SR1X3,94.685,5.314999999999998
1699995600,2023-11-14 16:00,2023-11-14,16,4496.43,2023-11-17,1700254800,3.0,call,4830,0.05,0.15,0.05,0.25398,8.0,0.00244,9e-05,0.04078,-0.08437,0.00101,333.6,0.074,Q4,SR1X3,94.685,5.314999999999998
1699995600,2023-11-14 16:00,2023-11-14,16,4496.43,2023-11-17,1700254800,3.0,call,4840,0.05,0.1,0.05,0.25296,133.0,0.00188,3e-05,0.03213,-0.06483,0.0007,343.6,0.076,Q4,SR1X3,94.685,5.314999999999998
1699995600,2023-11-14 16:00,2023-11-14,16,4496.43,2023-11-17,1700254800,3.0,call,4850,0.05,0.1,0.05,0.25995,100.0,0.00216,8e-05,0.0315,-0.06408,0.00128,353.6,0.079,Q4,SR1X3,94.685,5.314999999999998
1699995600,2023-11-14 16:00,2023-11-14,16,4496.43,2023-11-17,1700254800,3.0,call,4875,0.05,0.1,0.1,0.27556,1.0,0.00171,5e-05,0.02979,-0.06431,0.00142,378.6,0.084,Q4,SR1X3,94.685,5.314999999999998
1699995600,2023-11-14 16:00,2023-11-14,16,4496.43,2023-11-17,1700254800,3.0,put,4910,411.5,416.8,0.0,0.48301,0.0,-0.94992,0.00017,0.42049,-0.5775,-0.12082,413.6,0.092,Q4,SR1X3,94.685,5.314999999999998
